CASE_ID,ACCIDENT_YEAR,PROC_DATE,JURIS,COLLISION_DATE,COLLISION_TIME,OFFICER_ID,REPORTING_DISTRICT,DAY_OF_WEEK,CHP_SHIFT,POPULATION,CNTY_CITY_LOC,SPECIAL_COND,BEAT_TYPE,CHP_BEAT_TYPE,CITY_DIVISION_LAPD,CHP_BEAT_CLASS,BEAT_NUMBER,PRIMARY_RD,SECONDARY_RD,DISTANCE,DIRECTION,INTERSECTION,WEATHER_1,WEATHER_2,STATE_HWY_IND,CALTRANS_COUNTY,CALTRANS_DISTRICT,STATE_ROUTE,ROUTE_SUFFIX,POSTMILE_PREFIX,POSTMILE,LOCATION_TYPE,RAMP_INTERSECTION,SIDE_OF_HWY,TOW_AWAY,COLLISION_SEVERITY,NUMBER_KILLED,NUMBER_INJURED,PARTY_COUNT,PRIMARY_COLL_FACTOR,PCF_CODE_OF_VIOL,PCF_VIOL_CATEGORY,PCF_VIOLATION,PCF_VIOL_SUBSECTION,HIT_AND_RUN,TYPE_OF_COLLISION,MVIW,PED_ACTION,ROAD_SURFACE,ROAD_COND_1,ROAD_COND_2,LIGHTING,CONTROL_DEVICE,CHP_ROAD_TYPE,PEDESTRIAN_ACCIDENT,BICYCLE_ACCIDENT,MOTORCYCLE_ACCIDENT,TRUCK_ACCIDENT,NOT_PRIVATE_PROPERTY,ALCOHOL_INVOLVED,STWD_VEHTYPE_AT_FAULT,CHP_VEHTYPE_AT_FAULT,COUNT_SEVERE_INJ,COUNT_VISIBLE_INJ,COUNT_COMPLAINT_PAIN,COUNT_PED_KILLED,COUNT_PED_INJURED,COUNT_BICYCLIST_KILLED,COUNT_BICYCLIST_INJURED,COUNT_MC_KILLED,COUNT_MC_INJURED,PRIMARY_RAMP,SECONDARY_RAMP,LATITUDE,LONGITUDE,COUNTY,CITY,POINT_X,POINT_Y
8939711,2023,2025-06-28,4401,2023-11-18,2023,523,4401,6,5,3,4401,0,0,0,,0,,"CROSSROADS LP","BAY AV",0.00,,Y,C,-,N,,,,,,,,,,N,1,1,0,2,A,-,03,22350,,F,G,B,-,B,H,-,C,A,0,Y,,,,Y,,A,01,0,0,0,1,0,0,0,0,0,"- ","- ",,,"SANTA CRUZ",CAPITOLA,,
91379497,2021,2021-01-04,9720,2021-01-02,1210,022458,,6,1,9,4400,0,2,4,,1,022,"SOQUEL SAN JOSE RD","TERRACE GROVE RD",345.00,S,N,B,-,N,,,,,,,,,,Y,4,0,1,1,A,-,03,22350,,N,E,I,A,B,H,-,A,D,0,,,,,Y,,A,01,0,0,1,0,0,0,0,0,0,"- ","- ",37.103530883789062,-121.94819641113281,"SANTA CRUZ",UNINCORPORATED,-121.94815063476562,37.103572845458984
91380848,2021,2021-01-05,9720,2021-01-04,2116,022458,,1,2,9,4400,0,1,3,,1,017,"SR-17 S/B","PASATIEMPO OVERCROSS",3168.00,S,N,A,-,Y,,,17,,,,,,S,Y,4,0,1,1,A,-,03,22350,,N,E,I,A,B,H,-,C,D,0,,,,,Y,,A,01,0,0,1,0,0,0,0,0,0,"- ","- ",36.991909027099609,-122.02079772949219,"SANTA CRUZ",UNINCORPORATED,-122.02043151855469,36.991603851318359
91383317,2021,2021-01-07,9720,2021-01-04,0135,021717,,1,3,9,4400,0,2,4,,1,024,"CAPITOLA RD","HARBORVIEW CT",0.00,,Y,B,-,N,,,,,,,,,,N,2,0,1,1,A,-,17,21200,,N,E,I,A,B,H,-,D,D,0,,Y,,,Y,Y,L,04,1,0,0,0,0,0,1,0,0,"- ","- ",36.980049133300781,-121.99506378173828,"SANTA CRUZ",UNINCORPORATED,-121.99516296386719,36.979972839355469
91383626,2021,2021-01-07,9720,2021-01-04,1352,022542,,1,1,9,4400,0,1,3,,1,017,"SR-17 N/B","EL RANCHO DR",191.00,S,N,B,C,Y,,,17,,,,,,N,Y,4,0,1,1,A,-,08,22107,,N,E,I,A,B,H,-,A,D,0,,,,,Y,,A,01,0,0,1,0,0,0,0,0,0,"- ","- ",37.018440246582031,-122.02777099609375,"SANTA CRUZ",UNINCORPORATED,-122.02780151367188,37.018436431884766
91383636,2021,2021-01-07,9720,2021-01-05,1559,021053,,2,2,9,4400,0,1,3,,1,034,SR-152,"GAFFEY RD",600.00,E,N,B,-,Y,,,152,,,,,,,Y,4,0,1,2,A,-,05,21460,A,F,A,C,A,B,H,-,A,D,0,,,,,Y,,A,01,0,0,1,0,0,0,0,0,0,"- ","- ",36.982799530029297,-121.71469879150391,"SANTA CRUZ",UNINCORPORATED,-121.71476745605469,36.982940673828125
91385337,2021,2021-01-11,9720,2021-01-02,1532,022545,,6,2,9,4400,0,1,3,,1,017,"SR-17 S/B","MT HERMON RD",50.00,S,N,C,-,Y,,,17,,,,,,S,Y,4,0,1,1,A,-,01,23152,G,M,E,I,A,B,H,-,A,D,0,,,,,Y,Y,D,22,0,0,1,0,0,0,0,0,0,"- ","- ",37.035560607910156,-122.02137756347656,"SANTA CRUZ",UNINCORPORATED,-122.02134704589844,37.035526275634766
91385999,2021,2021-01-12,9720,2021-01-02,0601,022564,,6,1,5,4402,0,1,3,,1,035,SR-129,"ROGGE LN",4752.00,W,N,B,-,Y,,,,,,,,,,Y,2,0,1,1,A,-,03,22350,,N,E,I,A,B,H,-,D,D,0,,,,,Y,,A,07,1,0,0,0,0,0,0,0,0,"- ","- ",36.910781860351562,-121.65180206298828,"SANTA CRUZ","SANTA CRUZ",-121.65125274658203,36.909904479980469
91386237,2021,2021-01-12,9720,2021-01-01,0430,022471,,5,3,9,4400,0,3,5,,2,200,ESPLANADE,"APTOS BEACH RD.",100.00,W,N,A,-,N,,,,,,,,,,Y,4,0,1,1,A,-,01,23152,A,N,E,I,A,A,H,-,C,A,0,,,,,Y,Y,A,07,0,0,1,0,0,0,0,0,0,"- ","- ",36.969200134277344,-121.90529632568359,"SANTA CRUZ",UNINCORPORATED,-121.905456,36.96931
91386578,2021,2021-01-13,9720,2021-01-02,2240,022349,,6,3,9,4400,0,3,5,,2,300,"WEST BEACH ROAD","THURWACHTER RD",0.00,,Y,B,F,N,,,,,,,,,,Y,2,0,1,1,A,-,01,23152,A,N,E,I,A,B,H,-,D,D,0,,,,,Y,Y,A,07,1,0,0,0,0,0,0,0,0,"- ","- ",36.884590148925781,-121.79570007324219,"SANTA CRUZ",UNINCORPORATED,-121.79557800292969,36.884449005126953
91387521,2021,2021-01-14,9720,2021-01-13,0825,018171,,3,1,9,4400,0,2,4,,1,024,"17TH AVE","RODRIGUEZ ST",0.00,,Y,A,-,N,,,,,,,,,,Y,4,0,1,2,A,-,12,22450,A,N,D,C,A,A,H,-,A,A,0,,,,,Y,,A,01,0,0,1,0,0,0,0,0,0,"- ","- ",36.982208251953125,-121.98171234130859,"SANTA CRUZ",UNINCORPORATED,-121.98155975341797,36.982276916503906
91388410,2021,2021-01-15,9720,2021-01-08,1050,022125,,5,1,9,4400,0,3,5,,2,100,"E ZAYANTE RD.","LOMPICO RD",100.00,S,N,A,-,N,,,,,,,,,,Y,2,0,1,1,A,-,08,22107,,N,E,I,A,A,H,-,A,D,0,,,,,Y,,D,22,1,0,0,0,0,0,0,0,0,"- ","- ",37.082729339599609,-122.05088043212891,"SANTA CRUZ",UNINCORPORATED,-122.05083465576172,37.08294677734375
91389143,2021,2021-01-18,9720,2021-01-09,1500,022511,,6,2,9,4400,0,2,4,,1,021,"SOQUEL DR","APTOS WHARF RD",528.00,W,N,A,-,N,,,,,,,,,,N,3,0,1,2,A,-,08,22107,,N,D,G,A,A,H,-,A,D,0,,Y,,,Y,,A,08,0,1,0,0,0,0,1,0,0,"- ","- ",36.977550506591797,-121.90634918212891,"SANTA CRUZ",UNINCORPORATED,-121.90631103515625,36.977569580078125
91389148,2021,2021-01-18,9720,2021-01-10,1721,022511,,7,2,9,4400,0,1,3,,1,014,SR-9,"BLAIR RD",380.00,N,N,A,-,Y,,,9,,,,,,,Y,3,0,2,1,A,-,03,22350,,N,F,A,A,A,H,-,B,D,0,,,,,Y,,A,01,0,1,1,0,0,0,0,0,0,"- ","- ",37.180801391601562,-122.14079284667969,"SANTA CRUZ",UNINCORPORATED,-122.14078521728516,37.180805206298828
91389432,2021,2021-01-18,9720,2021-01-08,1550,022471,,5,2,9,4400,0,3,5,,2,100,"E ZAYANTE RD.","WEST ZAYANTE RD.",85.00,E,N,A,-,N,,,,,,,,,,Y,3,0,1,1,A,-,08,22107,,N,E,I,A,A,H,-,A,A,0,,,,,Y,,A,01,0,1,0,0,0,0,0,0,0,"- ","- ",37.059669494628906,-122.0584716796875,"SANTA CRUZ",UNINCORPORATED,-122.05844879150391,37.059608459472656
91389891,2021,2021-01-18,9720,2021-01-08,1209,021714,,5,1,9,4400,0,3,5,,2,200,"N. RODEO GULCH RD.","RODEO RIDGE RD.",1056.00,S,N,A,-,N,,,,,,,,,,Y,2,0,2,2,A,-,01,23152,F,N,A,C,A,A,H,-,A,D,0,,,Y,,Y,,A,01,1,1,0,0,0,0,0,0,1,"- ","- ",36.996879577636719,-121.97090911865234,"SANTA CRUZ",UNINCORPORATED,-121.96959686279297,37.002006530761719
91390425,2021,2021-01-19,9720,2021-01-10,1950,022471,,7,2,9,4400,0,1,3,,1,034,SR-152,"POLE LINE DR.",3960.00,W,N,A,-,Y,,,152,,,,,,,Y,3,0,1,1,A,-,08,22107,,N,E,I,A,A,H,-,D,D,0,,,,,Y,,D,22,0,1,0,0,0,0,0,0,0,"- ","- ",36.97869873046875,-121.71119689941406,"SANTA CRUZ",UNINCORPORATED,-121.71117401123047,36.978649139404297
91391212,2021,2021-01-20,9720,2021-01-10,1740,021714,,7,2,9,4400,0,1,3,,1,015,SR-9,"SAN LORENZO WAY",200.00,N,N,A,-,N,,,9,,,,,,,Y,4,0,1,2,A,-,01,23152,A,N,C,E,A,A,H,-,C,D,0,,,,,Y,Y,A,01,0,0,1,0,0,0,0,0,0,"- ","- ",37.058090209960938,-122.07717132568359,"SANTA CRUZ",UNINCORPORATED,-122.07717132568359,37.058086395263672
91391295,2021,2021-01-20,9720,2021-01-10,1655,022290,,7,2,5,4402,0,2,S,,2,901,"BEACH ST","CLIFF DR",50.00,W,N,A,-,N,,,,,,,,,,N,4,0,1,2,A,-,01,23152,A,N,C,C,A,A,H,-,B,A,0,,,,,Y,Y,A,01,0,0,1,0,0,0,0,0,0,"- ","- ",36.964088439941406,-122.02043914794922,"SANTA CRUZ","SANTA CRUZ",-122.02523803710938,36.962139129638672
91391379,2021,2021-01-20,9720,2021-01-08,1631,022545,,5,2,9,4400,0,3,5,,2,300,"BONITA DR","FREEDOM BLVD",20.00,S,N,A,-,N,,,,,,,,,,N,3,0,1,1,A,-,03,22350,,N,F,A,A,A,H,-,A,D,0,,Y,,,Y,,L,04,0,1,0,0,0,0,1,0,0,"- ","- ",36.969699859619141,-121.87425231933594,"SANTA CRUZ",UNINCORPORATED,-121.87454986572266,36.969615936279297
91391417,2021,2021-01-20,9720,2021-01-11,1520,021489,,1,2,9,4400,0,3,5,,2,200,"SOQUEL DR","APTOS RANCH RD.",200.00,S,N,A,-,N,,,,,,,,,,N,4,0,1,2,A,-,08,22107,,N,D,G,A,A,H,-,A,D,0,,Y,,,Y,,A,08,0,0,1,0,0,0,1,0,0,"- ","- ",36.977451324462891,-121.90724182128906,"SANTA CRUZ",UNINCORPORATED,-121.90704345703125,36.978294372558594
91391452,2021,2021-01-20,9720,2021-01-11,1940,022471,,1,2,9,4400,0,1,3,,1,017,"SR-17 S/B","VINE HILL RD",3960.00,S,N,A,-,Y,,,,,,,,,,Y,3,0,2,1,A,-,03,22350,,N,E,I,A,A,H,-,C,D,0,,,,,Y,,A,01,0,1,1,0,0,0,0,0,0,"- ","- ",37.068611145019531,-121.99494934082031,"SANTA CRUZ",UNINCORPORATED,-121.99010467529297,37.072845458984375
91391941,2021,2021-02-12,9720,2021-01-12,1357,022511,,2,1,9,4400,0,3,5,,2,100,"MOUNTAIN CHARLIE RD","RIVA RIDGE RD",1373.00,S,N,A,-,N,,,,,,,,,,Y,4,0,1,1,A,-,08,22107,,N,F,A,A,A,B,-,A,D,0,,,Y,,Y,,C,02,0,0,1,0,0,0,0,0,1,"- ","- ",37.134998321533203,-121.98876190185547,"SANTA CRUZ",UNINCORPORATED,-121.98878479003906,37.135063171386719
91391988,2021,2021-01-21,9720,2021-01-13,1752,022545,,3,2,9,4400,0,1,3,,1,015,SR-9,"LOWER GLEN ARBOR RD",950.00,N,N,A,-,Y,,,9,,,,,,,Y,3,0,2,2,A,-,01,23152,A,N,B,C,A,A,H,-,C,D,0,,,,,Y,Y,A,07,0,1,1,0,0,0,0,0,0,"- ","- ",37.076938629150391,-122.08438110351562,"SANTA CRUZ",UNINCORPORATED,-122.08438110351562,37.076938629150391
91392174,2021,2021-01-21,9720,2021-01-17,1100,018171,,7,1,9,4400,0,2,4,,1,024,"LOMA PRIETA AVE","MONTEREY AVE",100.00,S,N,A,-,N,,,,,,,,,,Y,3,0,1,1,A,-,13,22515,A,N,E,I,A,A,H,-,A,D,0,,,,,Y,,A,07,0,1,0,0,0,0,0,0,0,"- ","- ",36.973628997802734,-121.88526153564453,"SANTA CRUZ",UNINCORPORATED,-121.88741302490234,36.973331451416016
91392186,2021,2021-01-21,9720,2021-01-14,1525,022140,,4,2,9,4400,0,2,4,,1,023,"7TH AVE","EDDY LN",0.00,,Y,A,-,N,,,,,,,,,,Y,4,0,2,2,A,-,03,22350,,N,C,C,A,A,H,-,A,A,0,,,,,Y,,A,08,0,0,2,0,0,0,0,0,0,"- ","- ",36.975868225097656,-121.99384307861328,"SANTA CRUZ",UNINCORPORATED,-121.99378204345703,36.9759521484375
91393278,2021,2021-01-25,9720,2021-01-14,2221,022329,,4,3,9,4400,0,1,3,,1,014,SR-9,"MCGAFFIGAN MILL RD",519.00,N,N,A,-,Y,,,9,,,,,,,Y,3,0,2,1,A,-,03,22350,,N,E,I,A,A,H,-,D,D,0,,,,,Y,,A,01,0,2,0,0,0,0,0,0,0,"- ","- ",37.20220947265625,-122.14586639404297,"SANTA CRUZ",UNINCORPORATED,-122.14595031738281,37.202213287353516
91393295,2021,2021-01-25,9720,2021-01-15,1240,022293,,5,1,9,4400,0,1,3,,1,017,"SR-17 S/B","MOUNT HERMON RD",200.00,S,N,A,-,Y,,,17,,,,,,S,Y,4,0,1,2,A,-,03,22350,,F,B,C,A,A,H,-,A,D,0,,,,,Y,,A,01,0,0,1,0,0,0,0,0,0,"- ","- ",37.032520294189453,-122.02268218994141,"SANTA CRUZ",UNINCORPORATED,-122.02256774902344,37.032501220703125
91393364,2021,2021-01-25,9720,2021-01-15,2200,022140,,5,3,9,4400,0,1,3,,2,030,"SR-1 N/B FROM SR-129",SR-129,528.00,N,N,A,-,Y,,,1,,,,R,,N,Y,3,0,1,1,A,-,01,23152,A,N,F,A,A,A,H,-,D,D,0,,,,,Y,Y,A,01,0,1,0,0,0,0,0,0,0,"- ","- ",36.895179748535156,-121.77384185791016,"SANTA CRUZ",UNINCORPORATED,-121.77384185791016,36.895179748535156
91393624,2021,2021-01-25,9720,2021-01-18,1730,021833,,1,2,9,4400,0,1,3,,2,020,"SR-1 S/B","41ST AVE",528.00,N,N,A,-,Y,,,1,,,,,,S,N,4,0,1,2,A,-,03,22350,,N,C,C,A,A,H,-,B,D,0,,,,,Y,,A,01,0,0,1,0,0,0,0,0,0,"- ","- ",36.98345947265625,-121.97225189208984,"SANTA CRUZ",UNINCORPORATED,-121.97222900390625,36.983531951904297
91393787,2021,2021-01-25,9720,2021-01-18,1600,018743,,1,2,3,4401,0,2,4,,1,023,"41ST AVE","PORTOLA DR",230.00,N,N,A,-,N,,,,,,,,,,Y,4,0,1,3,A,-,06,21755,,N,C,C,A,A,H,-,A,D,0,,,Y,,Y,,C,02,0,0,1,0,0,0,0,0,1,"- ","- ",36.964298248291016,-121.96489715576172,"SANTA CRUZ",CAPITOLA,-121.96489715576172,36.96417236328125
91394337,2021,2021-01-26,9720,2021-01-14,1705,019956,,4,2,9,4400,0,1,3,,1,017,"SR-17 S/B","ALTA VISTA AVE",462.00,S,N,A,-,Y,,,17,,,,,,S,Y,3,0,2,1,A,-,03,22350,,N,E,I,A,A,H,-,A,D,0,,,,,Y,,A,07,0,2,0,0,0,0,0,0,0,"- ","- ",37.105739593505859,-121.97496795654297,"SANTA CRUZ",UNINCORPORATED,-121.97495269775391,37.105751037597656
91394407,2021,2021-01-26,9720,2021-01-14,2015,019956,,4,2,9,4400,0,1,3,,2,020,"SR-1 S/B TO SR-17 N/B","SR-17 N/B",350.00,N,N,A,-,Y,,,,,,,,,,Y,3,0,1,1,A,-,08,22107,,N,E,I,A,A,H,-,C,D,0,,,,,Y,,A,01,0,1,0,0,0,0,0,0,0,"- ","- ",36.987190246582031,-122.02287292480469,"SANTA CRUZ",UNINCORPORATED,-122.02284240722656,36.987079620361328
91394411,2021,2021-01-26,9720,2021-01-19,2144,022140,,2,2,9,4400,0,1,3,,1,010,SR-1,"LOWER SWANTON RD",7920.00,N,N,A,-,Y,,,1,,,,,,,Y,3,0,1,1,A,-,01,23152,F,N,F,A,A,A,H,-,D,D,0,,,,,Y,,A,07,0,1,0,0,0,0,0,0,0,"- ","- ",37.043529510498047,-122.2322998046875,"SANTA CRUZ",UNINCORPORATED,-122.23230743408203,37.04351806640625
91394413,2021,2021-01-26,9720,2021-01-18,1100,021714,,1,1,9,4400,0,2,4,,1,021,"SOQUEL DR","PEPPERWOOD WAY",50.00,E,N,A,-,N,,,,,,,,,,N,4,0,1,2,A,-,03,22350,,N,G,B,B,A,H,-,A,A,0,Y,,,,Y,,A,01,0,0,1,0,1,0,0,0,0,"- ","- ",36.987758636474609,-121.94460296630859,"SANTA CRUZ",UNINCORPORATED,-121.94465637207031,36.987800598144531
91394429,2021,2021-01-26,9720,2021-01-19,1145,021714,,2,1,9,4400,0,1,3,,2,020,"SR-1 N/B","SR-17 N/B",528.00,S,N,A,-,Y,,,,,,,,,,Y,4,0,1,2,A,-,17,23114,A,N,E,J,A,A,H,-,A,D,0,,,,,Y,,D,22,0,0,1,0,0,0,0,0,0,"- ","- ",36.988761901855469,-122.01535034179688,"SANTA CRUZ",UNINCORPORATED,-122.02004241943359,36.989429473876953
91394920,2021,2021-01-27,9720,2021-01-19,1900,022349,,2,2,9,4400,0,2,4,,1,021,"SOQUEL DR","COMMERCIAL WAY",0.00,,Y,A,-,N,,,,,,,,,,N,3,0,1,2,A,-,12,21453,A,F,D,G,A,A,H,-,C,A,0,,Y,,,Y,,L,04,0,1,0,0,0,0,1,0,0,"- ","- ",36.988628387451172,-121.98297882080078,"SANTA CRUZ",UNINCORPORATED,-121.98526000976562,36.987850189208984
91395369,2021,2021-01-27,9720,2021-01-18,1500,021248,,1,2,9,4400,0,1,3,,2,020,"SR-1 N/B","PARK AVE",1584.00,S,N,A,-,N,,,1,,,,,,N,N,4,0,1,3,A,-,03,22350,,M,C,C,A,A,H,-,A,D,0,,,Y,,Y,,C,02,0,0,1,0,0,0,0,0,0,"- ","- ",36.983810424804688,-121.93080902099609,"SANTA CRUZ",UNINCORPORATED,-121.93080902099609,36.983821868896484
91395377,2021,2021-01-27,9720,2021-01-22,0910,021321,,5,1,9,4400,0,1,3,,2,020,"SR-1 S/B","STATE PARD DR",0.00,,Y,B,-,Y,,,,,,,,,,N,2,0,2,3,A,-,10,21950,A,N,G,B,B,B,H,-,A,A,0,Y,,,,Y,,A,07,1,1,0,0,2,0,0,0,0,"- ","- ",36.976261138916016,-121.91166687011719,"SANTA CRUZ",UNINCORPORATED,-121.91044616699219,36.977912902832031
91398844,2021,2021-01-29,9720,2021-01-19,1635,021714,,2,2,9,4400,0,2,4,,1,021,"SOQUEL DR","41ST AVE",0.00,,Y,A,-,N,,,,,,,,,,N,3,0,1,2,A,-,01,23152,G,F,H,G,A,A,H,-,A,A,0,,Y,,,Y,,D,22,0,1,0,0,0,0,1,0,0,"- ","- ",36.987319946289062,-121.965087890625,"SANTA CRUZ",UNINCORPORATED,-121.96498107910156,36.987400054931641
91399518,2021,2021-02-01,9720,2021-01-21,1000,022125,,4,1,9,4400,0,2,4,,1,021,"SOQUEL DR","MISSION DR",30.00,N,N,A,-,N,,,,,,,,,,N,4,0,2,2,A,-,21,22106,,N,C,C,A,A,H,-,A,A,0,,,,,Y,,A,07,0,0,2,0,0,0,0,0,0,"- ","- ",36.989040374755859,-121.98095703125,"SANTA CRUZ",UNINCORPORATED,-121.98072814941406,36.989078521728516
91400016,2021,2021-02-01,9720,2021-01-20,1755,022545,,3,2,9,4400,0,1,3,,2,020,"SR-1 N/B","STATE PARD DR",550.00,N,N,A,-,Y,,,1,,,,,,N,N,2,0,1,2,A,-,01,23152,A,M,C,C,A,A,H,-,B,D,0,,,Y,,Y,Y,C,02,1,0,0,0,0,0,0,0,1,"- ","- ",36.9788818359375,-121.91195678710938,"SANTA CRUZ",UNINCORPORATED,-121.91194152832031,36.978908538818359
91400484,2021,2021-02-02,9720,2021-01-21,2000,019956,,4,2,9,4400,0,1,3,,1,017,"SR-17 N/B","SUMMIT RD",3168.00,S,N,B,-,Y,,,17,,,,,,N,Y,3,0,2,2,A,-,01,23152,F,N,C,C,A,A,D,-,D,D,0,,,,,Y,,A,01,0,1,1,0,0,0,0,0,0,"- ","- ",37.137008666992188,-121.98439025878906,"SANTA CRUZ",UNINCORPORATED,-121.98438262939453,37.137008666992188
91400835,2021,2021-02-02,9720,2021-01-10,2145,022162,,7,2,9,4400,0,3,5,,2,200,"EL RANCHO DR","HUNT CT",826.00,N,N,A,-,N,,,,,,,,,,Y,1,1,1,1,A,-,01,23152,G,N,E,I,A,A,H,-,D,D,0,,,,,Y,Y,A,01,1,0,0,0,0,0,0,0,0,"- ","- ",37.013130187988281,-122.02340698242188,"SANTA CRUZ",UNINCORPORATED,-122.02338409423828,37.013191223144531
91401452,2021,2021-02-03,9720,2021-01-26,2106,022511,,2,2,5,4402,0,1,3,,1,034,SR-152,"RED HAWK PL",2059.00,E,N,C,-,Y,,,,,,,,,,Y,3,0,1,1,A,-,08,22107,,N,F,A,A,B,H,-,D,D,0,,,,,Y,,A,01,0,1,0,0,0,0,0,0,0,"- ","- ",36.976051330566406,-121.71511077880859,"SANTA CRUZ","SANTA CRUZ",-121.71968078613281,36.974948883056641
91402023,2021,2021-02-03,9720,2021-01-25,1155,021248,,1,1,9,4400,0,2,4,,1,022,"PORTER ST","PAPER MILL RD",30.00,S,N,A,-,N,,,,,,,,,,N,4,0,1,2,A,-,03,22350,,N,C,C,A,A,H,-,A,D,0,,,,,Y,,A,01,0,0,1,0,0,0,0,0,0,"- ","- ",36.990570068359375,-121.95726776123047,"SANTA CRUZ",UNINCORPORATED,-121.95729064941406,36.990657806396484
91402309,2021,2021-02-04,9720,2021-01-29,0040,022162,,5,3,9,4400,0,3,5,,2,300,"VALENCIA SCHOOL RD","VALENCIA RD",874.00,S,N,C,-,N,,,,,,,,,,Y,3,0,1,1,C,-,18,,,N,F,A,A,B,E,G,D,D,0,,,,Y,Y,,-,"- ",0,1,0,0,0,0,0,0,0,"- ","- ",36.998088836669922,-121.86961364746094,"SANTA CRUZ",UNINCORPORATED,-121.86744689941406,36.995838165283203
91402886,2021,2021-02-05,9720,2021-02-03,0840,018171,,3,1,9,4400,0,2,4,,1,024,"SUMNER AVE","ARTHUR AVE",300.00,S,N,A,-,N,,,,,,,,,,Y,4,0,1,2,A,-,09,21804,A,N,D,C,A,A,H,-,A,D,0,,,,,Y,,D,22,0,0,1,0,0,0,0,0,0,"- ","- ",36.966358184814453,-121.89183044433594,"SANTA CRUZ",UNINCORPORATED,-121.89186096191406,36.966361999511719
91403837,2021,2021-02-08,9720,2021-01-27,1900,020977,,3,2,9,4400,0,3,5,,2,300,"HOLOHAN RD","LAKEN DR",85.00,N,N,B,C,N,,,,,,,,,,Y,4,0,1,2,A,-,03,22350,,N,C,C,A,B,H,-,C,D,0,,,,,Y,,A,01,0,0,1,0,0,0,0,0,0,"- ","- ",36.936538696289062,-121.74566650390625,"SANTA CRUZ",UNINCORPORATED,-121.74555969238281,36.936519622802734
91403840,2021,2021-02-08,9720,2021-01-23,1139,021860,,6,1,9,4400,0,1,3,,1,014,"SR-9 S/B",SR-236,5280.00,S,N,B,-,Y,,,9,,,,,,S,Y,3,0,1,2,A,-,08,22107,,N,F,A,A,B,H,-,A,D,0,,,Y,,Y,,C,02,0,1,0,0,0,0,0,0,1,"- ","- ",37.210189819335938,-122.14938354492188,"SANTA CRUZ",UNINCORPORATED,-122.14939880371094,37.210201263427734
91403842,2021,2021-02-08,9720,2021-01-29,1645,022140,,5,2,9,4400,0,2,4,,1,023,"17TH AVE","RODRIGUEZ ST",5.00,S,N,A,-,N,,,,,,,,,,N,2,0,1,2,A,-,10,21950,A,N,G,B,B,A,H,-,A,A,0,Y,,,,Y,,D,22,1,0,0,0,1,0,0,0,0,"- ","- ",36.982208251953125,-121.9815673828125,"SANTA CRUZ",UNINCORPORATED,-121.98155975341797,36.982265472412109
91403843,2021,2021-02-08,9720,2021-01-31,1830,021548,,7,2,9,4400,0,2,4,,1,023,"7TH AVE","BROMMER STREET",13.00,N,N,A,-,N,,,,,,,,,,N,4,0,1,2,A,-,21,22106,,N,H,G,A,A,H,-,C,D,0,,Y,,,Y,,A,01,0,0,1,0,0,0,1,0,0,"- ","- ",36.972579956054688,-121.99575805664062,"SANTA CRUZ",UNINCORPORATED,-121.99574279785156,36.9725341796875
91403856,2021,2021-02-08,9720,2021-02-03,1035,021053,,3,1,9,4400,0,3,5,,2,100,"PASATIEMPO DR","PASATIEMPO OVERCROSSING",300.00,S,N,A,-,N,,,,,,,,,,Y,3,0,1,3,C,-,18,,,N,C,E,A,A,H,-,A,D,0,,,,,Y,,-,"- ",0,1,0,0,0,0,0,0,0,"- ","- ",36.998100280761719,-122.02159881591797,"SANTA CRUZ",UNINCORPORATED,,
91403861,2021,2021-02-08,9720,2021-01-31,1720,022140,,7,2,9,4400,0,1,3,,1,035,SR-129,"LAKEVIEW RD",0.00,,Y,B,-,Y,,,129,,,,,,,Y,4,0,1,2,A,-,09,21802,A,N,D,C,A,A,H,-,D,A,0,,,,,Y,,D,22,0,0,1,0,0,0,0,0,0,"- ","- ",36.916889190673828,-121.73159790039062,"SANTA CRUZ",UNINCORPORATED,-121.73159027099609,36.916854858398438
91404149,2021,2021-02-08,9720,2021-02-06,1235,021548,,6,1,9,4400,0,1,3,,2,020,"SR-1 N/B","PARK AVE.",2112.00,N,N,A,-,Y,,,1,,,,,,N,N,4,0,1,2,A,-,03,22350,,N,C,C,A,A,H,-,A,D,0,,,Y,,Y,,C,02,0,0,1,0,0,0,0,0,1,"- ","- ",36.983989715576172,-121.94393920898438,"SANTA CRUZ",UNINCORPORATED,-121.94393920898438,36.984096527099609
91405029,2021,2021-02-09,9720,2021-01-31,1522,022511,,7,2,9,4400,0,1,3,,1,034,SR-152,"PACIFIC VIEW TERR",1584.00,W,N,A,-,Y,,,152,,,,,,,Y,2,0,2,1,A,-,08,22107,,F,F,A,A,A,H,-,A,D,0,,,,,Y,,A,01,1,1,0,0,0,0,0,0,0,"- ","- ",36.984630584716797,-121.71482849121094,"SANTA CRUZ",UNINCORPORATED,-121.71483612060547,36.984645843505859