CASE_ID,ACCIDENT_YEAR,PROC_DATE,JURIS,COLLISION_DATE,COLLISION_TIME,OFFICER_ID,REPORTING_DISTRICT,DAY_OF_WEEK,CHP_SHIFT,POPULATION,CNTY_CITY_LOC,SPECIAL_COND,BEAT_TYPE,CHP_BEAT_TYPE,CITY_DIVISION_LAPD,CHP_BEAT_CLASS,BEAT_NUMBER,PRIMARY_RD,SECONDARY_RD,DISTANCE,DIRECTION,INTERSECTION,WEATHER_1,WEATHER_2,STATE_HWY_IND,CALTRANS_COUNTY,CALTRANS_DISTRICT,STATE_ROUTE,ROUTE_SUFFIX,POSTMILE_PREFIX,POSTMILE,LOCATION_TYPE,RAMP_INTERSECTION,SIDE_OF_HWY,TOW_AWAY,COLLISION_SEVERITY,NUMBER_KILLED,NUMBER_INJURED,PARTY_COUNT,PRIMARY_COLL_FACTOR,PCF_CODE_OF_VIOL,PCF_VIOL_CATEGORY,PCF_VIOLATION,PCF_VIOL_SUBSECTION,HIT_AND_RUN,TYPE_OF_COLLISION,MVIW,PED_ACTION,ROAD_SURFACE,ROAD_COND_1,ROAD_COND_2,LIGHTING,CONTROL_DEVICE,CHP_ROAD_TYPE,PEDESTRIAN_ACCIDENT,BICYCLE_ACCIDENT,MOTORCYCLE_ACCIDENT,TRUCK_ACCIDENT,NOT_PRIVATE_PROPERTY,ALCOHOL_INVOLVED,STWD_VEHTYPE_AT_FAULT,CHP_VEHTYPE_AT_FAULT,COUNT_SEVERE_INJ,COUNT_VISIBLE_INJ,COUNT_COMPLAINT_PAIN,COUNT_PED_KILLED,COUNT_PED_INJURED,COUNT_BICYCLIST_KILLED,COUNT_BICYCLIST_INJURED,COUNT_MC_KILLED,COUNT_MC_INJURED,PRIMARY_RAMP,SECONDARY_RAMP,LATITUDE,LONGITUDE,COUNTY,CITY,POINT_X,POINT_Y
91427422,2021,2021-03-15,9720,2021-03-06,2500,020977,,6,4,9,4400,0,3,5,,2,300,"LARKIN VALLEY RD","RIDGE WAY",1584.00,N,N,A,-,N,,,,,,,,,,Y,3,0,1,1,A,-,08,22107,,M,E,I,A,A,H,-,D,D,0,,,,,Y,,A,08,0,1,0,0,0,0,0,0,0,"- ","- ",36.934638977050781,-121.80557250976562,"SANTA CRUZ",UNINCORPORATED,-121.80253601074219,36.932353973388672
91427651,2021,2021-03-15,9720,2021-03-07,0152,022471,,7,3,9,4400,0,3,5,,2,200,"PARK AVE",SR-1,50.00,W,N,A,-,Y,,,,,,,,,,Y,3,0,1,1,A,-,01,23152,F,N,E,I,A,A,H,-,C,A,0,,,,,Y,,A,01,0,1,0,0,0,0,0,0,0,"- ","- ",36.983688354492188,-121.93705749511719,"SANTA CRUZ",UNINCORPORATED,-121.93704223632812,36.983936309814453
91427688,2021,2021-03-15,9720,2021-03-07,1535,022290,,7,2,9,4400,0,1,3,,1,010,SR-1,"SKYLINE-TO-THE-SEA TRAIL RD",2112.00,N,N,A,-,Y,,,1,,,,,,,Y,4,0,2,2,A,-,09,21801,A,N,D,C,A,A,H,-,A,D,0,,,,,Y,,A,01,0,0,2,0,0,0,0,0,0,"- ","- ",37.102180480957031,-122.28492736816406,"SANTA CRUZ",UNINCORPORATED,-122.28495788574219,37.102157592773438
91427751,2021,2021-03-16,9720,2021-03-11,1213,022545,,4,1,9,4400,0,2,4,,1,016,"GRAHAM HILL RD","LOCKWOOD LN",528.00,N,N,B,-,N,,,,,,,,,,Y,3,0,1,1,A,-,08,22107,,N,E,I,A,B,H,-,A,D,0,,,,,Y,,A,01,0,1,0,0,0,0,0,0,0,"- ","- ",37.038261413574219,-122.04335784912109,"SANTA CRUZ",UNINCORPORATED,-122.04315948486328,37.03814697265625
91427754,2021,2021-03-16,9720,2021-03-11,0656,022545,,4,1,9,4400,0,1,3,,1,017,"SR-17 S/B","SUMMIT RD",528.00,S,N,C,-,Y,,,17,,,,,,S,Y,3,0,1,1,A,-,03,22350,,N,F,A,A,B,H,-,A,D,0,,,,,Y,,D,22,0,1,0,0,0,0,0,0,0,"- ","- ",37.144050598144531,-121.98480987548828,"SANTA CRUZ",UNINCORPORATED,-121.98482513427734,37.144054412841797
91427756,2021,2021-03-16,9720,2021-03-11,1200,020012,,4,1,9,4400,0,1,3,,1,017,"SR-17 N/B","PASATIEMPO DR",1584.00,N,N,B,-,Y,,,17,,,,,,N,Y,3,0,1,1,A,-,08,22107,,N,E,I,A,B,H,-,A,D,0,,,,,Y,,D,22,0,1,0,0,0,0,0,0,0,"- ","- ",37.003631591796875,-122.02044677734375,"SANTA CRUZ",UNINCORPORATED,-122.02054595947266,37.003620147705078
91428052,2021,2021-03-16,9720,2021-03-15,1248,014931,,1,1,9,4400,0,2,4,,1,031,"FREEDOM BLVD","SCURICH LN",1056.00,N,N,B,-,N,,,,,,,,,,Y,4,0,1,2,A,-,03,22350,,N,B,C,A,A,H,-,A,D,0,,,,,Y,,A,01,0,0,1,0,0,0,0,0,0,"- ","- ",36.952709197998047,-121.79679870605469,"SANTA CRUZ",UNINCORPORATED,-121.79765500000001,36.953626
91428930,2021,2021-03-17,9720,2021-03-10,1945,022564,,3,2,9,4400,0,2,4,,1,016,"GRAHAM HILL RD","LOCKEWOOD LN.",0.00,,Y,A,-,N,,,,,,,,,,Y,4,0,1,2,A,-,12,21453,A,F,D,C,A,A,H,-,C,A,0,,,,,Y,,-,99,0,0,1,0,0,0,0,0,0,"- ","- ",37.036861419677734,-122.04228973388672,"SANTA CRUZ",UNINCORPORATED,-122.04230499267578,37.036872863769531
91430215,2021,2021-03-18,9720,2021-01-23,1755,022511,,6,2,9,4400,0,3,5,,2,200,"SUMNER AVENUE","DOLPHIN DRIVE",446.00,S,N,A,-,N,,,,,,,,,,N,1,1,0,1,A,-,01,23152,A,N,E,I,A,A,H,-,B,D,0,,,Y,,Y,Y,O,05,0,0,0,0,0,0,0,1,0,"- ","- ",36.953170776367188,-121.87837219238281,"SANTA CRUZ",UNINCORPORATED,-121.8782958984375,36.952980041503906
91432610,2021,2021-03-22,9720,2021-03-10,0630,021248,,3,1,9,4400,0,3,5,,2,100,"BEAN CREEK RD","MORGAN'S RUN",600.00,S,N,A,-,N,,,,,,,,,,Y,4,0,1,1,A,-,08,22107,,N,E,I,A,A,H,-,B,A,0,,,,,Y,,A,01,0,0,1,0,0,0,0,0,0,"- ","- ",37.076030731201172,-122.01409912109375,"SANTA CRUZ",UNINCORPORATED,-122.01639556884766,37.070549011230469
91433357,2021,2023-06-22,9720,2021-03-12,1715,020977,,5,2,9,4400,0,3,5,,2,300,"CARLTON RD","THOMPSON RD",30.00,S,N,A,-,N,,,,,,,,,,Y,3,0,2,2,A,-,05,21460,A,N,B,C,A,A,H,-,A,D,0,,,,,Y,,A,01,0,2,0,0,0,0,0,0,0,"- ","- ",36.938289642333984,-121.70665740966797,"SANTA CRUZ",UNINCORPORATED,-121.70670318603516,36.938228607177734
91433494,2021,2021-03-23,9720,2021-03-13,1757,021877,,6,2,9,4400,0,1,3,,1,017,"SR-17 S/B","SPANISH OAKS",528.00,S,N,A,-,Y,,,17,,,,,,S,Y,4,0,2,2,A,-,07,21658,A,N,B,C,A,A,H,-,A,D,0,,,,,Y,,A,01,0,0,2,0,0,0,0,0,0,"- ","- ",37.110828399658203,-121.976318359375,"SANTA CRUZ",UNINCORPORATED,-121.97637176513672,37.110843658447266
91433592,2021,2021-03-23,9720,2021-03-14,1620,021877,,7,2,9,4400,0,2,4,,1,031,"FREEDOM BLVD","PISTA LN",528.00,E,N,B,-,N,,,,,,,,,,Y,3,0,2,2,A,-,09,21804,A,N,D,C,A,A,H,-,A,D,0,,,,,Y,,A,07,0,1,1,0,0,0,0,0,0,"- ","- ",36.942928314208984,-121.78504943847656,"SANTA CRUZ",UNINCORPORATED,-121.78370666503906,36.941974639892578
91433892,2021,2021-03-24,9720,2021-03-14,0051,022458,,7,3,9,4400,0,1,3,,1,017,"SR-17 S/B","OLD SANTA CRUZ HWY",5.00,S,N,A,-,Y,,,17,,,,,,S,Y,3,0,2,2,A,-,05,21460,A,N,A,C,A,A,H,-,C,D,0,,,,,Y,,A,01,0,1,1,0,0,0,0,0,0,"- ","- ",37.127731323242188,-121.97576141357422,"SANTA CRUZ",UNINCORPORATED,-121.97576141357422,37.127727508544922
91433939,2021,2021-03-24,9720,2021-03-18,1625,021321,,4,2,9,4400,0,2,4,,1,021,"SOQUEL DR","SPRECKLES DR",0.00,,Y,C,-,N,,,,,,,,,,Y,3,0,1,2,A,-,12,21453,A,N,D,C,A,B,H,-,A,A,0,,,,,Y,,A,01,0,1,0,0,0,0,0,0,0,"- ","- ",36.976280212402344,-121.90415954589844,"SANTA CRUZ",UNINCORPORATED,-121.90420532226562,36.976310729980469
91436762,2021,2021-03-26,9720,2021-03-20,1700,022140,,6,2,9,4400,0,3,5,,2,200,"GLEN HAVEN RD","TIMBER VIEW STREET",0.00,,Y,A,-,N,,,,,,,,,,Y,4,0,2,2,A,-,09,21804,A,N,A,C,A,A,H,-,A,D,0,,,,,Y,,A,01,0,0,2,0,0,0,0,0,0,"- ","- ",37.019451141357422,-121.93511962890625,"SANTA CRUZ",UNINCORPORATED,-121.93516540527344,37.019485473632812
91436901,2021,2021-03-26,9720,2021-03-17,1146,022545,,3,1,9,4400,0,1,3,,1,014,SR-9,SR-35,4224.00,S,N,B,-,Y,,,9,,,,,,,Y,3,0,1,1,A,-,03,22350,,N,F,A,A,B,H,-,A,D,0,,,Y,,Y,,C,02,0,1,0,0,0,0,0,0,1,"- ","- ",37.254261016845703,-122.13455200195312,"SANTA CRUZ",UNINCORPORATED,-122.13457489013672,37.254280090332031
91437426,2021,2021-03-29,9720,2021-03-20,2127,022399,,6,2,9,4400,0,2,4,,1,021,"SOQUEL DR.","TROUT GULCH RD",45.00,E,N,A,-,N,,,,,,,,,,Y,4,0,2,2,A,-,01,23152,A,N,C,C,A,A,H,-,C,A,0,,,,,Y,Y,A,01,0,0,2,0,0,0,0,0,0,"- ","- ",36.976760864257812,-121.90007781982422,"SANTA CRUZ",UNINCORPORATED,-121.90013122558594,36.976753234863281
91437428,2021,2021-03-29,9720,2021-03-20,1200,020977,,6,1,9,4400,0,1,3,,1,013,"SUMMIT RD","SOQUEL SAN JOSE ROAD",0.00,,Y,A,-,N,,,,,,,,,,N,2,0,1,1,A,-,03,22350,,N,E,I,A,A,H,-,A,A,0,,,,,Y,,M,94,1,0,0,0,0,0,0,0,0,"- ","- ",37.118740081787109,-121.92552185058594,"SANTA CRUZ",UNINCORPORATED,-121.92542266845703,37.118709564208984
91439339,2021,2021-03-30,9720,2021-03-21,1527,022511,,7,2,9,4400,0,1,3,,1,035,SR-129,"VANONI RD",1848.00,W,N,A,-,Y,,,129,,,,,,,Y,3,0,2,2,A,-,03,22350,,N,C,C,A,A,H,-,A,D,0,,,,,Y,,A,08,0,2,0,0,0,0,0,0,0,"- ","- ",36.906360626220703,-121.64997863769531,"SANTA CRUZ",UNINCORPORATED,-121.6500244140625,36.906314849853516
91439471,2021,2021-03-30,9720,2021-03-24,1623,021833,,3,2,9,4400,0,1,3,,2,020,"SR-1 S/B","STATE PARD DR",528.00,S,N,A,-,Y,,,1,,,,,,S,N,4,0,1,2,A,-,03,22350,,N,E,I,A,A,H,-,A,D,0,,,,,Y,,A,01,0,0,1,0,0,0,0,0,0,"- ","- ",36.975109100341797,-121.90213775634766,"SANTA CRUZ",UNINCORPORATED,-121.90213775634766,36.97509765625
91440087,2021,2021-03-31,9720,2021-03-21,1740,022140,,7,2,9,4400,0,3,5,,2,200,"SUMMIT RD","SOQUEL SAN JOSE RD",528.00,W,N,A,-,N,,,,,,,,,,Y,4,0,1,2,A,-,09,21801,A,N,D,C,A,A,H,-,A,A,0,,,Y,,Y,,A,07,0,0,1,0,0,0,0,0,1,"- ","- ",37.120189666748047,-121.92900848388672,"SANTA CRUZ",UNINCORPORATED,-121.92690277099609,37.119522094726562
91440171,2021,2021-03-31,9720,2021-03-19,2144,022400,,5,2,9,4400,0,2,4,,1,016,"GRAHAM HILL RD","NEPENTHE DR",130.00,S,N,A,-,Y,,,,,,,,,,Y,2,0,1,2,A,-,05,21460,A,N,B,C,A,A,H,-,D,D,0,,,Y,,Y,,C,02,1,0,0,0,0,0,0,0,1,"- ","- ",37.014419555664062,-122.03421783447266,"SANTA CRUZ",UNINCORPORATED,-122.03422546386719,37.014286041259766
91440187,2021,2021-03-31,9720,2021-03-22,2329,022293,,1,3,9,4400,0,1,3,,1,015,SR-9,"RIVER ST.",250.00,S,N,A,-,Y,,,9,,,,,,,Y,2,0,1,1,A,-,01,23152,A,N,E,I,A,A,H,-,C,D,0,,,,,Y,Y,A,01,1,0,0,0,0,0,0,0,0,"- ","- ",37.115238189697266,-122.12014007568359,"SANTA CRUZ",UNINCORPORATED,-122.12007904052734,37.115272521972656
91440226,2021,2021-03-31,9720,2021-03-30,1726,022290,,2,2,5,4402,0,1,3,,2,020,"SR-1 S/B","MORRISSEY BLVD",1320.00,S,N,A,-,Y,,,1,,,,,,S,N,4,0,2,2,A,-,03,22350,,N,C,C,A,A,H,-,A,D,0,,,,,Y,,A,01,0,0,2,0,0,0,0,0,0,"- ","- ",36.98809814453125,-121.99693298339844,"SANTA CRUZ","SANTA CRUZ",-121.99693298339844,36.988121032714844
91442067,2021,2021-04-02,9720,2021-03-30,1345,021211,,2,1,9,4400,0,1,3,,1,017,"SR-17 S/B","PASATIEMPO DR",1584.00,N,N,A,-,Y,,,17,,,,,,S,N,4,0,1,2,A,-,03,22350,,N,C,C,A,A,H,-,A,D,0,,,,,Y,,A,08,0,0,1,0,0,0,0,0,0,"- ","- ",37.003700256347656,-122.02059936523438,"SANTA CRUZ",UNINCORPORATED,-122.02055358886719,37.003704071044922
91444134,2021,2021-04-06,9720,2021-03-26,1430,018171,,5,2,9,4400,0,2,4,,1,021,"DOLPHIN DRIVE","DRIFTWOOD COURT",0.00,,Y,A,-,N,,,,,,,,,,N,2,0,1,2,A,-,08,22107,,N,B,G,A,A,H,-,A,D,0,,Y,,,Y,,L,04,1,0,0,0,0,0,1,0,0,"- ","- ",36.955608367919922,-121.87412261962891,"SANTA CRUZ",UNINCORPORATED,-121.87409210205078,36.955619812011719
91444331,2021,2021-04-06,9720,2021-03-28,1130,020977,,7,1,9,4400,0,1,3,,1,010,"SR-1 N/B","LAGUNA RD",3696.00,N,N,A,-,Y,,,1,,,,,,N,Y,4,0,1,1,A,-,05,21460,A,M,E,I,A,A,H,-,A,D,0,,,,,Y,,A,01,0,0,1,0,0,0,0,0,0,"- ","- ",36.991580963134766,-122.16513824462891,"SANTA CRUZ",UNINCORPORATED,-122.16515350341797,36.991546630859375
91444365,2021,2021-04-06,9720,2021-04-01,2025,021053,,4,2,9,4400,0,3,5,,2,300,"CASSERLY ROAD",SR-152,200.00,N,N,A,-,N,,,,,,,,,,Y,4,0,1,2,A,-,05,21460,A,N,B,C,A,A,H,-,D,D,0,,,,,Y,,A,01,0,0,1,0,0,0,0,0,0,"- ","- ",36.957599639892578,-121.72920227050781,"SANTA CRUZ",UNINCORPORATED,-121.72792816162109,36.956523895263672
91444374,2021,2021-04-06,9720,2021-03-28,1220,021806,,7,1,9,4400,0,2,4,,1,021,"SOQUEL DR.","PORTER ST",415.00,S,N,A,-,N,,,,,,,,,,N,3,0,1,2,A,-,08,22107,,N,H,G,A,A,H,-,A,D,0,,Y,,,Y,,D,22,0,1,0,0,0,0,1,0,0,"- ","- ",36.988719940185547,-121.95590972900391,"SANTA CRUZ",UNINCORPORATED,-121.95868682861328,36.987689971923828
91444387,2021,2021-04-06,9720,2021-03-27,1245,021714,,6,1,9,4400,0,2,4,,1,021,"SOQUEL DR","S. RODEO GULCH RD.",0.00,,Y,A,-,N,,,,,,,,,,Y,2,0,1,2,A,-,07,21658,A,N,B,C,A,A,H,-,A,D,0,,,Y,,Y,,C,02,1,0,0,0,0,0,0,0,1,"- ","- ",36.987560272216797,-121.96949768066406,"SANTA CRUZ",UNINCORPORATED,-121.96955871582031,36.987606048583984
91444450,2021,2021-04-06,9720,2021-03-27,1040,020977,,6,1,9,4400,0,2,4,,1,016,"GRAHAM HILL RD","DEER PATH RD",20.00,S,N,A,-,N,,,,,,,,,,N,3,0,2,2,A,-,09,21802,A,N,F,A,A,A,H,-,A,D,0,,,Y,,Y,,A,01,0,2,0,0,0,0,0,0,2,"- ","- ",37.006679534912109,-122.03408813476562,"SANTA CRUZ",UNINCORPORATED,-122.03410339355469,37.006565093994141
91445265,2021,2021-05-11,9720,2021-02-21,0017,022399,,7,3,9,4400,0,1,3,,2,030,"SR-1 S/B","AIRPORT BLVD",255.00,S,N,A,-,Y,,,1,,,,,,S,Y,1,1,2,2,A,-,01,23152,A,N,A,C,A,A,H,-,D,D,0,,,,,Y,Y,A,01,2,0,0,0,0,0,0,0,0,"- ","- ",36.923999786376953,-121.79625701904297,"SANTA CRUZ",UNINCORPORATED,-121.79625701904297,36.924007415771484
91445290,2021,2021-04-07,9720,2021-03-27,2030,021877,,6,2,9,4400,0,3,5,,2,100,"E. ZAYANTE RD.","REDWOOD CIR",180.00,E,N,A,-,N,,,,,,,,,,Y,4,0,1,1,A,-,01,23152,A,N,E,I,A,A,H,-,C,D,0,,,,,Y,Y,A,01,0,0,1,0,0,0,0,0,0,"- ","- ",37.054218292236328,-122.06162261962891,"SANTA CRUZ",UNINCORPORATED,-122.061571,37.054133
91445633,2021,2021-04-08,9720,2021-03-26,1254,021248,,5,1,9,4400,0,1,3,,2,020,"SR-1 N/B","RIO DEL MAR BLVD",3168.00,N,N,A,-,Y,,,1,,,,,,N,Y,4,0,2,3,A,-,03,22350,,N,C,C,A,A,H,-,A,D,0,,,,,Y,,A,01,0,0,2,0,0,0,0,0,0,"- ","- ",36.974941253662109,-121.89846038818359,"SANTA CRUZ",UNINCORPORATED,-121.89846038818359,36.974948883056641
91445642,2021,2021-04-08,9720,2021-04-02,0748,021211,,5,1,9,4400,0,1,3,,2,030,"SR-1 N/B","FREEDOM BLVD",528.00,S,N,B,-,Y,,,1,,,,,,N,Y,4,0,1,2,A,-,03,22350,,N,C,C,A,A,H,-,A,D,0,,,,,Y,,D,22,0,0,1,0,0,0,0,0,0,"- ","- ",36.965801239013672,-121.86769866943359,"SANTA CRUZ",UNINCORPORATED,-121.86769104003906,36.965812683105469
91446454,2021,2021-04-08,9720,2021-03-30,1130,021548,,2,1,9,4400,0,3,5,,2,100,"BEAR CREEK RD","BEAR CANYON RD",1584.00,W,N,A,-,N,,,,,,,,,,Y,4,0,1,1,A,-,01,23152,F,N,E,I,A,A,H,-,A,D,0,,,Y,,Y,,C,02,0,0,1,0,0,0,0,0,1,"- ","- ",37.168308258056641,-122.04721832275391,"SANTA CRUZ",UNINCORPORATED,-122.04713439941406,37.168270111083984
91446602,2021,2021-04-09,9720,2021-04-06,0715,014931,,2,1,9,4400,0,1,3,,2,030,"SR-1 N/B",SR-129,1584.00,N,N,B,-,Y,,,1,,,,,,N,N,3,0,1,2,A,-,03,22350,,N,C,C,A,A,H,-,A,D,0,,,,,Y,,D,22,0,1,0,0,0,0,0,0,0,"- ","- ",36.898880004882812,-121.77674865722656,"SANTA CRUZ",UNINCORPORATED,-121.77678680419922,36.898853302001953
91447709,2021,2021-04-12,9720,2021-03-31,1820,022044,,3,2,9,4400,0,1,3,,1,014,"SR-9 N/B","CRESTA DR",1056.00,S,N,A,-,Y,,,9,,,,,,N,Y,2,0,1,1,A,-,01,23152,A,N,E,I,A,A,H,-,A,D,0,,,Y,,Y,Y,C,02,1,0,0,0,0,0,0,0,1,"- ","- ",37.137561798095703,-122.12859344482422,"SANTA CRUZ",UNINCORPORATED,-122.128662109375,37.137504577636719
91447713,2021,2021-04-12,9720,2021-04-04,1403,022399,,7,2,9,4400,0,1,3,,1,034,SR-152,"RED HAWK PLACE",528.00,E,N,A,-,Y,,,152,,,,,,,Y,4,0,1,1,A,-,08,22107,,N,E,I,A,A,H,-,A,D,0,,,,,Y,,A,01,0,0,1,0,0,0,0,0,0,"- ","- ",36.975749969482422,-121.71894836425781,"SANTA CRUZ",UNINCORPORATED,-121.71894836425781,36.975723266601562
91447714,2021,2021-04-12,9720,2021-03-31,1436,022511,,3,2,9,4400,0,3,5,,2,100,"LA MADRONA DR","SR-17 S/B",345.00,N,N,A,-,N,,,,,,,,,,Y,4,0,1,1,A,-,01,23152,A,N,E,I,A,A,H,-,A,D,0,,,,,Y,Y,A,07,0,0,1,0,0,0,0,0,0,"- ","- ",37.009361267089844,-122.02240753173828,"SANTA CRUZ",UNINCORPORATED,-122.02126312255859,37.008701324462891
91447716,2021,2021-04-12,9720,2021-03-31,1826,022290,,3,2,9,4400,0,1,3,,2,020,"SR-1 S/B","PARK AVE",500.00,N,N,A,-,Y,,,1,,,,,,S,Y,4,0,1,3,A,-,03,22350,,N,C,C,A,A,H,-,A,D,0,,,,,Y,,A,01,0,0,1,0,0,0,0,0,0,"- ","- ",36.983909606933594,-121.93878936767578,"SANTA CRUZ",UNINCORPORATED,-121.93878936767578,36.983921051025391
91449066,2021,2021-04-13,9720,2021-04-01,1742,022511,,4,2,9,4400,0,1,3,,2,020,"N/B SR-1 FROM SOQUEL DR.","PAUL SWEET RD",110.00,N,N,A,-,Y,,,1,,,,R,,,Y,3,0,1,2,A,-,10,21950,A,N,G,B,C,A,A,-,A,D,0,Y,,,,Y,,A,01,0,1,0,0,1,0,0,0,0,"- ","- ",36.987758636474609,-121.98580169677734,"SANTA CRUZ",UNINCORPORATED,-121.98580169677734,36.987758636474609
91449106,2021,2021-04-13,9720,2021-04-03,1643,022329,,6,2,9,4400,0,1,3,,2,020,"SR-1 S/B","MORRISSEY BOULEVARD",1045.00,S,N,A,-,Y,,,,,,,,,,Y,4,0,3,3,A,-,03,22350,,N,C,C,A,A,H,-,A,D,0,,,,,Y,,A,01,0,0,3,0,0,0,0,0,0,"- ","- ",36.988189697265625,-121.99942016601562,"SANTA CRUZ",UNINCORPORATED,-122.00335693359375,36.988208770751953
91450685,2021,2021-04-14,9720,2021-04-04,2000,022140,,7,2,9,4400,0,2,4,,1,021,"SOQUEL DRIVE","APTOS CREEK RD",10.00,W,N,B,-,N,,,,,,,,,,Y,2,0,1,2,A,-,12,21453,A,N,H,G,A,A,H,-,D,A,0,,Y,,,Y,,L,04,1,0,0,0,0,0,1,0,0,"- ","- ",36.977039337158203,-121.90251159667969,"SANTA CRUZ",UNINCORPORATED,-121.90235900878906,36.977066040039062
91451007,2021,2021-04-15,9720,2021-04-05,1439,022329,,1,2,9,4400,0,1,3,,1,015,SR-9,"LAZYWOODS RD",257.00,S,N,A,-,Y,,,9,,,,,,,Y,4,0,2,3,A,-,08,22107,,N,C,E,E,A,H,-,A,D,0,Y,,,,Y,,D,22,0,0,2,0,1,0,0,0,0,"- ","- ",37.064239501953125,-122.07962799072266,"SANTA CRUZ",UNINCORPORATED,-122.07966613769531,37.064250946044922
91451366,2021,2021-04-15,9720,2021-04-05,1311,021860,,1,1,9,4400,0,1,3,,1,012,SR-236,"PINE ST",0.00,,Y,A,-,Y,,,236,,,,,,,Y,4,0,1,2,A,-,09,21802,A,N,D,C,A,A,H,-,A,D,0,,,,,Y,,A,07,0,0,1,0,0,0,0,0,0,"- ","- ",37.125190734863281,-122.12300872802734,"SANTA CRUZ",UNINCORPORATED,-122.12302398681641,37.125240325927734
91451416,2021,2021-04-15,9720,2021-04-08,1640,022399,,4,2,9,4400,0,2,4,,1,021,"SOQUEL DR","STATE PARD DR",400.00,N,N,A,-,N,,,,,,,,,,Y,4,0,1,3,A,-,03,22350,,N,C,C,A,A,H,-,A,A,0,,,,,Y,,D,22,0,0,1,0,0,0,0,0,0,"- ","- ",36.980979919433594,-121.90939331054688,"SANTA CRUZ",UNINCORPORATED,-121.90915679931641,36.980796813964844
91452494,2021,2021-04-19,9720,2021-04-08,1120,021548,,4,1,9,4400,0,1,3,,2,020,"SR-1 N/B","FREEDOM BLVD",1056.00,N,N,A,-,Y,,,1,,,,,,N,Y,3,0,1,2,A,-,03,22350,,N,C,C,A,A,H,-,A,D,0,,,Y,,Y,,C,02,0,1,0,0,0,0,0,0,1,"- ","- ",36.973300933837891,-121.88092803955078,"SANTA CRUZ",UNINCORPORATED,-121.88092041015625,36.97332763671875
91453083,2021,2021-04-19,9720,2021-04-08,1800,022140,,4,2,9,4400,0,1,3,,1,010,SR1,"SWANTON RD",5280.00,S,N,A,-,Y,,,1,,,,,,,N,3,0,1,1,A,-,08,22107,,N,F,A,A,A,H,-,A,D,0,,,Y,,Y,,C,02,0,1,0,0,0,0,0,0,1,"- ","- ",37.071620941162109,-122.2589111328125,"SANTA CRUZ",UNINCORPORATED,-122.25881195068359,37.071701049804688
91453502,2021,2021-04-19,9720,2021-04-10,1320,022564,,6,1,9,4400,0,1,3,,1,035,"SR-129 W/B","BLACKBURN ST",528.00,E,N,A,-,Y,,,,,,,,,,N,4,0,1,2,A,-,03,22350,,N,C,C,A,A,H,-,A,A,0,,,,,Y,,A,01,0,0,1,0,0,0,0,0,0,"- ","- ",36.912818908691406,-121.91281890869141,"SANTA CRUZ",UNINCORPORATED,-121.74447631835938,36.91278076171875
91454054,2021,2021-05-10,9720,2021-04-11,0202,022471,,7,3,9,4400,0,3,5,,2,200,"GROSS RD","40TH AVE",16.00,S,N,A,-,N,,,,,,,,,,Y,4,0,1,1,A,-,01,23152,A,N,E,I,A,A,H,-,C,A,0,,,,,Y,Y,A,01,0,0,1,0,0,0,0,0,0,"- ","- ",36.981048583984375,-121.96602630615234,"SANTA CRUZ",UNINCORPORATED,-121.96600341796875,36.981121063232422
91454236,2021,2021-04-20,9720,2021-04-12,1630,022399,,1,2,9,4400,0,1,3,,2,030,"SR-1 S/B","AIRPORT BLVD",528.00,S,N,A,-,Y,,,1,,,,,,S,N,4,0,1,2,A,-,03,22350,,N,C,C,A,A,H,-,A,D,0,,,,,Y,,D,22,0,0,1,0,0,0,0,0,0,"- ","- ",36.923488616943359,-121.79551696777344,"SANTA CRUZ",UNINCORPORATED,-121.79548645019531,36.923542022705078
91454365,2021,2021-04-20,9720,2021-04-13,1400,022545,,2,2,9,4400,0,3,5,,2,200,"SOQUEL AVE","7TH AVE",400.00,E,N,A,-,N,,,,,,,,,,N,4,0,1,2,A,-,03,22350,,N,C,C,A,A,H,-,A,D,0,,,,,Y,,A,08,0,0,1,0,0,0,0,0,0,"- ","- ",36.985660552978516,-121.98848724365234,"SANTA CRUZ",UNINCORPORATED,-121.98854064941406,36.985694885253906
91454420,2021,2021-04-20,9720,2021-04-13,1145,018171,,2,1,9,4400,0,1,3,,2,020,"SR-1 S/B","MORRISSEY BLVD",500.00,S,N,A,-,Y,,,,,,,,,,Y,4,0,2,2,A,-,03,22350,,N,C,C,A,A,H,-,A,D,0,,,,,Y,,A,01,0,0,2,0,0,0,0,0,0,"- ","- ",36.988151550292969,-122.00060272216797,"SANTA CRUZ",UNINCORPORATED,-122.00335693359375,36.988208770751953
91454585,2021,2021-04-20,9720,2021-04-12,1615,022545,,1,2,9,4400,0,1,3,,2,030,"SR-1 S/B","AIRPORT BLVD",528.00,S,N,A,-,Y,,,1,,,,,,S,N,4,0,3,2,A,-,03,22350,,N,C,C,A,A,H,-,A,D,0,,,,,Y,,A,07,0,0,3,0,0,0,0,0,0,"- ","- ",36.923469543457031,-121.79553985595703,"SANTA CRUZ",UNINCORPORATED,-121.79549407958984,36.923545837402344