CASE_ID,ACCIDENT_YEAR,PROC_DATE,JURIS,COLLISION_DATE,COLLISION_TIME,OFFICER_ID,REPORTING_DISTRICT,DAY_OF_WEEK,CHP_SHIFT,POPULATION,CNTY_CITY_LOC,SPECIAL_COND,BEAT_TYPE,CHP_BEAT_TYPE,CITY_DIVISION_LAPD,CHP_BEAT_CLASS,BEAT_NUMBER,PRIMARY_RD,SECONDARY_RD,DISTANCE,DIRECTION,INTERSECTION,WEATHER_1,WEATHER_2,STATE_HWY_IND,CALTRANS_COUNTY,CALTRANS_DISTRICT,STATE_ROUTE,ROUTE_SUFFIX,POSTMILE_PREFIX,POSTMILE,LOCATION_TYPE,RAMP_INTERSECTION,SIDE_OF_HWY,TOW_AWAY,COLLISION_SEVERITY,NUMBER_KILLED,NUMBER_INJURED,PARTY_COUNT,PRIMARY_COLL_FACTOR,PCF_CODE_OF_VIOL,PCF_VIOL_CATEGORY,PCF_VIOLATION,PCF_VIOL_SUBSECTION,HIT_AND_RUN,TYPE_OF_COLLISION,MVIW,PED_ACTION,ROAD_SURFACE,ROAD_COND_1,ROAD_COND_2,LIGHTING,CONTROL_DEVICE,CHP_ROAD_TYPE,PEDESTRIAN_ACCIDENT,BICYCLE_ACCIDENT,MOTORCYCLE_ACCIDENT,TRUCK_ACCIDENT,NOT_PRIVATE_PROPERTY,ALCOHOL_INVOLVED,STWD_VEHTYPE_AT_FAULT,CHP_VEHTYPE_AT_FAULT,COUNT_SEVERE_INJ,COUNT_VISIBLE_INJ,COUNT_COMPLAINT_PAIN,COUNT_PED_KILLED,COUNT_PED_INJURED,COUNT_BICYCLIST_KILLED,COUNT_BICYCLIST_INJURED,COUNT_MC_KILLED,COUNT_MC_INJURED,PRIMARY_RAMP,SECONDARY_RAMP,LATITUDE,LONGITUDE,COUNTY,CITY,POINT_X,POINT_Y
91455178,2021,2021-04-21,9720,2021-04-15,1415,022140,,4,2,9,4400,0,1,3,,2,020,"SR-1 N/B","PORTER ST",1056.00,S,N,A,-,Y,,,1,,,,,,N,Y,4,0,1,2,A,-,03,22350,,N,C,C,A,A,H,-,A,D,0,,,,,Y,,A,01,0,0,1,0,0,0,0,0,0,"- ","- ",36.983718872070312,-121.95211791992188,"SANTA CRUZ",UNINCORPORATED,-121.95211791992188,36.983737945556641
91455374,2021,2021-04-21,9720,2021-04-10,1415,022140,,6,2,9,4400,0,1,3,,2,020,"SR-1 N/B","PARK AVE",2640.00,S,N,A,-,Y,,,1,,,,,,N,N,4,0,1,2,A,-,03,22350,,N,C,C,A,A,H,-,A,D,0,,,,,Y,,A,01,0,0,1,0,0,0,0,0,0,"- ","- ",36.983291625976562,-121.92713928222656,"SANTA CRUZ",UNINCORPORATED,-121.92713928222656,36.983318328857422
91455414,2021,2021-04-21,9720,2021-04-12,1452,022399,,1,2,9,4400,0,1,3,,1,034,SR-152,"BELLA VISTA LN",38.00,W,N,A,-,Y,,,152,,,,,,,Y,3,0,1,3,A,-,09,21801,A,N,C,C,A,A,H,-,A,D,0,,,,,Y,,A,01,0,1,0,0,0,0,0,0,0,"- ","- ",36.994308471679688,-121.71788787841797,"SANTA CRUZ",UNINCORPORATED,-121.71787261962891,36.99432373046875
91455444,2021,2021-04-21,9720,2021-04-19,0750,021877,,1,1,9,4400,0,1,3,,2,030,"SR-1 N/B","LARKIN VALLEY RD",528.00,N,N,B,-,Y,,,1,,,,,,N,Y,4,0,2,3,A,-,03,22350,,N,C,C,A,A,H,-,A,D,0,,,,,Y,,A,07,0,0,2,0,0,0,0,0,0,"- ","- ",36.954868316650391,-121.85642242431641,"SANTA CRUZ",UNINCORPORATED,-121.85639190673828,36.954898834228516
91455470,2021,2021-04-21,9720,2021-04-19,1545,021321,,1,2,9,4400,0,2,4,,1,021,"SOQUEL DR","CARRIKER LN",100.00,E,N,A,-,N,,,,,,,,,,Y,2,0,1,2,A,-,09,21804,A,N,F,A,A,A,H,-,A,D,0,,,Y,,Y,,A,07,1,0,0,0,0,0,0,0,1,"- ","- ",36.987171173095703,-121.96753692626953,"SANTA CRUZ",UNINCORPORATED,-121.96776580810547,36.987213134765625
91455503,2021,2021-04-21,9720,2021-04-10,1812,022140,,6,2,9,4400,0,2,4,,1,024,"PORTOLA DR","38TH AVE",68.00,W,N,A,-,Y,,,,,,,,,,Y,3,0,2,2,A,-,05,21460,A,F,A,C,A,A,H,-,A,A,0,,,,,Y,,A,01,0,2,0,0,0,0,0,0,0,"- ","- ",36.963409423828125,-121.96769714355469,"SANTA CRUZ",UNINCORPORATED,-121.96763610839844,36.963443756103516
91455519,2021,2021-04-21,9720,2021-04-11,1553,022329,,7,2,9,4400,0,2,4,,1,024,"EAST CLIFF DR","14TH AVE",0.00,,Y,A,-,N,,,,,,,,,,Y,3,0,1,2,A,-,09,21801,A,N,D,C,A,A,H,-,A,D,0,,,Y,,Y,,A,07,0,1,0,0,0,0,0,0,1,"- ","- ",36.963848114013672,-121.99166107177734,"SANTA CRUZ",UNINCORPORATED,-121.99167633056641,36.963809967041016
91455540,2021,2021-04-21,9720,2021-04-20,1030,018171,,2,1,9,4400,0,3,5,,2,200,"SOQUEL AVE","7TH AVE",500.00,W,N,A,-,N,,,,,,,,,,Y,3,0,1,1,A,-,08,22107,,N,E,I,A,A,H,-,A,D,0,,,,,Y,,A,07,0,1,0,0,0,0,0,0,0,"- ","- ",36.984611511230469,-121.99137878417969,"SANTA CRUZ",UNINCORPORATED,-121.99134063720703,36.984725952148438
91455947,2021,2021-04-22,9720,2021-04-19,1640,021321,,1,2,9,4400,0,1,3,,2,020,"SR-1 S/B","SOQUEL DR",900.00,N,N,A,-,Y,,,1,,,,,,S,Y,4,0,3,2,A,-,01,23152,A,N,C,C,A,A,H,-,A,D,0,,,,,Y,Y,A,08,0,0,3,0,0,0,0,0,0,"- ","- ",36.987751007080078,-121.99092864990234,"SANTA CRUZ",UNINCORPORATED,-121.99092864990234,36.987728118896484
91455969,2021,2021-04-22,9720,2021-04-12,1230,020977,,1,1,9,4400,0,3,5,,2,100,"BEAR CREEK RD","SKYLINE BLVD",20.00,W,N,A,-,N,,,,,,,,,,Y,4,0,1,2,A,-,03,22350,,N,A,D,A,A,H,-,A,D,0,,,,,Y,,D,22,0,0,1,0,0,0,0,0,0,"- ","- ",37.1668701171875,-122.02639007568359,"SANTA CRUZ",UNINCORPORATED,-122.02625274658203,37.166801452636719
91456072,2021,2021-04-22,9720,2021-04-21,1650,021053,,3,2,9,4400,0,3,5,,2,300,"AMESTI RD","PINTO ST",0.00,,Y,B,-,N,,,,,,,,,,Y,4,0,1,1,A,-,08,22107,,N,E,I,A,A,H,-,A,D,0,,,,,Y,,A,01,0,0,1,0,0,0,0,0,0,"- ","- ",36.947299957275391,-121.76909637451172,"SANTA CRUZ",UNINCORPORATED,-121.76929473876953,36.947277069091797
91456457,2021,2021-04-22,9720,2021-04-12,1950,022545,,1,2,9,4400,0,3,5,,2,200,"MCGREGOR DR","MARGARET AVE",0.00,,Y,A,-,N,,,,,,,,,,Y,4,0,1,2,A,-,09,21802,A,N,D,C,A,A,H,-,B,D,0,,,,,Y,,A,01,0,0,1,0,0,0,0,0,0,"- ","- ",36.981338500976562,-121.91771697998047,"SANTA CRUZ",UNINCORPORATED,-121.91767883300781,36.981334686279297
91457696,2021,2021-04-26,9720,2021-04-18,1740,022511,,7,2,9,4400,0,3,5,,2,200,"RIO DEL MAR BLVD","KINGSBURY DR",138.00,N,N,A,-,N,,,,,,,,,,N,3,0,1,1,A,-,03,22350,,N,F,A,A,A,H,-,A,D,0,,,Y,,Y,,C,02,0,1,0,0,0,0,0,0,1,"- ","- ",36.968231201171875,-121.9014892578125,"SANTA CRUZ",UNINCORPORATED,-121.90094757080078,36.96820068359375
91457697,2021,2021-04-26,9720,2021-04-20,1900,021053,,2,2,9,4400,0,3,5,,2,300,"CARLTON ROAD","KEER ROAD",300.00,E,N,A,-,N,,,,,,,,,,Y,3,0,2,1,A,-,01,23152,A,N,E,I,A,A,H,-,A,D,0,,,,,Y,Y,A,01,0,1,1,0,0,0,0,0,0,"- ","- ",36.948699951171875,-121.72059631347656,"SANTA CRUZ",UNINCORPORATED,-121.71184,36.942162000000003
91458094,2021,2021-04-26,9720,2021-04-15,0148,022125,,4,3,9,4400,0,1,3,,1,035,SR-129,"ROGGE LN",3168.00,E,N,A,-,Y,,,129,,,,,,,Y,3,0,1,2,A,-,01,23152,A,N,E,J,A,A,C,-,D,D,0,,,,Y,Y,Y,A,01,0,1,0,0,0,0,0,0,0,"- ","- ",36.909801483154297,-121.63226318359375,"SANTA CRUZ",UNINCORPORATED,-121.6322021484375,36.90972900390625
91458190,2021,2021-04-26,9720,2021-04-17,1655,022399,,6,2,9,4400,0,2,4,,1,021,"SOQUEL DR.","FREEDOM BLVD",0.00,,Y,A,-,N,,,,,,,,,,Y,2,0,1,2,A,-,12,21453,A,N,D,C,A,A,H,-,A,A,0,,,,,Y,,A,08,1,0,0,0,0,0,0,0,0,"- ","- ",36.972049713134766,-121.87159729003906,"SANTA CRUZ",UNINCORPORATED,-121.87151336669922,36.972072601318359
91458225,2021,2021-04-26,9720,2021-04-18,1340,021248,,7,1,9,4400,0,1,3,,2,020,"SR-1 N/B FROM FREEDOM BLVD","FREEDOM BLVD",600.00,N,N,A,-,Y,,,1,,,,R,,N,N,4,0,1,2,A,-,03,22350,,N,C,C,A,A,H,-,A,D,0,,,,Y,Y,,F,55,0,0,1,0,0,0,0,0,0,"- ","- ",36.971210479736328,-121.87448120117188,"SANTA CRUZ",UNINCORPORATED,-121.87448120117188,36.971210479736328
91458248,2021,2021-04-26,9720,2021-04-18,0500,022349,,7,3,9,4400,0,3,5,,2,100,"EMPIRE GRADE RD","CAVE GULCH",1584.00,S,N,A,-,N,,,,,,,,,,Y,3,0,1,1,A,-,08,22107,,N,E,I,A,A,H,-,D,D,0,,,,,Y,,A,01,0,1,0,0,0,0,0,0,0,"- ","- ",37.001251220703125,-122.07199859619141,"SANTA CRUZ",UNINCORPORATED,-122.07302856445312,37.003166198730469
91458260,2021,2021-04-26,9720,2021-04-18,1640,022399,,7,2,9,4400,0,2,4,,1,021,"SOQUEL DR","ROBERTSON ST",0.00,,Y,A,-,N,,,,,,,,,,Y,2,0,1,2,A,-,12,22450,A,N,D,C,A,A,H,-,A,A,0,,,,,Y,,A,07,1,0,0,0,0,0,0,0,0,"- ","- ",36.987758636474609,-121.9605712890625,"SANTA CRUZ",UNINCORPORATED,-121.9605712890625,36.987758636474609
91458702,2021,2021-04-26,9720,2021-04-19,1059,022542,,1,1,9,4400,0,1,3,,1,015,SR-9,"GLEN ARBOR RD",30.00,N,N,A,-,Y,,,9,,,,,,,Y,3,0,1,2,A,-,08,22107,,N,E,I,A,A,H,-,A,D,0,,,,,Y,,A,01,0,1,0,0,0,0,0,0,0,"- ","- ",37.088859558105469,-122.08844757080078,"SANTA CRUZ",UNINCORPORATED,-122.08850860595703,37.088859558105469
91459249,2021,2021-04-27,9720,2021-04-17,1040,020977,,6,1,9,4400,0,3,5,,2,200,"STATE PARD DR",SR-1,78.00,W,N,A,-,Y,,,1,,,,,,,Y,3,0,1,1,A,-,01,23152,A,N,E,I,A,A,H,-,A,A,0,,,,,Y,Y,A,01,0,1,0,0,0,0,0,0,0,"- ","- ",36.977630615234375,-121.91065216064453,"SANTA CRUZ",UNINCORPORATED,-121.91048431396484,36.977943420410156
91459268,2021,2021-04-27,9720,2021-04-19,2310,022349,,1,3,9,4400,0,3,5,,2,100,"FELTON EMPIRE RD","EMPIRE GRADE RD",3696.00,S,N,A,-,N,,,,,,,,,,Y,2,0,1,1,A,-,01,23152,A,N,E,I,A,A,H,-,D,D,0,,,,,Y,Y,A,01,1,0,0,0,0,0,0,0,0,"- ","- ",37.061119079589844,-122.11312103271484,"SANTA CRUZ",UNINCORPORATED,-122.12309265136719,37.057960510253906
91459284,2021,2021-04-27,9720,2021-04-21,1330,022044,,3,1,9,4400,0,1,3,,2,020,"SR-1 N/B","RIVER ST",500.00,S,N,B,-,Y,,,,,,,,,,N,4,0,2,2,A,-,03,22350,,N,C,C,A,A,H,-,A,D,0,,,,Y,Y,,F,26,0,0,2,0,0,0,0,0,0,"- ","- ",36.985500335693359,-122.02632141113281,"SANTA CRUZ",UNINCORPORATED,-122.03116607666016,36.983657836914062
91460240,2021,2021-04-28,9720,2021-04-19,1720,022399,,1,2,9,4400,0,1,3,,2,020,"SR-1 S/B","SOQUEL DR",3696.00,S,N,A,-,Y,,,1,,,,,,S,Y,4,0,1,2,A,-,03,22350,,N,C,C,A,A,H,-,A,D,0,,,,,Y,,A,07,0,0,1,0,0,0,0,0,0,"- ","- ",36.984020233154297,-121.97441101074219,"SANTA CRUZ",UNINCORPORATED,-121.97439575195312,36.98406982421875
91460298,2021,2021-04-28,9720,2021-04-20,1703,022545,,2,2,9,4400,0,2,4,,1,016,"GRAHAM HILL RD","LYLE WAY",95.00,S,N,A,-,N,,,,,,,,,,Y,2,0,1,2,A,-,09,21804,A,N,D,C,A,A,H,-,A,D,0,,,Y,,Y,,D,22,1,0,0,0,0,0,0,0,1,"- ","- ",36.998981475830078,-122.02993011474609,"SANTA CRUZ",UNINCORPORATED,-122.02992248535156,36.999008178710938
91460381,2021,2021-04-28,9720,2021-04-25,0015,022293,,7,3,9,4400,0,1,3,,1,017,"S/B SR-17","SPANISH OAKS ROAD",254.00,N,N,A,-,Y,,,17,,,,,,,Y,4,0,1,1,A,-,01,23152,A,N,E,I,A,A,H,-,D,D,0,,,,,Y,Y,A,01,0,0,1,0,0,0,0,0,0,"- ","- ",37.116180419921875,-121.97586822509766,"SANTA CRUZ",UNINCORPORATED,-121.97577667236328,37.116191864013672
91460432,2021,2021-04-28,9720,2021-04-28,1010,014653,,3,1,9,4400,0,2,4,,1,021,"SOQUEL DR","TROUT GULCH RD",105.00,W,N,A,-,Y,,,,,,,,,,N,4,0,1,2,A,-,07,21658,A,N,B,C,A,A,H,-,A,D,0,,,,,Y,,A,01,0,0,1,0,0,0,0,0,0,"- ","- ",36.977058410644531,-121.90064239501953,"SANTA CRUZ",UNINCORPORATED,-121.90052795410156,36.977012634277344
91461599,2021,2021-04-29,9720,2021-04-19,1510,022399,,1,2,9,4400,0,2,4,,1,024,"E. CLIFF DR.","COASTVIEW DR",1.00,W,N,A,-,N,,,,,,,,,,N,3,0,1,2,A,-,08,22107,,N,H,G,A,A,H,-,A,D,0,,Y,,,Y,,L,04,0,1,0,0,0,0,1,0,0,"- ","- ",36.960838317871094,-121.98477172851562,"SANTA CRUZ",UNINCORPORATED,-121.98472595214844,36.960868835449219
91461623,2021,2021-04-29,9720,2021-04-14,1543,021833,,3,2,9,4400,0,1,3,,1,017,"SR-17 S/B","SUMMIT RD",528.00,S,N,A,-,Y,,,17,,,,,,S,Y,4,0,1,1,A,-,08,22107,,N,E,I,A,A,H,-,A,D,0,,,,,Y,,D,22,0,0,1,0,0,0,0,0,0,"- ","- ",37.143840789794922,-121.98484802246094,"SANTA CRUZ",UNINCORPORATED,-121.98487854003906,37.143844604492188
91463813,2021,2021-05-03,9720,2021-04-21,0645,021714,,3,1,9,4400,0,3,5,,2,300,"BUENA VISTA DR","SR-1 N/B CONNECTOR TO BUENA VISTA DR.",0.00,,Y,B,-,N,,,,,,,,,,Y,3,0,1,2,A,-,09,21802,A,N,D,C,A,A,H,-,A,A,0,,,,,Y,,A,01,0,1,0,0,0,0,0,0,0,"- ","- ",36.932300567626953,-121.808837890625,"SANTA CRUZ",UNINCORPORATED,-121.80883799999999,36.932301000000002
91464487,2021,2021-05-03,9720,2021-03-09,1405,021053,,2,2,9,4400,0,2,4,,1,031,"FREEDOM BOULEVARD","HAMES ROAD",1056.00,E,N,B,-,N,,,,,,,,,,Y,1,1,2,2,A,-,08,22107,,N,G,B,F,A,H,-,A,D,0,Y,,,,Y,,A,01,1,0,1,1,0,0,0,0,0,"- ","- ",36.986400604248047,-121.83399963378906,"SANTA CRUZ",UNINCORPORATED,-121.83332061767578,36.986061096191406
91465176,2021,2021-05-04,9720,2021-04-22,0615,020977,,4,1,9,4400,0,1,3,,1,015,SR-9,"MILL ST",52.00,N,N,B,-,Y,,,9,,,,,,,Y,3,0,1,2,A,-,05,21460,A,N,A,C,A,A,H,-,B,A,0,,,,,Y,,A,07,0,1,0,0,0,0,0,0,0,"- ","- ",37.089351654052734,-122.09246826171875,"SANTA CRUZ",UNINCORPORATED,-122.09246826171875,37.089385986328125
91465219,2021,2021-05-04,9720,2021-04-24,1715,022564,,6,2,9,4400,0,3,5,,2,100,"BEAR CREEK RD","DEER CREEK RD",528.00,E,N,A,-,N,,,,,,,,,,N,3,0,1,1,A,-,03,22350,,N,F,A,A,A,H,-,A,D,0,,,Y,,Y,,C,02,0,1,0,0,0,0,0,0,1,"- ","- ",37.169349670410156,-122.07450866699219,"SANTA CRUZ",UNINCORPORATED,-122.07386779785156,37.165828704833984
91465394,2021,2021-05-04,9720,2021-04-26,2118,022545,,1,2,9,4400,0,1,3,,1,034,SR-152,"RED HAWK PL",2112.00,E,N,A,-,Y,,,152,,,,,,,Y,4,0,1,2,A,-,03,22350,,N,C,C,A,A,H,-,D,D,0,,,,,Y,,A,01,0,0,1,0,0,0,0,0,0,"- ","- ",36.976070404052734,-121.71510314941406,"SANTA CRUZ",UNINCORPORATED,-121.71508026123047,36.97607421875
91465594,2021,2021-05-04,9720,2021-04-25,1750,022564,,7,2,9,4400,0,3,5,,2,100,"PINE FLAT RD","BONNY DOON RD",528.00,W,N,B,C,N,,,,,,,,,,Y,3,0,1,1,A,-,01,23152,A,N,E,I,A,B,H,-,A,D,0,,,,,Y,Y,A,07,0,1,0,0,0,0,0,0,0,"- ","- ",37.063789367675781,-122.14687347412109,"SANTA CRUZ",UNINCORPORATED,-122.15058135986328,37.042018890380859
91466175,2021,2021-05-05,9720,2021-04-25,2104,022511,,7,2,9,4400,0,3,5,,2,200,"HUNTINGTON DR","VALENCIA RD",1478.00,W,N,B,-,N,,,,,,,,,,Y,3,0,1,1,A,-,03,22350,,N,F,A,A,B,H,-,C,D,0,,,,,Y,,A,01,0,1,0,0,0,0,0,0,0,"- ","- ",36.985008239746094,-121.86891937255859,"SANTA CRUZ",UNINCORPORATED,-121.86934661865234,36.984611511230469
91466190,2021,2021-05-05,9720,2021-04-24,0903,021860,,6,1,9,4400,0,3,5,,2,100,"BEAR CREEK RD","SCOUT RANCH ROAD",120.00,W,N,A,-,N,,,,,,,,,,Y,3,0,1,1,C,-,18,,,N,E,I,A,A,H,-,A,D,0,,,,,Y,,-,"- ",0,1,0,0,0,0,0,0,0,"- ","- ",37.131988525390625,-122.10581207275391,"SANTA CRUZ",UNINCORPORATED,-122.10587310791016,37.132492065429688
91467077,2021,2021-05-06,9720,2021-04-29,0815,018171,,4,1,9,4400,0,2,4,,1,023,"17TH AVE","MERRILL ST",150.00,N,N,A,-,N,,,,,,,,,,Y,4,0,1,2,A,-,09,21801,A,N,D,C,A,A,H,-,A,D,0,,,,,Y,,D,22,0,0,1,0,0,0,0,0,0,"- ","- ",36.965541839599609,-121.98628997802734,"SANTA CRUZ",UNINCORPORATED,-121.98631286621094,36.965522766113281
91467158,2021,2021-05-06,9720,2021-04-28,2140,022458,,3,2,9,4400,0,3,5,,2,200,"COMSTOCK MILL RD","ROBINRIDGE LN",2112.00,N,N,A,-,N,,,,,,,,,,Y,4,0,1,1,A,-,08,22107,,N,F,A,A,A,H,-,D,D,0,,,,,Y,,D,22,0,0,1,0,0,0,0,0,0,"- ","- ",37.094978332519531,-121.94235229492188,"SANTA CRUZ",UNINCORPORATED,-121.94132232666016,37.099861145019531
91467279,2021,2021-05-06,9720,2021-04-26,2110,022564,,1,2,9,4400,0,2,4,,1,024,"CAPITOLA RD","15TH AVE",0.00,,Y,A,-,N,,,,,,,,,,Y,3,0,1,2,A,-,09,21802,A,N,D,C,A,A,H,-,C,D,0,,,,,Y,,A,07,0,1,0,0,0,0,0,0,0,"- ","- ",36.976478576660156,-121.98542785644531,"SANTA CRUZ",UNINCORPORATED,-121.98524475097656,36.97650146484375
91467343,2021,2021-05-06,9720,2021-05-03,1503,022329,,1,2,9,4400,0,1,3,,2,020,"SR-1 S/B","LA FONDA AVE OVERCROSSING",164.00,N,N,A,-,Y,,,,,,,,,,Y,3,0,1,2,A,-,03,22350,,N,C,C,A,A,H,-,A,A,0,,,,,Y,,A,01,0,1,0,0,0,0,0,0,0,"- ","- ",36.988010406494141,-121.99362182617188,"SANTA CRUZ",UNINCORPORATED,-121.99533843994141,36.988090515136719
91468443,2021,2021-05-10,9720,2021-05-01,1521,022162,,6,2,9,4400,0,1,3,,1,035,"SR-129 W/B","CARLTON RD",1320.00,E,N,A,-,Y,,,129,,,,,,W,Y,3,0,2,2,A,-,09,21804,A,N,D,C,A,A,H,-,A,D,0,,,,,Y,,A,01,0,2,0,0,0,0,0,0,0,"- ","- ",36.920768737792969,-121.69024658203125,"SANTA CRUZ",UNINCORPORATED,-121.69025421142578,36.920761108398438
91468517,2021,2021-05-10,9720,2021-04-28,2210,022399,,3,3,9,4400,0,1,3,,2,020,"SR-1 S/B","BRANCIFORTE AVE",2640.00,N,N,A,-,Y,,,1,,,,,,S,Y,3,0,1,1,A,-,01,23152,A,N,E,I,A,A,H,-,D,D,0,,,,,Y,Y,A,01,0,1,0,0,0,0,0,0,0,"- ","- ",36.989078521728516,-122.02079772949219,"SANTA CRUZ",UNINCORPORATED,-122.02079010009766,36.989036560058594
91468518,2021,2021-05-10,9720,2021-04-28,1608,022400,,3,2,9,4400,0,1,3,,1,015,SR-9,"CALIFORNIA DR",600.00,S,N,A,-,Y,,,9,,,,,,,Y,4,0,2,2,A,-,05,21460,A,N,D,C,A,A,H,-,A,D,0,,,,,Y,,D,22,0,0,2,0,0,0,0,0,0,"- ","- ",37.094020843505859,-122.09668731689453,"SANTA CRUZ",UNINCORPORATED,-122.09675598144531,37.093997955322266
91468525,2021,2021-05-10,9720,2021-04-30,2031,022290,,5,2,9,4400,0,3,5,,2,200,"RIO DEL MAR BLVD","BEACH PINES DR",250.00,E,N,A,-,N,,,,,,,,,,N,2,0,1,1,A,-,17,21200,,N,F,A,A,A,H,-,C,D,0,,Y,,,Y,Y,L,04,1,0,0,0,0,0,1,0,0,"- ","- ",36.971050262451172,-121.89469909667969,"SANTA CRUZ",UNINCORPORATED,-121.89481353759766,36.970981597900391
91468530,2021,2021-05-10,9720,2021-04-29,1540,022140,,4,2,9,4400,0,3,5,,2,200,"SOQUEL AVE","PAUL MINNIE AVE",70.00,W,N,A,-,N,,,,,,,,,,Y,4,0,2,4,A,-,04,21703,,N,C,C,A,A,H,-,A,D,0,,,,,Y,,A,07,0,0,2,0,0,0,0,0,0,"- ","- ",36.986240386962891,-121.98423767089844,"SANTA CRUZ",UNINCORPORATED,-121.98416137695312,36.986278533935547
91469584,2021,2021-05-10,9720,2021-05-02,2225,022125,,7,3,9,4400,0,2,4,,1,021,"SOQUEL DR.","APTOS ST",1056.00,S,N,A,-,N,,,,,,,,,,Y,3,0,1,1,A,-,03,22350,,N,E,I,A,A,H,-,C,D,0,,,,,Y,,A,01,0,1,0,0,0,0,0,0,0,"- ","- ",36.975788116455078,-121.89444732666016,"SANTA CRUZ",UNINCORPORATED,-121.89498138427734,36.975860595703125
91469588,2021,2021-05-10,9720,2021-05-02,0044,022458,,7,3,9,4400,0,2,4,,1,032,"GREEN VALLEY ROAD","MESA VERDE DR",54.00,N,N,A,-,N,,,,,,,,,,Y,3,0,1,1,A,-,01,23152,A,N,E,I,A,A,H,-,C,D,0,,,,,Y,Y,A,01,0,1,0,0,0,0,0,0,0,"- ","- ",36.969528198242188,-121.76519012451172,"SANTA CRUZ",UNINCORPORATED,-121.76526641845703,36.969326019287109
91469593,2021,2021-05-10,9720,2021-05-03,2145,022293,,1,2,9,4400,0,1,3,,1,017,"SR-17 N/B FROM EL RANCHO DRIVE","EL RANCHO DR",7.00,N,N,A,-,Y,,,17,,,,R,,N,Y,3,0,2,1,A,-,01,23152,A,N,E,I,A,A,H,-,C,D,0,,,,,Y,Y,A,01,0,2,0,0,0,0,0,0,0,"- ","- ",37.018989562988281,-122.02732849121094,"SANTA CRUZ",UNINCORPORATED,-122.02732849121094,37.018989562988281
91469621,2021,2021-05-11,9720,2021-05-03,1510,021053,,1,2,9,4400,0,1,3,,2,030,SR-1,SR-129,300.00,S,N,A,-,Y,,,1,,,,,,,Y,4,0,1,1,A,-,03,22350,,N,F,A,A,A,H,-,A,D,0,,,,,Y,,E,22,0,0,1,0,0,0,0,0,0,"- ","- ",36.893299102783203,-121.77310180664062,"SANTA CRUZ",UNINCORPORATED,-121.77375793457031,36.893177032470703
91470032,2021,2021-05-11,9720,2021-05-10,0703,020012,,1,1,9,4400,0,1,3,,2,030,"SR-1 N/B","FREEDOM BLVD",1584.00,S,N,A,-,Y,,,1,,,,,,N,N,4,0,1,3,A,-,03,22350,,N,C,A,A,A,H,-,A,D,0,,,,,Y,,A,01,0,0,1,0,0,0,0,0,0,"- ","- ",36.966358184814453,-121.86817932128906,"SANTA CRUZ",UNINCORPORATED,-121.86821746826172,36.966320037841797
91470041,2021,2021-05-11,9720,2021-05-03,1618,022545,,1,2,9,4400,0,3,5,,2,100,"EMPIRE GRADE RD","HELLER DR",1848.00,N,N,A,-,N,,,,,,,,,,Y,3,0,1,1,A,-,01,23152,A,N,E,I,A,A,H,-,A,D,0,,,,,Y,Y,A,01,0,1,0,0,0,0,0,0,0,"- ","- ",36.992938995361328,-122.06999206542969,"SANTA CRUZ",UNINCORPORATED,-122.06987762451172,36.992786407470703
91470066,2021,2021-05-11,9720,2021-05-06,0745,021548,,4,1,9,4400,0,3,5,,2,100,"GLEN CANYON RD","REDWOOD DR.",17.00,S,N,A,-,N,,,,,,,,,,Y,4,0,1,1,A,-,08,22107,,N,E,I,A,A,H,-,A,D,0,,,,,Y,,A,07,0,0,1,0,0,0,0,0,0,"- ","- ",37.011478424072266,-122.01212310791016,"SANTA CRUZ",UNINCORPORATED,-122.01216125488281,37.011642456054688
91471716,2021,2021-05-12,9720,2021-05-10,0944,020012,,1,1,9,4400,0,1,3,,1,034,"SR-152 E/B","GAFFEY RD",7392.00,W,N,A,-,Y,,,152,,,,,,E,Y,3,0,1,1,A,-,08,22107,,N,E,I,A,A,H,-,A,D,0,,,,,Y,,A,01,0,1,0,0,0,0,0,0,0,"- ","- ",36.971370697021484,-121.72106170654297,"SANTA CRUZ",UNINCORPORATED,-121.720947265625,36.971435546875
91471889,2021,2021-05-12,9720,2021-05-05,2024,021321,,3,2,9,4400,0,1,3,,1,035,"MURPHY CROSSING RD",SR-129,85.00,S,N,A,-,Y,,,,,,,,,,Y,4,0,1,2,A,-,08,22107,,F,A,C,A,A,H,-,C,D,0,,,,,Y,,A,01,0,0,1,0,0,0,0,0,0,"- ","- ",36.914131164550781,-121.67703247070312,"SANTA CRUZ",UNINCORPORATED,-121.67704772949219,36.914058685302734