CASE_ID,ACCIDENT_YEAR,PROC_DATE,JURIS,COLLISION_DATE,COLLISION_TIME,OFFICER_ID,REPORTING_DISTRICT,DAY_OF_WEEK,CHP_SHIFT,POPULATION,CNTY_CITY_LOC,SPECIAL_COND,BEAT_TYPE,CHP_BEAT_TYPE,CITY_DIVISION_LAPD,CHP_BEAT_CLASS,BEAT_NUMBER,PRIMARY_RD,SECONDARY_RD,DISTANCE,DIRECTION,INTERSECTION,WEATHER_1,WEATHER_2,STATE_HWY_IND,CALTRANS_COUNTY,CALTRANS_DISTRICT,STATE_ROUTE,ROUTE_SUFFIX,POSTMILE_PREFIX,POSTMILE,LOCATION_TYPE,RAMP_INTERSECTION,SIDE_OF_HWY,TOW_AWAY,COLLISION_SEVERITY,NUMBER_KILLED,NUMBER_INJURED,PARTY_COUNT,PRIMARY_COLL_FACTOR,PCF_CODE_OF_VIOL,PCF_VIOL_CATEGORY,PCF_VIOLATION,PCF_VIOL_SUBSECTION,HIT_AND_RUN,TYPE_OF_COLLISION,MVIW,PED_ACTION,ROAD_SURFACE,ROAD_COND_1,ROAD_COND_2,LIGHTING,CONTROL_DEVICE,CHP_ROAD_TYPE,PEDESTRIAN_ACCIDENT,BICYCLE_ACCIDENT,MOTORCYCLE_ACCIDENT,TRUCK_ACCIDENT,NOT_PRIVATE_PROPERTY,ALCOHOL_INVOLVED,STWD_VEHTYPE_AT_FAULT,CHP_VEHTYPE_AT_FAULT,COUNT_SEVERE_INJ,COUNT_VISIBLE_INJ,COUNT_COMPLAINT_PAIN,COUNT_PED_KILLED,COUNT_PED_INJURED,COUNT_BICYCLIST_KILLED,COUNT_BICYCLIST_INJURED,COUNT_MC_KILLED,COUNT_MC_INJURED,PRIMARY_RAMP,SECONDARY_RAMP,LATITUDE,LONGITUDE,COUNTY,CITY,POINT_X,POINT_Y
91472787,2021,2021-05-13,9720,2021-05-04,1010,021248,,2,1,9,4400,0,1,3,,2,020,"SR-1 S/B","SOQUEL DR",1584.00,N,N,A,-,Y,,,1,,,,,,S,Y,4,0,1,2,A,-,03,22350,,N,C,C,A,A,H,-,A,D,0,,,,,Y,,A,01,0,0,1,0,0,0,0,0,0,"- ","- ",36.987838745117188,-121.99233245849609,"SANTA CRUZ",UNINCORPORATED,-121.99232482910156,36.987884521484375
91472869,2021,2021-05-13,9720,2021-05-04,0755,021248,,2,1,9,4400,0,1,3,,2,020,"SR-1 N/B FROM FREEDOM BLVD","FREEDOM BLVD",600.00,N,N,A,-,Y,,,1,,,,R,,N,N,4,0,2,2,A,-,04,21703,,N,C,C,A,A,H,-,A,D,0,,,,,Y,,D,22,0,0,2,0,0,0,0,0,0,"- ","- ",36.971359252929688,-121.87502288818359,"SANTA CRUZ",UNINCORPORATED,-121.87502288818359,36.971359252929688
91473344,2021,2021-05-14,9720,2021-05-05,1320,021714,,3,1,9,4400,0,1,3,,1,010,"DIMEO LN","SR-1 N/B",20.00,E,N,A,-,Y,,,,,,,,,,Y,2,0,1,2,A,-,08,22107,,N,D,C,A,A,H,-,A,D,0,,,,Y,Y,,A,01,1,0,0,0,0,0,0,0,0,"- ","- ",36.964561462402344,-122.10482025146484,"SANTA CRUZ",UNINCORPORATED,-122.1048583984375,36.964603424072266
91473349,2021,2021-05-14,9720,2021-05-07,2012,022290,,5,2,9,4400,0,2,4,,1,031,"FREEDOM BLVD","BUENA VISTA AVE",0.00,,Y,A,-,N,,,,,,,,,,Y,4,0,2,2,A,-,09,21801,A,N,A,C,A,A,H,-,C,D,0,,,,,Y,Y,A,01,0,0,2,0,0,0,0,0,0,"- ","- ",36.940330505371094,-121.78153991699219,"SANTA CRUZ",UNINCORPORATED,-121.78144836425781,36.940319061279297
91474514,2021,2021-05-17,9720,2021-05-08,1810,022140,,6,2,9,4400,0,2,4,,1,023,"41ST AVE","OPAL CLIFF DR",215.00,S,N,A,-,N,,,,,,,,,,N,3,0,1,1,A,-,03,22350,,N,E,I,A,A,H,-,A,D,0,,,Y,,Y,Y,C,02,0,1,0,0,0,0,0,0,1,"- ","- ",36.960330963134766,-121.96494293212891,"SANTA CRUZ",UNINCORPORATED,-121.96488189697266,36.96038818359375
91474586,2021,2021-05-17,9720,2021-05-08,2025,022140,,6,2,9,4400,0,3,5,,2,200,"35TH AVE","EAST CLIFF DR",60.00,N,N,A,-,N,,,,,,,,,,Y,2,0,2,2,A,-,08,22107,,N,B,E,A,A,H,-,C,D,0,,,,,Y,Y,M,96,1,1,0,0,0,0,0,0,0,"- ","- ",36.957359313964844,-121.97048187255859,"SANTA CRUZ",UNINCORPORATED,-121.970458984375,36.957294464111328
91474642,2021,2021-05-17,9720,2021-05-08,2309,022399,,6,3,9,4400,0,1,3,,1,015,SR-9,"GLENGARRY RD",300.00,S,N,A,-,Y,,,9,,,,,,,Y,3,0,1,1,A,-,01,23152,A,N,F,A,A,A,H,-,A,D,0,,,,,Y,Y,D,22,0,1,0,0,0,0,0,0,0,"- ","- ",37.031620025634766,-122.06452941894531,"SANTA CRUZ",UNINCORPORATED,-122.06454467773438,37.031261444091797
91474669,2021,2021-05-17,9720,2021-05-09,0910,021548,,7,1,9,4400,0,2,4,,1,021,"SOQUEL DR","MISSION DR",0.00,,Y,A,-,N,,,,,,,,,,Y,4,0,1,2,A,-,12,21453,A,N,A,C,A,A,H,-,A,A,0,,,,,Y,,A,07,0,0,1,0,0,0,0,0,0,"- ","- ",36.988990783691406,-121.98075103759766,"SANTA CRUZ",UNINCORPORATED,-121.98072814941406,36.989082336425781
91474675,2021,2021-05-17,9720,2021-05-09,1415,022140,,7,2,9,4400,0,1,3,,2,020,"SR-1 N/B","PARK AVE",2640.00,S,N,A,-,Y,,,1,,,,,,N,N,4,0,1,2,A,-,04,21703,,N,C,C,A,A,H,-,A,D,0,,,,,Y,,A,01,0,0,1,0,0,0,0,0,0,"- ","- ",36.983470916748047,-121.92816162109375,"SANTA CRUZ",UNINCORPORATED,-121.92816162109375,36.98345947265625
91474914,2021,2021-05-17,9720,2021-05-10,1444,021918,,1,2,9,4400,0,1,3,,1,034,SR-152,"DELANEY AVE",1100.00,W,N,A,-,Y,,,,,,,,,,Y,3,0,2,2,A,-,01,23152,F,N,B,C,A,A,H,-,A,D,0,,,,,Y,,A,01,0,2,0,0,0,0,0,0,0,"- ","- ",36.502490997314453,-121.73298645019531,"SANTA CRUZ",UNINCORPORATED,-121.73245239257812,36.950859069824219
91474929,2021,2021-07-09,9720,2021-05-10,1940,022564,,1,2,9,4400,0,1,3,,1,015,"SR-9 N/B","FALL CREEK RD",1056.00,N,N,A,-,Y,,,9,,,,,,N,Y,3,0,1,2,A,-,08,22107,,N,E,I,A,A,H,-,A,D,0,,,,,Y,,A,01,0,1,0,0,0,0,0,0,0,"- ","- ",37.062641143798828,-122.07997894287109,"SANTA CRUZ",UNINCORPORATED,-122.08006286621094,37.062644958496094
91475037,2021,2021-05-17,9720,2021-05-07,1300,021860,,5,1,9,4400,0,1,3,,1,015,"SR-9 N/B","SCENIC WAY",90.00,S,N,A,-,Y,,,9,,,,,,N,Y,4,0,1,4,A,-,03,22350,,N,C,C,A,A,H,-,A,D,0,,,,,Y,,A,01,0,0,1,0,0,0,0,0,0,"- ","- ",37.082698822021484,-122.08731842041016,"SANTA CRUZ",UNINCORPORATED,-122.08731842041016,37.082698822021484
91475471,2021,2021-05-18,9720,2021-05-11,0010,022349,,2,3,9,4400,0,3,5,,2,200,"GRANITE CREEK RD","VENTANA WOODS",2640.00,N,N,A,-,N,,,,,,,,,,Y,3,0,2,1,A,-,03,22350,,N,E,I,A,A,H,-,A,D,0,,,,,Y,,A,01,0,2,0,0,0,0,0,0,0,"- ","- ",37.047969818115234,-121.99871826171875,"SANTA CRUZ",UNINCORPORATED,-121.99797821044922,37.050262451171875
91475534,2021,2021-05-18,9720,2021-05-06,1050,020977,,4,1,9,4400,0,3,5,,2,100,"GLEN ARBOR RD","RIVERSIDE AVE",0.00,,Y,A,-,N,,,,,,,,,,Y,4,0,1,2,A,-,09,21802,A,N,D,C,A,A,H,-,A,A,0,,,,,Y,,A,01,0,0,1,0,0,0,0,0,0,"- ","- ",37.088821411132812,-122.08769989013672,"SANTA CRUZ",UNINCORPORATED,-122.08393859863281,37.086082458496094
91476052,2021,2021-05-18,9720,2021-05-11,1927,022545,,2,2,9,4400,0,3,5,,2,300,"SAN ANDREAS RD","SUNSET BEACH RD",0.00,,Y,B,-,N,,,,,,,,,,Y,4,0,1,2,A,-,09,21802,A,N,D,C,A,A,H,-,B,A,0,,,,,Y,Y,A,07,0,0,1,0,0,0,0,0,0,"- ","- ",36.902019500732422,-121.82412719726562,"SANTA CRUZ",UNINCORPORATED,-121.82410430908203,36.902053833007812
91476086,2021,2021-05-19,9720,2021-05-07,2250,022511,,5,3,9,4400,0,1,3,,1,017,"SR-17 N/B","JARVIS RD",1320.00,N,N,A,-,Y,,,17,,,,,,N,Y,3,0,2,1,A,-,08,22107,,N,E,I,A,A,H,-,D,D,0,,,,,Y,,A,01,0,1,1,0,0,0,0,0,0,"- ","- ",37.086978912353516,-121.97884368896484,"SANTA CRUZ",UNINCORPORATED,-121.97889709472656,37.086986541748047
91476808,2021,2021-05-27,9720,2021-05-16,2355,021717,,7,3,9,4400,0,1,3,,2,030,"N/B SR-1","LARKIN VALLEY RD.",900.00,S,N,B,-,Y,,,1,,,,,,,Y,3,0,1,1,C,-,18,,,N,H,H,A,A,H,-,D,D,0,,,Y,,Y,,-,"- ",0,1,0,0,0,0,0,0,1,"- ","- ",36.958999633789062,-121.86070251464844,"SANTA CRUZ",UNINCORPORATED,-121.86067199707031,36.959030151367188
91478009,2021,2021-05-27,9720,2021-05-14,2200,021806,,5,3,9,4400,0,2,4,,1,021,"SOQUEL DR.","CENTER ST.",160.00,E,N,A,-,N,,,,,,,,,,Y,4,0,1,1,A,-,08,22107,,N,E,I,A,A,H,-,C,D,0,,,,,Y,,A,01,0,0,1,0,0,0,0,0,0,"- ","- ",36.987941741943359,-121.95297241210938,"SANTA CRUZ",UNINCORPORATED,-121.9530029296875,36.988021850585938
91478060,2021,2021-05-27,9720,2021-05-18,1835,021053,,2,2,9,4400,0,2,4,,1,032,"GREEN VALLEY ROAD","LITA LANE",50.00,S,N,A,-,N,,,,,,,,,,Y,3,0,1,1,A,-,08,22107,,N,F,A,A,A,H,-,A,D,0,,,,,Y,,A,07,0,1,0,0,0,0,0,0,0,"- ","- ",36.546001434326172,-121.76499938964844,"SANTA CRUZ",UNINCORPORATED,-121.76493835449219,36.954730987548828
91478172,2021,2021-05-27,9720,2021-05-16,1533,021321,,7,2,9,4400,0,1,3,,2,020,"STATE ROUTE 1 (N/B)","PARK AVENUE",400.00,S,N,A,-,Y,,,1,,,,,,,Y,4,0,2,3,A,-,03,22350,,N,C,C,A,A,H,-,A,D,0,,,,,Y,,D,22,0,0,2,0,0,0,0,0,0,"- ","- ",36.983951568603516,-121.93608093261719,"SANTA CRUZ",UNINCORPORATED,-121.93608093261719,36.983909606933594
91479414,2021,2021-05-27,9720,2021-05-19,1630,022140,,3,2,9,4400,0,1,3,,2,020,"SR-1 S/B","LA FONDA AVE",528.00,N,N,A,-,Y,,,,,,,,,,Y,4,0,1,3,A,-,03,22350,,N,C,C,A,A,H,-,A,D,0,,,,,Y,,D,22,0,0,1,0,0,0,0,0,0,"- ","- ",36.988128662109375,-121.99585723876953,"SANTA CRUZ",UNINCORPORATED,-121.99533843994141,36.988090515136719
91479424,2021,2021-05-27,9720,2021-05-13,1710,022564,,4,2,9,4400,0,3,5,,2,300,"BROWNS VALLEY RD","AVOCADO RD",528.00,S,N,A,-,N,,,,,,,,,,Y,3,0,2,2,A,-,05,21460,A,N,A,C,A,A,H,-,A,D,0,,,,,Y,,A,08,0,2,0,0,0,0,0,0,0,"- ","- ",37.010360717773438,-121.79364013671875,"SANTA CRUZ",UNINCORPORATED,-121.79364013671875,37.0107421875
91479602,2021,2021-05-24,9720,2021-05-11,1522,022329,,2,2,9,4400,0,2,4,,1,023,"17TH AVE","BROMMER ST",15.00,S,N,A,-,N,,,,,,,,,,N,2,0,1,2,A,-,08,22107,,N,C,G,A,A,H,-,A,D,0,,Y,,,Y,,A,01,1,0,0,0,0,0,1,0,0,"- ","- ",36.970970153808594,-121.98455047607422,"SANTA CRUZ",UNINCORPORATED,-121.98451232910156,36.971031188964844
91479727,2021,2021-05-27,9720,2021-05-16,1449,022545,,7,2,9,4400,0,3,5,,2,100,"QUAIL HOLLOW RD","EGGLESON LN",146.00,N,N,A,-,N,,,,,,,,,,Y,3,0,1,1,A,-,08,22107,,N,E,I,A,A,H,-,A,D,0,,,,,Y,,D,22,0,1,0,0,0,0,0,0,0,"- ","- ",37.078609466552734,-122.05886840820312,"SANTA CRUZ",UNINCORPORATED,-122.05885314941406,37.07818603515625
91479743,2021,2021-05-27,9720,2021-05-17,1447,022545,,1,2,9,4400,0,3,5,,2,200,"MAR VISTA DR","HILLCREST DR",0.00,,Y,A,-,N,,,,,,,,,,N,3,0,1,2,D,-,00,,,M,H,G,A,A,H,-,A,D,0,,Y,,,Y,,-,"- ",0,1,0,0,0,0,1,0,0,"- ","- ",36.976329803466797,-121.91703796386719,"SANTA CRUZ",UNINCORPORATED,-121.91698455810547,36.976310729980469
91479799,2021,2021-05-27,9720,2021-05-19,1632,022290,,3,2,9,4400,0,1,3,,2,020,"SR-1 S/B SO MORRISSEY","MORRISSEY BLVD",1584.00,S,N,A,-,Y,,,,,,,,,,Y,4,0,3,4,A,-,03,22350,,N,C,C,A,A,H,-,A,D,0,,,,,Y,,A,01,0,0,3,0,0,0,0,0,0,"- ","- ",36.988071441650391,-121.99726867675781,"SANTA CRUZ",UNINCORPORATED,-122.00627136230469,36.979709625244141
91479885,2021,2021-05-27,9720,2021-05-19,1715,022140,,3,2,9,4400,0,3,5,,2,200,"BRANCIFORTE DR","MILL RD",0.00,,Y,A,-,N,,,,,,,,,,N,3,0,1,2,A,-,12,22450,A,N,H,G,A,A,H,-,A,A,0,,Y,,,Y,,L,04,0,1,0,0,0,0,1,0,0,"- ","- ",36.999458312988281,-121.00454711914062,"SANTA CRUZ",UNINCORPORATED,-122.00455474853516,36.999458312988281
91479942,2021,2021-05-27,9720,2021-05-19,1735,022140,,3,2,9,4400,0,1,3,,2,020,"SR-1 S/B TO SOQUEL AVE","SOQUEL AVE",80.00,N,N,A,-,Y,,,1,,,,R,,S,N,4,0,1,2,A,-,21,22106,,M,C,C,A,A,H,-,A,D,0,,,,,Y,,-,99,0,0,1,0,0,0,0,0,0,"- ","- ",36.986679077148438,-121.98596954345703,"SANTA CRUZ",UNINCORPORATED,-121.98596954345703,36.986679077148438
91480168,2021,2021-05-27,9720,2021-05-20,1740,021053,,4,2,9,4400,0,3,5,,2,300,"CASSERLY ROAD","SMITH ROAD",300.00,E,N,A,-,N,,,,,,,,,,Y,4,0,1,1,A,-,08,22107,,N,E,I,A,A,H,-,A,D,0,,,,,Y,,D,22,0,0,1,0,0,0,0,0,0,"- ","- ",36.975799560546875,-121.74849700927734,"SANTA CRUZ",UNINCORPORATED,-121.74973297119141,36.975746154785156
91480454,2021,2021-10-29,9720,2021-05-15,1020,021248,,6,1,9,4400,0,1,3,,2,020,"SR-1 S/B","STATE PARD DR",2640.00,S,N,B,-,Y,,,1,,,,,,S,N,4,0,2,2,A,-,07,21658,A,N,B,2,A,A,H,-,A,D,0,,,,,Y,,-,"- ",0,0,2,0,0,0,0,0,0,"- ","- ",36.975120544433594,-121.90220642089844,"SANTA CRUZ",UNINCORPORATED,-121.90221405029297,36.975105285644531
91481859,2021,2021-05-27,9720,2021-05-22,2137,022458,,6,2,9,4400,0,2,4,,1,022,"SOQUEL SAN JOSE RD","CONFERENCE GROUND ROAD",528.00,N,N,B,-,N,,,,,,,,,,Y,2,0,1,1,A,-,01,23152,A,N,E,I,A,A,H,-,C,D,0,,,,,Y,Y,D,22,1,0,0,0,0,0,0,0,0,"- ","- ",37.016529083251953,-121.95194244384766,"SANTA CRUZ",UNINCORPORATED,-121.95185852050781,37.015739440917969
91483320,2021,2021-10-29,9720,2021-05-18,1812,022329,,2,2,9,4400,0,1,3,,2,020,"S/B SR-1","CAPITOLA ROAD CROSSING",508.00,S,N,A,-,Y,,,1,,,,,,,N,4,0,1,3,A,-,03,22350,,N,C,C,A,A,H,-,A,D,0,,,,,Y,,-,"- ",0,0,1,0,0,0,0,0,0,"- ","- ",36.983749389648438,-121.95044708251953,"SANTA CRUZ",UNINCORPORATED,-121.95045471191406,36.983779907226562
91485617,2021,2021-05-31,9720,2021-05-20,2238,022399,,4,3,9,4400,0,1,3,,1,015,SR-9,"GLENGARRY RD",2112.00,S,N,A,-,Y,,,9,,,,,,,Y,3,0,1,1,A,-,01,23152,A,N,E,I,A,A,H,-,D,D,0,,,,,Y,Y,A,07,0,1,0,0,0,0,0,0,0,"- ","- ",37.030029296875,-122.05890655517578,"SANTA CRUZ",UNINCORPORATED,-122.05888366699219,37.030036926269531
91485618,2021,2021-05-31,9720,2021-05-21,1445,022140,,5,2,9,4400,0,1,3,,2,020,"SR-1 S/B TO STATE PARK DR","STATE PARD DR",528.00,N,N,A,-,Y,,,1,,,,R,,S,Y,4,0,1,1,C,-,18,,,N,E,8,A,A,H,-,A,D,0,,,,,Y,,-,"- ",0,0,1,0,0,0,0,0,0,"- ","- ",36.978530883789062,-121.91206359863281,"SANTA CRUZ",UNINCORPORATED,-121.91206359863281,36.978530883789062
91485626,2021,2021-05-31,9720,2021-05-22,2113,022290,,6,2,9,4400,0,2,4,,1,024,"E. CLIFF DR","14TH AVE",35.00,E,N,A,-,N,,,,,,,,,,N,4,0,2,2,A,-,03,22350,,N,C,C,A,A,H,-,C,D,0,,,,,Y,,D,22,0,0,2,0,0,0,0,0,0,"- ","- ",36.963760375976562,-121.99153137207031,"SANTA CRUZ",UNINCORPORATED,-121.99156951904297,36.963771820068359
91485638,2021,2021-05-31,9720,2021-05-21,1011,021860,,5,1,9,4400,0,1,3,,1,015,SR-9,"FELTON EMPIRE ROAD",150.00,N,N,A,-,Y,,,9,,,,,,,N,3,0,1,2,A,-,03,22350,,N,C,C,A,A,H,-,A,D,0,,,,,Y,,A,01,0,1,0,0,0,0,0,0,0,"- ","- ",37.053890228271484,-122.07372283935547,"SANTA CRUZ",UNINCORPORATED,-122.07369232177734,37.053909301757812
91485731,2021,2021-05-31,9720,2021-05-25,1931,022290,,2,2,9,4400,0,2,4,,1,023,"7TH AVE","EATON AVE",50.00,N,N,A,-,N,,,,,,,,,,Y,2,0,1,2,C,-,18,,,N,A,C,A,A,H,-,A,A,0,,,,,Y,,-,"- ",1,0,0,0,0,0,0,0,0,"- ","- ",36.967849731445312,-121.99800109863281,"SANTA CRUZ",UNINCORPORATED,-121.99798583984375,36.967807769775391
91486205,2021,2021-06-01,9720,2021-05-21,2045,022564,,5,2,9,4400,0,1,3,,1,034,SR-152,"FALLOWFIELD LN",1584.00,E,N,A,-,Y,,,152,,,,,,,Y,2,0,1,1,A,-,01,23152,A,N,F,I,A,A,H,-,D,D,0,,,,,Y,Y,A,07,1,0,0,0,0,0,0,0,0,"- ","- ",36.968551635742188,-121.71936798095703,"SANTA CRUZ",UNINCORPORATED,-121.71942901611328,36.968551635742188
91486260,2021,2021-06-01,9720,2021-05-22,0200,022511,,6,3,9,4400,0,2,S,,2,904,"CENTER ST.","LAUREL ST.",0.00,,Y,A,-,N,,,,,,,,,,Y,3,0,3,2,A,-,01,23152,A,N,A,C,A,A,H,-,C,A,0,,,,,Y,Y,D,22,0,1,2,0,0,0,0,0,0,"- ","- ",36.968990325927734,-122.02732849121094,"SANTA CRUZ",UNINCORPORATED,-122.02725219726562,36.968929290771484
91486298,2021,2021-06-01,9720,2021-05-22,0200,021806,,6,3,9,4400,0,3,5,,2,100,"BEAN CREEK RD.","MCKENZIE CREEK RD.",2640.00,N,N,A,-,N,,,,,,,,,,Y,3,0,1,1,A,-,01,23152,A,N,E,I,A,A,H,-,D,D,0,,,,,Y,Y,A,08,0,1,0,0,0,0,0,0,0,"- ","- ",37.027099609375,-122.01284790039062,"SANTA CRUZ",UNINCORPORATED,-122.0118408203125,37.079242706298828
91486631,2021,2021-06-01,9720,2021-05-31,0057,022458,,1,3,9,4400,0,1,3,,1,015,"SR-9 S/B","HUBBARD GULCH ROAD",8.00,S,N,A,-,Y,,,9,,,,,,S,Y,3,0,1,1,A,-,08,22107,,M,E,I,A,A,H,-,C,D,0,,,,,Y,,A,01,0,1,0,0,0,0,0,0,0,"- ","- ",37.091590881347656,-122.09559631347656,"SANTA CRUZ",UNINCORPORATED,-122.09556579589844,37.091648101806641
91486834,2021,2021-06-01,9720,2021-05-23,2020,022140,,7,2,9,4400,0,1,3,,1,015,SR-9,"KIRBY ST",310.00,S,N,A,-,Y,,,9,,,,,,,N,4,0,1,2,A,-,03,22350,,N,C,C,A,A,H,-,B,D,0,,,,Y,Y,,F,55,0,0,1,0,0,0,0,0,0,"- ","- ",37.050308227539062,-122.07327270507812,"SANTA CRUZ",UNINCORPORATED,-122.07329559326172,37.050312042236328
91487641,2021,2021-06-02,9720,2021-05-23,1245,021714,,7,1,9,4400,0,1,3,,1,017,"SR-17 S/B","PASATIEMPO DR",1056.00,S,N,A,-,Y,,,17,,,,,,S,N,4,0,1,2,A,-,03,22350,,N,C,C,A,A,H,-,A,D,0,,,,,Y,,A,01,0,0,1,0,0,0,0,0,0,"- ","- ",36.993911743164062,-122.01918029785156,"SANTA CRUZ",UNINCORPORATED,-122.01906585693359,36.993900299072266
91487648,2021,2021-06-02,9720,2021-05-23,2138,021806,,7,2,9,4400,0,2,4,,1,022,"SOQUEL SAN JOSE RD","LOS ROBLES RD",345.00,S,N,A,-,N,,,,,,,,,,Y,3,0,1,1,C,-,18,,,N,E,I,A,A,C,-,D,D,0,,,,,Y,,-,"- ",0,1,0,0,0,0,0,0,0,"- ","- ",37.0166015625,-121.95211029052734,"SANTA CRUZ",UNINCORPORATED,-121.95206451416016,37.016616821289062
91487655,2021,2021-06-02,9720,2021-05-25,1800,021806,,2,2,9,4400,0,1,3,,2,020,"S/B SR-1","SOQUEL DR. O/C",31.00,N,N,A,-,Y,,,1,,,,,,,Y,3,0,1,3,A,-,03,22350,,N,C,C,A,A,H,-,A,D,0,,,,,Y,,D,22,0,1,0,0,0,0,0,0,0,"- ","- ",36.986919403076172,-121.98610687255859,"SANTA CRUZ",UNINCORPORATED,-121.98609161376953,36.986984252929688
91487668,2021,2021-06-02,9720,2021-05-29,0808,020012,,6,1,9,4400,0,3,5,,2,300,"BUENA VISTA DR","MILLER AVE",167.00,E,N,B,-,N,,,,,,,,,,N,3,0,1,2,A,-,03,22350,,N,C,C,A,A,H,-,A,D,0,,,,,Y,,A,01,0,1,0,0,0,0,0,0,0,"- ","- ",36.941600799560547,-121.78498077392578,"SANTA CRUZ",UNINCORPORATED,-121.78450775146484,36.941650390625
91488391,2021,2021-06-03,9720,2021-05-27,0724,021321,,4,1,9,4400,0,1,3,,2,020,"STATE ROUTE 1 N/B","SPRECKELS DR",400.00,S,N,B,-,Y,,,1,,,,,,N,Y,3,0,1,3,A,-,07,21658,A,F,B,C,A,A,H,-,A,D,0,,,,,Y,,D,22,0,1,0,0,0,0,0,0,0,"- ","- ",36.975028991699219,-121.90061950683594,"SANTA CRUZ",UNINCORPORATED,-121.90061950683594,36.974998474121094
91488630,2021,2021-06-03,9720,2021-05-24,1240,021860,,1,1,9,4400,0,1,3,,1,014,SR-9,"TIN CAN RANCH ROAD",1056.00,S,N,A,-,Y,,,9,,,,,,,Y,3,0,1,1,A,-,08,22107,,N,E,I,A,A,H,-,A,D,0,,,,,Y,,A,01,0,1,0,0,0,0,0,0,0,"- ","- ",37.236438751220703,-122.14666748046875,"SANTA CRUZ",UNINCORPORATED,-122.14665222167969,37.236515045166016
91491303,2021,2021-06-07,9720,2021-05-28,0105,022471,,5,3,9,4400,0,3,5,,2,100,"NEWELL CREEK RD","RANCHO RIO AVE",2112.00,E,N,A,-,N,,,,,,,,,,Y,3,0,1,1,A,-,01,23152,A,N,E,I,A,A,H,-,D,D,0,,,,,Y,Y,D,22,0,1,0,0,0,0,0,0,0,"- ","- ",37.091899871826172,-122.07649993896484,"SANTA CRUZ",UNINCORPORATED,-122.07559204101562,37.092983245849609
91492081,2021,2021-06-08,9720,2021-05-31,0900,021548,,1,1,9,4400,0,3,5,,2,200,"PLEASURE POINT DR","E. CLIFF DR.",195.00,S,N,A,-,N,,,,,,,,,,N,3,0,1,2,A,-,17,22517,,F,H,G,A,A,H,-,A,D,0,,Y,,,Y,Y,-,99,0,1,0,0,0,0,1,0,0,"- ","- ",36.955341339111328,-121.97257232666016,"SANTA CRUZ",UNINCORPORATED,-121.97245788574219,36.955333709716797
91492092,2021,2021-06-08,9720,2021-06-02,1645,021053,,3,2,9,4400,0,1,3,,1,035,SR-129,"ROGGE LANE",250.00,W,N,A,-,Y,,,129,,,,,,,N,3,0,1,2,A,-,04,21703,,N,C,C,A,A,H,-,A,D,0,,,,,Y,,A,07,0,1,0,0,0,0,0,0,0,"- ","- ",36.903839111328125,-121.64105224609375,"SANTA CRUZ",UNINCORPORATED,-121.64105224609375,36.903778076171875
91492366,2021,2021-06-08,9720,2021-05-31,1143,021548,,1,1,9,4400,0,1,3,,1,010,"SR-1 S/B","BONNY DOON RD",2640.00,S,N,A,-,N,,,1,,,,,,S,Y,4,0,1,2,A,-,03,22350,,N,C,C,A,A,H,-,A,D,0,,,,,Y,,A,07,0,0,1,0,0,0,0,0,0,"- ","- ",36.996261596679688,-122.17382049560547,"SANTA CRUZ",UNINCORPORATED,-122.17381286621094,36.996269226074219
91492736,2021,2021-06-09,9720,2021-05-29,0135,022471,,6,3,9,4400,0,3,5,,2,100,"FAIRMOUNT DR","IRWIN WAY",5.00,E,N,A,-,N,,,,,,,,,,Y,3,0,1,1,A,-,01,23152,A,N,E,I,A,A,H,-,D,D,0,,,,,Y,Y,A,07,0,1,0,0,0,0,0,0,0,"- ","- ",37.117118835449219,-122.11448669433594,"SANTA CRUZ",UNINCORPORATED,-122.11457824707031,37.116958618164062
91492770,2021,2021-06-09,9720,2021-05-29,1908,022564,,6,2,9,4400,0,3,5,,2,200,"CENTER AVE",BROADWAY,6.00,W,N,A,-,N,,,,,,,,,,N,3,0,1,2,A,-,10,21950,A,N,G,B,B,A,H,-,A,D,0,Y,,,,Y,Y,A,07,0,1,0,0,1,0,0,0,0,"- ","- ",36.974411010742188,-121.91120910644531,"SANTA CRUZ",UNINCORPORATED,-121.91106414794922,36.974380493164062
91492820,2021,2021-06-09,9720,2021-05-30,0400,022542,,7,3,9,4400,0,3,5,,2,200,"34TH AVENUE","FLORA DRIVE",410.00,S,N,B,-,N,,,,,,,,,,Y,3,0,1,2,A,-,01,23152,A,N,C,E,A,A,H,-,C,D,0,,,,,Y,Y,A,07,0,1,0,0,0,0,0,0,0,"- ","- ",36.959671020507812,-121.97135925292969,"SANTA CRUZ",UNINCORPORATED,-121.97129821777344,36.959743499755859
91492901,2021,2021-06-09,9720,2021-05-31,1412,022290,,1,2,9,4400,0,3,5,,2,100,"BEAR CREEK RD","BEAR CREEK WAY",350.00,E,N,A,-,N,,,,,,,,,,N,2,0,1,1,A,-,08,22107,,N,E,I,A,A,H,-,A,D,0,,,Y,,Y,,C,02,1,0,0,0,0,0,0,0,1,"- ","- ",37.173599243164062,-122.05747985839844,"SANTA CRUZ",UNINCORPORATED,-122.05766296386719,37.173454284667969