CASE_ID,ACCIDENT_YEAR,PROC_DATE,JURIS,COLLISION_DATE,COLLISION_TIME,OFFICER_ID,REPORTING_DISTRICT,DAY_OF_WEEK,CHP_SHIFT,POPULATION,CNTY_CITY_LOC,SPECIAL_COND,BEAT_TYPE,CHP_BEAT_TYPE,CITY_DIVISION_LAPD,CHP_BEAT_CLASS,BEAT_NUMBER,PRIMARY_RD,SECONDARY_RD,DISTANCE,DIRECTION,INTERSECTION,WEATHER_1,WEATHER_2,STATE_HWY_IND,CALTRANS_COUNTY,CALTRANS_DISTRICT,STATE_ROUTE,ROUTE_SUFFIX,POSTMILE_PREFIX,POSTMILE,LOCATION_TYPE,RAMP_INTERSECTION,SIDE_OF_HWY,TOW_AWAY,COLLISION_SEVERITY,NUMBER_KILLED,NUMBER_INJURED,PARTY_COUNT,PRIMARY_COLL_FACTOR,PCF_CODE_OF_VIOL,PCF_VIOL_CATEGORY,PCF_VIOLATION,PCF_VIOL_SUBSECTION,HIT_AND_RUN,TYPE_OF_COLLISION,MVIW,PED_ACTION,ROAD_SURFACE,ROAD_COND_1,ROAD_COND_2,LIGHTING,CONTROL_DEVICE,CHP_ROAD_TYPE,PEDESTRIAN_ACCIDENT,BICYCLE_ACCIDENT,MOTORCYCLE_ACCIDENT,TRUCK_ACCIDENT,NOT_PRIVATE_PROPERTY,ALCOHOL_INVOLVED,STWD_VEHTYPE_AT_FAULT,CHP_VEHTYPE_AT_FAULT,COUNT_SEVERE_INJ,COUNT_VISIBLE_INJ,COUNT_COMPLAINT_PAIN,COUNT_PED_KILLED,COUNT_PED_INJURED,COUNT_BICYCLIST_KILLED,COUNT_BICYCLIST_INJURED,COUNT_MC_KILLED,COUNT_MC_INJURED,PRIMARY_RAMP,SECONDARY_RAMP,LATITUDE,LONGITUDE,COUNTY,CITY,POINT_X,POINT_Y
91493319,2021,2021-06-09,9720,2021-04-05,1647,021833,,1,2,9,4400,0,2,4,,1,021,"SOQUEL DRIVE","PARK AVENUE",0.00,,Y,A,-,N,,,,,,,,,,N,1,1,0,2,A,-,12,21453,A,N,D,G,A,A,H,-,A,A,0,,,,,Y,,A,01,0,0,0,0,0,0,0,0,0,"- ","- ",36.988960266113281,-121.93594360351562,"SANTA CRUZ",UNINCORPORATED,-121.93574523925781,36.989109039306641
91493846,2021,2021-06-10,9720,2021-06-05,1330,021321,,6,1,9,4400,0,3,5,,2,100,"FELTON EMPIRE RD","KILN ROAD",1320.00,W,N,A,-,N,,,,,,,,,,N,3,0,1,1,A,-,03,22350,,N,E,I,A,A,H,-,A,D,0,,Y,,,Y,,L,04,0,1,0,0,0,0,1,0,0,"- ","- ",37.058040618896484,-122.10433197021484,"SANTA CRUZ",UNINCORPORATED,,
91494103,2021,2021-06-10,9720,2021-06-03,1219,021714,,4,1,9,4400,0,1,3,,2,020,"SR-1 S/B","LA FONDA AVE O/C",528.00,S,N,A,-,Y,,,1,,,,,,S,Y,4,0,3,4,A,-,03,22350,,N,C,C,A,A,H,-,A,D,0,,,,,Y,Y,A,08,0,0,3,0,0,0,0,0,0,"- ","- ",36.987659454345703,-121.99069976806641,"SANTA CRUZ",UNINCORPORATED,-121.99069213867188,36.987701416015625
91494276,2021,2021-06-10,9720,2021-05-30,0937,021248,,7,1,9,4400,0,1,3,,1,017,"SB SR-17 NORTH OF LAUREL RD","LAUREL RD",528.00,N,N,A,-,Y,,,17,,,,R,,,N,4,0,2,3,A,-,04,21703,,N,C,C,A,A,H,-,A,D,0,,,,,Y,,A,01,0,0,2,0,0,0,0,0,0,"- ","- ",37.106208801269531,-121.97550964355469,"SANTA CRUZ",UNINCORPORATED,-121.97550964355469,37.106208801269531
91494394,2021,2021-06-10,9720,2021-06-02,2110,022044,,3,2,9,4400,0,3,5,,2,100,"RIVA RIDGE RD.","TIM TAM CT.",120.00,E,N,A,-,N,,,,,,,,,,Y,4,0,1,1,A,-,03,22350,,N,E,I,A,A,H,-,D,D,0,,,,,Y,,A,01,0,0,1,0,0,0,0,0,0,"- ","- ",37.140308380126953,-121.99314880371094,"SANTA CRUZ",UNINCORPORATED,-121.99307250976562,37.140346527099609
91495643,2021,2021-06-14,9720,2021-06-07,1550,021717,,1,2,9,4400,0,2,4,,1,021,"SOQUEL DR.","VALENCIA AVE",350.00,W,N,A,-,N,,,,,,,,,,N,2,0,1,1,B,-,22,,,N,F,A,A,A,H,-,A,D,0,,,,,Y,,M,91,1,0,0,0,0,0,0,0,0,"- ","- ",36.975700378417969,-121.88616180419922,"SANTA CRUZ",UNINCORPORATED,-121.88687896728516,36.975559234619141
91495644,2021,2021-06-14,9720,2021-06-07,1615,021053,,1,2,9,4400,0,3,5,,2,300,"SAN ANDREAS ROAD","CREST VIEW DRIVE",300.00,W,N,A,-,N,,,,,,,,,,Y,3,0,2,2,C,-,18,,,N,C,C,A,A,H,-,A,D,0,,,,,Y,,-,"- ",0,1,1,0,0,0,0,0,0,"- ","- ",36.893600463867188,-121.81230163574219,"SANTA CRUZ",UNINCORPORATED,-121.83820343017578,36.921943664550781
91495647,2021,2021-06-14,9720,2021-06-04,0740,021918,,5,1,9,4400,0,2,4,,1,024,"PORTOLA DR.","32ND AVE",100.00,S,N,A,-,N,,,,,,,,,,N,4,0,1,2,C,-,18,,,N,D,C,A,A,H,-,A,D,0,,,,,Y,,-,"- ",0,0,1,0,0,0,0,0,0,"- ","- ",36.962688446044922,-121.97268676757812,"SANTA CRUZ",UNINCORPORATED,-121.97283172607422,36.963470458984375
91495649,2021,2021-06-14,9720,2021-06-04,2316,022125,,5,3,9,4400,0,1,3,,1,035,SR-129,"VANONI RD",3696.00,W,N,A,-,Y,,,129,,,,,,,Y,4,0,1,1,A,-,03,22350,,N,F,A,A,A,H,-,D,D,0,,,,,Y,,A,01,0,0,1,0,0,0,0,0,0,"- ","- ",36.911109924316406,-121.65191650390625,"SANTA CRUZ",UNINCORPORATED,-121.65196228027344,36.911079406738281
91495659,2021,2021-06-14,9720,2021-06-05,1440,022162,,6,2,9,4400,0,3,5,,2,300,"LAKEVIEW RD","KINGSTON DR",240.00,S,N,A,-,N,,,,,,,,,,N,3,0,1,2,A,-,08,22107,,F,D,C,A,A,H,-,A,D,0,,,Y,,Y,,-,99,0,1,0,0,0,0,0,0,1,"- ","- ",36.929588317871094,-121.73306274414062,"SANTA CRUZ",UNINCORPORATED,-121.73308563232422,36.929611206054688
91495677,2021,2021-06-14,9720,2021-06-07,0655,021918,,1,1,9,4400,0,1,3,,2,020,"N/B SR-1","STATE PARD DR",50.00,N,N,A,-,Y,,,1,,,,,,,N,3,0,1,2,A,-,03,22350,,N,C,C,A,A,H,-,A,D,0,,,,,Y,,A,01,0,1,0,0,0,0,0,0,0,"- ","- ",36.984390258789062,-121.93218231201172,"SANTA CRUZ",UNINCORPORATED,-121.93220520019531,36.983989715576172
91495683,2021,2021-06-14,9720,2021-06-11,1630,022140,,5,2,9,4400,0,1,3,,2,020,"SR-1 S/B","MORRISSEY BLVD",2112.00,N,N,A,-,Y,,,,,,,,,,Y,4,0,1,2,A,-,04,21703,,N,C,C,A,A,H,-,A,D,0,,,,,Y,,A,01,0,0,1,0,0,0,0,0,0,"- ","- ",36.988441467285156,-121.01110076904297,"SANTA CRUZ",UNINCORPORATED,-122.00335693359375,36.988208770751953
91496160,2021,2021-06-14,9720,2021-06-05,1440,022044,,6,2,9,4400,0,1,3,,1,015,"SR-9 N/B","LARKSPUR ST.",840.00,S,N,A,-,Y,,,9,,,,,,N,Y,3,0,3,2,A,-,05,21460,A,N,A,C,A,A,H,-,A,D,0,,,,,Y,,A,01,0,1,2,0,0,0,0,0,0,"- ","- ",37.104209899902344,-122.10437774658203,"SANTA CRUZ",UNINCORPORATED,-122.10443115234375,37.104198455810547
91496171,2021,2021-06-14,9720,2021-06-07,1200,022140,,1,1,9,4400,0,3,5,,2,200,"APTOS BEACH DR","WIXON AVENUE",100.00,W,N,A,-,N,,,,,,,,,,N,2,0,1,2,A,-,03,22350,,F,H,G,A,A,H,-,A,D,0,,Y,,,Y,,-,99,1,0,0,0,0,0,1,0,0,"- ","- ",36.971691131591797,-121.90052795410156,"SANTA CRUZ",UNINCORPORATED,-121.90125274658203,36.971778869628906
91498585,2021,2021-06-16,9720,2021-06-09,1750,021833,,3,2,9,4400,0,2,4,,1,021,"SOQEUL DRIVE","PORTER ST",319.00,E,N,A,-,N,,,,,,,,,,N,4,0,2,2,A,-,03,22350,,N,C,C,A,A,H,-,A,A,0,,,,,Y,,D,22,0,0,2,0,0,0,0,0,0,"- ","- ",36.988441467285156,-121.95651245117188,"SANTA CRUZ",UNINCORPORATED,-121.95635986328125,36.988456726074219
91498826,2021,2021-06-16,9720,2021-06-13,0958,020012,,7,1,9,4400,0,3,5,,2,300,"PAULSON ROAD","LAPIS DRIVE",0.00,,Y,A,-,N,,,,,,,,,,Y,3,0,2,2,A,-,09,21801,A,N,A,C,A,A,H,-,A,D,0,,,,,Y,,A,01,0,2,0,0,0,0,0,0,0,"- ","- ",36.955619812011719,-121.76045989990234,"SANTA CRUZ",UNINCORPORATED,-121.76046752929688,36.955619812011719
91498834,2021,2021-06-16,9720,2021-06-04,1840,022329,,5,2,9,4400,0,1,3,,2,020,"S/B SR-1","SOQUEL DRIVE OVERCROSSING",765.00,S,N,A,-,Y,,,1,,,,,,,Y,3,0,1,3,A,-,03,22350,,N,C,2,A,A,H,-,A,D,0,,,,,Y,,A,07,0,1,0,0,0,0,0,0,0,"- ","- ",36.986030578613281,-121.982177734375,"SANTA CRUZ",UNINCORPORATED,-121.98218536376953,36.986003875732422
91499525,2021,2021-06-17,9720,2021-06-09,2050,021053,,3,2,9,4400,0,3,5,,2,300,"BRADFORD ROAD","CALABASAS RD",0.00,,Y,A,-,N,,,,,,,,,,N,2,0,1,2,A,-,10,21950,A,N,G,B,B,A,H,-,C,D,0,Y,,,,Y,,D,22,1,0,0,0,1,0,0,0,0,"- ","- ",36.943901062011719,-121.79450225830078,"SANTA CRUZ",UNINCORPORATED,-121.79457855224609,36.944000244140625
91499824,2021,2021-06-17,9720,2021-03-28,1232,021211,,7,1,9,4400,0,1,3,,1,034,SR-152,"HOLOHAN RD",1056.00,E,N,A,-,Y,,,152,,,,,,,N,4,0,2,2,A,-,03,22350,,F,C,C,A,A,H,-,A,A,0,,,,,Y,,D,22,0,0,2,0,0,0,0,0,0,"- ","- ",36.942001342773438,-121.73979949951172,"SANTA CRUZ",UNINCORPORATED,-121.73985290527344,36.942039489746094
91502605,2021,2021-06-22,9720,2021-06-07,2045,022564,,1,2,9,4400,0,3,5,,2,100,"HILL CREST DR.","SKYLINE DR.",160.00,S,N,A,-,N,,,,,,,,,,N,3,0,1,2,B,-,22,,,N,H,E,A,A,H,-,B,D,0,,Y,,,Y,,L,04,0,1,0,0,0,0,1,0,0,"- ","- ",37.041950225830078,-122.08036804199219,"SANTA CRUZ",UNINCORPORATED,-122.08035278320312,37.041938781738281
91502677,2021,2021-06-22,9720,2021-06-08,1640,022162,,2,2,9,4400,0,3,5,,2,200,"EL RANCHO DR","LA MADRONA DR",0.00,,Y,A,-,N,,,,,,,,,,N,4,0,1,2,A,-,12,22450,A,N,D,G,A,A,H,-,A,A,0,,Y,,,Y,,A,01,0,0,1,0,0,0,1,0,0,"- ","- ",37.008758544921875,-122.02133941650391,"SANTA CRUZ",UNINCORPORATED,-122.02126312255859,37.008701324462891
91502756,2021,2021-06-22,9720,2021-06-09,0935,021248,,3,1,9,4400,0,1,3,,2,020,"SR-1 N/B","STATE PARD DR",100.00,S,N,A,-,Y,,,1,,,,,,N,Y,4,0,1,2,A,-,03,22350,,N,C,C,A,A,H,-,A,D,0,,,,,Y,,A,01,0,0,1,0,0,0,0,0,0,"- ","- ",36.978271484375,-121.91078948974609,"SANTA CRUZ",UNINCORPORATED,-121.91077423095703,36.978298187255859
91502792,2021,2021-06-22,9720,2021-06-10,0026,022542,,4,3,9,4400,0,1,3,,1,017,SR-17,"LA MADRONA DRIVE",150.00,N,N,A,-,Y,,,17,,,,,,,Y,3,0,1,1,A,-,01,23152,A,N,E,I,A,A,H,-,D,D,0,,,,,Y,Y,A,01,0,1,0,0,0,0,0,0,0,"- ","- ",37.020759582519531,-122.02729034423828,"SANTA CRUZ",UNINCORPORATED,-122.02713775634766,37.020687103271484
91502878,2021,2021-06-22,9720,2021-06-12,0352,022511,,6,3,9,4400,0,1,3,,2,020,"SR-1 S/B TO SOQUEL AVE","SOQUEL AVE",110.00,N,N,A,-,Y,,,1,,,,R,,S,Y,3,0,1,1,A,-,01,23152,A,N,E,8,A,A,H,-,C,D,0,,,,,Y,Y,D,22,0,1,0,0,0,0,0,0,0,"- ","- ",36.986808776855469,-121.98600769042969,"SANTA CRUZ",UNINCORPORATED,-121.98600769042969,36.986808776855469
91502915,2021,2021-06-22,9720,2021-06-12,0835,021918,,6,1,9,4400,0,1,3,,1,015,"N/B SR-9","HIHN ST",150.00,N,N,A,-,Y,,,9,,,,,,,N,3,0,1,2,A,-,06,21750,,N,D,C,A,A,H,-,A,D,0,,,Y,,Y,,C,02,0,1,0,0,0,0,0,0,1,"- ","- ",37.051231384277344,-122.07356262207031,"SANTA CRUZ",UNINCORPORATED,-122.07326507568359,37.051219940185547
91502934,2021,2021-06-22,9720,2021-06-12,1525,022564,,6,2,9,4400,0,3,5,,2,300,"BUENA VISTA DR.","WHISKEY HILL RD",27.00,E,N,A,-,N,,,,,,,,,,Y,3,0,1,1,A,-,08,22107,,N,E,I,A,A,H,-,A,D,0,,,,,Y,Y,A,08,0,1,0,0,0,0,0,0,0,"- ","- ",36.917530059814453,-121.82505798339844,"SANTA CRUZ",UNINCORPORATED,-121.82505798339844,36.917434692382812
91503159,2021,2021-06-22,9720,2021-06-13,1635,022329,,7,2,9,4400,0,1,3,,1,015,SR-9,"GLENGARRY RD",4218.00,S,N,A,-,Y,,,9,,,,,,,Y,2,0,1,1,A,-,03,22350,,N,E,I,A,A,H,-,A,D,0,,,Y,,Y,,C,02,1,0,0,0,0,0,0,0,1,"- ","- ",37.024478912353516,-122.05947113037109,"SANTA CRUZ",UNINCORPORATED,-122.05945587158203,37.02447509765625
91503181,2021,2021-06-22,9720,2021-06-13,1915,021918,,7,2,9,4400,0,3,5,,2,100,"IRWIN WAY","FAIRVIEW AVE",30.00,S,N,A,-,N,,,,,,,,,,N,3,0,1,1,A,-,08,22107,,N,E,I,A,A,H,-,A,D,0,,,,,Y,,A,01,0,1,0,0,0,0,0,0,0,"- ","- ",37.124889373779297,-122.11933135986328,"SANTA CRUZ",UNINCORPORATED,-122.11875915527344,37.124500274658203
91504363,2021,2021-06-23,9720,2021-06-16,1225,014931,,3,1,9,4400,0,2,4,,1,031,"FREEDOM BLVD","WHITE RD",55.00,E,N,A,-,N,,,,,,,,,,Y,4,0,2,2,A,-,03,22350,,N,C,C,A,A,H,-,A,D,0,,,,,Y,,A,07,0,0,2,0,0,0,0,0,0,"- ","- ",36.971359252929688,-121.81945037841797,"SANTA CRUZ",UNINCORPORATED,-121.81948852539062,36.971317291259766
91504400,2021,2021-06-23,9720,2021-06-16,1345,020012,,3,1,9,4400,0,1,3,,2,020,"SR-1 N/B","STATE PARK DRIVE",563.00,S,N,A,-,Y,,,1,,,,,,N,Y,4,0,2,3,A,-,03,22350,,N,C,C,A,A,H,-,A,D,0,,,Y,,Y,,A,01,0,0,2,0,0,0,0,0,1,"- ","- ",36.977149963378906,-121.90869903564453,"SANTA CRUZ",UNINCORPORATED,-121.90867614746094,36.977191925048828
91504619,2021,2021-06-23,9720,2021-06-12,1830,022044,,6,2,9,4400,0,1,3,,1,017,"SR-17 S/B","GLENWOOD DR.",18.00,E,N,A,-,Y,,,17,,,,,,S,Y,4,0,1,2,A,-,09,21802,A,N,D,C,A,A,H,-,A,A,0,,,,,Y,,A,01,0,0,1,0,0,0,0,0,0,"- ","- ",37.119861602783203,-121.97602081298828,"SANTA CRUZ",UNINCORPORATED,-121.97599792480469,37.119861602783203
91505124,2021,2021-06-24,9720,2021-06-12,1930,022564,,6,2,9,4400,0,3,5,,2,300,"ARROYO DR.","MARKS AVE",0.00,,Y,A,-,N,,,,,,,,,,N,2,0,1,2,A,-,12,22450,A,N,D,C,A,A,H,-,A,D,0,,,Y,,Y,,C,02,1,0,0,0,0,0,0,0,1,"- ","- ",36.964309692382812,-121.76255798339844,"SANTA CRUZ",UNINCORPORATED,-121.76262664794922,36.964340209960938
91505138,2021,2021-06-24,9720,2021-06-13,0318,022125,,7,3,9,4400,0,1,3,,1,034,SR-152,"GAFFEY RD",207.00,E,N,A,-,Y,,,152,,,,,,,Y,4,0,2,1,A,-,08,22107,,N,F,A,A,A,H,-,C,D,0,,,,,Y,,A,01,0,0,2,0,0,0,0,0,0,"- ","- ",36.980899810791016,-121.71810150146484,"SANTA CRUZ",UNINCORPORATED,-121.71800231933594,36.980949401855469
91505169,2021,2021-06-24,9720,2021-06-15,1442,022162,,2,2,9,4400,0,1,3,,1,015,SR-9,"EAST OF SR-9",11.00,E,N,A,-,Y,,,9,,,,,,,Y,3,0,1,1,C,-,18,,,N,E,8,A,A,H,-,A,D,0,,,,,Y,,-,"- ",0,1,0,0,0,0,0,0,0,"- ","- ",37.049270629882812,-122.07272338867188,"SANTA CRUZ",UNINCORPORATED,-122.07332611083984,37.049293518066406
91505192,2021,2021-06-24,9720,2021-06-16,1735,022162,,3,2,9,4400,0,1,3,,2,020,"SR-1 S/B","41ST AVENUE",3000.00,N,N,A,-,Y,,,1,,,,,,S,Y,3,0,1,2,A,-,07,21658,A,N,F,A,A,A,H,-,A,D,0,,,Y,,Y,,A,01,0,1,0,0,0,0,0,0,1,"- ","- ",36.983978271484375,-121.97470092773438,"SANTA CRUZ",UNINCORPORATED,-121.97466278076172,36.984134674072266
91505752,2021,2021-06-24,9720,2021-06-17,1940,022329,,4,2,9,4400,0,1,3,,1,015,SR-9,"BRACKNEY RD",0.00,,Y,A,-,Y,,,9,,,,,,,Y,4,0,1,2,A,-,12,22450,A,N,D,C,A,A,H,-,B,A,0,,,,,Y,,A,01,0,0,1,0,0,0,0,0,0,"- ","- ",37.068981170654297,-122.08363342285156,"SANTA CRUZ",UNINCORPORATED,-122.08364105224609,37.068965911865234
91506756,2021,2021-06-25,9720,2021-06-18,1725,022329,,5,2,9,4400,0,3,5,,2,200,"EATON ST","5TH AVE",24.00,E,N,A,-,N,,,,,,,,,,N,4,0,1,2,A,-,03,22350,,N,C,C,A,A,H,-,A,D,0,,,,,Y,Y,A,01,0,0,1,0,0,0,0,0,0,"- ","- ",36.967830657958984,-121.99952697753906,"SANTA CRUZ",UNINCORPORATED,-121.99951934814453,36.967784881591797
91506770,2021,2021-06-25,9720,2021-06-19,0300,021321,,6,3,9,4400,0,3,5,,2,200,"MOUNTAIN VIEW","NORTH RODEO GULCH",3.00,W,N,A,-,N,,,,,,,,,,Y,4,0,1,1,A,-,03,22350,,N,E,I,A,A,H,-,D,D,0,,,,,Y,,D,22,0,0,1,0,0,0,0,0,0,"- ","- ",37.055648803710938,-121.96307373046875,"SANTA CRUZ",UNINCORPORATED,-121.96285247802734,37.055690765380859
91506805,2021,2021-06-25,9720,2021-06-16,1435,022044,,3,2,9,4400,0,1,3,,1,015,SR-9,"GLEN ARBOR RD",800.00,N,N,A,-,Y,,,9,,,,,,,Y,3,0,3,1,A,-,08,22107,,N,E,8,A,A,H,-,A,D,0,,,,,Y,,A,01,0,3,0,0,0,0,0,0,0,"- ","- ",37.075820922851562,-122.08437347412109,"SANTA CRUZ",UNINCORPORATED,-122.08439636230469,37.075824737548828
91507564,2021,2021-06-28,9720,2021-06-11,1047,015170,,5,1,9,4400,0,1,3,,1,017,"SR-17 (N/B)","VINE HILL RD",0.00,,Y,A,-,Y,,,17,,,,,,,Y,3,0,2,2,A,-,09,21802,A,N,D,C,A,A,H,-,A,A,0,,,,,Y,,A,07,0,2,0,0,0,0,0,0,0,"- ","- ",37.078880310058594,-121.97955322265625,"SANTA CRUZ",UNINCORPORATED,-121.97955322265625,37.078880310058594
91507736,2021,2021-06-28,9720,2021-06-20,0828,014931,,7,1,9,4400,0,3,5,,2,300,"CALABASAS RD","BOWKER RD",0.00,,Y,B,-,N,,,,,,,,,,N,3,0,1,2,A,-,09,21800,A,N,D,G,A,A,H,-,A,A,0,,Y,,,Y,,A,08,0,1,0,0,0,0,1,0,0,"- ","- ",36.942150115966797,-121.79038238525391,"SANTA CRUZ",UNINCORPORATED,-121.79041290283203,36.942184448242188
91507766,2021,2021-06-28,9720,2021-06-20,1214,014931,,7,1,9,4400,0,1,3,,1,035,SR-129,"COWARD RD",439.00,W,N,A,-,Y,,,129,,,,,,,Y,2,0,3,2,A,-,05,21460,A,N,A,C,A,A,H,-,A,D,0,,,,,Y,,A,01,2,1,0,0,0,0,0,0,0,"- ","- ",36.918991088867188,-121.72010040283203,"SANTA CRUZ",UNINCORPORATED,-121.72011566162109,36.919055938720703
91507849,2021,2021-06-28,9720,2021-06-19,1525,022564,,6,2,9,4400,0,1,3,,2,020,"N/B SR-1","41 ST. AVE",2112.00,N,N,A,-,Y,,,1,,,,,,,N,4,0,1,2,A,-,03,22350,,N,C,C,A,A,H,-,A,D,0,,,,,Y,,A,08,0,0,1,0,0,0,0,0,0,"- ","- ",36.983989715576172,-121.97328186035156,"SANTA CRUZ",UNINCORPORATED,-121.97328186035156,36.983974456787109
91508112,2021,2021-06-28,9720,2021-06-19,2005,022564,,6,2,9,4400,0,2,4,,1,022,"SOQUEL SAN JOSE RD.","OLSON RD",215.00,S,N,A,-,N,,,,,,,,,,Y,3,0,1,1,A,-,01,23152,A,N,E,J,A,A,H,-,A,D,0,,,,,Y,Y,A,07,0,1,0,0,0,0,0,0,0,"- ","- ",37.056499481201172,-121.94190216064453,"SANTA CRUZ",UNINCORPORATED,-121.94193267822266,37.056404113769531
91508317,2021,2021-06-28,9720,2021-06-22,0645,021321,,2,1,9,4400,0,1,3,,1,015,"RT 9","CLEAR CREEK RD",300.00,N,N,B,-,Y,,,9,,,,,,,Y,3,0,1,1,A,-,03,22350,,N,E,I,A,B,H,-,A,D,0,,,,,Y,,A,07,0,1,0,0,0,0,0,0,0,"- ","- ",37.107810974121094,-122.11100006103516,"SANTA CRUZ",UNINCORPORATED,-122.11100769042969,37.107784271240234
91508646,2021,2021-06-29,9720,2021-06-19,2141,022458,,6,2,9,4400,0,1,3,,1,017,"SR-17 N/B","OLD SANTA CRUZ HWY",450.00,S,N,A,-,Y,,,17,,,,,,N,Y,3,0,4,2,A,-,01,23152,F,N,A,C,A,A,H,-,C,D,0,,,,,Y,,A,01,0,4,0,0,0,0,0,0,0,"- ","- ",37.126968383789062,-121.97483825683594,"SANTA CRUZ",UNINCORPORATED,-121.974853515625,37.126949310302734
91509661,2021,2021-06-30,9720,2021-06-20,0001,022471,,7,3,9,4400,0,1,3,,1,035,SR-129,"SR-1 S/B",128.00,E,N,A,-,Y,,,129,,,,,,,Y,2,0,2,2,A,-,01,23152,F,N,A,C,A,A,H,-,C,D,0,,,,,Y,,A,01,2,0,0,0,0,0,0,0,0,"- ","- ",36.894359588623047,-121.77390289306641,"SANTA CRUZ",UNINCORPORATED,-121.77391815185547,36.8944091796875
91509783,2021,2021-06-30,9720,2021-06-22,1600,022545,,2,2,9,4400,0,2,4,,1,021,"SOQUEL DR","CENTER ST",35.00,N,N,A,-,N,,,,,,,,,,Y,4,0,2,3,C,-,18,,,N,E,I,A,A,H,-,A,D,0,,,,,Y,,-,"- ",0,0,2,0,0,0,0,0,0,"- ","- ",36.988578796386719,-121.95362091064453,"SANTA CRUZ",UNINCORPORATED,-121.95340728759766,36.988445281982422
91509894,2021,2021-06-30,9720,2021-06-23,1316,020012,,3,1,9,4400,0,1,3,,2,020,"SR-1 N/B","RIO DEL MAR BLVD",3696.00,N,N,A,-,Y,,,1,,,,,,N,N,3,0,1,1,A,-,03,22350,,N,F,A,A,A,H,-,A,D,0,,,Y,,Y,,O,05,0,1,0,0,0,0,0,0,1,"- ","- ",36.974971771240234,-121.89864349365234,"SANTA CRUZ",UNINCORPORATED,-121.89863586425781,36.974937438964844
91510044,2021,2021-06-30,9720,2021-06-24,1740,021053,,4,2,9,4400,0,3,5,,2,300,"WEBB ROAD","ALGEN LANE",300.00,S,N,A,-,N,,,,,,,,,,Y,3,0,1,1,A,-,01,23152,A,N,E,I,A,A,H,-,A,D,0,,,,,Y,Y,A,01,0,1,0,0,0,0,0,0,0,"- ","- ",36.969799041748047,-121.72660827636719,"SANTA CRUZ",UNINCORPORATED,-121.72690582275391,36.971965789794922
91510222,2021,2021-06-30,9720,2021-06-28,1600,021053,,1,2,9,4400,0,3,5,,2,300,"SAN ANDREAS ROAD","DAIRY ROAD",200.00,E,N,A,-,N,,,,,,,,,,N,3,0,1,1,A,-,01,23152,A,N,E,I,A,A,H,-,A,D,0,,,,,Y,Y,A,07,0,1,0,0,0,0,0,0,0,"- ","- ",36.887901306152344,-121.80570220947266,"SANTA CRUZ",UNINCORPORATED,-121.80601501464844,36.887928009033203
91510895,2021,2021-07-01,9720,2021-06-20,1545,022290,,7,2,9,4400,0,1,3,,2,020,"SR-1 N/B FROM 41ST AVE","41ST AVE",225.00,N,N,A,-,Y,,,1,,,,R,,N,Y,2,0,4,1,A,-,01,23152,A,N,E,I,A,A,H,-,A,D,0,,,,,Y,Y,A,01,1,3,0,0,0,0,0,0,0,"- ","- ",36.983169555664062,-121.96543121337891,"SANTA CRUZ",UNINCORPORATED,-121.96543121337891,36.983169555664062
91510905,2021,2021-07-01,9720,2021-06-23,1225,021321,,3,1,9,4400,0,3,5,,2,100,"ALBA RD",SR-9,686.00,W,N,A,-,N,,,,,,,,,,Y,3,0,2,2,C,-,18,,,N,C,C,A,A,H,-,A,D,0,,,,Y,Y,,-,"- ",0,1,1,0,0,0,0,0,0,"- ","- ",37.093299865722656,-122.09754180908203,"SANTA CRUZ",UNINCORPORATED,-122.09740447998047,37.093196868896484
91510991,2021,2021-07-01,9720,2021-06-25,0950,021321,,5,1,9,4400,0,2,4,,1,016,"GRAHAM HILL RD","TREETOP DR",200.00,S,N,A,-,N,,,,,,,,,,Y,3,0,1,2,A,-,03,22350,,N,C,C,A,A,H,-,A,D,0,,,,,Y,,A,07,0,1,0,0,0,0,0,0,0,"- ","- ",37.014419555664062,-122.03431701660156,"SANTA CRUZ",UNINCORPORATED,-122.03449249267578,37.015361785888672
91512688,2021,2021-07-05,9720,2021-06-22,0210,022349,,2,3,9,4400,0,3,5,,2,200,"LAUREL GLEN RD","AURORA RD",56.00,W,N,A,-,N,,,,,,,,,,N,3,0,1,1,A,-,08,22107,,N,E,I,A,B,H,-,D,D,0,,,,,Y,,D,22,0,1,0,0,0,0,0,0,0,"- ","- ",37.051708221435547,-121.95397186279297,"SANTA CRUZ",UNINCORPORATED,-121.95301055908203,37.050403594970703
91512692,2021,2021-07-05,9720,2021-06-24,0035,022162,,4,3,9,4400,0,1,3,,1,015,"SR-9 N/B","MIDDLE DRIVE",185.00,N,N,A,-,Y,,,9,,,,,,N,Y,2,0,1,1,A,-,01,23152,A,N,E,I,A,A,H,-,D,D,0,,,,,Y,Y,A,08,1,0,0,0,0,0,0,0,0,"- ","- ",37.098201751708984,-122.09774780273438,"SANTA CRUZ",UNINCORPORATED,-122.09780120849609,37.098163604736328