CASE_ID,ACCIDENT_YEAR,PROC_DATE,JURIS,COLLISION_DATE,COLLISION_TIME,OFFICER_ID,REPORTING_DISTRICT,DAY_OF_WEEK,CHP_SHIFT,POPULATION,CNTY_CITY_LOC,SPECIAL_COND,BEAT_TYPE,CHP_BEAT_TYPE,CITY_DIVISION_LAPD,CHP_BEAT_CLASS,BEAT_NUMBER,PRIMARY_RD,SECONDARY_RD,DISTANCE,DIRECTION,INTERSECTION,WEATHER_1,WEATHER_2,STATE_HWY_IND,CALTRANS_COUNTY,CALTRANS_DISTRICT,STATE_ROUTE,ROUTE_SUFFIX,POSTMILE_PREFIX,POSTMILE,LOCATION_TYPE,RAMP_INTERSECTION,SIDE_OF_HWY,TOW_AWAY,COLLISION_SEVERITY,NUMBER_KILLED,NUMBER_INJURED,PARTY_COUNT,PRIMARY_COLL_FACTOR,PCF_CODE_OF_VIOL,PCF_VIOL_CATEGORY,PCF_VIOLATION,PCF_VIOL_SUBSECTION,HIT_AND_RUN,TYPE_OF_COLLISION,MVIW,PED_ACTION,ROAD_SURFACE,ROAD_COND_1,ROAD_COND_2,LIGHTING,CONTROL_DEVICE,CHP_ROAD_TYPE,PEDESTRIAN_ACCIDENT,BICYCLE_ACCIDENT,MOTORCYCLE_ACCIDENT,TRUCK_ACCIDENT,NOT_PRIVATE_PROPERTY,ALCOHOL_INVOLVED,STWD_VEHTYPE_AT_FAULT,CHP_VEHTYPE_AT_FAULT,COUNT_SEVERE_INJ,COUNT_VISIBLE_INJ,COUNT_COMPLAINT_PAIN,COUNT_PED_KILLED,COUNT_PED_INJURED,COUNT_BICYCLIST_KILLED,COUNT_BICYCLIST_INJURED,COUNT_MC_KILLED,COUNT_MC_INJURED,PRIMARY_RAMP,SECONDARY_RAMP,LATITUDE,LONGITUDE,COUNTY,CITY,POINT_X,POINT_Y
91512695,2021,2021-07-05,9720,2021-06-24,1715,022290,,4,2,9,4400,0,2,4,,1,023,"7TH AVE","BONNIE ST",120.00,N,N,A,-,N,,,,,,,,,,Y,4,0,1,3,A,-,03,22350,,N,B,C,A,A,H,-,A,D,0,,,,,Y,,A,01,0,0,1,0,0,0,0,0,0,"- ","- ",36.964488983154297,-121.99848175048828,"SANTA CRUZ",UNINCORPORATED,-121.99847412109375,36.964408874511719
91512736,2021,2021-07-05,9720,2021-06-30,1205,021717,,3,1,9,4400,0,3,5,,2,200,"HUNTINGTON DR.","HUNTINGTON CT.",855.00,S,N,A,-,N,,,,,,,,,,Y,3,0,1,1,A,-,08,22107,,N,E,I,A,A,H,-,A,D,0,,,,,Y,,A,01,0,1,0,0,0,0,0,0,0,"- ","- ",36.98114013671875,-121.87457275390625,"SANTA CRUZ",UNINCORPORATED,-121.87479400634766,36.981090545654297
91512737,2021,2021-07-05,9720,2021-06-30,1140,021717,,3,1,9,4400,0,3,5,,2,200,"STATE PARK DR.","S/B SR-1 OFF-RAMP ONTO STATE PARK DR.",95.00,E,N,A,-,Y,,,,,,,,,,Y,3,0,1,1,A,-,08,22107,,N,E,I,A,A,H,-,A,A,0,,,,,Y,,A,08,0,1,0,0,0,0,0,0,0,"- ","- ",36.977081298828125,-121.9111328125,"SANTA CRUZ",UNINCORPORATED,,
91512872,2021,2021-07-05,9720,2021-06-27,1534,022545,,7,2,9,4400,0,1,3,,1,010,SR-1,"BONNY DOON RD",2587.00,S,N,A,G,Y,,,1,,,,,,,Y,2,0,1,1,A,-,08,22107,,N,F,A,A,A,G,-,A,D,0,,,Y,,Y,,C,02,1,0,0,0,0,0,0,0,1,"- ","- ",36.996261596679688,-122.17378997802734,"SANTA CRUZ",UNINCORPORATED,-122.17378997802734,36.996257781982422
91512875,2021,2021-07-05,9720,2021-06-29,0234,022400,,2,3,9,4400,0,2,4,,1,016,"GRAHAM HILL ROAD","LOCKWOOD LANE",330.00,N,N,A,-,N,,,,,,,,,,Y,3,0,1,1,A,-,08,22107,,N,E,I,A,A,H,-,C,D,0,,,,,Y,Y,A,07,0,1,0,0,0,0,0,0,0,"- ","- ",37.037761688232422,-122.04286956787109,"SANTA CRUZ",UNINCORPORATED,-122.04283142089844,37.037673950195312
91512939,2021,2021-07-05,9720,2021-06-25,1457,021540,,5,2,9,4400,0,2,4,,1,021,"SOQUEL DR","APTOS ST",280.00,E,N,A,-,N,,,,,,,,,,N,4,0,1,2,A,-,08,22107,,N,G,B,E,A,H,-,A,D,0,Y,,,,Y,,A,08,0,0,1,0,1,0,0,0,0,"- ","- ",36.975589752197266,-121.89739990234375,"SANTA CRUZ",UNINCORPORATED,-121.8975830078125,36.975608825683594
91512954,2021,2021-07-05,9720,2021-07-01,0630,020012,,4,1,9,4400,0,3,5,,2,300,"CARLTON ROAD","LAKEVIEW ROAD",528.00,N,N,B,-,N,,,,,,,,,,Y,4,0,1,1,A,-,08,22107,,N,F,A,A,B,H,-,A,D,0,,,,,Y,,A,01,0,0,1,0,0,0,0,0,0,"- ","- ",36.947818756103516,-121.71981048583984,"SANTA CRUZ",UNINCORPORATED,-121.71886444091797,36.947250366210938
91512995,2021,2021-07-05,9720,2021-07-04,1210,020012,,7,1,9,4400,0,3,5,,2,300,"WHITE ROAD","QUAIL LANE",0.00,,Y,A,-,N,,,,,,,,,,N,3,0,1,1,A,-,03,22350,,N,F,A,A,A,H,-,A,D,0,,,Y,,Y,,C,02,0,1,0,0,0,0,0,0,1,"- ","- ",36.970748901367188,-121.82142639160156,"SANTA CRUZ",UNINCORPORATED,-121.82147979736328,36.970767974853516
91513353,2021,2021-07-06,9720,2021-07-02,0035,022162,,5,3,9,4400,0,1,3,,1,017,"SB SR-17","VINE HILL ROAD",455.00,S,N,B,-,Y,,,17,,,,,,,Y,3,0,1,1,A,-,08,22107,,N,E,I,A,A,H,-,D,D,0,,,,,Y,,A,08,0,1,0,0,0,0,0,0,0,"- ","- ",37.076511383056641,-121.98586273193359,"SANTA CRUZ",UNINCORPORATED,-121.98582458496094,37.076404571533203
91513963,2021,2021-07-12,9720,2021-03-04,2227,022400,,4,3,9,4400,0,1,3,,1,014,"SR-9 N/B","SEQUOIA RD",0.00,,Y,A,-,Y,,,9,,,,,,N,Y,1,1,1,1,A,-,01,23152,A,N,E,I,A,A,H,-,D,D,0,,,,,Y,Y,A,07,0,0,1,0,0,0,0,0,0,"- ","- ",37.151950836181641,-122.13490295410156,"SANTA CRUZ",UNINCORPORATED,-122.13489532470703,37.151943206787109
91514480,2021,2021-07-07,9720,2021-06-27,0855,020012,,7,1,9,4400,0,1,3,,1,034,SR-152,"RED HAWK PL",2640.00,E,N,A,-,Y,,,,,,,,,,Y,3,0,1,1,A,-,01,23152,A,M,E,I,A,A,H,-,A,D,0,,,,,Y,Y,A,07,0,1,0,0,0,0,0,0,0,"- ","- ",36.077640533447266,-121.71298217773438,"SANTA CRUZ",UNINCORPORATED,-121.71968078613281,36.974948883056641
91514491,2021,2021-07-07,9720,2021-06-29,1130,021877,,2,1,9,4400,0,1,3,,1,017,"SR-17 S/B","CRESCENT DR.",1056.00,N,N,A,-,Y,,,17,,,,,,S,Y,3,0,1,1,A,-,08,22107,,N,E,I,A,A,H,-,A,D,0,,,,Y,Y,,G,27,0,1,0,0,0,0,0,0,0,"- ","- ",37.076469421386719,-121.98596954345703,"SANTA CRUZ",UNINCORPORATED,-121.98593139648438,37.076362609863281
91514508,2021,2021-07-07,9720,2021-06-29,1600,022545,,2,2,9,4400,0,2,4,,1,023,"7TH AVE","BROMMER ST",0.00,,Y,A,-,N,,,,,,,,,,Y,4,0,2,2,A,-,09,21802,A,N,D,C,A,A,H,-,A,A,0,,,,,Y,,D,22,0,0,2,0,0,0,0,0,0,"- ","- ",36.972530364990234,-121.99582672119141,"SANTA CRUZ",UNINCORPORATED,-121.99575805664062,36.972503662109375
91514558,2021,2021-07-07,9720,2021-07-05,1415,021053,,1,2,9,4400,0,3,5,,2,300,"LARKIN VALLEY RD","RIDGEWAY STREET",150.00,E,N,A,-,N,,,,,,,,,,N,3,0,1,1,A,-,03,22350,,N,E,I,A,A,H,-,A,D,0,,,,,Y,,A,01,0,1,0,0,0,0,0,0,0,"- ","- ",36.927799224853516,-121.80149841308594,"SANTA CRUZ",UNINCORPORATED,-121.80141500000001,36.927675000000001
91516131,2021,2021-07-08,9720,2021-06-25,1939,021540,,5,2,9,4400,0,1,3,,2,020,"SR-1 N/B","PORTER ST",670.00,N,N,A,-,Y,,,1,,,,,,N,Y,3,0,2,3,A,-,07,21658,A,N,B,2,A,A,H,-,A,D,0,,,,,Y,,A,01,0,2,0,0,0,0,0,0,0,"- ","- ",36.983119964599609,-121.95953369140625,"SANTA CRUZ",UNINCORPORATED,-121.95951843261719,36.983039855957031
91516168,2021,2021-07-08,9720,2021-07-06,1330,021717,,2,1,9,4400,0,2,4,,1,023,"41 ST AVE.","COURT DR.",231.00,W,N,A,-,N,,,,,,,,,,N,3,0,1,2,A,-,08,22107,,N,H,G,A,A,H,-,A,D,0,,Y,,,Y,,L,04,0,1,0,0,0,0,1,0,0,"- ","- ",36.961250305175781,-121.96492767333984,"SANTA CRUZ",UNINCORPORATED,-121.964893,36.961294000000002
91516178,2021,2021-07-08,9720,2021-07-07,1810,021053,,3,2,9,4400,0,2,4,,1,032,"GREEN VALLEY",AMADOR,5.00,N,N,A,-,N,,,,,,,,,,N,3,0,1,1,A,-,08,22107,,N,E,I,A,A,D,-,A,D,0,,,Y,,Y,,C,02,0,1,0,0,0,0,0,0,1,"- ","- ",36.962898254394531,-121.76480102539062,"SANTA CRUZ",UNINCORPORATED,-121.76496124267578,36.962863922119141
91516825,2021,2021-07-09,9720,2021-06-28,1830,022140,,1,2,9,4400,0,1,3,,2,030,"SR-1 N/B","MAR MONTE AVE",2640.00,S,N,A,-,Y,,,1,,,,,,N,Y,4,0,1,1,C,-,18,,,N,H,H,A,A,H,-,A,D,0,,,,,Y,,-,"- ",0,0,1,0,0,0,0,0,0,"- ","- ",36.944240570068359,-121.84346771240234,"SANTA CRUZ",UNINCORPORATED,-121.84346008300781,36.944259643554688
91517365,2021,2021-07-12,9720,2021-06-30,1555,022545,,3,2,9,4400,0,1,3,,2,020,"S/B SR-1","SOQUEL DR",1637.00,S,N,A,-,Y,,,1,,,,,,,Y,4,0,1,1,C,-,18,,,N,E,I,A,A,H,-,A,D,0,,,,,Y,,-,"- ",0,0,1,0,0,0,0,0,0,"- ","- ",36.985408782958984,-121.98088073730469,"SANTA CRUZ",UNINCORPORATED,-121.98081970214844,36.98565673828125
91517366,2021,2021-07-12,9720,2021-07-01,1720,022044,,4,2,9,4400,0,1,3,,1,014,SR-9,"ARROW LN",950.00,S,N,A,-,N,,,9,,,,,,,Y,4,0,2,1,A,-,05,21460,A,N,E,I,A,A,H,-,A,D,0,,,,,Y,,A,01,0,0,2,0,0,0,0,0,0,"- ","- ",37.032909393310547,-122.06273651123047,"SANTA CRUZ",UNINCORPORATED,-122.06271362304688,37.032913208007812
91517369,2021,2021-07-12,9720,2021-06-30,1826,022545,,3,2,9,4400,0,1,3,,2,020,"S/B SR-1","41ST AVE",2693.00,N,N,A,-,Y,,,1,,,,,,,N,4,0,2,2,A,-,03,22350,,M,C,C,A,A,H,-,A,D,0,,,,,Y,,A,01,0,0,2,0,0,0,0,0,0,"- ","- ",36.983921051025391,-121.97373199462891,"SANTA CRUZ",UNINCORPORATED,-121.97373199462891,36.983905792236328
91517370,2021,2021-07-12,9720,2021-07-01,1640,022044,,4,2,9,4400,0,3,5,,2,100,"BEAR CK RD","BEAR CREEK MOUNTIAN RD.",1848.00,E,N,A,-,N,,,,,,,,,,Y,4,0,1,2,A,-,09,21804,A,N,D,C,A,A,H,-,A,D,0,,,,,Y,,A,07,0,0,1,0,0,0,0,0,0,"- ","- ",37.166309356689453,-122.03099060058594,"SANTA CRUZ",UNINCORPORATED,-122.02091217041016,37.166393280029297
91517683,2021,2021-07-12,9720,2021-06-29,2202,022399,,2,3,9,4400,0,2,4,,1,021,"SOQUEL DRIVE","WINKLE AVENUE",0.00,,Y,A,-,N,,,,,,,,,,Y,4,0,2,2,D,-,00,,,N,D,C,A,A,H,-,C,A,0,,,,,Y,,-,"- ",0,0,2,0,0,0,0,0,0,"- ","- ",36.988239288330078,-121.97516632080078,"SANTA CRUZ",UNINCORPORATED,-121.97512817382812,36.988208770751953
91521389,2021,2021-07-15,9720,2021-07-02,1520,022140,,5,2,9,4400,0,3,5,,2,200,"PARK AVENUE","UPPER SEARS CIRCLE",145.00,S,N,A,-,N,,,,,,,,,,Y,2,0,2,1,A,-,01,23152,A,N,E,I,A,A,H,-,A,D,0,,,,,Y,Y,A,01,1,1,0,0,0,0,0,0,0,"- ","- ",36.988048553466797,-121.93598175048828,"SANTA CRUZ",UNINCORPORATED,-121.93627166748047,36.987251281738281
91521412,2021,2021-07-15,9720,2021-07-02,2100,021877,,5,2,9,4400,0,3,5,,2,200,"TROUT GULCH RD.","RED HAWK",2640.00,N,N,A,-,N,,,,,,,,,,Y,3,0,1,1,A,-,08,22107,,N,E,I,A,A,H,-,D,D,0,,,,,Y,,A,01,0,1,0,0,0,0,0,0,0,"- ","- ",37.017841339111328,-121.88379669189453,"SANTA CRUZ",UNINCORPORATED,-121.88385772705078,37.017024993896484
91521415,2021,2021-07-15,9720,2021-07-03,0950,021877,,6,1,9,4400,0,3,5,,2,300,"BUENA VISTA DR.","BRADFORD RD.",60.00,W,N,B,-,N,,,,,,,,,,Y,4,0,1,1,A,-,08,22107,,N,E,I,A,A,H,-,A,D,0,,,,,Y,,A,01,0,0,1,0,0,0,0,0,0,"- ","- ",36.939868927001953,-121.79588317871094,"SANTA CRUZ",UNINCORPORATED,-121.79581451416016,36.939899444580078
91521710,2021,2021-07-16,9720,2021-07-03,1828,022545,,6,2,9,4400,0,2,4,,1,016,"GRAHAM HILL RD","QUARRY RD",1531.00,N,N,A,-,N,,,,,,,,,,Y,4,0,1,1,A,-,08,22107,,N,E,I,A,A,H,-,A,D,0,,,,,Y,Y,A,08,0,0,1,0,0,0,0,0,0,"- ","- ",37.0435791015625,-122.05246734619141,"SANTA CRUZ",UNINCORPORATED,,
91521801,2021,2021-07-16,9720,2021-07-05,0825,015170,,1,1,9,4400,0,1,3,,1,017,SR-17,"GLENWOOD DR",0.00,,Y,A,-,Y,,,,,,,,,,Y,4,0,1,1,A,-,01,23152,A,N,E,I,A,A,H,-,A,A,0,,,,,Y,Y,A,01,0,0,1,0,0,0,0,0,0,"- ","- ",37.556930541992188,-121.99767303466797,"SANTA CRUZ",UNINCORPORATED,-121.97604370117188,37.119960784912109
91521885,2021,2021-07-16,9720,2021-07-06,1538,021540,,2,2,9,4400,0,1,3,,1,017,"SR-17 S/B","GLENWOOD DR",1584.00,S,N,A,-,Y,,,17,,,,,,S,Y,4,0,1,1,A,-,01,23152,A,N,E,J,A,A,H,-,A,D,0,,,,,Y,Y,A,01,0,0,1,0,0,0,0,0,0,"- ","- ",37.116199493408203,-121.97592163085938,"SANTA CRUZ",UNINCORPORATED,-121.97577667236328,37.116218566894531
91521971,2021,2021-07-16,9720,2021-07-06,0820,021877,,2,1,9,4400,0,1,3,,1,015,SR-9,"MILL ST. (UPPER)",0.00,,Y,A,-,Y,,,9,,,,,,,Y,2,0,2,2,A,-,12,22450,A,N,D,C,A,A,H,-,A,A,0,,,Y,,Y,,C,02,1,0,1,0,0,0,0,0,1,"- ","- ",37.089340209960938,-122.09219360351562,"SANTA CRUZ",UNINCORPORATED,-122.09219360351562,37.089378356933594
91522004,2021,2021-07-16,9720,2021-07-07,1505,021540,,3,2,9,4400,0,2,4,,1,021,"SOQUEL DR","GREENBRAE LN",37.00,W,N,A,-,N,,,,,,,,,,Y,3,0,1,2,A,-,09,21804,A,N,D,C,A,A,H,-,A,D,0,,,,,Y,,A,07,0,1,0,0,0,0,0,0,0,"- ","- ",36.987380981445312,-121.96563720703125,"SANTA CRUZ",UNINCORPORATED,-121.96549987792969,36.987327575683594
91522131,2021,2021-07-16,9720,2021-07-07,1820,021053,,3,2,9,4400,0,1,3,,1,034,SR-152,"FALLOWFIELD LN",1000.00,E,N,A,-,Y,,,152,,,,,,,Y,2,0,1,1,A,-,08,22107,,M,E,I,A,A,H,-,A,D,0,,,,,Y,,D,22,1,0,0,0,0,0,0,0,0,"- ","- ",36.964900970458984,-121.72100067138672,"SANTA CRUZ",UNINCORPORATED,-121.72107696533203,36.964878082275391
91522356,2021,2021-07-16,9720,2021-07-08,1346,022290,,4,1,9,4400,0,3,5,,2,300,"CARLTON RD","THOMPSON RD",5.00,W,N,A,-,N,,,,,,,,,,Y,4,0,2,2,A,-,05,21752,D,N,C,C,A,A,H,-,A,A,0,,,Y,,Y,,C,02,0,0,2,0,0,0,0,0,1,"- ","- ",36.928699493408203,-121.70610809326172,"SANTA CRUZ",UNINCORPORATED,-121.7066650390625,36.938285827636719
91522360,2021,2021-07-16,9720,2021-07-06,1540,021833,,2,2,9,4400,0,1,3,,1,015,"S/B SR-9","GLEN ARBOR RD",528.00,N,N,A,-,Y,,,9,,,,,,,N,2,0,1,1,A,-,08,22107,,N,E,I,A,A,H,-,A,D,0,,,,,Y,,A,01,1,0,0,0,0,0,0,0,0,"- ","- ",37.077911376953125,-122.08342742919922,"SANTA CRUZ",UNINCORPORATED,-122.08344268798828,37.077938079833984
91522439,2021,2021-07-16,9720,2021-07-07,1635,021806,,3,2,9,4400,0,1,3,,1,017,"S/B SR-17","GRANITE CREEK RD. O/C",1056.00,S,N,A,-,Y,,,,,,,,,,N,3,0,1,2,A,-,16,24002,A,F,E,J,A,A,H,-,A,A,0,,,,,Y,,-,99,0,1,0,0,0,0,0,0,0,"- ","- ",37.057449340820312,-122.00665283203125,"SANTA CRUZ",UNINCORPORATED,-122.00581359863281,37.058601379394531
91522459,2021,2021-07-16,9720,2021-07-08,2030,022044,,4,2,9,4400,0,1,3,,1,014,SR-9,"SHINGLE MILL RD",21.00,S,N,A,-,Y,,,9,,,,,,,Y,2,0,2,1,A,-,08,22107,,N,E,I,A,A,H,-,B,D,0,,,,,Y,,A,01,2,0,0,0,0,0,0,0,0,"- ","- ",37.248821258544922,-122.15415954589844,"SANTA CRUZ",UNINCORPORATED,-122.15416717529297,37.248825073242188
91522469,2021,2021-07-16,9720,2021-07-08,2040,022140,,4,2,9,4400,0,3,5,,2,100,"FELTON EMPIRE RD","KILN RD",4224.00,W,N,A,-,N,,,,,,,,,,Y,3,0,1,1,A,-,01,23152,A,N,E,I,A,A,H,-,D,D,0,,,,,Y,Y,A,07,0,1,0,0,0,0,0,0,0,"- ","- ",37.059860229492188,-122.10951232910156,"SANTA CRUZ",UNINCORPORATED,,
91522659,2021,2021-07-19,9720,2021-07-09,1100,021717,,5,1,9,4400,0,2,4,,1,031,"FREEDOM BLVD","ERTA LN",80.00,E,N,A,-,N,,,,,,,,,,Y,3,0,2,2,A,-,08,22107,,N,D,C,A,A,H,-,A,D,0,,,,,Y,,A,01,0,1,1,0,0,0,0,0,0,"- ","- ",36.955509185791016,-121.7994384765625,"SANTA CRUZ",UNINCORPORATED,-121.80202484130859,36.957736968994141
91522661,2021,2021-07-19,9720,2021-07-09,1350,021321,,5,1,9,4400,0,1,3,,2,020,"STATE ROUTE 1 N/B","PARK AVENUE",300.00,N,N,A,-,Y,,,1,,,,,,N,N,4,0,1,2,A,-,03,22350,,N,C,C,A,A,H,-,A,D,0,,,,,Y,,A,01,0,0,1,0,0,0,0,0,0,"- ","- ",36.984039306640625,-121.94152069091797,"SANTA CRUZ",UNINCORPORATED,-121.94152069091797,36.984085083007812
91522663,2021,2021-07-19,9720,2021-07-09,1655,022542,,5,2,9,4400,0,1,3,,1,034,SR-152,"FALLOWFIELD LN",200.00,E,N,A,-,Y,,,152,,,,,,,Y,3,0,1,4,A,-,08,22107,,N,B,C,A,A,H,-,A,D,0,,,,,Y,,D,22,0,1,0,0,0,0,0,0,0,"- ","- ",36.961841583251953,-121.72225952148438,"SANTA CRUZ",UNINCORPORATED,-121.72218322753906,36.961845397949219
91522691,2021,2021-07-19,9720,2021-07-14,0745,014931,,3,1,9,4400,0,1,3,,1,035,SR-129,SR-1,0.00,,Y,B,-,Y,,,129,,,,,,,Y,3,0,1,2,A,-,09,21802,A,N,D,C,A,A,H,-,A,A,0,,,,,Y,,A,07,0,1,0,0,0,0,0,0,0,"- ","- ",36.895221710205078,-121.77201080322266,"SANTA CRUZ",UNINCORPORATED,-121.77202606201172,36.895248413085938
91522693,2021,2021-07-19,9720,2021-07-14,0805,021717,,3,1,9,4400,0,2,4,,1,016,"GRAHAM HILL RD","MEYER RD",1056.00,N,N,A,-,N,,,,,,,,,,Y,3,0,1,2,C,-,18,,,N,C,C,A,A,H,-,A,D,0,,,,,Y,,-,"- ",0,1,0,0,0,0,0,0,0,"- ","- ",37.021011352539062,-122.03656005859375,"SANTA CRUZ",UNINCORPORATED,-122.03670501708984,37.021484375
91522694,2021,2021-07-19,9720,2021-07-13,1702,021918,,2,2,9,4400,0,1,3,,2,020,"S/B SR-1","BAY AVE",200.00,S,N,A,-,Y,,,1,,,,,,,N,3,0,1,2,A,-,03,22350,,N,C,C,A,A,H,-,A,D,0,,,,,Y,,D,22,0,1,0,0,0,0,0,0,0,"- ","- ",36.982929229736328,-121.95958709716797,"SANTA CRUZ",UNINCORPORATED,-121.9595947265625,36.982948303222656
91525244,2021,2021-07-21,9720,2021-07-05,0700,015170,,1,1,9,4400,0,1,3,,1,017,SR-17,"EL RANCHO DR",150.00,S,N,B,-,Y,,,,,,,,,,Y,4,0,1,1,A,-,08,22107,,N,E,I,A,A,H,-,A,D,0,,,,,Y,,D,22,0,0,1,0,0,0,0,0,0,"- ","- ",37.667530059814453,-121.58853149414062,"SANTA CRUZ",UNINCORPORATED,-122.01873016357422,36.994071960449219
91525521,2021,2021-07-21,9720,2021-07-12,0007,022511,,1,3,9,4400,0,1,3,,1,034,SR-152,"RED HAWK PL.",2112.00,E,N,A,-,Y,,,152,,,,,,,Y,3,0,1,1,A,-,01,23152,A,N,E,I,A,A,H,-,D,D,0,,,,,Y,Y,A,01,0,1,0,0,0,0,0,0,0,"- ","- ",36.975780487060547,-121.71507263183594,"SANTA CRUZ",UNINCORPORATED,-121.71498870849609,36.975841522216797
91525532,2021,2021-07-21,9720,2021-07-13,1155,021806,,2,1,9,4400,0,1,3,,2,020,"N/B SR-1","STATE PARK DR. O/C",100.00,N,N,A,-,Y,,,1,,,,,,,N,3,0,1,2,A,-,03,22350,,N,C,C,A,A,H,-,A,D,0,,,,,Y,,A,01,0,1,0,0,0,0,0,0,0,"- ","- ",36.978328704833984,-121.91089630126953,"SANTA CRUZ",UNINCORPORATED,-121.910888671875,36.978355407714844
91525605,2021,2021-07-21,9720,2021-07-17,2500,022458,,6,4,9,4400,0,1,3,,1,012,"SR-236 W/B","HAZEL AVE",25.00,W,N,A,-,Y,,,,,,,,,,N,2,0,1,2,A,-,08,22107,,F,G,B,F,A,H,-,C,D,0,Y,,,,Y,Y,-,99,1,0,0,0,1,0,0,0,0,"- ","- ",37.125389099121094,-122.12796020507812,"SANTA CRUZ",UNINCORPORATED,-122.12751007080078,37.125179290771484
91525617,2021,2021-07-21,9720,2021-07-17,1458,022290,,6,2,9,4400,0,1,3,,2,020,"SR-1 S/B","PARK AVE",1320.00,S,N,A,-,Y,,,1,,,,,,S,Y,4,0,1,2,A,-,07,21658,A,N,C,C,A,A,H,-,A,D,0,,,,,Y,,A,01,0,0,1,0,0,0,0,0,0,"- ","- ",36.983890533447266,-121.93296051025391,"SANTA CRUZ",UNINCORPORATED,-121.93296051025391,36.983879089355469
91527488,2021,2021-07-23,9720,2021-07-10,0951,021211,,6,1,9,4400,0,3,5,,2,200,"MONTEREY AVE","SOQUEL DR",75.00,S,N,A,-,N,,,,,,,,,,N,3,0,1,1,C,-,18,,,N,E,I,A,A,H,-,A,D,0,,,,,Y,,-,"- ",0,1,0,0,0,0,0,0,0,"- ","- ",36.987400054931641,-121.94049835205078,"SANTA CRUZ",UNINCORPORATED,-121.94029235839844,36.987598419189453
91527749,2021,2021-07-23,9720,2021-07-04,1650,022044,,7,2,9,4400,0,3,5,,2,200,"PAUL SWEET RD","SOQUEL DR.",715.00,E,N,A,-,N,,,,,,,,,,N,3,0,1,1,A,-,01,23152,A,N,E,I,A,A,H,-,A,D,0,,,,,Y,Y,A,01,0,1,0,0,0,0,0,0,0,"- ","- ",36.988979339599609,-121.98529052734375,"SANTA CRUZ",UNINCORPORATED,-121.98526000976562,36.987850189208984
91528154,2021,2021-07-26,9720,2021-07-23,1150,021714,,5,1,9,4400,0,1,3,,1,017,"SR-17 S/B","PASATIEMPO DR",528.00,N,N,A,-,Y,,,17,,,,,,S,Y,4,0,1,2,A,-,03,22350,,N,C,C,A,A,H,-,A,D,0,,,,,Y,,A,07,0,0,1,0,0,0,0,0,0,"- ","- ",37.004570007324219,-122.020751953125,"SANTA CRUZ",UNINCORPORATED,-122.02065277099609,37.004581451416016
91529583,2021,2021-07-27,9720,2021-07-23,2140,022511,,5,2,9,4400,0,3,5,,2,100,"FELTON EMPIRE RD","KRAZY ARCE LN.",107.00,W,N,A,-,N,,,,,,,,,,Y,2,0,1,1,A,-,03,22350,,N,F,A,A,A,H,-,D,D,0,,,Y,,Y,,C,02,1,0,0,0,0,0,0,0,1,"- ","- ",37.052829742431641,-122.09364318847656,"SANTA CRUZ",UNINCORPORATED,-122.09356689453125,37.052818298339844
91529642,2021,2021-07-27,9720,2021-07-24,2028,022290,,6,2,9,4400,0,3,5,,2,200,"HAPPY VALLEY RD","BRANCIFORTE DR",500.00,N,N,A,-,N,,,,,,,,,,N,3,0,1,1,A,-,08,22107,,N,E,I,A,A,H,-,D,D,0,,,Y,,Y,,C,02,0,1,0,0,0,0,0,0,1,"- ","- ",37.028049468994141,-121.98564147949219,"SANTA CRUZ",UNINCORPORATED,-121.98574829101562,37.028060913085938
91529748,2021,2021-07-27,9720,2021-07-20,1438,022542,,2,2,9,4400,0,1,3,,1,010,SR-1,"COAST ROAD",80.00,S,N,A,-,Y,,,1,,,,,,,N,3,0,1,2,A,-,08,22107,,N,H,G,A,A,H,-,A,D,0,,Y,Y,,Y,,L,04,0,1,0,0,0,0,1,0,0,"- ","- ",36.982578277587891,-122.14315032958984,"SANTA CRUZ",UNINCORPORATED,-122.14316558837891,36.982555389404297
91530015,2021,2021-07-27,9720,2021-07-15,1905,022329,,4,2,9,4400,0,3,5,,2,100,SR-35,"BLACK RD",70.00,S,N,A,-,Y,,,35,,,,,,,Y,3,0,1,1,A,-,01,23152,F,N,E,8,A,A,H,-,A,D,0,,,,,Y,,A,01,0,1,0,0,0,0,0,0,0,"- ","- ",37.20526123046875,-122.04808044433594,"SANTA CRUZ",UNINCORPORATED,-122.04805755615234,37.205295562744141
91531015,2021,2021-07-28,9720,2021-07-18,1313,021877,,7,1,9,4400,0,2,4,,1,022,"SOQUEL SAN JOSE RD.","ALFADEL LN.",1584.00,N,N,A,-,N,,,,,,,,,,Y,3,0,1,1,A,-,08,22107,,N,E,I,A,A,H,-,A,D,0,,,Y,,Y,,C,02,0,1,0,0,0,0,0,0,1,"- ","- ",37.030349731445312,-121.94825744628906,"SANTA CRUZ",UNINCORPORATED,-121.9481201171875,37.029701232910156