CASE_ID,ACCIDENT_YEAR,PROC_DATE,JURIS,COLLISION_DATE,COLLISION_TIME,OFFICER_ID,REPORTING_DISTRICT,DAY_OF_WEEK,CHP_SHIFT,POPULATION,CNTY_CITY_LOC,SPECIAL_COND,BEAT_TYPE,CHP_BEAT_TYPE,CITY_DIVISION_LAPD,CHP_BEAT_CLASS,BEAT_NUMBER,PRIMARY_RD,SECONDARY_RD,DISTANCE,DIRECTION,INTERSECTION,WEATHER_1,WEATHER_2,STATE_HWY_IND,CALTRANS_COUNTY,CALTRANS_DISTRICT,STATE_ROUTE,ROUTE_SUFFIX,POSTMILE_PREFIX,POSTMILE,LOCATION_TYPE,RAMP_INTERSECTION,SIDE_OF_HWY,TOW_AWAY,COLLISION_SEVERITY,NUMBER_KILLED,NUMBER_INJURED,PARTY_COUNT,PRIMARY_COLL_FACTOR,PCF_CODE_OF_VIOL,PCF_VIOL_CATEGORY,PCF_VIOLATION,PCF_VIOL_SUBSECTION,HIT_AND_RUN,TYPE_OF_COLLISION,MVIW,PED_ACTION,ROAD_SURFACE,ROAD_COND_1,ROAD_COND_2,LIGHTING,CONTROL_DEVICE,CHP_ROAD_TYPE,PEDESTRIAN_ACCIDENT,BICYCLE_ACCIDENT,MOTORCYCLE_ACCIDENT,TRUCK_ACCIDENT,NOT_PRIVATE_PROPERTY,ALCOHOL_INVOLVED,STWD_VEHTYPE_AT_FAULT,CHP_VEHTYPE_AT_FAULT,COUNT_SEVERE_INJ,COUNT_VISIBLE_INJ,COUNT_COMPLAINT_PAIN,COUNT_PED_KILLED,COUNT_PED_INJURED,COUNT_BICYCLIST_KILLED,COUNT_BICYCLIST_INJURED,COUNT_MC_KILLED,COUNT_MC_INJURED,PRIMARY_RAMP,SECONDARY_RAMP,LATITUDE,LONGITUDE,COUNTY,CITY,POINT_X,POINT_Y
91531472,2021,2021-08-12,9720,2021-03-25,1632,021833,,4,2,5,4402,0,1,3,,2,020,"SR-1 S/B","MORRISSEY BLVD",1056.00,N,N,A,-,Y,,,1,,,,,,S,Y,1,1,3,4,A,-,03,22350,,N,C,C,A,A,H,-,A,D,0,,,,,Y,,D,22,1,0,2,0,0,0,0,0,0,"- ","- ",36.988338470458984,-122.00846099853516,"SANTA CRUZ","SANTA CRUZ",-122.00846099853516,36.988388061523438
91532119,2021,2021-07-29,9720,2021-07-10,1610,022044,,6,2,9,4400,0,1,3,,1,017,"SR-17 N/B","SUGARLOAF RD",0.00,,Y,A,-,Y,,,17,,,,,,N,N,3,0,1,2,A,-,09,21804,A,N,D,C,A,A,H,-,A,D,0,,,Y,,Y,,B,07,0,1,0,0,0,0,0,0,1,"- ","- ",37.095161437988281,-121.97663879394531,"SANTA CRUZ",UNINCORPORATED,-121.97671508789062,37.095222473144531
91532131,2021,2021-07-29,9720,2021-07-22,0933,021714,,4,1,9,4400,0,1,3,,1,010,"SR-1 S/B","DAVENPORT LANDING RD.",147.00,S,N,A,-,Y,,,1,,,,,,S,N,2,0,1,2,A,-,08,22107,,N,H,G,A,A,H,-,A,D,0,,Y,,Y,Y,,L,04,1,0,0,0,0,0,1,0,0,"- ","- ",37.024250030517578,-122.21150970458984,"SANTA CRUZ",UNINCORPORATED,-122.21147918701172,37.024284362792969
91534222,2021,2021-08-02,9720,2021-05-16,1850,021918,,7,2,9,4400,0,1,3,,1,015,"S/B SR-9","SOUTH DR",25.00,N,N,A,-,Y,,,9,,,,,,,N,2,0,1,2,A,-,08,22107,,F,D,C,A,A,H,-,A,D,0,,,Y,,Y,Y,A,01,1,0,0,0,0,0,0,0,1,"- ","- ",37.118549346923828,-122.12066650390625,"SANTA CRUZ",UNINCORPORATED,-122.12068176269531,37.118549346923828
91534227,2021,2021-08-02,9720,2021-07-23,1240,021714,,5,1,9,4400,0,1,3,,1,017,"SR-17 S/B","MT. HERMON RD.",1056.00,N,N,A,-,Y,,,17,,,,,,S,N,4,0,2,3,A,-,03,22350,,N,C,C,A,A,H,-,A,D,0,,,,,Y,,A,01,0,0,2,0,0,0,0,0,0,"- ","- ",37.048538208007812,-122.01245880126953,"SANTA CRUZ",UNINCORPORATED,-122.01230621337891,37.048427581787109
91534251,2021,2021-08-02,9720,2021-07-28,0005,014931,,3,3,9,4400,0,2,4,,1,032,"GREEN VALLEY RD","WHEELOCK WAY",528.00,E,N,A,-,N,,,,,,,,,,Y,2,0,2,1,A,-,08,22107,,F,E,I,A,A,H,-,D,D,0,,,,,Y,,A,01,1,0,1,0,0,0,0,0,0,"- ","- ",36.978649139404297,-121.77578735351562,"SANTA CRUZ",UNINCORPORATED,-121.77593994140625,36.979000091552734
91534271,2021,2021-08-02,9720,2021-07-25,1310,021714,,7,1,9,4400,0,1,3,,1,017,"SR-17 S/B","PASTATIEMPO DR.",1056.00,N,N,A,-,Y,,,17,,,,,,S,Y,4,0,1,3,A,-,03,22350,,N,C,C,A,A,H,-,A,D,0,,,,,Y,,A,01,0,0,1,0,0,0,0,0,0,"- ","- ",37.004188537597656,-122.02071380615234,"SANTA CRUZ",UNINCORPORATED,-122.02060699462891,37.004199981689453
91534277,2021,2021-08-02,9720,2021-07-25,1412,022545,,7,2,9,4400,0,1,3,,1,034,"SR-152 (E LAKE AVE)","DELANEY AVE",388.00,W,N,A,-,Y,,,152,,,,,,,Y,4,0,5,2,A,-,09,21801,A,N,A,C,A,A,H,-,A,D,0,,,,,Y,,A,07,0,0,5,0,0,0,0,0,0,"- ","- ",36.952449798583984,-121.73104858398438,"SANTA CRUZ",UNINCORPORATED,-121.73101806640625,36.952419281005859
91534318,2021,2021-08-02,9720,2021-07-21,1815,022329,,3,2,9,4400,0,3,5,,2,300,"GREEN VALLEY RD","KLASSEN LN",30.00,W,N,A,-,N,,,,,,,,,,N,4,0,1,2,A,-,01,23152,A,M,C,C,A,A,H,-,A,D,0,,,,,Y,Y,A,08,0,0,1,0,0,0,0,0,0,"- ","- ",36.957420349121094,-121.76490783691406,"SANTA CRUZ",UNINCORPORATED,-121.76496887207031,36.960918426513672
91534739,2021,2021-08-02,9720,2021-07-29,1240,015170,,4,1,9,4400,0,1,3,,1,015,SR-9,"GLEN ARBOR RD (LOWER)",1584.00,N,N,A,-,Y,,,,,,,,,,Y,4,0,1,1,A,-,08,22107,,N,E,I,A,A,H,-,A,D,0,,,,,Y,,A,01,0,0,1,0,0,0,0,0,0,"- ","- ",37.3343505859375,-121.87338256835938,"SANTA CRUZ",UNINCORPORATED,-122.08319854736328,37.078235626220703
91534810,2021,2021-08-02,9720,2021-07-29,2200,022471,,4,3,9,4400,0,3,5,,2,100,"FELTON EMPIRE RD","KRAZY ACRE LN",100.00,W,N,A,-,N,,,,,,,,,,Y,4,0,1,1,A,-,08,22107,,N,E,I,A,A,H,-,D,D,0,,,,,Y,,A,01,0,0,1,0,0,0,0,0,0,"- ","- ",37.052639007568359,-122.09342193603516,"SANTA CRUZ",UNINCORPORATED,-122.09354400634766,37.052806854248047
91534848,2021,2021-08-02,9720,2021-07-30,1215,020012,,5,1,9,4400,0,1,3,,2,030,"SR-1 N/B","FREEDOM BLVD",528.00,S,N,A,-,Y,,,1,,,,,,N,Y,4,0,1,2,A,-,03,22350,,N,C,C,A,A,H,-,A,D,0,,,,,Y,,A,01,0,0,1,0,0,0,0,0,0,"- ","- ",36.967441558837891,-121.86927795410156,"SANTA CRUZ",UNINCORPORATED,-121.86933135986328,36.967384338378906
91535750,2021,2021-08-03,9720,2021-07-23,1838,022542,,5,2,9,4400,0,3,5,,2,200,"BRANCIFORTE DR","CREEKSIDE LN",250.00,N,N,A,-,Y,,,,,,,,,,Y,3,0,1,2,A,-,01,23152,A,N,C,E,A,A,H,-,A,D,0,,,,,Y,Y,D,22,0,1,0,0,0,0,0,0,0,"- ","- ",36.994991302490234,-122.01177215576172,"SANTA CRUZ",UNINCORPORATED,-122.01181030273438,36.994617462158203
91535768,2021,2021-08-03,9720,2021-07-25,1530,022542,,7,2,9,4400,0,2,4,,1,021,"SOQUEL DR","CARRIKER LN",50.00,E,N,B,-,N,,,,,,,,,,Y,3,0,2,2,A,-,09,21804,A,N,D,C,A,A,H,-,A,D,0,,,,,Y,,A,07,0,2,0,0,0,0,0,0,0,"- ","- ",36.987220764160156,-121.96784973144531,"SANTA CRUZ",UNINCORPORATED,-121.96793365478516,36.987247467041016
91535781,2021,2021-08-03,9720,2021-07-29,1614,022290,,4,2,9,4400,0,1,3,,1,014,SR-9,"WEST PARK AVE",90.00,S,N,A,-,Y,,,9,,,,,,,N,3,0,1,2,A,-,03,22350,,N,C,C,A,A,H,-,A,D,0,,,Y,,Y,,C,02,0,1,0,0,0,0,0,0,1,"- ","- ",37.126998901367188,-122.122802734375,"SANTA CRUZ",UNINCORPORATED,-122.12282562255859,37.126991271972656
91536507,2021,2021-08-04,9720,2021-07-26,1955,022329,,1,2,9,4400,0,1,3,,1,010,"SR-1 N/B","CANYON RD",7.00,S,N,B,-,Y,,,1,,,,,,N,Y,4,0,1,2,A,-,05,21460,A,N,D,C,A,A,H,-,B,D,0,,,,,Y,,A,01,0,0,1,0,0,0,0,0,0,"- ","- ",37.095699310302734,-122.27716827392578,"SANTA CRUZ",UNINCORPORATED,-122.27717590332031,37.095695495605469
91536872,2021,2021-08-04,9720,2021-07-23,0026,021540,,5,3,9,4400,0,2,4,,1,023,"17TH AVE","BROMMER ST",50.00,S,N,A,-,N,,,,,,,,,,Y,3,0,2,2,A,-,01,23152,A,F,A,C,A,A,H,-,E,D,0,,,,,Y,Y,A,01,0,1,1,0,0,0,0,0,0,"- ","- ",36.970989227294922,-121.98454284667969,"SANTA CRUZ",UNINCORPORATED,-121.98454284667969,36.970935821533203
91537633,2021,2021-08-05,9720,2021-08-01,1345,021248,,7,1,9,4400,0,1,3,,2,020,"SR-1 N/B","PARK AVE",2112.00,S,N,A,-,Y,,,1,,,,,,N,Y,4,0,3,3,A,-,03,22350,,N,C,C,A,A,H,-,A,D,0,,,,,Y,,A,07,0,0,3,0,0,0,0,0,0,"- ","- ",36.983589172363281,-121.92935943603516,"SANTA CRUZ",UNINCORPORATED,-121.92935180664062,36.983623504638672
91537927,2021,2021-08-05,9720,2021-07-31,0350,021717,,6,3,9,4400,0,1,3,,1,035,SR-129,"HARVEST DR",210.00,E,N,B,-,Y,,,129,,,,,,,Y,4,0,1,1,A,-,08,22107,,N,E,I,A,B,H,-,D,D,0,,,,,Y,,A,01,0,0,1,0,0,0,0,0,0,"- ","- ",36.90216064453125,-121.76248931884766,"SANTA CRUZ",UNINCORPORATED,-121.76240539550781,36.90203857421875
91538117,2021,2021-08-05,9720,2021-07-10,1330,021860,,6,1,9,4400,0,1,3,,1,017,"SR-17 S/B","PASATIEMPO DRIVE",1056.00,N,N,A,-,Y,,,17,,,,,,S,Y,2,0,1,2,A,-,07,21658,A,F,C,C,A,A,H,-,A,D,0,,,Y,,Y,,-,99,1,0,0,0,0,0,0,0,1,"- ","- ",36.992259979248047,-122.01976776123047,"SANTA CRUZ",UNINCORPORATED,-122.01983642578125,36.992313385009766
91538124,2021,2021-08-05,9720,2021-07-21,1744,021860,,3,2,9,4400,0,3,5,,2,100,"EAST ZAYANTE ROAD","GRAHAM HILL ROAD",1056.00,N,N,A,-,N,,,,,,,,,,Y,2,0,1,2,A,-,09,21804,A,N,A,C,A,A,H,-,A,D,0,,,Y,,Y,,A,08,1,0,0,0,0,0,0,0,1,"- ","- ",37.051681518554688,-122.06340789794922,"SANTA CRUZ",UNINCORPORATED,-122.06337738037109,37.051883697509766
91539630,2021,2021-08-09,9720,2021-07-29,1358,022545,,4,1,9,4400,0,3,5,,2,200,"APTOS CREEK RD","APTOS VILLAGE WY",528.00,N,N,A,-,N,,,,,,,,,,Y,4,0,1,1,A,-,01,23152,F,N,E,I,A,A,H,-,A,D,0,,,,,Y,,A,01,0,0,1,0,0,0,0,0,0,"- ","- ",36.979709625244141,-121.90249633789062,"SANTA CRUZ",UNINCORPORATED,-121.90256500244141,36.979408264160156
91539641,2021,2021-08-09,9720,2021-07-30,1710,022140,,5,2,9,4400,0,2,4,,1,021,"SOQUEL DR","HARDIN WAY",0.00,,Y,A,-,N,,,,,,,,,,Y,4,0,1,2,A,-,04,21703,,N,C,C,A,A,H,-,A,D,0,,,,,Y,,A,01,0,0,1,0,0,0,0,0,0,"- ","- ",36.987758636474609,-121.94444274902344,"SANTA CRUZ",UNINCORPORATED,-121.94451904296875,36.987812042236328
91539648,2021,2021-08-09,9720,2021-08-01,1300,021321,,7,1,9,4400,0,1,3,,1,034,"STATE ROUTE 152","BELLA VISTA LANE",1450.00,W,N,A,-,Y,,,152,,,,,,,Y,2,0,1,1,A,-,03,22350,,N,E,I,A,A,H,-,A,D,0,,,Y,,Y,,C,02,1,0,0,0,0,0,0,0,1,"- ","- ",36.990261077880859,-121.71636962890625,"SANTA CRUZ",UNINCORPORATED,-121.71630859375,36.990314483642578
91540166,2021,2021-08-09,9720,2021-07-18,1610,022329,,7,2,9,4400,0,3,5,,2,300,"SR-152 (E. LAKE AVE)","COLEMAN AVE.",160.00,E,N,A,-,Y,,,152,,,,,,,Y,3,0,1,3,A,-,01,23152,A,N,C,4,A,A,H,-,A,D,0,,,,,Y,Y,A,01,0,1,0,0,0,0,0,0,0,"- ","- ",36.930938720703125,-121.74427795410156,"SANTA CRUZ",UNINCORPORATED,-121.74420928955078,36.930919647216797
91540467,2021,2021-08-09,9720,2021-07-03,1610,022329,,6,2,9,4400,0,3,5,,2,300,"CASSERLY RD","MT. MADONNA",566.00,S,N,A,-,N,,,,,,,,,,Y,2,0,1,1,A,-,01,23152,A,N,E,I,A,A,H,-,A,D,0,,,,,Y,Y,A,01,1,0,0,0,0,0,0,0,0,"- ","- ",36.974849700927734,-121.74250793457031,"SANTA CRUZ",UNINCORPORATED,-121.74234008789062,36.974330902099609
91540487,2021,2021-08-09,9720,2021-08-01,2000,022542,,7,2,9,4400,0,1,3,,2,030,"SR-1 N/B TO SR-129","SR-129 OVERCROSSING",100.00,S,N,A,-,Y,,,1,,,,R,,N,Y,3,0,1,1,A,-,08,22107,,N,E,8,A,A,H,-,A,D,0,,,,,Y,,A,01,0,1,0,0,0,0,0,0,0,"- ","- ",36.893119812011719,-121.77346038818359,"SANTA CRUZ",UNINCORPORATED,-121.77346038818359,36.893119812011719
91540516,2021,2021-08-09,9720,2021-08-02,2345,022293,,1,3,9,4400,0,3,5,,2,100,"LOMPICO RD","EAST ZAYANTE RD",212.00,N,N,A,-,N,,,,,,,,,,Y,3,0,1,1,A,-,01,23152,A,N,E,I,A,A,H,-,D,D,0,,,,,Y,Y,A,01,0,1,0,0,0,0,0,0,0,"- ","- ",37.084030151367188,-122.05140686035156,"SANTA CRUZ",UNINCORPORATED,-122.05116271972656,37.083755493164062
91540621,2021,2021-08-09,9720,2021-08-05,0850,014931,,4,1,9,4400,0,2,4,,1,032,"GREEN VALLEY ROAD","AMESTI ROAD",0.00,,Y,B,-,N,,,,,,,,,,Y,3,0,1,3,A,-,09,21801,A,N,D,C,A,A,H,-,A,A,0,,,,,Y,,D,22,0,1,0,0,0,0,0,0,0,"- ","- ",36.945781707763672,-121.76687622070312,"SANTA CRUZ",UNINCORPORATED,-121.76686859130859,36.945621490478516
91541132,2021,2021-08-10,9720,2021-08-01,1446,022290,,7,2,9,4400,0,1,3,,2,030,"SR-1 N/B","FREEDOM BLVD",1320.00,S,N,A,-,Y,,,1,,,,,,N,N,4,0,1,4,A,-,03,22350,,N,C,C,A,A,H,-,A,D,0,,,,,Y,,A,01,0,0,1,0,0,0,0,0,0,"- ","- ",36.967281341552734,-121.86923980712891,"SANTA CRUZ",UNINCORPORATED,-121.86923217773438,36.967288970947266
91541455,2021,2021-08-10,9720,2021-08-05,0626,014931,,4,1,9,4400,0,3,5,,2,300,"CARLTON ROAD","THOMPSON RD",0.00,,Y,B,-,N,,,,,,,,,,Y,3,0,2,2,A,-,09,21802,A,N,D,C,A,A,H,-,A,A,0,,,,,Y,,A,01,0,2,0,0,0,0,0,0,0,"- ","- ",36.928611755371094,-121.70606231689453,"SANTA CRUZ",UNINCORPORATED,-121.70665740966797,36.938304901123047
91541778,2021,2021-08-10,9720,2021-08-07,0542,022399,,6,3,9,4400,0,1,3,,1,035,SR-129,"BLACKBURN ST",2112.00,E,N,A,-,Y,,,129,,,,,,,Y,3,0,1,2,A,-,06,21751,,N,A,C,A,A,H,-,B,D,0,,,,,Y,,A,07,0,1,0,0,0,0,0,0,0,"- ","- ",36.914520263671875,-121.73902893066406,"SANTA CRUZ",UNINCORPORATED,-121.73902130126953,36.914505004882812
91542358,2021,2021-08-11,9720,2021-08-04,0535,021540,,3,3,9,4400,0,1,3,,2,020,"SR-1 N/B","PARK AVE",1000.00,S,N,B,-,Y,,,1,,,,,,N,Y,3,0,1,2,A,-,03,22350,,N,C,C,A,A,H,-,B,D,0,,,,Y,Y,,A,01,0,1,0,0,0,0,0,0,0,"- ","- ",36.983879089355469,-121.93335723876953,"SANTA CRUZ",UNINCORPORATED,-121.933349609375,36.984046936035156
91542867,2021,2021-08-11,9720,2021-07-31,1300,021211,,6,1,9,4400,0,1,3,,2,020,"N/B SR-1","PARK AVE.",1584.00,S,N,B,-,Y,,,1,,,,,,,N,4,0,1,2,A,-,03,22350,,N,C,C,A,A,H,-,A,D,0,,,,,Y,,A,01,0,0,1,0,0,0,0,0,0,"- ","- ",36.983798980712891,-121.93070220947266,"SANTA CRUZ",UNINCORPORATED,-121.93070220947266,36.983806610107422
91543321,2021,2021-08-12,9720,2021-08-03,2345,022458,,2,3,9,4400,0,3,5,,2,300,"LARKIN VALLEY RD","MANFRE ROAD",317.00,N,N,A,-,N,,,,,,,,,,Y,2,0,1,1,A,-,01,23152,A,N,F,A,A,A,H,-,D,D,0,,,Y,,Y,Y,C,02,1,0,0,0,0,0,0,0,1,"- ","- ",36.927520751953125,-121.80140686035156,"SANTA CRUZ",UNINCORPORATED,-121.80141448974609,36.927658081054688
91543917,2021,2021-08-12,9720,2021-07-31,1540,020977,,6,2,9,4400,0,2,4,,1,031,"FREEDOM BOULEVARD","PLEASANT VALLEY RD",216.00,W,N,A,-,N,,,,,,,,,,Y,3,0,1,1,A,-,01,23152,A,N,E,I,A,A,D,-,A,A,0,,,,,Y,Y,D,22,0,1,0,0,0,0,0,0,0,"- ","- ",36.976871490478516,-121.82585906982422,"SANTA CRUZ",UNINCORPORATED,-121.82566070556641,36.976749420166016
91545921,2021,2021-08-16,9720,2021-08-09,0043,022125,,1,3,9,4400,0,3,5,,2,300,"W BEACH ST","SAN ANDREAS RD",36.00,S,N,A,-,N,,,,,,,,,,Y,4,0,1,1,A,-,03,22350,,N,E,I,A,A,H,-,D,A,0,,,,,Y,,A,01,0,0,1,0,0,0,0,0,0,"- ","- ",36.882938385009766,-121.79753112792969,"SANTA CRUZ",UNINCORPORATED,-121.79757690429688,36.882942199707031
91547937,2021,2021-08-18,9720,2021-08-08,1025,021714,,7,1,9,4400,0,1,3,,1,017,"SR-17 S/B","VINE HILL RD",30.00,N,N,A,-,Y,,,,,,,,,,Y,4,0,2,3,A,-,03,22350,,N,C,C,A,A,H,-,A,D,0,,,,,Y,,A,01,0,0,2,0,0,0,0,0,0,"- ","- ",37.071651458740234,-121.99134826660156,"SANTA CRUZ",UNINCORPORATED,-121.97938537597656,37.079048156738281
91547956,2021,2021-08-18,9720,2021-08-08,1736,022290,,7,2,9,4400,0,1,3,,1,010,SR-1,"BONNY DOON RD",450.00,S,N,B,-,Y,,,1,,,,,,,Y,3,0,2,2,A,-,09,21804,A,N,C,C,A,A,H,-,A,D,0,,,,,Y,,A,01,0,1,1,0,0,0,0,0,0,"- ","- ",37.000049591064453,-122.179443359375,"SANTA CRUZ",UNINCORPORATED,-122.17945098876953,37.000038146972656
91547983,2021,2021-08-18,9720,2021-07-28,1255,021877,,3,1,9,4400,0,2,4,,1,021,"SOQUEL DR.","MISSION DR.",20.00,W,N,A,-,N,,,,,,,,,,N,3,0,1,2,A,-,07,21658,A,F,B,C,A,A,H,-,A,A,0,,,Y,,Y,,D,22,0,1,0,0,0,0,0,0,1,"- ","- ",36.989009857177734,-121.98084259033203,"SANTA CRUZ",UNINCORPORATED,-121.98079681396484,36.989078521728516
91547986,2021,2021-08-18,9720,2021-08-09,1250,021321,,1,1,9,4400,0,1,3,,1,015,"RT 9","FOREST STREET",18.00,S,N,A,-,Y,,,9,,,,,,,N,2,0,1,2,A,-,10,21950,A,N,G,B,B,A,H,-,A,D,0,Y,,,,Y,,D,22,1,0,0,0,1,0,0,0,0,"- ","- ",37.123981475830078,-122.12185668945312,"SANTA CRUZ",UNINCORPORATED,-122.12184906005859,37.123981475830078
91548066,2021,2021-08-18,9720,2021-08-10,1455,022329,,2,2,9,4400,0,3,5,,2,200,"MOUNT BACHE RD.","LOMA PRIETA WAY",4224.00,E,N,A,-,N,,,,,,,,,,Y,3,0,1,1,A,-,01,23152,A,N,E,I,A,A,H,-,A,D,0,,,,,Y,Y,A,07,0,1,0,0,0,0,0,0,0,"- ","- ",37.103481292724609,-121.87757110595703,"SANTA CRUZ",UNINCORPORATED,-121.89031982421875,37.105178833007812
91548389,2021,2021-08-18,9720,2021-08-12,0900,022125,,4,1,9,4400,0,1,3,,2,030,"SR-1 N/B","FREEDOM BLVD",1584.00,S,N,A,-,Y,,,1,,,,,,N,N,4,0,1,3,A,-,03,22350,,N,C,C,A,A,H,-,A,D,0,,,,,Y,,A,07,0,0,1,0,0,0,0,0,0,"- ","- ",36.966861724853516,-121.86881256103516,"SANTA CRUZ",UNINCORPORATED,-121.86879730224609,36.966873168945312
91548405,2021,2021-08-18,9720,2021-06-09,2000,020977,,3,2,9,4400,0,2,S,,2,702,"BROWNS VALLEY RD","AMESTI RD",46.00,W,N,A,-,N,,,,,,,,,,N,2,0,1,2,A,-,08,22107,,F,H,G,A,A,H,-,B,A,0,,Y,,,Y,,-,99,1,0,0,0,0,0,1,0,0,"- ","- ",36.988868713378906,-121.80094909667969,"SANTA CRUZ",UNINCORPORATED,-121.80101776123047,36.988838195800781
91548410,2021,2021-08-18,9720,2021-08-13,0530,021717,,5,3,9,4400,0,1,3,,1,035,SR-129,"ROGGE LN",2640.00,E,N,A,-,Y,,,129,,,,,,,Y,4,0,1,2,A,-,05,21460,A,N,A,C,A,A,H,-,D,D,0,,,,,Y,,A,01,0,0,1,0,0,0,0,0,0,"- ","- ",36.909709930419922,-121.63240814208984,"SANTA CRUZ",UNINCORPORATED,-121.63233184814453,36.909622192382812
91549128,2021,2021-08-19,9720,2021-08-15,1435,022329,,7,2,9,4400,0,2,4,,1,021,"SOQUEL DR","MAIN ST",0.00,,Y,A,-,N,,,,,,,,,,Y,3,0,2,2,A,-,17,21451,A,N,A,C,A,A,H,-,A,A,0,,,Y,,Y,,A,01,0,2,0,0,0,0,0,0,2,"- ","- ",36.988788604736328,-121.95465850830078,"SANTA CRUZ",UNINCORPORATED,-121.95462799072266,36.988838195800781
91549771,2021,2021-08-19,9720,2021-08-13,1705,022290,,5,2,9,4400,0,3,5,,2,200,"CENTER AVE",BROADWAY,0.00,,Y,B,-,N,,,,,,,,,,N,4,0,1,2,A,-,10,21950,A,N,G,B,B,A,H,-,A,A,0,Y,,,,Y,,A,07,0,0,1,0,1,0,0,0,0,"- ","- ",36.974430084228516,-121.91120910644531,"SANTA CRUZ",UNINCORPORATED,-121.91104125976562,36.974376678466797
91549772,2021,2021-08-19,9720,2021-08-14,1746,022290,,6,2,9,4400,0,2,4,,1,024,"PORTOLA DR","38TH AVE",13.00,W,N,A,-,N,,,,,,,,,,N,4,0,1,2,A,-,03,22350,,F,C,C,A,A,H,-,A,A,0,,,,,Y,,-,99,0,0,1,0,0,0,0,0,0,"- ","- ",36.963390350341797,-121.96759033203125,"SANTA CRUZ",UNINCORPORATED,-121.96744537353516,36.96343994140625
91550740,2021,2021-08-23,9720,2021-08-12,1035,021714,,4,1,9,4400,0,1,3,,1,017,"SR-17 S/B","VINE HILL RD.",528.00,N,N,A,-,Y,,,17,,,,,,S,Y,4,0,1,3,A,-,07,21658,A,N,B,C,A,A,D,-,A,A,0,,,,Y,Y,,G,27,0,0,1,0,0,0,0,0,0,"- ","- ",37.081661224365234,-121.97686004638672,"SANTA CRUZ",UNINCORPORATED,-121.97674560546875,37.081626892089844
91551256,2021,2021-08-23,9720,2021-08-10,1720,022542,,2,2,9,4400,0,3,5,,2,100,"EAST ZAYANTE RD","WEST ZAYANTE RD",1320.00,N,N,A,-,N,,,,,,,,,,Y,3,0,1,1,A,-,08,22107,,N,E,I,A,A,H,-,A,D,0,,,,,Y,,A,01,0,1,0,0,0,0,0,0,0,"- ","- ",37.065238952636719,-122.05702972412109,"SANTA CRUZ",UNINCORPORATED,-122.05593872070312,37.062229156494141
91551835,2021,2021-08-23,9720,2021-08-11,1720,020977,,3,2,9,4400,0,2,4,,1,024,"CAPITOLA RD","CHANTICLEER AVE",198.00,E,N,A,-,N,,,,,,,,,,N,4,0,1,2,A,-,09,21801,A,N,G,C,A,A,E,-,A,A,0,,,,,Y,,D,22,0,0,1,0,0,0,0,0,0,"- ","- ",36.975479125976562,-121.97992706298828,"SANTA CRUZ",UNINCORPORATED,-121.97999572753906,36.975543975830078
91551891,2021,2021-08-23,9720,2021-08-14,0001,022399,,6,3,9,4400,0,1,3,,1,014,SR-9,SR-35,3696.00,S,N,A,-,Y,,,9,,,,,,,Y,3,0,1,1,A,-,03,22350,,N,E,I,A,A,H,-,D,D,0,,,,,Y,,A,01,0,1,0,0,0,0,0,0,0,"- ","- ",37.255321502685547,-122.13308715820312,"SANTA CRUZ",UNINCORPORATED,-122.13300323486328,37.255111694335938
91552056,2021,2021-08-23,9720,2021-08-18,0846,020012,,3,1,9,4400,0,3,5,,2,200,"MAIN ST","PORTER ST",25.00,E,N,A,-,N,,,,,,,,,,N,4,0,1,2,A,-,21,22106,,N,C,C,A,A,H,-,A,A,0,,,,,Y,Y,D,22,0,0,1,0,0,0,0,0,0,"- ","- ",36.984218597412109,-121.95703887939453,"SANTA CRUZ",UNINCORPORATED,-121.95712280273438,36.984165191650391
91552542,2021,2021-08-24,9720,2021-08-13,1148,022545,,5,1,9,4400,0,2,4,,1,021,"SOQUEL DR","APTOS RANCH RD",200.00,E,N,A,-,N,,,,,,,,,,N,3,0,1,2,A,-,09,21801,B,N,H,G,A,A,H,-,A,D,0,,Y,,,Y,,L,04,0,1,0,0,0,0,1,0,0,"- ","- ",36.978321075439453,-121.906982421875,"SANTA CRUZ",UNINCORPORATED,-121.90704345703125,36.978294372558594
91552586,2021,2021-08-24,9720,2021-08-13,2130,022511,,5,2,9,4400,0,3,5,,2,100,"E. ZAYANTE","GRAHAM HILL RD",392.00,N,N,A,-,N,,,,,,,,,,Y,3,0,1,1,A,-,01,23152,A,N,E,I,A,A,H,-,D,D,0,,,,,Y,Y,A,07,0,1,0,0,0,0,0,0,0,"- ","- ",37.050678253173828,-122.06507873535156,"SANTA CRUZ",UNINCORPORATED,-122.06505584716797,37.050670623779297