CASE_ID,ACCIDENT_YEAR,PROC_DATE,JURIS,COLLISION_DATE,COLLISION_TIME,OFFICER_ID,REPORTING_DISTRICT,DAY_OF_WEEK,CHP_SHIFT,POPULATION,CNTY_CITY_LOC,SPECIAL_COND,BEAT_TYPE,CHP_BEAT_TYPE,CITY_DIVISION_LAPD,CHP_BEAT_CLASS,BEAT_NUMBER,PRIMARY_RD,SECONDARY_RD,DISTANCE,DIRECTION,INTERSECTION,WEATHER_1,WEATHER_2,STATE_HWY_IND,CALTRANS_COUNTY,CALTRANS_DISTRICT,STATE_ROUTE,ROUTE_SUFFIX,POSTMILE_PREFIX,POSTMILE,LOCATION_TYPE,RAMP_INTERSECTION,SIDE_OF_HWY,TOW_AWAY,COLLISION_SEVERITY,NUMBER_KILLED,NUMBER_INJURED,PARTY_COUNT,PRIMARY_COLL_FACTOR,PCF_CODE_OF_VIOL,PCF_VIOL_CATEGORY,PCF_VIOLATION,PCF_VIOL_SUBSECTION,HIT_AND_RUN,TYPE_OF_COLLISION,MVIW,PED_ACTION,ROAD_SURFACE,ROAD_COND_1,ROAD_COND_2,LIGHTING,CONTROL_DEVICE,CHP_ROAD_TYPE,PEDESTRIAN_ACCIDENT,BICYCLE_ACCIDENT,MOTORCYCLE_ACCIDENT,TRUCK_ACCIDENT,NOT_PRIVATE_PROPERTY,ALCOHOL_INVOLVED,STWD_VEHTYPE_AT_FAULT,CHP_VEHTYPE_AT_FAULT,COUNT_SEVERE_INJ,COUNT_VISIBLE_INJ,COUNT_COMPLAINT_PAIN,COUNT_PED_KILLED,COUNT_PED_INJURED,COUNT_BICYCLIST_KILLED,COUNT_BICYCLIST_INJURED,COUNT_MC_KILLED,COUNT_MC_INJURED,PRIMARY_RAMP,SECONDARY_RAMP,LATITUDE,LONGITUDE,COUNTY,CITY,POINT_X,POINT_Y
91552830,2021,2021-08-24,9720,2021-08-19,1645,022162,,4,2,9,4400,0,1,3,,2,020,"SR-1 S/B","SOQUEL DR",150.00,N,N,A,-,Y,,,1,,,,,,S,N,4,0,1,2,A,-,03,22350,,N,C,C,A,A,H,-,A,D,0,,,,,Y,,A,01,0,0,1,0,0,0,0,0,0,"- ","- ",36.986698150634766,-121.98667144775391,"SANTA CRUZ",UNINCORPORATED,-121.986572265625,36.987106323242188
91553205,2021,2021-08-24,9720,2021-08-23,2303,022511,,1,3,9,4400,0,1,3,,2,030,"SR-1 N/B","BUENA VISTA DR",162.00,N,N,A,-,Y,,,1,,,,,,N,Y,4,0,1,1,A,-,08,22107,,N,E,I,A,A,H,-,D,D,0,,,,,Y,,A,01,0,0,1,0,0,0,0,0,0,"- ","- ",36.931640625,-121.81123352050781,"SANTA CRUZ",UNINCORPORATED,-121.81118011474609,36.931804656982422
91553783,2021,2021-08-25,9720,2021-08-16,1319,022564,,1,1,9,4400,0,3,5,,2,300,"BUENA VISTA DR","LOWER TRABING RD",0.00,,Y,A,-,N,,,,,,,,,,Y,3,0,1,1,A,-,03,22350,,N,E,I,A,A,H,-,A,D,0,,,,,Y,,A,01,0,1,0,0,0,0,0,0,0,"- ","- ",36.932701110839844,-121.80815124511719,"SANTA CRUZ",UNINCORPORATED,-121.80828857421875,36.9326171875
91553863,2021,2021-08-25,9720,2021-08-17,1430,022564,,2,2,9,4400,0,3,5,,2,300,"BROWNS VALLEY RD","REDWOOD RD",0.00,,Y,A,-,N,,,,,,,,,,N,2,0,1,2,A,-,09,21801,A,N,H,G,A,A,H,-,A,D,0,,Y,,,Y,,A,07,1,0,0,0,0,0,1,0,0,"- ","- ",37.026271820068359,-121.77996826171875,"SANTA CRUZ",UNINCORPORATED,-121.77970886230469,37.026603698730469
91554031,2021,2021-08-25,9720,2021-08-21,0759,020012,,6,1,9,4400,0,1,3,,2,020,"SR-1 N/B","EMELINE AVE.",1056.00,N,N,B,C,Y,,,1,,,,,,N,Y,3,0,1,1,A,-,01,23152,F,N,E,I,A,B,H,-,A,D,0,,,,,Y,,A,07,0,1,0,0,0,0,0,0,0,"- ","- ",36.9898681640625,-122.02189636230469,"SANTA CRUZ",UNINCORPORATED,-122.02194213867188,36.989902496337891
91554063,2021,2021-08-25,9720,2021-08-13,1230,021211,,5,1,9,4400,0,2,4,,1,032,"GREEN VALLEY RD","DICK PHELPS RD",350.00,S,N,A,-,N,,,,,,,,,,N,3,0,2,2,A,-,03,22350,,N,C,C,A,A,H,-,A,A,0,,,,,Y,,A,01,0,1,1,0,0,0,0,0,0,"- ","- ",36.948600769042969,-121.76509857177734,"SANTA CRUZ",UNINCORPORATED,-121.76522827148438,36.948581695556641
91554083,2021,2021-08-25,9720,2021-08-23,2330,022293,,1,3,9,4400,0,1,3,,1,034,SR-152,"RED HAWK PL",408.00,E,N,A,-,Y,,,152,,,,,,,Y,4,0,1,2,A,-,05,21460,A,N,D,C,A,A,H,-,D,D,0,,,,,Y,,A,01,0,0,1,0,0,0,0,0,0,"- ","- ",36.975681304931641,-121.71891021728516,"SANTA CRUZ",UNINCORPORATED,-121.71891021728516,36.975719451904297
91554095,2021,2021-08-25,9720,2021-08-24,1505,021053,,2,2,9,4400,0,1,3,,1,035,"SR-129 W/B","CROWN RD",30.00,E,N,A,-,Y,,,129,,,,,,W,N,4,0,1,2,A,-,03,22350,,N,C,C,A,A,H,-,A,D,0,,,,,Y,,A,01,0,0,1,0,0,0,0,0,0,"- ","- ",36.917301177978516,-121.68350219726562,"SANTA CRUZ",UNINCORPORATED,-121.68347930908203,36.917339324951172
91555435,2021,2021-08-26,9720,2021-08-14,0653,021833,,6,1,9,4400,0,1,3,,1,035,SR-129,"LAKEVIEW RD",168.00,E,N,B,-,Y,,,129,,,,,,,Y,4,0,2,2,A,-,09,21802,A,N,B,C,A,A,D,-,B,D,0,,,,,Y,,A,07,0,0,2,0,0,0,0,0,0,"- ","- ",36.916969299316406,-121.73098754882812,"SANTA CRUZ",UNINCORPORATED,-121.73098754882812,36.916957855224609
91555437,2021,2021-08-26,9720,2021-08-16,1625,022140,,1,2,9,4400,0,2,4,,1,023,"17TH AVE","BROMMER ST",0.00,,Y,A,-,N,,,,,,,,,,N,3,0,1,1,A,-,21,22106,,N,F,A,A,A,H,-,A,A,0,,,Y,,Y,,C,02,0,1,0,0,0,0,0,0,1,"- ","- ",36.971031188964844,-121.98445129394531,"SANTA CRUZ",UNINCORPORATED,-121.98450469970703,36.971073150634766
91555468,2021,2021-08-26,9720,2021-08-19,1437,022290,,4,2,9,4400,0,1,3,,2,020,"SR-1 S/B","SOQUEL DR",1320.00,S,N,A,-,Y,,,1,,,,,,S,N,4,0,1,3,A,-,03,22350,,M,C,C,A,A,H,-,A,D,0,,,,,Y,,A,01,0,0,1,0,0,0,0,0,0,"- ","- ",36.986061096191406,-121.98232269287109,"SANTA CRUZ",UNINCORPORATED,-121.98232269287109,36.986042022705078
91555470,2021,2021-08-26,9720,2021-08-19,1710,021833,,4,2,9,4400,0,1,3,,2,020,"SR-1 S/B","41ST AVE",2640.00,N,N,A,-,Y,,,1,,,,,,S,Y,4,0,1,2,A,-,01,23152,A,F,C,C,A,A,H,-,A,D,0,,,,,Y,Y,A,07,0,0,1,0,0,0,0,0,0,"- ","- ",36.983860015869141,-121.97370910644531,"SANTA CRUZ",UNINCORPORATED,-121.97370147705078,36.983898162841797
91555472,2021,2021-08-26,9720,2021-08-21,0950,022162,,6,1,9,4400,0,2,4,,1,032,"GREEN VALLEY RD","CASSERLY RD",533.00,N,N,B,-,N,,,,,,,,,,Y,3,0,1,1,A,-,03,22350,,N,E,I,A,B,H,-,A,D,0,,,,,Y,,A,01,0,1,0,0,0,0,0,0,0,"- ","- ",36.969509124755859,-121.767822265625,"SANTA CRUZ",UNINCORPORATED,-121.76595306396484,36.969409942626953
91557791,2021,2021-08-30,9720,2021-08-21,1940,022545,,6,2,9,4400,0,1,3,,2,030,"SR-1 S/B TO MAR MONTE AVE","MAR MONTE AVE",1162.00,S,N,B,-,Y,,,1,,,,R,,S,Y,3,0,1,1,A,-,01,23152,A,N,E,I,A,B,H,-,B,D,0,,,,,Y,Y,A,01,0,1,0,0,0,0,0,0,0,"- ","- ",36.946891784667969,-121.84860992431641,"SANTA CRUZ",UNINCORPORATED,-121.84860992431641,36.946891784667969
91557792,2021,2021-08-30,9720,2021-08-17,0730,022545,,2,1,9,4400,0,3,5,,2,300,"MARINER WY","FREEDOM BLVD",1100.00,E,N,A,-,N,,,,,,,,,,N,3,0,1,2,A,-,11,21950,B,N,G,B,D,A,H,-,A,D,0,Y,,,,Y,,N,60,0,1,0,0,1,0,0,0,0,"- ","- ",36.974529266357422,-121.86641693115234,"SANTA CRUZ",UNINCORPORATED,-121.86639404296875,36.974353790283203
91557795,2021,2021-08-30,9720,2021-08-21,1535,022290,,6,2,9,4400,0,2,4,,1,016,"GRAHAM HILL RD","QUARRY RD",600.00,S,N,A,-,N,,,,,,,,,,Y,2,0,1,1,A,-,01,23152,A,N,E,I,A,A,H,-,A,D,0,,,Y,,Y,Y,C,02,1,0,0,0,0,0,0,0,1,"- ","- ",37.041049957275391,-122.04534912109375,"SANTA CRUZ",UNINCORPORATED,,
91557796,2021,2021-08-30,9720,2021-08-22,1830,022140,,7,2,9,4400,0,1,3,,2,020,"SR-1 N/B TO SOQUEL DRIVE","COMMERCIAL WAY",200.00,S,N,A,-,Y,,,1,,,,R,,N,Y,2,0,2,1,A,-,03,22350,,N,F,A,A,A,H,-,A,D,0,,,Y,,Y,,C,02,2,0,0,0,0,0,0,0,2,"- ","- ",36.986808776855469,-121.98403930664062,"SANTA CRUZ",UNINCORPORATED,-121.98403930664062,36.986808776855469
91558805,2021,2021-08-30,9720,2021-08-30,0745,014931,,1,1,9,4400,0,3,5,,2,300,"LARKIN VALLEY RD","SR-1 N/B ON RAMP",0.00,,Y,B,-,Y,,,,,,,,,,Y,3,0,3,2,A,-,09,21801,A,N,D,C,A,A,H,-,A,D,0,,,,,Y,,D,22,0,3,0,0,0,0,0,0,0,"- ","- ",36.962211608886719,-121.86206817626953,"SANTA CRUZ",UNINCORPORATED,,
91559259,2021,2021-08-31,9720,2021-08-26,1519,022542,,4,2,9,4400,0,2,4,,1,021,"SOQUEL DR","MCGLENN DR",0.00,,Y,A,-,N,,,,,,,,,,N,3,0,1,2,A,-,09,21801,A,N,H,G,A,A,H,-,A,D,0,,Y,,,Y,,A,01,0,1,0,0,0,0,1,0,0,"- ","- ",36.989639282226562,-121.93441009521484,"SANTA CRUZ",UNINCORPORATED,-121.93439483642578,36.989604949951172
91560742,2021,2021-09-01,9720,2021-08-26,0255,021717,,4,3,9,4400,0,1,3,,1,017,"S/B SR-17","SUMMIT RD.",4752.00,S,N,A,-,Y,,,17,,,,,,,Y,3,0,1,1,A,-,08,22107,,N,E,I,A,A,H,-,D,D,0,,,,,Y,Y,A,01,0,1,0,0,0,0,0,0,0,"- ","- ",37.136329650878906,-121.98445129394531,"SANTA CRUZ",UNINCORPORATED,-121.98431396484375,37.136367797851562
91560745,2021,2021-09-01,9720,2021-07-31,1156,021211,,6,1,9,4400,0,1,3,,2,020,"SR-1 N/B TO OCEAN ST.","OCEAN ST",370.00,S,N,A,-,Y,,,,,,,,,,N,2,0,1,2,A,-,07,21658,A,F,F,A,A,A,H,-,A,A,0,,,Y,,Y,,A,01,1,0,0,0,0,0,0,0,1,"- ","- ",36.986301422119141,-122.02369689941406,"SANTA CRUZ",UNINCORPORATED,-122.02584838867188,36.985660552978516
91561230,2021,2021-09-02,9720,2021-08-24,2000,021833,,2,2,9,4400,0,1,3,,1,017,"SR-17 S/B","LAUREL RD",528.00,N,N,A,-,Y,,,17,,,,,,S,Y,4,0,1,1,A,-,08,22107,,N,E,I,A,A,H,-,B,D,0,,,,,Y,,A,01,0,0,1,0,0,0,0,0,0,"- ","- ",37.108119964599609,-121.97720336914062,"SANTA CRUZ",UNINCORPORATED,-121.9771728515625,37.108116149902344
91563421,2021,2021-09-06,9720,2021-08-26,1948,022290,,4,2,9,4400,0,3,5,,2,300,"BUENA VISTA DR","HARKINS SLOUGH RD",600.00,E,N,B,E,N,,,,,,,,,,Y,3,0,1,1,A,-,01,23152,A,N,E,I,A,A,H,-,D,D,0,,,,,Y,Y,A,01,0,1,0,0,0,0,0,0,0,"- ","- ",36.923480987548828,-121.81204223632812,"SANTA CRUZ",UNINCORPORATED,-121.81199645996094,36.920749664306641
91563465,2021,2021-09-06,9720,2021-08-28,1543,022290,,6,2,9,4400,0,3,5,,2,300,"CASSERLY RD","DIAS LN",500.00,N,N,A,-,N,,,,,,,,,,N,4,0,1,1,A,-,01,23152,A,N,E,I,A,A,H,-,A,D,0,,,,,Y,Y,A,01,0,0,1,0,0,0,0,0,0,"- ","- ",36.966880798339844,-121.7430419921875,"SANTA CRUZ",UNINCORPORATED,-121.73416137695312,36.964611053466797
91563469,2021,2021-09-06,9720,2021-08-28,1650,022545,,6,2,9,4400,0,2,4,,1,031,"FREEDOM BLVD","SOQUEL DR",230.00,E,N,A,-,N,,,,,,,,,,Y,4,0,1,2,A,-,03,22350,,N,C,C,A,A,H,-,A,A,0,,,,,Y,,A,07,0,0,1,0,0,0,0,0,0,"- ","- ",36.972759246826172,-121.87126922607422,"SANTA CRUZ",UNINCORPORATED,-121.87123107910156,36.972660064697266
91563959,2021,2021-09-07,9720,2021-08-27,1250,021548,,5,1,9,4400,0,2,4,,1,022,"SOQUEL SAN JOSE RD.","AMAYA RIDGE RD.",528.00,S,N,A,-,N,,,,,,,,,,Y,2,0,1,1,A,-,08,22107,,N,F,A,A,A,H,-,A,D,0,,,Y,,Y,,C,02,1,0,0,0,0,0,0,0,1,"- ","- ",37.070430755615234,-121.93840026855469,"SANTA CRUZ",UNINCORPORATED,-121.93859100341797,37.069915771484375
91563977,2021,2021-09-07,9720,2021-08-28,1330,020977,,6,1,9,4400,0,1,3,,1,017,"SR-17 S/B TO SR-1 S/B","SR-1 S/B",1056.00,N,N,A,-,Y,,,17,,,,R,,S,N,3,0,1,1,A,-,03,22350,,N,F,A,A,A,D,-,A,A,0,,,Y,,Y,,C,02,0,1,0,0,0,0,0,0,1,"- ","- ",36.992179870605469,-122.02015686035156,"SANTA CRUZ",UNINCORPORATED,-122.02015686035156,36.992179870605469
91564517,2021,2021-09-07,9720,2021-09-01,0732,014931,,3,1,9,4400,0,1,3,,1,035,SR-129,"SR-1 N/B OFF RAMP TO SR-129",0.00,,Y,B,-,Y,,,129,,,,,,,Y,2,0,1,2,A,-,09,21802,A,N,D,C,A,A,H,-,A,A,0,,,,,Y,,A,01,1,0,0,0,0,0,0,0,0,"- ","- ",36.895149230957031,-121.77210235595703,"SANTA CRUZ",UNINCORPORATED,-121.77212524414062,36.895183563232422
91565466,2021,2021-09-08,9720,2021-08-06,2240,021940,,5,3,9,4400,0,3,5,,2,300,"WHEELOCK RD","SCHOOL WAY",20.00,N,N,A,-,N,,,,,,,,,,N,3,0,1,1,A,-,08,22107,,N,E,I,A,A,H,-,C,D,0,,,,,Y,,A,01,0,1,0,0,0,0,0,0,0,"- ","- ",36.981689453125,-121.76876068115234,"SANTA CRUZ",UNINCORPORATED,-121.76849365234375,36.981590270996094
91565518,2021,2021-09-08,9720,2021-08-29,0045,021717,,7,3,9,4400,0,1,3,,1,035,SR-129,"OLD CHITTENDEN RD",3696.00,W,N,B,-,Y,,,129,,,,,,,Y,3,0,4,3,A,-,01,23152,A,N,B,2,A,A,H,-,D,D,0,,,,,Y,Y,A,01,0,1,3,0,0,0,0,0,0,"- ","- ",36.904609680175781,-121.61115264892578,"SANTA CRUZ",UNINCORPORATED,-121.61111450195312,36.904689788818359
91565550,2021,2021-09-08,9720,2021-08-30,0805,021211,,1,1,9,4400,0,3,5,,2,200,"SOQUEL AVE","7TH AVE",0.00,,Y,B,-,N,,,,,,,,,,N,3,0,1,2,A,-,08,22107,,N,H,G,A,A,H,-,A,A,0,,,,,Y,,A,07,0,1,0,0,0,0,0,0,0,"- ","- ",36.98516845703125,-121.98977661132812,"SANTA CRUZ",UNINCORPORATED,-121.98985290527344,36.985382080078125
91565554,2021,2021-09-08,9720,2021-08-30,2336,022511,,1,3,9,4400,0,1,3,,1,017,"SR-17 N/B","GLENWOOD CUTOFF",570.00,N,N,A,-,Y,,,17,,,,,,N,Y,4,0,1,1,A,-,08,22107,,N,E,I,A,A,H,-,D,D,0,,,,,Y,,A,01,0,0,1,0,0,0,0,0,0,"- ","- ",37.101390838623047,-121.97749328613281,"SANTA CRUZ",UNINCORPORATED,-121.97753143310547,37.101383209228516
91565558,2021,2021-09-08,9720,2021-08-31,0135,022511,,2,3,9,4400,0,1,3,,1,015,"SR-9 N/B","CALIFORNIA DR",1100.00,N,N,A,-,Y,,,9,,,,,,N,Y,3,0,1,1,A,-,01,23152,A,N,E,8,A,A,H,-,C,D,0,,,,,Y,Y,A,01,0,1,0,0,0,0,0,0,0,"- ","- ",37.098491668701172,-122.09799957275391,"SANTA CRUZ",UNINCORPORATED,-122.09806823730469,37.098396301269531
91565606,2021,2021-09-08,9720,2021-08-31,1715,022564,,2,2,9,4400,0,1,3,,2,030,"N/B SR-1","MAR MONTE AVE",528.00,N,N,A,-,Y,,,1,,,,,,,Y,3,0,1,1,A,-,08,22107,,N,E,I,A,A,H,-,A,D,0,,,,,Y,,D,22,0,1,0,0,0,0,0,0,0,"- ","- ",36.951778411865234,-121.85305023193359,"SANTA CRUZ",UNINCORPORATED,-121.85310363769531,36.951725006103516
91565780,2021,2021-09-08,9720,2021-09-02,1615,021918,,4,2,9,4400,0,3,5,,2,100,"LA MADRONA DR","VIA VINCA",3.00,S,N,A,-,N,,,,,,,,,,N,3,0,1,1,A,-,01,23152,A,N,E,I,A,A,H,-,A,D,0,,,,,Y,Y,A,07,0,1,0,0,0,0,0,0,0,"- ","- ",37.024940490722656,-122.02932739257812,"SANTA CRUZ",UNINCORPORATED,-122.02938842773438,37.024971008300781
91565792,2021,2021-09-08,9720,2021-09-03,0650,020550,,5,1,9,4400,0,2,4,,1,032,"GREEN VALLEY ROAD","ARROYO DRIVE",500.00,N,N,A,-,N,,,,,,,,,,N,3,0,1,3,A,-,03,22350,,N,C,C,A,A,H,-,B,D,0,,,,,Y,,A,01,0,1,0,0,0,0,0,0,0,"- ","- ",36.965801239013672,-121.76496124267578,"SANTA CRUZ",UNINCORPORATED,-121.76499938964844,36.965702056884766
91566162,2021,2021-09-09,9720,2021-09-02,1451,022545,,4,2,9,4400,0,3,5,,2,300,"CASSERLY RD","SMITH RD",30.00,W,N,A,-,N,,,,,,,,,,Y,3,0,1,1,A,-,01,23152,A,N,E,I,A,A,H,-,A,D,0,,,,,Y,Y,A,07,0,1,0,0,0,0,0,0,0,"- ","- ",36.975620269775391,-121.75093841552734,"SANTA CRUZ",UNINCORPORATED,-121.75083923339844,36.975620269775391
91566752,2021,2021-09-09,9720,2021-09-03,1235,022162,,5,1,9,4400,0,2,4,,1,022,"SOQUEL SAN JOSE RD","OLIVE SPRINGS RD",650.00,S,N,A,-,N,,,,,,,,,,N,4,0,1,2,A,-,03,22350,,N,H,G,A,A,G,-,A,D,0,,Y,Y,,Y,,C,03,0,0,1,0,0,0,1,0,0,"- ","- ",37.045051574707031,-121.94074249267578,"SANTA CRUZ",UNINCORPORATED,-121.94075012207031,37.044979095458984
91566769,2021,2021-09-09,9720,2021-09-02,2133,022458,,4,2,9,4400,0,1,3,,1,015,"SR-9 N/B","CALIFORNIA DRIVE",1056.00,N,N,A,-,Y,,,9,,,,,,N,N,3,0,1,1,A,-,01,23152,A,N,E,I,A,A,H,-,D,D,0,,,,,Y,Y,A,01,0,1,0,0,0,0,0,0,0,"- ","- ",37.09796142578125,-122.09770202636719,"SANTA CRUZ",UNINCORPORATED,-122.09769439697266,37.09796142578125
91566846,2021,2021-09-09,9720,2021-09-03,1427,022545,,5,2,9,4400,0,3,5,,2,300,"HAMES RD","ENOS LN",40.00,E,N,A,-,N,,,,,,,,,,N,3,0,1,2,A,-,09,21804,A,N,H,G,A,A,H,-,A,D,0,,Y,,,Y,,D,22,0,1,0,0,0,0,1,0,0,"- ","- ",36.994258880615234,-121.81585693359375,"SANTA CRUZ",UNINCORPORATED,-121.81584930419922,36.9942626953125
91566858,2021,2021-09-09,9720,2021-09-03,1639,022545,,5,2,9,4400,0,1,3,,1,034,SR-152,"DELANEY AVE",2059.00,W,N,A,-,Y,,,152,,,,,,,N,3,0,3,3,A,-,03,22350,,N,C,C,A,A,H,-,A,D,0,,,,,Y,,A,07,0,1,2,0,0,0,0,0,0,"- ","- ",36.948738098144531,-121.7344970703125,"SANTA CRUZ",UNINCORPORATED,-121.73443603515625,36.948688507080078
91566869,2021,2021-09-09,9720,2021-09-05,2210,022293,,7,3,9,4400,0,3,5,,2,300,"MURPHY ROAD","CROWN ROAD",1267.00,S,N,A,-,N,,,,,,,,,,Y,4,0,1,1,A,-,08,22107,,N,E,I,A,A,H,-,D,D,0,,,,,Y,,A,01,0,0,1,0,0,0,0,0,0,"- ","- ",36.90692138671875,-121.67597198486328,"SANTA CRUZ",UNINCORPORATED,,
91566873,2021,2021-09-09,9720,2021-09-06,1800,021053,,1,2,9,4400,0,1,3,,1,035,SR-129,"ROGGE LN",0.00,,Y,A,-,Y,,,129,,,,,,,N,4,0,1,2,A,-,09,21802,A,N,D,C,A,A,H,-,A,A,0,,,,,Y,,A,01,0,0,1,0,0,0,0,0,0,"- ","- ",36.903800964355469,-121.63909912109375,"SANTA CRUZ",UNINCORPORATED,-121.63911437988281,36.903858184814453
91567795,2021,2021-09-10,9720,2021-08-28,0900,021548,,6,1,9,4400,0,2,4,,1,022,"SOQUEL DR.","VIENNA DR.",0.00,,Y,A,-,N,,,,,,,,,,N,3,0,1,2,A,-,08,22107,,N,D,G,A,A,H,-,A,D,0,,Y,,,Y,,A,01,0,1,0,0,0,0,1,0,0,"- ","- ",36.986598968505859,-121.91925048828125,"SANTA CRUZ",UNINCORPORATED,-121.91930389404297,36.986488342285156
91568707,2021,2021-09-13,9720,2021-09-02,1825,022471,,4,2,9,4400,0,3,5,,2,200,"SR-1 N/B TO PORTER ST.","PORTER ST.",0.00,,Y,A,-,Y,,,1,,,,R,,N,Y,3,0,2,2,A,-,12,21453,A,N,D,3,A,A,H,-,A,A,0,,,,,Y,Y,A,01,0,2,0,0,0,0,0,0,0,"- ","- ",36.983650207519531,-121.95723724365234,"SANTA CRUZ",UNINCORPORATED,-121.95723724365234,36.983650207519531
91568794,2021,2021-09-13,9720,2021-09-03,2111,022290,,5,2,9,4400,0,1,3,,1,017,"SR-17 N/B TO MT HERMON RD","MT HERMON RD",0.00,,Y,A,-,Y,,,17,,,,R,,N,N,4,0,1,2,A,-,01,23152,A,F,D,C,A,A,H,-,C,A,0,,,,,Y,Y,A,01,0,0,1,0,0,0,0,0,0,"- ","- ",37.033740997314453,-122.02178192138672,"SANTA CRUZ",UNINCORPORATED,-122.02178192138672,37.033740997314453
91568955,2021,2021-09-13,9720,2021-09-01,1922,022564,,3,2,9,4400,0,3,5,,2,300,"COWLES ST","PINTO ST",300.00,E,N,A,-,N,,,,,,,,,,N,3,0,1,3,A,-,21,22106,,N,G,B,E,A,H,-,B,D,0,Y,,,,Y,,A,01,0,1,0,0,1,0,0,0,0,"- ","- ",36.94744873046875,-121.76773071289062,"SANTA CRUZ",UNINCORPORATED,-121.76779937744141,36.947422027587891
91569101,2021,2021-09-13,9720,2021-09-07,1425,021053,,2,2,9,4400,0,2,4,,1,032,"HOLOHAN ROAD","GRIMMER ROAD",900.00,E,N,A,-,N,,,,,,,,,,Y,4,0,2,2,A,-,04,21703,,N,C,C,A,A,H,-,A,D,0,,,,,Y,,A,07,0,0,2,0,0,0,0,0,0,"- ","- ",36.937599182128906,-121.75029754638672,"SANTA CRUZ",UNINCORPORATED,-121.75276947021484,36.938224792480469
91569202,2021,2021-09-13,9720,2021-09-10,1715,022564,,5,2,9,4400,0,3,5,,2,200,"BRANICIFORTE DR.","MYSTERY SPOT RD.",300.00,E,N,A,-,N,,,,,,,,,,N,3,0,1,1,B,-,22,,,N,E,I,A,A,H,-,A,D,0,,Y,,,Y,,L,04,0,1,0,0,0,0,1,0,0,"- ","- ",37.012851715087891,-122.00032806396484,"SANTA CRUZ",UNINCORPORATED,-122.00025177001953,37.012836456298828
91569673,2021,2021-09-14,9720,2021-09-13,1426,022290,,1,2,9,4400,0,1,3,,2,020,"SR-1 S/B","41ST AVE",250.00,N,N,A,-,Y,,,1,,,,,,S,N,4,0,2,2,A,-,03,22350,,N,C,C,A,A,H,-,A,D,0,,,,,Y,,A,01,0,0,2,0,0,0,0,0,0,"- ","- ",36.982791900634766,-121.96639251708984,"SANTA CRUZ",UNINCORPORATED,-121.96639251708984,36.9827880859375
91570878,2021,2021-09-15,9720,2021-09-05,1745,020977,,7,2,9,4400,0,2,4,,1,022,"SOQUEL SAN JOSE RD","OLSON RD",40.00,S,N,A,-,N,,,,,,,,,,Y,2,0,2,1,A,-,03,22350,,N,E,I,A,A,H,-,A,A,0,,,,,Y,Y,A,01,1,1,0,0,0,0,0,0,0,"- ","- ",37.056648254394531,-121.94196319580078,"SANTA CRUZ",UNINCORPORATED,-121.94191741943359,37.056880950927734
91571432,2021,2021-09-15,9720,2021-09-10,1150,020550,,5,1,9,4400,0,2,4,,1,032,"HOLOHAN RD","SR-152 W/B",250.00,W,N,A,-,N,,,,,,,,,,N,3,0,1,2,A,-,06,21755,A,N,D,C,A,A,H,-,A,D,0,,,Y,,Y,,C,02,0,1,0,0,0,0,0,0,1,"- ","- ",36.936210632324219,-121.74430084228516,"SANTA CRUZ",UNINCORPORATED,-121.74415588378906,36.936183929443359
91571433,2021,2021-09-15,9720,2021-09-11,1354,020550,,6,1,9,4400,0,1,3,,1,035,"SR-129 W/B","BLACKBURN ST",650.00,E,N,A,-,N,,,129,,,,,,W,N,4,0,2,3,A,-,03,22350,,N,C,C,A,A,H,-,A,A,0,,,,,Y,,A,08,0,0,2,0,0,0,0,0,0,"- ","- ",36.912971496582031,-121.74403381347656,"SANTA CRUZ",UNINCORPORATED,-121.7440185546875,36.912921905517578
91571924,2021,2021-09-16,9720,2021-09-14,1616,022044,,2,2,9,4400,0,1,3,,1,017,"SR-17 N/B","GLENWOOD CUTOFF",100.00,N,N,A,-,Y,,,17,,,,,,N,Y,4,0,1,1,C,-,18,,,N,E,I,A,A,H,-,A,D,0,,,,,Y,,-,"- ",0,0,1,0,0,0,0,0,0,"- ","- ",37.100231170654297,-121.97669982910156,"SANTA CRUZ",UNINCORPORATED,-121.97676086425781,37.100185394287109
91573261,2021,2021-09-17,9720,2021-09-04,1616,022542,,6,2,9,4400,0,1,3,,2,020,"S/B SR-1","LA FONDA AVE OVERCROSSING",500.00,N,N,A,-,Y,,,,,,,,,,N,3,0,1,3,A,-,03,22350,,N,C,C,A,A,H,-,A,D,0,,,,,Y,,A,01,0,1,0,0,0,0,0,0,0,"- ","- ",36.988059997558594,-121.99468231201172,"SANTA CRUZ",UNINCORPORATED,-121.99421691894531,36.988189697265625
91573293,2021,2021-09-17,9720,2021-09-03,1518,022542,,5,2,9,4400,0,2,4,,1,024,"SB SR-1","PARK AVE",2640.00,N,N,A,-,Y,,,1,,,,,,,Y,3,0,1,3,A,-,03,22350,,N,C,C,A,A,H,-,A,D,0,,,,,Y,,A,01,0,1,0,0,0,0,0,0,0,"- ","- ",36.983928680419922,-121.94712066650391,"SANTA CRUZ",UNINCORPORATED,-121.94712066650391,36.98394775390625