CASE_ID,ACCIDENT_YEAR,PROC_DATE,JURIS,COLLISION_DATE,COLLISION_TIME,OFFICER_ID,REPORTING_DISTRICT,DAY_OF_WEEK,CHP_SHIFT,POPULATION,CNTY_CITY_LOC,SPECIAL_COND,BEAT_TYPE,CHP_BEAT_TYPE,CITY_DIVISION_LAPD,CHP_BEAT_CLASS,BEAT_NUMBER,PRIMARY_RD,SECONDARY_RD,DISTANCE,DIRECTION,INTERSECTION,WEATHER_1,WEATHER_2,STATE_HWY_IND,CALTRANS_COUNTY,CALTRANS_DISTRICT,STATE_ROUTE,ROUTE_SUFFIX,POSTMILE_PREFIX,POSTMILE,LOCATION_TYPE,RAMP_INTERSECTION,SIDE_OF_HWY,TOW_AWAY,COLLISION_SEVERITY,NUMBER_KILLED,NUMBER_INJURED,PARTY_COUNT,PRIMARY_COLL_FACTOR,PCF_CODE_OF_VIOL,PCF_VIOL_CATEGORY,PCF_VIOLATION,PCF_VIOL_SUBSECTION,HIT_AND_RUN,TYPE_OF_COLLISION,MVIW,PED_ACTION,ROAD_SURFACE,ROAD_COND_1,ROAD_COND_2,LIGHTING,CONTROL_DEVICE,CHP_ROAD_TYPE,PEDESTRIAN_ACCIDENT,BICYCLE_ACCIDENT,MOTORCYCLE_ACCIDENT,TRUCK_ACCIDENT,NOT_PRIVATE_PROPERTY,ALCOHOL_INVOLVED,STWD_VEHTYPE_AT_FAULT,CHP_VEHTYPE_AT_FAULT,COUNT_SEVERE_INJ,COUNT_VISIBLE_INJ,COUNT_COMPLAINT_PAIN,COUNT_PED_KILLED,COUNT_PED_INJURED,COUNT_BICYCLIST_KILLED,COUNT_BICYCLIST_INJURED,COUNT_MC_KILLED,COUNT_MC_INJURED,PRIMARY_RAMP,SECONDARY_RAMP,LATITUDE,LONGITUDE,COUNTY,CITY,POINT_X,POINT_Y
91597312,2021,2021-10-15,9720,2021-10-07,1520,022140,,4,2,9,4400,0,1,3,,2,020,"SR-1 S/B","SOQUEL DR",3168.00,S,N,A,-,Y,,,1,,,,,,S,Y,3,0,1,2,A,-,07,21658,A,N,B,C,A,A,H,-,A,D,0,,,Y,,Y,,D,22,0,1,0,0,0,0,0,0,1,"- ","- ",36.984508514404297,-121.97624206542969,"SANTA CRUZ",UNINCORPORATED,-121.97623443603516,36.984519958496094
91597436,2021,2021-10-15,9720,2021-10-09,1805,022293,,6,2,9,4400,0,3,5,,2,200,"GLEN HAVEN RD","5540 GLEN HAVEN ROAD",10.00,S,N,A,-,N,,,,,,,,,,N,3,0,1,1,A,-,03,22350,,N,F,A,A,A,H,-,A,D,0,,,Y,,Y,,C,02,0,1,0,0,0,0,0,0,1,"- ","- ",37.010078430175781,-121.93702697753906,"SANTA CRUZ",UNINCORPORATED,,
91597648,2021,2021-10-15,9720,2021-10-13,0701,014931,,3,1,9,4400,0,1,3,,2,030,"SR-1 N/B","MAR MONTE AVE",1056.00,S,N,A,-,Y,,,1,,,,,,N,Y,3,0,1,4,A,-,07,21658,A,M,C,C,A,A,H,-,A,D,0,,,,,Y,,-,99,0,1,0,0,0,0,0,0,0,"- ","- ",36.946269989013672,-121.84654998779297,"SANTA CRUZ",UNINCORPORATED,-121.84651184082031,36.946327209472656
91597661,2021,2021-10-15,9720,2021-10-11,1740,022293,,1,2,9,4400,0,1,3,,2,020,"S/B SR-1","SOQUEL DRIVE",1584.00,S,N,A,-,Y,,,1,,,,,,,N,4,0,1,2,A,-,03,22350,,N,C,C,A,A,H,-,A,D,0,,,,,Y,,A,01,0,0,1,0,0,0,0,0,0,"- ","- ",36.9853515625,-121.97952270507812,"SANTA CRUZ",UNINCORPORATED,-121.97952270507812,36.985336303710938
91597717,2021,2021-10-15,9720,2021-10-13,1430,022293,,3,2,9,4400,0,3,5,,2,100,"SMITH GRADE","BACK RANCH ROAD",275.00,E,N,A,-,N,,,,,,,,,,N,3,0,1,1,A,-,08,22107,,N,E,I,A,A,H,-,A,D,0,,,Y,,Y,,C,02,0,1,0,0,0,0,0,0,1,"- ","- ",37.011360168457031,-122.12213897705078,"SANTA CRUZ",UNINCORPORATED,-122.12396240234375,37.00640869140625
91597726,2021,2021-10-15,9720,2021-10-13,1500,022293,,3,2,9,4400,0,1,3,,1,014,"S/B SR-9","SHINGLE MILL ROAD",40.00,S,N,A,-,Y,,,9,,,,,,,Y,3,0,1,1,C,-,18,,,N,E,H,A,A,H,-,A,D,0,,,Y,,Y,,-,"- ",0,1,0,0,0,0,0,0,1,"- ","- ",37.248779296875,-122.15412902832031,"SANTA CRUZ",UNINCORPORATED,-122.15418243408203,37.248790740966797
91597738,2021,2021-10-15,9720,2021-10-14,1400,022293,,4,2,9,4400,0,2,4,,1,023,"EAST CLIFF DR","7TH AVE",0.00,,Y,A,-,N,,,,,,,,,,N,2,0,1,2,A,-,10,21950,A,N,G,B,B,A,H,-,A,A,0,Y,,,,Y,,D,22,1,0,0,0,1,0,0,0,0,"- ","- ",36.963150024414062,-121.99854278564453,"SANTA CRUZ",UNINCORPORATED,-121.99861907958984,36.963199615478516
91598031,2021,2021-10-15,9720,2021-10-08,0630,015170,,5,1,9,4400,0,1,3,,1,017,SR-17,"ALTA VISTA LANE",220.00,S,N,A,-,Y,,,17,,,,,,,N,3,0,1,1,A,-,08,22107,,N,E,I,A,A,H,-,B,A,0,,,,,Y,,A,01,0,1,0,0,0,0,0,0,0,"- ","- ",37.126701354980469,-121.97434997558594,"SANTA CRUZ",UNINCORPORATED,-121.974365234375,37.126678466796875
91598336,2021,2021-10-18,9720,2021-10-05,1550,022543,,2,2,3,4404,0,1,3,,1,015,"MT. HERMON RD","SYCAMORE LN",2100.00,E,N,A,-,N,,,,,,,,,,N,4,0,1,1,A,-,08,22107,,M,E,I,A,A,H,-,A,D,0,,,,,Y,,A,07,0,0,1,0,0,0,0,0,0,"- ","- ",37.055271148681641,-122.05599975585938,"SANTA CRUZ","SCOTTS VALLEY",-122.05142211914062,37.055072784423828
91599091,2021,2021-10-18,9720,2021-10-10,1045,020012,,7,1,9,4400,0,3,5,,2,200,"SUMMIT RD.","MORRILL CUTOFF RD.",1056.00,E,N,A,-,N,,,,,,,,,,N,2,0,2,2,A,-,10,21950,A,N,G,B,B,A,H,-,A,A,0,Y,,Y,,Y,,C,02,1,1,0,0,1,0,0,0,1,"- ","- ",37.127109527587891,-121.94436645507812,"SANTA CRUZ",UNINCORPORATED,-121.94277954101562,37.126651763916016
91601153,2021,2021-10-20,9720,2021-10-01,1356,021860,,5,1,9,4400,0,3,5,,2,100,"EAST ZAYANTE ROAD","REDWOOD CIRCLE",0.00,,Y,A,-,N,,,,,,,,,,Y,3,0,1,2,A,-,09,21804,A,N,A,C,A,A,H,-,A,D,0,,,,,Y,,A,01,0,1,0,0,0,0,0,0,0,"- ","- ",37.053718566894531,-122.06198883056641,"SANTA CRUZ",UNINCORPORATED,-122.06198120117188,37.053756713867188
91601279,2021,2021-10-20,9720,2021-10-07,1605,021702,,4,2,9,4400,0,3,5,,2,300,"VARNI RD","CORRALITOS RD",158.00,N,N,A,-,N,,,,,,,,,,Y,2,0,1,1,A,-,01,23152,A,N,E,I,A,A,H,-,A,D,0,,,Y,,Y,Y,C,02,1,0,0,0,0,0,0,0,1,"- ","- ",36.967140197753906,-121.80680084228516,"SANTA CRUZ",UNINCORPORATED,-121.80686187744141,36.967147827148438
91601408,2021,2021-10-20,9720,2021-10-15,1020,021211,,5,1,9,4400,0,2,4,,1,031,"FREEDOM BLVD.","ERTA LN",528.00,S,N,A,-,N,,,,,,,,,,N,4,0,1,2,A,-,03,22350,,N,C,C,A,A,H,-,A,A,0,,,,,Y,,A,01,0,0,1,0,0,0,0,0,0,"- ","- ",36.957698822021484,-121.802001953125,"SANTA CRUZ",UNINCORPORATED,-121.80096435546875,36.956851959228516
91601507,2021,2021-10-20,9720,2021-10-10,2220,020977,,7,3,9,4400,0,3,5,,2,300,"VARNI RD","STOREY RD",250.00,E,N,A,-,N,,,,,,,,,,Y,3,0,1,1,A,-,01,23152,A,N,E,I,A,A,H,-,D,D,0,,,,,Y,Y,A,01,0,1,0,0,0,0,0,0,0,"- ","- ",36.968208312988281,-121.79756164550781,"SANTA CRUZ",UNINCORPORATED,-121.79762268066406,36.968074798583984
91601523,2021,2021-10-20,9720,2021-10-12,1320,014931,,2,1,9,4400,0,3,5,,2,300,"LARKIN VALLEY ROAD","LARKIN VISTA LANE",26.00,S,N,A,-,N,,,,,,,,,,Y,2,0,1,1,A,-,08,22107,,N,E,I,A,A,H,-,A,D,0,,,,,Y,,A,01,1,0,0,0,0,0,0,0,0,"- ","- ",36.950721740722656,-121.83004760742188,"SANTA CRUZ",UNINCORPORATED,-121.83000946044922,36.950756072998047
91601540,2021,2021-10-20,9720,2021-10-13,1638,021833,,3,2,9,4400,0,2,4,,1,031,"FREEDOM BLVD","MARINER WAY",350.00,E,N,A,-,N,,,,,,,,,,N,4,0,2,2,A,-,03,22350,,N,C,C,A,A,H,-,A,A,0,,,,,Y,,-,"- ",0,0,2,0,0,0,0,0,0,"- ","- ",36.975971221923828,-121.86927795410156,"SANTA CRUZ",UNINCORPORATED,-121.86917877197266,36.976295471191406
91601592,2021,2021-10-20,9720,2021-10-19,0359,022162,,2,3,9,4400,0,1,3,,2,020,SR1-N/B,"PARK AVENUE",2640.00,S,N,A,-,Y,,,1,,,,,,,N,4,0,1,1,A,-,08,22107,,N,E,I,A,A,H,-,D,D,0,,,,,Y,,A,07,0,0,1,0,0,0,0,0,0,"- ","- ",36.983428955078125,-121.92851257324219,"SANTA CRUZ",UNINCORPORATED,-121.92849731445312,36.983509063720703
91601599,2021,2021-10-20,9720,2021-10-18,1600,022293,,1,2,9,4400,0,1,3,,2,020,"S/B SR-1","CAPITOLA AVE",500.00,N,N,A,-,Y,,,1,,,,,,,Y,4,0,1,2,A,-,07,21658,A,N,B,C,A,A,H,-,A,D,0,,,,,Y,,A,07,0,0,1,0,0,0,0,0,0,"- ","- ",36.983501434326172,-121.95379638671875,"SANTA CRUZ",UNINCORPORATED,-121.95379638671875,36.983493804931641
91603245,2021,2021-10-22,9720,2021-10-16,1956,022545,,6,2,9,4400,0,2,4,,1,032,"GREEN VALLEY RD","HOLOHAN RD",135.00,N,N,A,-,N,,,,,,,,,,Y,4,0,1,2,A,-,08,22107,,F,B,C,A,A,H,-,D,D,0,,,,,Y,,-,99,0,0,1,0,0,0,0,0,0,"- ","- ",36.941490173339844,-121.76925659179688,"SANTA CRUZ",UNINCORPORATED,-121.76927947998047,36.941398620605469
91603247,2021,2021-10-22,9720,2021-10-08,1844,021702,,5,2,9,4400,0,1,3,,1,017,"RT 17","GRANITE CREEK RD",2640.00,S,N,A,-,Y,,,,,,,,,,Y,2,0,1,2,A,-,07,21658,A,F,B,C,A,A,H,-,C,D,0,,,Y,,Y,,A,01,1,0,0,0,0,0,0,0,1,"- ","- ",37.053791046142578,-122.00847625732422,"SANTA CRUZ",UNINCORPORATED,-122.00794219970703,37.054599761962891
91603259,2021,2021-10-22,9720,2021-10-15,1655,022564,,5,2,9,4400,0,1,3,,2,020,"SR-1 S/B","PARK AVE",1584.00,N,N,A,-,Y,,,1,,,,,,S,N,3,0,1,2,A,-,07,21658,A,N,D,C,A,A,H,-,A,D,0,,,Y,,Y,,D,22,0,1,0,0,0,0,0,0,1,"- ","- ",36.983951568603516,-121.94331359863281,"SANTA CRUZ",UNINCORPORATED,-121.94331359863281,36.983936309814453
91603263,2021,2021-10-22,9720,2021-10-21,0610,014931,,4,1,9,4400,0,1,3,,1,034,SR-152,"RED HAWK PLACE",1584.00,E,N,B,-,Y,,,152,,,,,,,Y,3,0,1,2,A,-,03,22350,,N,D,C,A,B,H,-,D,D,0,,,,,Y,,D,22,0,1,0,0,0,0,0,0,0,"- ","- ",36.975460052490234,-121.71454620361328,"SANTA CRUZ",UNINCORPORATED,-121.71455383300781,36.975456237792969
91603265,2021,2021-10-22,9720,2021-10-21,0745,014931,,4,1,9,4400,0,3,5,,2,300,"LAKEVIEW ROAD","CARLTON ROAD",11.00,W,N,B,-,N,,,,,,,,,,N,4,0,1,2,A,-,03,22350,,M,C,C,A,B,H,-,A,A,0,,,,,Y,,-,99,0,0,1,0,0,0,0,0,0,"- ","- ",36.946189880371094,-121.71755981445312,"SANTA CRUZ",UNINCORPORATED,-121.71755218505859,36.946247100830078
91604850,2021,2021-10-25,9720,2021-06-20,1825,022329,,7,2,9,4400,0,1,3,,2,020,"SR-1 S/B TO SOQUEL AVE.","SOQUEL AVE",64.00,N,N,B,-,Y,,,1,,,,R,,S,Y,3,0,7,2,A,-,03,22350,,N,E,8,A,A,H,-,A,D,0,,,,,Y,Y,A,01,0,4,3,0,0,0,0,0,0,"- ","- ",36.986778259277344,-121.98600006103516,"SANTA CRUZ",UNINCORPORATED,-121.98600006103516,36.986778259277344
91604944,2021,2021-10-25,9720,2021-10-10,2025,022349,,7,2,9,4400,0,1,3,,2,030,SR-1,"BUENA VISTA DR",425.00,S,N,A,-,Y,,,1,,,,,,,N,3,0,1,1,C,-,18,,,N,E,H,A,A,H,-,D,D,0,,,,,Y,,-,"- ",0,1,0,0,0,0,0,0,0,"- ","- ",36.931140899658203,-121.80915832519531,"SANTA CRUZ",UNINCORPORATED,-121.80914306640625,36.931198120117188
91604975,2021,2021-10-25,9720,2021-10-15,1230,018171,,5,1,9,4400,0,1,3,,2,020,"SR-1 S/B","DIMEO LN",0.00,,Y,A,-,Y,,,1,,,,,,S,N,3,0,1,2,A,-,09,21802,A,N,C,C,A,A,H,-,A,D,0,,,,,Y,,A,07,0,1,0,0,0,0,0,0,0,"- ","- ",36.964309692382812,-122.10459136962891,"SANTA CRUZ",UNINCORPORATED,-122.10456085205078,36.964359283447266
91605362,2021,2021-10-25,9720,2021-10-18,2058,022545,,1,2,9,4400,0,2,4,,1,031,"FREEDOM BLVD","SHADOWMERE WY",230.00,E,N,A,-,N,,,,,,,,,,Y,3,0,1,1,C,-,18,,,N,H,H,A,A,H,-,D,D,0,,,Y,,Y,,-,"- ",0,1,0,0,0,0,0,0,1,"- ","- ",36.978931427001953,-121.86627960205078,"SANTA CRUZ",UNINCORPORATED,-121.86634063720703,36.978824615478516
91606252,2021,2021-10-26,9720,2021-10-15,2003,021833,,5,2,9,4400,0,1,3,,1,017,"SR-17 N/B","SUMMIT RD",1056.00,S,N,A,-,Y,,,17,,,,,,N,Y,3,0,1,2,A,-,07,21658,A,N,B,2,A,A,H,-,D,D,0,,,,,Y,,A,01,0,1,0,0,0,0,0,0,0,"- ","- ",37.138210296630859,-121.98422241210938,"SANTA CRUZ",UNINCORPORATED,-121.98419952392578,37.138206481933594
91606425,2021,2021-10-26,9720,2021-10-25,1430,022293,,1,2,9,4400,0,1,3,,1,010,"SR-1 N/B","CEMENT PLANT ROAD",0.00,,Y,A,-,Y,,,1,,,,,,N,Y,4,0,1,2,A,-,03,22350,,N,C,C,A,A,H,-,A,D,0,,,,,Y,,D,22,0,0,1,0,0,0,0,0,0,"- ","- ",37.024509429931641,-122.21170043945312,"SANTA CRUZ",UNINCORPORATED,-122.21170043945312,37.024509429931641
91606453,2021,2021-10-26,9720,2021-10-17,0415,022471,,7,3,9,4400,0,3,5,,2,300,"EUREKA CANYON RD","GERONIMO WAY",575.00,N,N,A,-,N,,,,,,,,,,Y,3,0,2,1,A,-,01,23152,A,N,E,I,A,A,H,-,C,D,0,,,,,Y,Y,D,22,0,2,0,0,0,0,0,0,0,"- ","- ",36.997138977050781,-121.08561706542969,"SANTA CRUZ",UNINCORPORATED,-121.80607604980469,36.998065948486328
91606830,2021,2021-10-26,9720,2021-10-15,2020,022140,,5,2,9,4400,0,3,5,,2,100,"EMPIRE GRADE RD","CAVE GULCH",390.00,S,N,A,-,N,,,,,,,,,,Y,2,0,2,2,A,-,05,21460,A,N,A,C,A,A,H,-,D,D,0,,,Y,,Y,,C,02,1,0,1,0,0,0,0,0,1,"- ","- ",37.006130218505859,-122.07425689697266,"SANTA CRUZ",UNINCORPORATED,-122.07440185546875,37.006206512451172
91606888,2021,2021-10-26,9720,2021-10-17,1659,021918,,7,2,9,4400,0,1,3,,1,017,"S/B SR-17","MOUNT HERMON RD",200.00,N,N,A,-,Y,,,17,,,,,,,N,2,0,1,1,A,-,08,22107,,N,F,A,A,A,H,-,A,D,0,,,Y,,Y,,C,02,1,0,0,0,0,0,0,0,1,"- ","- ",37.036781311035156,-122.01947021484375,"SANTA CRUZ",UNINCORPORATED,-122.01942443847656,37.036689758300781
91608015,2021,2021-10-27,9720,2021-07-27,1838,022329,,2,2,9,4400,0,3,5,,2,200,"GRANITE CREEK RD","VENTANA WOODS",960.00,N,N,B,-,N,,,,,,,,,,Y,1,1,0,1,A,-,01,23152,A,N,F,A,A,A,H,-,A,D,0,,,Y,,Y,Y,C,02,0,0,0,0,0,0,0,1,0,"- ","- ",37.045970916748047,-121.99854278564453,"SANTA CRUZ",UNINCORPORATED,-121.99858856201172,37.045883178710938
91608578,2021,2021-10-28,9720,2021-10-18,0813,015170,,1,1,9,4400,0,3,5,,2,100,"EMPIRE GRADE RD","FELTON QUARRY RD",0.00,,Y,B,-,N,,,,,,,,,,N,3,0,1,1,A,-,08,22107,,N,E,I,A,B,H,-,A,D,0,,,,,Y,,A,01,0,1,0,0,0,0,0,0,0,"- ","- ",37.776821136474609,-121.4378662109375,"SANTA CRUZ",UNINCORPORATED,-122.10324859619141,37.030868530273438
91611375,2021,2021-11-01,9720,2021-10-21,0818,021714,,4,1,9,4400,0,1,3,,1,017,"SR-17 S/B","MT. HERMON RD.",1056.00,S,N,C,-,Y,,,17,,,,,,S,Y,4,0,1,1,A,-,08,22107,,N,E,I,A,B,H,-,A,D,0,,,,,Y,,D,22,0,0,1,0,0,0,0,0,0,"- ","- ",37.02716064453125,-122.02517700195312,"SANTA CRUZ",UNINCORPORATED,-122.02510833740234,37.027084350585938
91611376,2021,2021-11-01,9720,2021-10-22,0720,021714,,5,1,9,4400,0,1,3,,2,030,"SR-1 N/B","FREEDOM BLVD.",500.00,S,N,C,-,Y,,,1,,,,,,N,N,4,0,1,3,A,-,03,22350,,N,C,C,A,B,H,-,A,D,0,,,,,Y,,A,01,0,0,1,0,0,0,0,0,0,"- ","- ",36.967948913574219,-121.86985778808594,"SANTA CRUZ",UNINCORPORATED,-121.86988830566406,36.967918395996094
91611977,2021,2021-11-01,9720,2021-10-22,1430,022140,,5,2,9,4400,0,2,4,,1,021,"SOQUEL DR","STATE PARD DR",280.00,E,N,B,-,N,,,,,,,,,,N,4,0,1,2,A,-,09,21804,A,N,G,B,E,A,H,-,A,D,0,Y,,,,Y,,A,01,0,0,1,0,1,0,0,0,0,"- ","- ",36.979301452636719,-121.9078369140625,"SANTA CRUZ",UNINCORPORATED,-121.90789794921875,36.979232788085938
91612512,2021,2021-11-01,9720,2021-10-25,0604,022542,,1,1,9,4400,0,1,3,,1,017,"SR-17 N/B","EL RANCHO DR",0.00,,Y,C,-,Y,,,17,,,,,,N,Y,3,0,1,1,A,-,08,22107,,N,E,I,A,B,H,-,C,D,0,,,,,Y,,A,01,0,1,0,0,0,0,0,0,0,"- ","- ",37.0189208984375,-122.02741241455078,"SANTA CRUZ",UNINCORPORATED,-122.02779388427734,37.018955230712891
91612561,2021,2021-11-01,9720,2021-10-27,0829,021717,,3,1,9,4400,0,1,3,,2,020,"SB SR-1","SOQUEL AVE",2112.00,N,N,A,-,Y,,,,,,,,,,Y,3,0,1,4,A,-,03,22350,,N,C,C,A,A,H,-,A,D,0,,,,,Y,,D,22,0,1,0,0,0,0,0,0,0,"- ","- ",36.987880706787109,-121.99281311035156,"SANTA CRUZ",UNINCORPORATED,-121.9742431640625,36.983932495117188
91612800,2021,2021-11-01,9720,2021-10-26,1432,021833,,2,2,9,4400,0,2,4,,1,032,"GREEN VALLEY RD","PINTO LAKE RD",0.00,,Y,B,-,N,,,,,,,,,,Y,3,0,3,2,A,-,09,21802,A,M,D,C,A,A,H,-,A,A,0,,,,,Y,,D,22,0,1,2,0,0,0,0,0,0,"- ","- ",34.948249816894531,-121.76544952392578,"SANTA CRUZ",UNINCORPORATED,,
91614909,2021,2021-11-03,9720,2021-10-26,1505,021833,,2,2,9,4400,0,1,3,,2,030,"SR-1 N/B","HARKINS SLOUGH",2640.00,S,N,A,-,Y,,,1,,,,,,N,Y,4,0,1,1,C,-,18,,,N,E,I,A,A,H,-,A,D,0,,,,,Y,,-,"- ",0,0,1,0,0,0,0,0,0,"- ","- ",36.907539367675781,-121.78237915039062,"SANTA CRUZ",UNINCORPORATED,-121.78237152099609,36.907546997070312
91615067,2021,2021-11-03,9720,2021-10-24,1452,022564,,7,2,9,4400,0,3,5,,2,100,"W ZAYANTE RD.","E. ZAYANTE RD.",1584.00,N,N,C,G,N,,,,,,,,,,Y,3,0,1,1,C,-,18,,,N,E,J,A,B,H,-,A,D,0,,,,,Y,,-,"- ",0,1,0,0,0,0,0,0,0,"- ","- ",37.061569213867188,-122.05661010742188,"SANTA CRUZ",UNINCORPORATED,-122.05665588378906,37.062816619873047
91615851,2021,2021-11-04,9720,2021-10-23,1725,022349,,6,2,9,4400,0,1,3,,2,020,"NB SR-1","EMELINE AVE",528.00,S,N,A,-,Y,,,1,,,,,,,N,3,0,1,1,A,-,01,23152,A,N,E,I,A,A,H,-,A,D,0,,,,,Y,Y,A,07,0,1,0,0,0,0,0,0,0,"- ","- ",36.989151000976562,-122.01757049560547,"SANTA CRUZ",UNINCORPORATED,-122.017578125,36.989082336425781
91616003,2021,2021-11-04,9720,2021-10-31,1530,022140,,7,2,9,4400,0,1,3,,1,010,SR-1,"UPPER SWANTON ROAD",1584.00,S,N,A,-,Y,,,1,,,,,,,Y,3,0,4,2,A,-,09,21801,A,N,D,C,A,A,H,-,A,D,0,,,,,Y,,A,01,0,4,0,0,0,0,0,0,0,"- ","- ",37.080120086669922,-122.26464080810547,"SANTA CRUZ",UNINCORPORATED,-122.26462554931641,37.080135345458984
91618146,2021,2021-11-08,9720,2021-10-28,2100,022125,,4,2,9,4400,0,2,4,,1,022,"SOQUEL SAN JOSE RD","AMAYA RIDGE RD",1584.00,N,N,A,-,N,,,,,,,,,,N,4,0,1,1,A,-,03,22350,,N,F,A,A,A,A,-,D,D,0,,Y,,,Y,,L,04,0,0,1,0,0,0,1,0,0,"- ","- ",37.076179504394531,-121.93965911865234,"SANTA CRUZ",UNINCORPORATED,-121.93913269042969,37.075477600097656
91619327,2021,2021-11-08,9720,2021-10-29,1857,022564,,5,2,9,4400,0,3,5,,2,100,"GLEN ARBOR RD","PINE ST",253.00,S,N,A,-,N,,,,,,,,,,Y,3,0,1,1,A,-,01,23152,A,N,E,I,A,A,H,-,D,D,0,,,,,Y,Y,A,07,0,1,0,0,0,0,0,0,0,"- ","- ",37.08795166015625,-122.08460998535156,"SANTA CRUZ",UNINCORPORATED,-122.08450317382812,37.08782958984375
91619813,2021,2022-04-06,9720,2021-10-29,1135,015170,,5,1,9,4400,0,3,5,,2,100,"PINE FLAT RD","WESTDALE ST",0.10,W,N,A,-,N,,,,,,,,,,N,2,0,1,1,A,-,03,22350,,N,F,A,A,A,H,-,A,A,0,,,Y,,Y,,C,02,1,0,0,0,0,0,0,0,1,"- ","- ",37.554119110107422,-121.90090942382812,"SANTA CRUZ",UNINCORPORATED,-122.14253997802734,37.065860748291016
91621484,2021,2021-11-10,9720,2021-11-02,1825,021211,,2,2,9,4400,0,1,3,,2,020,"SR-1 N/B  FROM STATE PARK DR.","STATE PARK DR.",20.00,N,N,E,-,Y,,,1,,,,R,,N,N,4,0,2,3,A,-,03,22350,,N,C,C,A,B,H,-,D,D,0,,,,,Y,,A,01,0,0,2,0,0,0,0,0,0,"- ","- ",36.978900909423828,-121.90959930419922,"SANTA CRUZ",UNINCORPORATED,-121.90959930419922,36.978900909423828
91622020,2021,2021-11-10,9720,2021-10-29,1115,021717,,5,1,9,4400,0,1,3,,2,030,"SB SR-1","FREEDOM BLVD",670.00,S,N,A,-,Y,,,1,,,,,,,Y,2,0,1,2,C,-,18,,,N,C,C,A,A,H,-,A,D,0,,,Y,,Y,,-,"- ",1,0,0,0,0,0,0,0,1,"- ","- ",36.968360900878906,-121.87075042724609,"SANTA CRUZ",UNINCORPORATED,-121.87075805664062,36.968353271484375
91622361,2021,2021-11-11,9720,2021-11-08,1525,021321,,1,2,9,4400,0,3,5,,2,100,"GLENWOOD DR","BEAN CREEK RD",1584.00,S,N,B,-,N,,,,,,,,,,Y,2,0,2,2,A,-,01,23152,A,N,A,C,A,A,H,-,A,D,0,,,,,Y,Y,A,01,1,0,1,0,0,0,0,0,0,"- ","- ",37.083461761474609,-122.0074462890625,"SANTA CRUZ",UNINCORPORATED,-122.00743865966797,37.083168029785156
91622571,2021,2021-11-11,9720,2021-11-01,1910,021833,,1,2,9,4400,0,1,3,,1,035,"LEE ROAD",SR-129,0.00,,Y,B,C,Y,,,,,,,,,,N,4,0,1,1,A,-,08,22107,,N,E,I,A,B,H,-,C,D,0,,,,,Y,,A,01,0,0,1,0,0,0,0,0,0,"- ","- ",36.893550872802734,-121.77651214599609,"SANTA CRUZ",UNINCORPORATED,-121.77655792236328,36.8935546875
91622597,2021,2021-11-11,9720,2021-11-02,1502,021833,,2,2,9,4400,0,1,3,,1,034,"SR-152 W/B","HOLOHAN RD",119.00,E,N,A,-,Y,,,152,,,,,,W,N,3,0,1,2,A,-,11,21954,A,N,G,B,D,A,H,-,A,A,0,Y,,,,Y,,N,60,0,1,0,0,1,0,0,0,0,"- ","- ",36.93634033203125,-121.74337768554688,"SANTA CRUZ",UNINCORPORATED,-121.7432861328125,36.936328887939453
91622792,2021,2021-11-12,9720,2021-10-30,2130,022399,,6,2,9,4400,0,2,4,,1,022,"SOQUEL SAN JOSE RD.","OLD TURNPIKE RD.",528.00,N,N,A,-,N,,,,,,,,,,Y,4,0,1,1,A,-,08,22107,,N,E,I,A,A,H,-,D,D,0,,,,,Y,,A,01,0,0,1,0,0,0,0,0,0,"- ","- ",37.090389251708984,-121.95005035400391,"SANTA CRUZ",UNINCORPORATED,-121.95054626464844,37.090248107910156
91624322,2021,2021-11-15,9720,2021-11-03,0915,021714,,3,1,9,4400,0,3,5,,2,200,"RIO DEL MAR BLVD OVERCROSSING","RIO DEL MAR ON RAMP TO SB SR-1",20.00,E,N,A,-,Y,,,,,,,,,,Y,4,0,1,2,A,-,03,22350,,M,C,C,A,A,H,-,A,A,0,,,,,Y,,A,01,0,0,1,0,0,0,0,0,0,"- ","- ",36.974781036376953,-121.88665771484375,"SANTA CRUZ",UNINCORPORATED,-121.88665771484375,36.974758148193359
91624631,2021,2021-11-15,9720,2021-11-05,1302,020012,,5,1,9,4400,0,1,3,,1,035,SR-129,"OLD CHITTENDEN ROAD",40.00,E,N,A,-,N,,,129,,,,,,,Y,3,0,4,4,A,-,03,22350,,M,C,C,A,A,H,-,A,D,0,,,,,Y,,A,01,0,1,3,0,0,0,0,0,0,"- ","- ",36.900810241699219,-121.59799194335938,"SANTA CRUZ",UNINCORPORATED,-121.59807586669922,36.900657653808594