CASE_ID,ACCIDENT_YEAR,PROC_DATE,JURIS,COLLISION_DATE,COLLISION_TIME,OFFICER_ID,REPORTING_DISTRICT,DAY_OF_WEEK,CHP_SHIFT,POPULATION,CNTY_CITY_LOC,SPECIAL_COND,BEAT_TYPE,CHP_BEAT_TYPE,CITY_DIVISION_LAPD,CHP_BEAT_CLASS,BEAT_NUMBER,PRIMARY_RD,SECONDARY_RD,DISTANCE,DIRECTION,INTERSECTION,WEATHER_1,WEATHER_2,STATE_HWY_IND,CALTRANS_COUNTY,CALTRANS_DISTRICT,STATE_ROUTE,ROUTE_SUFFIX,POSTMILE_PREFIX,POSTMILE,LOCATION_TYPE,RAMP_INTERSECTION,SIDE_OF_HWY,TOW_AWAY,COLLISION_SEVERITY,NUMBER_KILLED,NUMBER_INJURED,PARTY_COUNT,PRIMARY_COLL_FACTOR,PCF_CODE_OF_VIOL,PCF_VIOL_CATEGORY,PCF_VIOLATION,PCF_VIOL_SUBSECTION,HIT_AND_RUN,TYPE_OF_COLLISION,MVIW,PED_ACTION,ROAD_SURFACE,ROAD_COND_1,ROAD_COND_2,LIGHTING,CONTROL_DEVICE,CHP_ROAD_TYPE,PEDESTRIAN_ACCIDENT,BICYCLE_ACCIDENT,MOTORCYCLE_ACCIDENT,TRUCK_ACCIDENT,NOT_PRIVATE_PROPERTY,ALCOHOL_INVOLVED,STWD_VEHTYPE_AT_FAULT,CHP_VEHTYPE_AT_FAULT,COUNT_SEVERE_INJ,COUNT_VISIBLE_INJ,COUNT_COMPLAINT_PAIN,COUNT_PED_KILLED,COUNT_PED_INJURED,COUNT_BICYCLIST_KILLED,COUNT_BICYCLIST_INJURED,COUNT_MC_KILLED,COUNT_MC_INJURED,PRIMARY_RAMP,SECONDARY_RAMP,LATITUDE,LONGITUDE,COUNTY,CITY,POINT_X,POINT_Y
91624647,2021,2021-11-15,9720,2021-11-05,1933,022564,,5,2,9,4400,0,3,5,,2,300,"AMESTI RD","POPPY HILL RD.",500.00,N,N,A,-,N,,,,,,,,,,Y,3,0,1,1,A,-,01,23152,A,N,E,I,A,A,H,-,D,D,0,,,,,Y,Y,A,01,0,1,0,0,0,0,0,0,0,"- ","- ",36.983600616455078,-121.80171203613281,"SANTA CRUZ",UNINCORPORATED,-121.8016357421875,36.983592987060547
91624732,2021,2021-11-15,9720,2021-11-07,0918,020012,,7,1,9,4400,0,1,3,,1,017,"SR-17 N/B","VINE HILL ROAD",240.00,S,N,A,-,Y,,,17,,,,,,N,Y,4,0,1,2,A,-,03,22350,,N,C,C,A,A,H,-,A,D,0,,,,,Y,,A,01,0,0,1,0,0,0,0,0,0,"- ","- ",37.078639984130859,-121.97976684570312,"SANTA CRUZ",UNINCORPORATED,-121.97979736328125,37.078678131103516
91624864,2021,2021-11-15,9720,2021-11-11,1315,020012,,4,1,9,4400,0,3,5,,2,300,"WHITE ROAD","QUIL WAY",316.00,E,N,A,-,N,,,,,,,,,,Y,3,0,2,2,A,-,05,21460,A,N,A,C,A,A,H,-,A,D,0,,,,,Y,,D,22,0,1,1,0,0,0,0,0,0,"- ","- ",36.971099853515625,-121.82231903076172,"SANTA CRUZ",UNINCORPORATED,-121.82048034667969,36.971088409423828
91625034,2021,2021-11-15,9720,2021-11-11,1554,022511,,4,2,9,4400,0,1,3,,1,035,SR-129,"NB SR-1",581.00,E,N,A,-,Y,,,129,,,,,,,Y,3,0,3,2,A,-,09,21801,A,N,A,C,A,A,H,-,A,D,0,,,,,Y,,A,01,0,1,2,0,0,0,0,0,0,"- ","- ",36.895179748535156,-121.77226257324219,"SANTA CRUZ",UNINCORPORATED,-121.772216796875,36.895118713378906
91625066,2021,2021-11-15,9720,2021-11-12,1350,021717,,5,1,9,4400,0,1,3,,2,030,"SB SR-1 OFF-RAMP ONTO SR-129",SR-129,0.00,,Y,A,-,Y,,,,,,,,,,N,4,0,1,2,A,-,09,21802,A,N,D,C,A,A,H,-,A,A,0,,,,,Y,,A,01,0,0,1,0,0,0,0,0,0,"- ","- ",36.893840789794922,-121.77572631835938,"SANTA CRUZ",UNINCORPORATED,-121.74520111083984,36.912544250488281
91625104,2021,2021-11-15,9720,2021-11-12,1513,022511,,5,2,9,4400,0,3,5,,2,300,"BUENA VISTA DR","WHISKEY HILL RD.",275.00,E,N,A,-,N,,,,,,,,,,Y,4,0,1,1,A,-,03,22350,,N,E,I,A,A,H,-,A,D,0,,,,,Y,,A,01,0,0,1,0,0,0,0,0,0,"- ","- ",36.917041778564453,-121.82438659667969,"SANTA CRUZ",UNINCORPORATED,-121.82442474365234,36.917003631591797
91625143,2021,2021-12-21,9720,2021-11-12,1500,021717,,5,2,9,4400,0,1,3,,2,020,"SB SR-1","RIO DEL MAR BLVD",2640.00,N,N,A,-,Y,,,1,,,,,,,N,3,0,1,2,C,-,18,,,N,C,2,A,A,H,-,A,D,0,,,,,Y,,-,"- ",0,1,0,0,0,0,0,0,0,"- ","- ",36.975028991699219,-121.89540863037109,"SANTA CRUZ",UNINCORPORATED,-121.89540863037109,36.975048065185547
91625205,2021,2021-11-15,9720,2021-11-13,0805,021717,,6,1,9,4400,0,1,3,,1,013,SR-35,"LAS CUMBRES RD.",760.00,N,N,A,-,Y,,,35,,,,,,,Y,3,0,1,1,A,-,08,22107,,N,E,I,A,A,H,-,A,D,0,,,,,Y,,A,01,0,1,0,0,0,0,0,0,0,"- ","- ",37.215339660644531,-122.06896209716797,"SANTA CRUZ",UNINCORPORATED,-122.06886291503906,37.215431213378906
91625251,2021,2021-11-15,9720,2021-11-13,1248,021211,,6,1,9,4400,0,1,3,,2,020,"SR-1 N/B","RIO DEL MAR BVLD.",1056.00,S,N,A,-,Y,,,1,,,,,,N,Y,4,0,3,2,A,-,03,22350,,N,C,C,A,A,H,-,A,D,0,,,,,Y,,A,07,0,0,3,0,0,0,0,0,0,"- ","- ",36.973560333251953,-121.88156890869141,"SANTA CRUZ",UNINCORPORATED,-121.88156890869141,36.973556518554688
91625865,2021,2021-11-16,9720,2021-11-03,2156,022399,,3,2,9,4400,0,2,4,,1,023,"7TH AVE.","CAPITOLA RD.",30.00,S,N,A,-,N,,,,,,,,,,N,4,0,1,2,A,-,01,23152,A,F,C,C,A,A,H,-,C,A,0,,,,,Y,Y,A,07,0,0,1,0,0,0,0,0,0,"- ","- ",36.979110717773438,-121.99195098876953,"SANTA CRUZ",UNINCORPORATED,-121.99185943603516,36.979213714599609
91625933,2021,2021-11-16,9720,2021-11-09,1720,018171,,2,2,9,4400,0,2,4,,1,022,"SOQUEL SAN JOSE ROAD","OLSON RD",0.00,,Y,B,-,N,,,,,,,,,,Y,2,0,1,2,A,-,01,23152,G,N,D,C,A,B,H,-,D,D,0,,,,,Y,Y,A,01,1,0,0,0,0,0,0,0,0,"- ","- ",37.057121276855469,-121.94187164306641,"SANTA CRUZ",UNINCORPORATED,-121.94189453125,37.056987762451172
91625994,2021,2021-11-16,9720,2021-11-14,0915,021717,,7,1,9,4400,0,1,3,,1,015,SR-9,"GRAHAM HILL RD",250.00,S,N,A,-,Y,,,9,,,,,,,N,4,0,1,2,A,-,09,21801,A,N,D,C,A,A,H,-,A,D,0,,,,,Y,,A,01,0,0,1,0,0,0,0,0,0,"- ","- ",37.052261352539062,-122.07333374023438,"SANTA CRUZ",UNINCORPORATED,-122.07323455810547,37.052257537841797
91626002,2021,2021-11-16,9720,2021-11-14,1400,021321,,7,2,9,4400,0,1,3,,1,014,"RT 9","SHINGLE MILL LN",10.00,N,N,A,-,Y,,,,,,,,,,Y,2,0,1,1,A,-,03,22350,,N,E,I,A,A,H,-,A,D,0,,,Y,,Y,,C,02,1,0,0,0,0,0,0,0,1,"- ","- ",37.349140167236328,-122.15377044677734,"SANTA CRUZ",UNINCORPORATED,-122.15412902832031,37.248786926269531
91628080,2021,2021-11-18,9720,2021-11-03,1950,021248,,3,2,9,4400,0,3,5,,2,300,"SAN ANDREAS RD","PLAYA BLVD",1056.00,W,N,A,-,N,,,,,,,,,,Y,4,0,1,3,A,-,01,23152,A,N,C,C,A,A,D,-,D,A,0,,,,,Y,Y,D,22,0,0,1,0,0,0,0,0,0,"- ","- ",36.943351745605469,-121.86049652099609,"SANTA CRUZ",UNINCORPORATED,-121.86027526855469,36.942996978759766
91628171,2021,2021-11-18,9720,2021-11-10,0720,018171,,3,1,9,4400,0,3,5,,2,200,"DOLPHIN DRIVE","FARALLON CT",80.00,N,N,A,-,N,,,,,,,,,,N,4,0,1,2,A,-,01,23152,G,N,E,I,A,A,H,-,A,D,0,,,,,Y,Y,A,01,0,0,1,0,0,0,0,0,0,"- ","- ",36.954418182373047,-121.87162017822266,"SANTA CRUZ",UNINCORPORATED,-121.87162017822266,36.954322814941406
91628226,2021,2021-12-06,9720,2021-11-13,0900,021717,,6,1,9,4400,0,1,3,,1,015,SR-9,"FOREST ST.",110.00,N,N,A,-,Y,,,9,,,,,,,Y,2,0,1,2,A,-,06,21755,A,N,F,0,A,A,H,-,A,D,0,,,Y,,Y,,C,02,1,0,0,0,0,0,0,0,1,"- ","- ",37.124370574951172,-122.12200164794922,"SANTA CRUZ",UNINCORPORATED,-122.12197875976562,37.124378204345703
91628672,2021,2021-11-18,9720,2021-11-07,1939,022564,,7,2,9,4400,0,1,3,,1,015,SR-9,"FALL CREEK DR",528.00,N,N,A,-,Y,,,9,,,,,,,Y,2,0,1,1,A,-,01,23152,A,N,E,8,A,A,H,-,C,A,0,,,,,Y,Y,D,22,1,0,0,0,0,0,0,0,0,"- ","- ",37.061721801757812,-122.08016204833984,"SANTA CRUZ",UNINCORPORATED,-122.08004760742188,37.061721801757812
91628809,2021,2021-11-18,9720,2021-11-07,1730,022329,,7,2,9,4400,0,1,3,,1,010,"N/B SR-1","COAST RD",1690.00,N,N,A,-,Y,,,1,,,,,,,N,3,0,2,2,A,-,03,22350,,N,C,C,A,A,H,-,D,D,0,,,,,Y,,A,01,0,1,1,0,0,0,0,0,0,"- ","- ",36.961528778076172,-122.09506225585938,"SANTA CRUZ",UNINCORPORATED,-122.09506225585938,36.961524963378906
91631687,2021,2021-11-22,9720,2021-11-11,1120,021714,,4,1,9,4400,0,3,5,,2,200,"GRANITE CREEK RD","BRANCIFORTE DR",500.00,W,N,A,-,N,,,,,,,,,,N,3,0,1,1,A,-,08,22107,,N,F,A,A,A,H,-,A,D,0,,Y,,,Y,,L,04,0,1,0,0,0,0,1,0,0,"- ","- ",37.018871307373047,-121.99742889404297,"SANTA CRUZ",UNINCORPORATED,-121.99730682373047,37.017940521240234
91631856,2021,2021-11-22,9720,2021-11-12,1135,021714,,5,1,9,4400,0,1,3,,1,017,"SR-17 S/B","PASATIEMPO DR. OVERCROSSING",30.00,N,N,A,-,Y,,,17,,,,,,S,Y,4,0,1,2,A,-,07,21658,A,N,B,C,A,A,H,-,A,D,0,,,,,Y,,A,01,0,0,1,0,0,0,0,0,0,"- ","- ",36.99993896484375,-122.02159881591797,"SANTA CRUZ",UNINCORPORATED,-122.02150726318359,36.999935150146484
91631870,2021,2021-11-22,9720,2021-11-12,1800,022471,,5,2,9,4400,0,2,4,,1,024,"BROMMER ST","30TH AVE",150.00,N,N,A,-,N,,,,,,,,,,Y,4,0,1,3,A,-,08,22107,,N,G,I,F,A,H,-,C,A,0,Y,,,,Y,,A,01,0,0,1,0,1,0,0,0,0,"- ","- ",36.970211029052734,-121.973876953125,"SANTA CRUZ",UNINCORPORATED,-121.97325897216797,36.970249176025391
91632235,2021,2021-11-22,9720,2021-11-14,0015,022542,,7,3,9,4400,0,2,4,,1,016,"GRAHAM HILL RD","MICHAEL LANE",200.00,E,N,A,-,N,,,,,,,,,,Y,3,0,1,1,A,-,01,23152,A,N,E,I,A,A,H,-,C,D,0,,,Y,,Y,Y,C,02,0,1,0,0,0,0,0,0,1,"- ","- ",36.997249603271484,-122.02857971191406,"SANTA CRUZ",UNINCORPORATED,-122.02913665771484,36.998184204101562
91633327,2021,2021-11-23,9720,2021-11-19,0901,020012,,5,1,9,4400,0,1,3,,2,030,"SR-1 N/B","BUENA VISTA DR",1485.00,S,N,A,-,Y,,,1,,,,,,N,Y,2,0,2,2,A,-,03,22350,,N,C,C,A,A,H,-,A,D,0,,,Y,,Y,,C,02,1,0,1,0,0,0,0,0,1,"- ","- ",36.929931640625,-121.80583190917969,"SANTA CRUZ",UNINCORPORATED,-121.80582427978516,36.929939270019531
91633495,2021,2021-11-23,9720,2021-11-17,2040,021321,,3,2,9,4400,0,3,5,,2,100,"MCGAFFIGAN MILL RD","RT 9",500.00,W,N,A,-,N,,,,,,,,,,Y,2,0,1,1,A,-,08,22107,,N,E,I,A,A,H,-,D,D,0,,,,,Y,,A,07,1,0,0,0,0,0,0,0,0,"- ","- ",37.194309234619141,-122.14765167236328,"SANTA CRUZ",UNINCORPORATED,-122.14667510986328,37.195926666259766
91634008,2021,2021-11-24,9720,2021-11-11,1635,021806,,4,2,9,4400,0,1,3,,1,017,"N/B SR-17","SUMMIT RD. O/C",100.00,S,N,A,-,Y,,,17,,,,,,,N,3,0,1,2,A,-,08,22107,,N,B,C,A,A,H,-,D,D,0,,,Y,,Y,,C,02,0,1,0,0,0,0,0,0,1,"- ","- ",37.145248413085938,-121.98465728759766,"SANTA CRUZ",UNINCORPORATED,-121.98468017578125,37.145236968994141
91634027,2021,2021-12-30,9720,2021-11-13,2025,022471,,6,2,9,4400,0,2,4,,1,024,"EAST CLIFF DR","18TH AVE",0.00,,Y,A,-,N,,,,,,,,,,Y,4,0,2,2,D,-,00,,,N,D,C,A,A,H,-,E,A,0,,,,,Y,,-,"- ",0,0,2,0,0,0,0,0,0,"- ","- ",36.961448669433594,-121.98783874511719,"SANTA CRUZ",UNINCORPORATED,-121.98779296875,36.961433410644531
91634035,2021,2021-11-24,9720,2021-11-16,0815,018171,,2,1,9,4400,0,3,5,,2,200,"MCGREGOR DRIVE","MAR VISTA DR",20.00,S,N,A,-,N,,,,,,,,,,N,3,0,1,2,A,-,03,22350,,N,C,C,A,A,H,-,A,D,0,,,,,Y,,A,07,0,1,0,0,0,0,0,0,0,"- ","- ",36.980861663818359,-121.91648101806641,"SANTA CRUZ",UNINCORPORATED,-121.91670227050781,36.980941772460938
91634193,2021,2021-11-24,9720,2021-11-19,1508,021918,,5,2,9,4400,0,1,3,,1,015,"SR-9 N/B","CALIFORNIA DR.",0.00,,Y,A,-,Y,,,9,,,,,,N,N,3,0,1,2,A,-,08,22103,,N,D,C,A,A,H,-,A,D,0,,,,,Y,,A,07,0,1,0,0,0,0,0,0,0,"- ","- ",37.095340728759766,-122.09657287597656,"SANTA CRUZ",UNINCORPORATED,-122.09714508056641,37.095146179199219
91634211,2021,2021-11-24,9720,2021-11-17,1625,021833,,3,2,9,4400,0,2,4,,1,031,"FREEDOM BLVD","PARKHURST CIRCLE",15.00,W,N,A,-,N,,,,,,,,,,Y,3,0,1,2,A,-,03,22350,,N,C,C,A,A,H,-,A,D,0,,,,,Y,,A,01,0,1,0,0,0,0,0,0,0,"- ","- ",36.98651123046875,-121.85616302490234,"SANTA CRUZ",UNINCORPORATED,-121.85617065429688,36.986473083496094
91634349,2021,2021-11-24,9720,2021-11-19,1100,018171,,5,1,9,4400,0,3,5,,2,300,"BEACH DR","PANABAKER RD",375.00,E,N,A,-,N,,,,,,,,,,N,4,0,1,1,A,-,08,22107,,N,E,I,A,A,H,-,A,D,0,,,,,Y,,A,01,0,0,1,0,0,0,0,0,0,"- ","- ",36.890651702880859,-121.78714752197266,"SANTA CRUZ",UNINCORPORATED,-121.78720855712891,36.890670776367188
91634702,2021,2021-11-24,9720,2021-08-07,1355,022545,,6,1,9,4400,0,1,3,,1,034,SR-152,"CASSERLY RD",617.00,E,N,A,-,Y,,,152,,,,,,,Y,1,2,0,2,A,-,03,22350,,N,F,A,A,A,H,-,A,D,0,,,Y,,Y,,C,02,0,0,0,0,0,0,0,2,0,"- ","- ",36.957378387451172,-121.72611999511719,"SANTA CRUZ",UNINCORPORATED,-121.72612762451172,36.957386016845703
91634772,2021,2021-11-24,9720,2021-09-24,1810,022140,,5,2,9,4400,0,1,3,,1,035,SR-129,"ROGGE LN",0.00,,Y,B,-,Y,,,129,,,,,,,Y,1,1,2,2,A,-,09,21802,A,N,D,C,A,A,H,-,A,A,0,,,,,Y,,A,01,0,2,0,0,0,0,0,0,0,"- ","- ",36.903850555419922,-121.63926696777344,"SANTA CRUZ",UNINCORPORATED,-121.63926696777344,36.903846740722656
91635255,2021,2021-11-25,9720,2021-11-17,0918,021702,,3,1,9,4400,0,3,5,,2,200,"PORTER ST","S MAIN ST.",0.00,,Y,A,-,N,,,,,,,,,,N,2,0,2,2,D,-,00,,,N,H,G,A,A,H,-,A,A,0,,Y,,,Y,,-,"- ",1,1,0,0,0,0,2,0,0,"- ","- ",36.984149932861328,-121.95720672607422,"SANTA CRUZ",UNINCORPORATED,-121.95720672607422,36.984157562255859
91635279,2021,2021-11-25,9720,2021-11-13,1508,022140,,6,2,9,4400,0,1,3,,1,015,SR-9,"GLENGARRY ROAD",2640.00,S,N,A,-,Y,,,9,,,,,,,Y,2,0,2,2,A,-,01,23152,A,N,B,C,A,A,H,-,A,A,0,,,Y,,Y,Y,C,02,1,1,0,0,0,0,0,0,1,"- ","- ",37.028728485107422,-122.05879211425781,"SANTA CRUZ",UNINCORPORATED,-122.05886840820312,37.028781890869141
91635285,2021,2021-11-25,9720,2021-11-20,0925,021717,,6,1,9,4400,0,3,5,,2,100,"FELTON EMPIRE RD","FETHERSON WAY",1584.00,W,N,A,-,N,,,,,,,,,,N,2,0,1,1,A,-,03,22350,,N,F,A,A,A,H,-,A,D,0,,Y,,,Y,,L,04,1,0,0,0,0,0,1,0,0,"- ","- ",37.0489501953125,-122.08917236328125,"SANTA CRUZ",UNINCORPORATED,-122.08878326416016,37.048725128173828
91635307,2021,2021-11-25,9720,2021-11-14,0645,021548,,7,1,9,4400,0,1,3,,1,017,"SR-17 S/B","MT HERMON RD. OVERCROSSING",2112.00,S,N,A,-,Y,,,17,,,,,,S,Y,3,0,1,1,C,-,18,,,N,H,H,A,A,H,-,A,D,0,,,,,Y,,-,"- ",0,1,0,0,0,0,0,0,0,"- ","- ",37.029949188232422,-122.02323150634766,"SANTA CRUZ",UNINCORPORATED,-122.02303314208984,37.029911041259766
91635331,2021,2021-11-25,9720,2021-11-18,1739,021918,,4,2,9,4400,0,1,3,,2,020,"S/B SR-1","SOQUEL DR. OVERPASS",300.00,N,N,A,-,Y,,,1,,,,,,,N,3,0,1,2,A,-,03,22350,,N,C,C,A,A,H,-,D,D,0,,,,,Y,,A,01,0,1,0,0,0,0,0,0,0,"- ","- ",36.987358093261719,-121.98793792724609,"SANTA CRUZ",UNINCORPORATED,-121.98793792724609,36.987377166748047
91635337,2021,2021-11-25,9720,2021-11-14,0118,022399,,7,3,9,4400,0,1,3,,1,035,SR-129,"ROGGE LN",6864.00,E,N,A,-,Y,,,129,,,,,,,Y,3,0,1,1,A,-,01,23152,A,N,E,8,A,A,H,-,D,D,0,,,,,Y,Y,A,01,0,1,0,0,0,0,0,0,0,"- ","- ",36.909889221191406,-121.62049102783203,"SANTA CRUZ",UNINCORPORATED,-121.62049102783203,36.909866333007812
91637129,2021,2021-11-29,9720,2021-11-17,1125,018171,,3,1,9,4400,0,1,3,,2,020,"SR-1 S/B","FREEDOM BLVD",2000.00,N,N,A,-,Y,,,1,,,,,,S,N,4,0,1,2,A,-,07,21658,A,M,B,C,A,A,H,-,A,D,0,,,,,Y,,-,"- ",0,0,1,0,0,0,0,0,0,"- ","- ",36.973110198974609,-121.88082122802734,"SANTA CRUZ",UNINCORPORATED,-121.88082122802734,36.973106384277344
91637517,2021,2021-11-29,9720,2021-11-26,0615,020012,,5,1,9,4400,0,3,5,,2,300,"HAMES RD.","CORRALITOS RD.",0.00,,Y,A,-,N,,,,,,,,,,Y,4,0,1,2,A,-,12,22450,A,N,D,C,A,A,H,-,C,A,0,,,,,Y,,D,22,0,0,1,0,0,0,0,0,0,"- ","- ",36.988658905029297,-121.80705261230469,"SANTA CRUZ",UNINCORPORATED,-121.80706787109375,36.988651275634766
91637914,2021,2021-11-30,9720,2021-11-28,1750,021321,,7,2,9,4400,0,1,3,,1,014,"RT 9","KINGS CREEK RD",100.00,N,N,A,-,Y,,,9,,,,,,,Y,4,0,1,2,A,-,03,22350,,F,C,C,A,A,H,-,C,D,0,,,,,Y,,-,99,0,0,1,0,0,0,0,0,0,"- ","- ",37.152938842773438,-122.13394927978516,"SANTA CRUZ",UNINCORPORATED,-122.13395690917969,37.152946472167969
91638031,2021,2021-11-30,9720,2021-11-20,2138,020977,,6,2,9,4400,0,2,4,,1,024,"PORTOLA DR","32ND AVENUE",139.00,E,N,A,-,N,,,,,,,,,,Y,3,0,1,1,A,-,03,22350,,N,F,A,A,A,H,-,C,A,0,,,Y,,Y,,C,02,0,1,0,0,0,0,0,0,1,"- ","- ",36.96343994140625,-121.97231292724609,"SANTA CRUZ",UNINCORPORATED,-121.97235107421875,36.963470458984375
91638597,2021,2021-11-30,9720,2021-10-25,0603,021860,,1,1,9,4400,0,1,3,,1,017,SR-17,"EL RANCHO DR",10.00,S,N,C,-,Y,,,17,,,,,,,Y,3,0,1,1,A,-,08,22107,,N,F,A,A,B,H,-,D,D,0,,,,,Y,,A,01,0,1,0,0,0,0,0,0,0,"- ","- ",37.018939971923828,-122.02735900878906,"SANTA CRUZ",UNINCORPORATED,-122.02778625488281,37.019023895263672
91639561,2021,2021-12-01,9720,2021-11-11,1300,021248,,4,1,9,4400,0,2,4,,1,021,"SOQUEL DR","APTOS CREEK RD",25.00,E,N,A,-,N,,,,,,,,,,N,4,0,1,2,A,-,09,21804,A,N,C,C,A,A,H,-,A,D,0,,,,,Y,,A,08,0,0,1,0,0,0,0,0,0,"- ","- ",36.977119445800781,-121.90223693847656,"SANTA CRUZ",UNINCORPORATED,-121.90225219726562,36.977108001708984
91640933,2021,2021-12-02,9720,2021-11-23,1511,021918,,2,2,9,4400,0,2,4,,1,021,"SOQUEL DR","COMMERCIAL WAY",30.00,E,N,A,-,N,,,,,,,,,,N,3,0,1,2,A,-,08,22107,,N,H,G,A,A,H,-,A,D,0,,Y,,,Y,,D,22,0,1,0,0,0,0,1,0,0,"- ","- ",36.987880706787109,-121.98452758789062,"SANTA CRUZ",UNINCORPORATED,-121.98516845703125,36.987880706787109
91641273,2021,2021-12-02,9720,2021-11-25,0105,021940,,4,3,9,4400,0,1,3,,2,020,"SR-1 S/B","41ST AVE.",1056.00,N,N,A,-,Y,,,1,,,,,,S,N,3,0,1,2,A,-,03,22350,,N,D,E,A,A,H,-,D,D,0,,,,,Y,,A,07,0,1,0,0,0,0,0,0,0,"- ","- ",36.983100891113281,-121.97017669677734,"SANTA CRUZ",UNINCORPORATED,-121.97018432617188,36.983081817626953
91641283,2021,2021-12-02,9720,2021-11-25,1750,021918,,4,2,9,4400,0,1,3,,1,017,"N/B SR-17","GLENWOOD CUTOFF",50.00,S,N,A,-,Y,,,17,,,,,,,N,3,0,3,2,A,-,03,22350,,N,C,C,A,A,H,-,D,D,0,,,,,Y,,A,01,0,3,0,0,0,0,0,0,0,"- ","- ",37.099979400634766,-121.97654724121094,"SANTA CRUZ",UNINCORPORATED,-121.97658538818359,37.099956512451172
91643973,2021,2021-12-06,9720,2021-11-22,0258,020977,,1,3,9,4400,0,1,3,,1,015,SR-9,"PACIFIC ST",295.00,N,N,A,-,Y,,,9,,,,,,,N,3,0,1,1,A,-,01,23152,A,M,E,8,A,A,H,-,D,D,0,,,,,Y,Y,A,07,0,1,0,0,0,0,0,0,0,"- ","- ",37.107711791992188,-122.11064147949219,"SANTA CRUZ",UNINCORPORATED,-122.11064147949219,37.107696533203125
91644033,2021,2021-12-06,9720,2021-11-25,0103,022400,,4,3,9,4400,0,1,3,,2,020,"SR-1 S/B","41ST AVENUE",1056.00,N,N,A,-,Y,,,1,,,,,,S,Y,3,0,3,2,A,-,01,23152,A,N,B,2,A,A,H,-,D,D,0,,,,,Y,Y,A,08,0,2,1,0,0,0,0,0,0,"- ","- ",36.983100891113281,-121.97017669677734,"SANTA CRUZ",UNINCORPORATED,-121.97018432617188,36.983081817626953
91644378,2021,2021-12-06,9720,2021-11-25,2317,022399,,4,3,9,4400,0,1,3,,1,017,"SB SR-17","PASATIEMPO DR.",1056.00,N,N,A,-,Y,,,17,,,,,,,Y,2,0,4,1,A,-,08,22107,,N,E,8,A,A,H,-,D,D,0,,,,,Y,,A,01,2,2,0,0,0,0,0,0,0,"- ","- ",37.001571655273438,-122.02140808105469,"SANTA CRUZ",UNINCORPORATED,-122.02110290527344,37.001434326171875
91644592,2021,2021-12-06,9720,2021-11-29,0805,021714,,1,1,9,4400,0,1,3,,2,020,"SR-1 N/B","41ST AVE.",1056.00,N,N,A,-,Y,,,1,,,,,,N,Y,4,0,2,2,A,-,03,22350,,N,C,C,A,A,H,-,A,D,0,,,,,Y,,A,01,0,0,2,0,0,0,0,0,0,"- ","- ",36.982978820800781,-121.96739959716797,"SANTA CRUZ",UNINCORPORATED,-121.96739959716797,36.983001708984375
91644927,2021,2021-12-07,9720,2021-11-29,1730,022511,,1,2,9,4400,0,1,3,,1,035,"SR-129 E/B","THOMPSON RD",0.00,,Y,A,-,N,,,129,,,,,,E,Y,4,0,1,2,A,-,03,22350,,N,C,C,A,A,H,-,D,D,0,,,,,Y,,A,08,0,0,1,0,0,0,0,0,0,"- ","- ",36.921958923339844,-121.71045684814453,"SANTA CRUZ",UNINCORPORATED,-121.71046447753906,36.921966552734375
91645277,2021,2021-12-07,9720,2021-12-02,0740,018171,,4,1,9,4400,0,2,4,,1,023,17TH,"RODRIGUEZ ST",0.00,,Y,A,-,N,,,,,,,,,,N,4,0,1,2,A,-,09,21804,B,N,D,G,A,A,H,-,A,D,0,,Y,,,Y,,A,01,0,0,1,0,0,0,1,0,0,"- ","- ",36.982349395751953,-121.98165130615234,"SANTA CRUZ",UNINCORPORATED,-121.98155975341797,36.982276916503906
91645301,2021,2021-12-07,9720,2021-12-02,1018,018171,,4,1,9,4400,0,1,3,,1,017,"SR-17 N/B","PASATIEMPO DR",100.00,S,N,A,-,Y,,,17,,,,,,N,N,4,0,1,2,A,-,03,22350,,N,C,C,A,A,H,-,A,D,0,,,,,Y,,A,07,0,0,1,0,0,0,0,0,0,"- ","- ",36.997150421142578,-122.02062225341797,"SANTA CRUZ",UNINCORPORATED,-122.02066040039062,36.997119903564453
91646937,2021,2021-12-08,9720,2021-11-29,2125,021806,,1,2,9,4400,0,1,3,,1,017,"S/B SR-17","S/B SR-17 FROM LA MADRONA DR.",2376.00,N,N,A,-,Y,,,17,,,,,,,N,2,0,3,2,A,-,01,23152,A,N,C,2,A,A,H,-,D,D,0,,,,,Y,Y,A,07,1,2,0,0,0,0,0,0,0,"- ","- ",37.024448394775391,-122.02683258056641,"SANTA CRUZ",UNINCORPORATED,-122.02687835693359,37.024456024169922
91647368,2021,2021-12-09,9720,2021-11-30,2129,021806,,2,2,9,4400,0,1,3,,1,017,"S/B SR-17","LAUREL RD.",725.00,N,N,A,-,Y,,,17,,,,,,,N,3,0,1,1,A,-,01,23152,A,N,B,7,A,A,H,-,D,D,0,,,,,Y,Y,A,01,0,1,0,0,0,0,0,0,0,"- ","- ",37.107051849365234,-121.97669219970703,"SANTA CRUZ",UNINCORPORATED,-121.97669219970703,37.107051849365234