CASE_ID,ACCIDENT_YEAR,PROC_DATE,JURIS,COLLISION_DATE,COLLISION_TIME,OFFICER_ID,REPORTING_DISTRICT,DAY_OF_WEEK,CHP_SHIFT,POPULATION,CNTY_CITY_LOC,SPECIAL_COND,BEAT_TYPE,CHP_BEAT_TYPE,CITY_DIVISION_LAPD,CHP_BEAT_CLASS,BEAT_NUMBER,PRIMARY_RD,SECONDARY_RD,DISTANCE,DIRECTION,INTERSECTION,WEATHER_1,WEATHER_2,STATE_HWY_IND,CALTRANS_COUNTY,CALTRANS_DISTRICT,STATE_ROUTE,ROUTE_SUFFIX,POSTMILE_PREFIX,POSTMILE,LOCATION_TYPE,RAMP_INTERSECTION,SIDE_OF_HWY,TOW_AWAY,COLLISION_SEVERITY,NUMBER_KILLED,NUMBER_INJURED,PARTY_COUNT,PRIMARY_COLL_FACTOR,PCF_CODE_OF_VIOL,PCF_VIOL_CATEGORY,PCF_VIOLATION,PCF_VIOL_SUBSECTION,HIT_AND_RUN,TYPE_OF_COLLISION,MVIW,PED_ACTION,ROAD_SURFACE,ROAD_COND_1,ROAD_COND_2,LIGHTING,CONTROL_DEVICE,CHP_ROAD_TYPE,PEDESTRIAN_ACCIDENT,BICYCLE_ACCIDENT,MOTORCYCLE_ACCIDENT,TRUCK_ACCIDENT,NOT_PRIVATE_PROPERTY,ALCOHOL_INVOLVED,STWD_VEHTYPE_AT_FAULT,CHP_VEHTYPE_AT_FAULT,COUNT_SEVERE_INJ,COUNT_VISIBLE_INJ,COUNT_COMPLAINT_PAIN,COUNT_PED_KILLED,COUNT_PED_INJURED,COUNT_BICYCLIST_KILLED,COUNT_BICYCLIST_INJURED,COUNT_MC_KILLED,COUNT_MC_INJURED,PRIMARY_RAMP,SECONDARY_RAMP,LATITUDE,LONGITUDE,COUNTY,CITY,POINT_X,POINT_Y
91679645,2022,2022-01-18,9720,2022-01-14,1030,021717,,5,1,9,4400,0,3,5,,2,300,"AMESTI RD","LETINNICH LN.",2.00,W,N,A,-,N,,,,,,,,,,Y,3,0,1,1,A,-,01,23152,A,N,E,I,A,A,H,-,A,D,0,,,,,Y,Y,A,01,0,1,0,0,0,0,0,0,0,"- ","- ",36.987491607666016,-121.80103302001953,"SANTA CRUZ",UNINCORPORATED,-121.80111694335938,36.987445831298828
91680904,2022,2022-01-19,9720,2022-01-13,0730,018171,,4,1,9,4400,0,2,4,,1,021,"SOQUEL DR","ROBERTSON ST",50.00,S,N,A,-,N,,,,,,,,,,N,4,0,1,1,C,-,18,,,N,E,I,A,A,H,-,A,D,0,,,,,Y,,-,"- ",0,0,1,0,0,0,0,0,0,"- ","- ",36.987651824951172,-121.96031951904297,"SANTA CRUZ",UNINCORPORATED,-121.96040344238281,36.987735748291016
91680974,2022,2022-01-19,9720,2022-01-14,1104,021790,,5,1,9,4400,0,1,3,,2,030,"SR-1 N/B","WEST BEACH ST",2640.00,N,N,A,-,Y,SCR,,1,,R,1.635,H,,R,Y,3,0,3,3,A,-,03,22350,,N,C,C,A,A,H,-,A,D,0,,,,,Y,,D,22,0,1,2,0,0,0,0,0,0,"- ","- ",36.906261444091797,-121.78153991699219,"SANTA CRUZ",UNINCORPORATED,-121.78153991699219,36.906257629394531
91681639,2022,2022-01-20,9720,2022-01-02,0910,022044,,7,1,9,4400,0,3,5,,2,100,"E ZAYANTE RD.","SYLVAN WAY",550.00,S,N,A,-,N,,,,,,,,,,Y,3,0,1,2,C,-,18,,,N,F,A,A,C,H,-,A,D,0,,,Y,,Y,,-,"- ",0,1,0,0,0,0,0,0,1,"- ","- ",37.080059051513672,-122.05104064941406,"SANTA CRUZ",UNINCORPORATED,-122.05105590820312,37.080097198486328
91682699,2022,2022-01-21,9720,2022-01-08,2038,022162,,6,2,9,4400,0,2,4,,1,032,"GREEN VALLEY ROAD","MINTO ROAD",50.00,S,N,A,-,N,,,,,,,,,,N,4,0,1,2,A,-,03,22350,,M,C,C,A,A,H,-,C,A,0,,,,,Y,,-,99,0,0,1,0,0,0,0,0,0,"- ","- ",36.952239990234375,-121.764892578125,"SANTA CRUZ",UNINCORPORATED,-121.76490783691406,36.951221466064453
91683969,2022,2022-01-24,9720,2022-01-18,1806,021702,,2,2,9,4400,0,1,3,,1,010,"SR-1 N/B","SWANTON RD",3168.00,N,N,A,-,Y,SCR,,1,,,36.081,H,,R,Y,4,0,1,1,A,-,08,22107,,N,E,I,A,A,H,-,D,D,0,,,,,Y,,A,01,0,0,1,0,0,0,0,0,0,"- ","- ",37.093929290771484,-122.27538299560547,"SANTA CRUZ",UNINCORPORATED,-122.27536010742188,37.093940734863281
91685025,2022,2022-01-25,9720,2022-01-12,2210,021940,,3,3,9,4400,0,1,3,,1,017,"NB SR-17","MT. HERMON RD.",2006.00,S,N,A,-,Y,SCR,,17,,,3.029,H,,R,N,3,0,1,1,A,-,01,23152,A,N,E,I,A,A,H,-,D,D,0,,,,,Y,Y,A,01,0,1,0,0,0,0,0,0,0,"- ","- ",37.030059814453125,-122.02281188964844,"SANTA CRUZ",UNINCORPORATED,-122.02291870117188,37.030071258544922
91685505,2022,2022-01-26,9720,2022-01-16,0120,022349,,7,3,9,4400,0,1,3,,1,010,SR-1,"MARINE VIEW AVE",1152.00,N,N,A,-,Y,SCR,,1,,,28.985,H,,R,Y,3,0,1,1,A,-,01,23152,A,N,E,I,A,A,H,-,D,D,0,,,,,Y,Y,A,08,0,1,0,0,0,0,0,0,0,"- ","- ",37.013439178466797,-122.19924926757812,"SANTA CRUZ",UNINCORPORATED,-122.19927215576172,37.013420104980469
91686942,2022,2022-01-27,9720,2022-01-08,1619,021860,,6,2,9,4400,0,1,3,,1,035,SR-129,"INDUSTRIAL ROAD",0.00,,Y,A,-,Y,SCR,,129,,L,0.516,H,,R,Y,2,0,1,2,A,-,12,21453,A,N,D,C,A,A,H,-,A,A,0,,,,Y,Y,,A,07,1,0,0,0,0,0,0,0,0,"- ","- ",36.898910522460938,-121.76712799072266,"SANTA CRUZ",UNINCORPORATED,-121.76694488525391,36.898738861083984
91686950,2021,2022-01-27,9720,2021-09-13,0710,021248,,1,1,9,4400,0,1,3,,1,035,SR-129,"THOMPSON RD",70.00,E,N,E,-,Y,,,129,,,,,,,Y,4,0,2,3,A,-,03,22350,,F,C,C,A,A,H,-,B,A,0,,,,,Y,,A,07,0,0,2,0,0,0,0,0,0,"- ","- ",36.921859741210938,-121.71101379394531,"SANTA CRUZ",UNINCORPORATED,-121.71100616455078,36.921836853027344
91687963,2022,2022-01-27,9720,2022-01-25,1455,021321,,2,2,9,4400,0,1,3,,1,015,"RT 9","GLENGARRY RD",250.00,S,N,A,-,Y,SCR,,9,,,4.665,H,,R,Y,3,0,1,1,A,-,08,22107,,N,E,I,A,A,H,-,A,D,0,,,,,Y,,A,01,0,1,0,0,0,0,0,0,0,"- ","- ",37.031219482421875,-122.064208984375,"SANTA CRUZ",UNINCORPORATED,-122.064208984375,37.031238555908203
91689136,2022,2022-01-31,9720,2022-01-15,0043,022125,,6,3,9,4400,0,3,5,,2,300,"VARNI RD","STOREY RD",1056.00,S,N,A,-,N,,,,,,,,,,Y,3,0,1,1,A,-,01,23152,A,N,F,A,A,A,H,-,C,D,0,,,,,Y,Y,D,22,0,1,0,0,0,0,0,0,0,"- ","- ",36.967750549316406,-121.80197906494141,"SANTA CRUZ",UNINCORPORATED,-121.80197143554688,36.967761993408203
91689139,2022,2022-01-31,9720,2022-01-18,2348,022349,,2,3,9,4400,0,1,3,,1,015,SR-9,"LORENZO AVE.",100.00,S,N,A,-,Y,SCR,,9,,,11.956,H,,R,N,2,0,1,1,A,-,01,23152,A,N,E,I,A,A,H,-,C,D,0,,,,,Y,Y,A,01,1,0,0,0,0,0,0,0,0,"- ","- ",37.111869812011719,-122.11441040039062,"SANTA CRUZ",UNINCORPORATED,-122.11443328857422,37.111865997314453
91690486,2022,2022-02-01,9720,2022-01-21,1707,020977,,5,2,9,4400,0,1,3,,2,030,"RT 1","SAN ANDREAS ROAD",2112.00,N,N,A,-,Y,SCR,,1,,R,8.095,H,,R,N,4,0,2,2,A,-,03,22350,,N,C,C,A,A,H,-,B,D,0,,,,,Y,,A,01,0,0,2,0,0,0,0,0,0,"- ","- ",36.965328216552734,-121.86750030517578,"SANTA CRUZ",UNINCORPORATED,-121.8673095703125,36.9654541015625
91690528,2022,2022-02-01,9720,2022-01-23,1645,022511,,7,2,9,4400,0,1,3,,1,015,SR-9,"ROWARDENNAN DR.",133.00,S,N,A,-,Y,SCR,,9,,,9.155,H,,R,Y,3,0,2,1,A,-,01,23152,A,N,E,8,A,A,H,-,A,D,0,,,,,Y,Y,A,07,0,2,0,0,0,0,0,0,0,"- ","- ",37.085128784179688,-122.08934783935547,"SANTA CRUZ",UNINCORPORATED,-122.08938598632812,37.085113525390625
91690609,2022,2022-02-01,9720,2022-01-26,0920,021717,,3,1,9,4400,0,2,4,,1,021,"SOQUEL DR","DAUBENBISS LN.",0.00,,Y,A,-,N,,,,,,,,,,Y,3,0,1,2,A,-,09,21801,A,N,D,G,A,A,H,-,A,A,0,,Y,,,Y,,D,22,0,1,0,0,0,0,1,0,0,"- ","- ",36.987739562988281,-121.95828247070312,"SANTA CRUZ",UNINCORPORATED,-121.95833587646484,36.987812042236328
91690792,2022,2022-02-01,9720,2022-01-28,1454,022140,,5,2,9,4400,0,2,4,,1,021,"SOQUEL DR","STATE PARD DR",300.00,W,N,A,-,N,,,,,,,,,,Y,3,0,1,3,A,-,03,22350,,N,C,C,A,A,H,-,A,D,0,,,,,Y,,A,01,0,1,0,0,0,0,0,0,0,"- ","- ",36.98065185546875,-121.90914154052734,"SANTA CRUZ",UNINCORPORATED,-121.90917205810547,36.979297637939453
91692029,2022,2022-02-02,9720,2022-01-25,1640,021877,,2,2,9,4400,0,1,3,,1,034,SR-152,"COLLEGE RD",50.00,E,N,A,-,Y,SCR,,152,,R,2.019,H,,R,Y,4,0,2,2,A,-,09,21804,A,N,A,C,A,A,H,-,A,D,0,,,,,Y,,A,08,0,0,2,0,0,0,0,0,0,"- ","- ",36.936351776123047,-121.74330902099609,"SANTA CRUZ",UNINCORPORATED,-121.7432861328125,36.936347961425781
91692075,2022,2022-02-02,9720,2022-01-24,1635,021877,,1,2,9,4400,0,1,3,,1,017,"SR-17 S/B","GLENWOOD DR",528.00,S,N,A,-,Y,SCR,,17,,,10.439,H,,L,N,2,0,1,1,A,-,03,22350,,N,F,A,A,A,H,-,A,D,0,,Y,,,Y,,L,04,1,0,0,0,0,0,1,0,0,"- ","- ",37.117179870605469,-121.97560882568359,"SANTA CRUZ",UNINCORPORATED,-121.97557830810547,37.117168426513672
91692090,2022,2022-02-02,9720,2022-01-26,0840,021248,,3,1,9,4400,0,1,3,,2,020,"SR-1 N/B","RIO DEL MAR BLVD",1320.00,N,N,A,-,Y,SCR,,1,,,9.583,H,,R,N,4,0,1,3,A,-,03,22350,,N,C,C,A,A,H,-,A,D,0,,,,,Y,,A,01,0,0,1,0,0,0,0,0,0,"- ","- ",36.975181579589844,-121.89407348632812,"SANTA CRUZ",UNINCORPORATED,-121.89407348632812,36.975227355957031
91693058,2022,2022-02-03,9720,2022-01-23,1115,021248,,7,1,9,4400,0,1,3,,2,030,"SR-1 S/B","BUENA VISTA DR.",5280.00,N,N,A,-,Y,SCR,,1,,R,5.174,H,,L,Y,3,0,1,2,A,-,01,23152,A,N,C,C,A,A,H,-,A,D,0,,,,,Y,Y,A,01,0,1,0,0,0,0,0,0,0,"- ","- ",36.936908721923828,-121.82929992675781,"SANTA CRUZ",UNINCORPORATED,-121.82928466796875,36.936943054199219
91693091,2022,2022-02-03,9720,2022-01-29,1629,019956,,6,2,9,4400,0,1,3,,1,010,SR-1,"LAGUNA RD",36.00,N,N,A,-,Y,SCR,,1,,,25.992,H,,R,Y,2,0,1,2,A,-,03,22350,,N,C,C,A,A,H,-,A,D,0,,,,,Y,,D,22,1,0,0,0,0,0,0,0,0,"- ","- ",36.987068176269531,-122.15548706054688,"SANTA CRUZ",UNINCORPORATED,-122.15547943115234,36.987091064453125
91694803,2022,2022-02-07,9720,2022-01-30,0015,022162,,7,3,9,4400,0,3,5,,2,200,"THOMPSON AVENUE","CAPITOLA ROAD",184.00,W,N,A,-,N,,,,,,,,,,N,3,0,1,2,A,-,11,21950,B,N,G,B,D,D,H,-,C,D,0,Y,,,,Y,Y,N,60,0,1,0,0,1,0,0,0,0,"- ","- ",36.973121643066406,-121.97103118896484,"SANTA CRUZ",UNINCORPORATED,-121.97093200683594,36.973690032958984
91695226,2022,2022-02-07,9720,2022-02-04,2215,022293,,5,3,9,4400,0,3,5,,2,200,"HILL CREST DR","BEACH GATE WAY",54.00,N,N,A,-,N,,,,,,,,,,N,3,0,1,2,A,-,13,22515,A,N,B,E,A,A,H,-,D,D,0,,,,,Y,,D,22,0,1,0,0,0,0,0,0,0,"- ","- ",36.975311279296875,-121.91506958007812,"SANTA CRUZ",UNINCORPORATED,-121.91502380371094,36.975330352783203
91695288,2022,2022-02-07,9720,2022-02-05,0940,021321,,6,1,9,4400,0,1,3,,1,012,"STATE ROUTE 236","KINGS HWY",100.00,S,N,A,-,Y,SCR,,236,,,3.483,H,,R,Y,4,0,1,1,A,-,08,22107,,N,E,I,A,A,H,-,A,D,0,,,,,Y,,D,22,0,0,1,0,0,0,0,0,0,"- ","- ",37.156219482421875,-122.16191101074219,"SANTA CRUZ",UNINCORPORATED,-122.16188049316406,37.156219482421875
91695654,2022,2022-02-08,9720,2022-02-01,1704,021702,,2,2,9,4400,0,2,4,,1,023,"41ST AVE","PORTOLA DR",0.00,,Y,A,-,N,,,,,,,,,,N,3,0,1,2,A,-,10,21950,A,N,G,B,B,A,H,-,A,A,0,Y,,,,Y,,A,01,0,1,0,0,1,0,0,0,0,"- ","- ",36.963401794433594,-121.96494293212891,"SANTA CRUZ",UNINCORPORATED,-121.96489715576172,36.963539123535156
91697684,2022,2022-02-10,9720,2022-02-03,1030,022471,,4,1,9,4400,0,2,4,,1,021,"SOQUEL DR.","WINKLE AVE",45.00,S,N,A,-,N,,,,,,,,,,Y,3,0,2,2,A,-,09,21804,A,N,D,C,A,A,H,-,A,D,0,,,,,Y,,A,01,0,2,0,0,0,0,0,0,0,"- ","- ",36.98809814453125,-121.97438049316406,"SANTA CRUZ",UNINCORPORATED,-121.97512817382812,36.988208770751953
91697811,2022,2022-02-10,9720,2022-02-05,1345,022471,,6,1,9,4400,0,2,4,,1,023,"17TH AVE.","CAPITOLA RD",190.00,W,N,A,-,N,,,,,,,,,,N,2,0,1,1,A,-,08,22107,,N,F,A,A,A,H,-,A,D,0,,Y,,,Y,,L,04,1,0,0,0,0,0,1,0,0,"- ","- ",36.975440979003906,-121.98323822021484,"SANTA CRUZ",UNINCORPORATED,-121.98316955566406,36.975334167480469
91698275,2022,2022-02-10,9720,2022-02-08,1812,021702,,2,2,9,4400,0,3,5,,2,300,"MAR MONTE AVE","ALTA DR",350.00,E,N,A,-,N,,,,,,,,,,Y,4,0,1,1,A,-,01,23152,A,N,E,I,A,A,H,-,D,D,0,,,,,Y,Y,A,07,0,0,1,0,0,0,0,0,0,"- ","- ",36.943580627441406,-121.85677337646484,"SANTA CRUZ",UNINCORPORATED,-121.85697174072266,36.943466186523438
91699603,2022,2022-02-14,9720,2022-02-06,2350,022293,,7,3,9,4400,0,1,3,,2,030,"SR-1 S/B TO MAIN ST","S. GREEN VALLEY ROAD",1584.00,N,N,A,-,Y,SCR,,152,,T,0.388,H,,R,Y,3,0,1,1,A,-,01,23152,A,N,E,I,A,A,H,-,D,D,0,,,,,Y,Y,A,07,0,1,0,0,0,0,0,0,0,"- ","- ",36.919410705566406,-121.78925323486328,"SANTA CRUZ",UNINCORPORATED,-121.78923034667969,36.91949462890625
91699642,2022,2022-02-14,9720,2022-02-10,0900,021717,,4,1,9,4400,0,2,4,,1,016,"GRAHAM HILL RD","EAST ZAYANTE RD",36.00,E,N,A,-,N,,,,,,,,,,Y,2,0,2,2,C,-,18,,,N,C,C,A,A,H,-,A,D,0,,,,,Y,,-,"- ",1,0,1,0,0,0,0,0,0,"- ","- ",37.049640655517578,-122.06558990478516,"SANTA CRUZ",UNINCORPORATED,-122.06575775146484,37.049732208251953
91700876,2022,2022-02-15,9720,2022-02-04,1745,022044,,5,2,9,4400,0,1,3,,1,015,SR-9,"MOUNTAIN ST.",200.00,N,N,A,-,Y,SCR,,9,,,12.791,H,,R,N,4,0,2,2,A,-,03,22350,,N,C,C,A,A,H,-,D,D,0,,,,,Y,,A,08,0,0,2,0,0,0,0,0,0,"- ","- ",37.12091064453125,-122.12100219726562,"SANTA CRUZ",UNINCORPORATED,-122.12096405029297,37.120914459228516
91700877,2021,2022-02-15,9720,2021-12-07,2345,022458,,2,3,9,4400,0,1,3,,1,035,SR-129,"BLACKBURN STREET",2640.00,E,N,A,-,Y,,,129,,,,,,,Y,1,1,1,1,A,-,01,23152,G,N,E,I,A,A,H,-,C,D,0,,,,,Y,Y,A,01,1,0,0,0,0,0,0,0,0,"- ","- ",36.914321899414062,-121.73989105224609,"SANTA CRUZ",UNINCORPORATED,-121.73986053466797,36.914237976074219
91700960,2022,2022-02-15,9720,2022-01-10,1540,022044,,1,2,9,4400,0,1,3,,1,034,"QUAIL HOLLOW RD","GLEN ARBOR RD.",770.00,N,N,A,-,N,,,,,,,,,,N,3,0,1,1,A,-,01,23152,A,N,E,I,A,A,H,-,A,D,0,,,,,Y,Y,A,01,0,1,0,0,0,0,0,0,0,"- ","- ",37.081489562988281,-122.07695770263672,"SANTA CRUZ",UNINCORPORATED,-122.07662963867188,37.080108642578125
91701094,2022,2022-02-15,9720,2022-02-10,0715,020012,,4,1,9,4400,0,1,3,,2,030,"SR-1 N/B","MAR MONTE AVE",600.00,S,N,A,-,Y,SCR,,1,,R,6.646,H,,R,N,4,0,1,2,A,-,03,22350,,N,C,C,A,A,H,-,A,D,0,,,,,Y,,A,01,0,0,1,0,0,0,0,0,0,"- ","- ",36.949390411376953,-121.85047149658203,"SANTA CRUZ",UNINCORPORATED,-121.85047912597656,36.949386596679688
91701986,2022,2022-02-16,9720,2022-02-06,1624,021877,,7,2,9,4400,0,1,3,,1,017,SR-17,"CRESCENT DR",0.00,,Y,A,-,Y,SCR,,17,,,6.723,H,,R,Y,4,0,1,2,A,-,09,21802,A,N,D,C,A,A,H,-,A,D,0,,,,,Y,,A,01,0,0,1,0,0,0,0,0,0,"- ","- ",37.073711395263672,-121.98928833007812,"SANTA CRUZ",UNINCORPORATED,-121.98925018310547,37.073684692382812
91702035,2022,2022-02-16,9720,2022-02-07,1338,021211,,1,1,9,4400,0,3,5,,2,100,"GLEN ARBOR RD.","CALEDONIUM AVE",0.00,,Y,A,-,N,,,,,,,,,,Y,4,0,4,2,A,-,05,21460,A,N,D,C,A,A,H,-,A,D,0,,,,,Y,,A,01,0,0,4,0,0,0,0,0,0,"- ","- ",37.074268341064453,-122.08039855957031,"SANTA CRUZ",UNINCORPORATED,-122.08039855957031,37.074310302734375
91702284,2022,2022-02-16,9720,2022-02-08,1900,019956,,2,2,9,4400,0,3,5,,2,300,"CORRALITOS RD","VARNI RD",528.00,S,N,A,-,N,,,,,,,,,,Y,2,0,3,3,A,-,01,23152,A,N,A,C,A,A,H,-,D,D,0,,,,,Y,Y,A,01,1,2,0,0,0,0,0,0,0,"- ","- ",36.965278625488281,-121.80712127685547,"SANTA CRUZ",UNINCORPORATED,-121.80711364746094,36.96551513671875
91702361,2022,2022-02-16,9720,2022-02-08,0847,021248,,2,1,9,4400,0,2,4,,1,021,"SOQUEL DR","STATE PARD DR",0.00,,Y,A,-,N,,,,,,,,,,N,4,0,1,2,A,-,12,21453,A,N,D,C,A,A,H,-,A,A,0,,,,Y,Y,,G,26,0,0,1,0,0,0,0,0,0,"- ","- ",36.979881286621094,-121.90841674804688,"SANTA CRUZ",UNINCORPORATED,,
91702503,2022,2022-02-16,9720,2022-02-06,1825,022140,,7,2,9,4400,0,3,5,,2,200,"BRANCIFORTE DR","MILL RD",560.00,W,N,A,-,N,,,,,,,,,,Y,3,0,1,1,C,-,18,,,N,E,I,A,A,H,-,D,D,0,,,,,Y,,-,"- ",0,1,0,0,0,0,0,0,0,"- ","- ",36.998298645019531,-122.005859375,"SANTA CRUZ",UNINCORPORATED,-122.00577545166016,36.998325347900391
91703505,2022,2022-02-17,9720,2022-02-08,0628,021248,,2,1,9,4400,0,1,3,,2,020,"SR-1 N/B","PORTER ST",400.00,S,N,A,-,Y,SCR,,1,,,12.959,H,,R,N,4,0,3,4,A,-,03,22350,,N,C,C,A,A,H,-,D,D,0,,,,,Y,,A,01,0,0,3,0,0,0,0,0,0,"- ","- ",36.983669281005859,-121.95262145996094,"SANTA CRUZ",UNINCORPORATED,-121.95262145996094,36.983692169189453
91703540,2022,2022-02-17,9720,2022-02-06,1430,022044,,7,2,9,4400,0,1,3,,1,012,SR-236,"WATERMAN GAP RD.",35.00,E,N,A,-,Y,SCR,,236,,,15.469,H,,R,N,2,0,1,1,A,-,03,22350,,N,E,I,A,A,H,-,A,D,0,,,,,Y,,A,01,1,0,0,0,0,0,0,0,0,"- ","- ",37.193031311035156,-122.16912078857422,"SANTA CRUZ",UNINCORPORATED,-122.16915130615234,37.193096160888672
91703680,2022,2022-02-17,9720,2022-02-12,1741,020012,,6,2,9,4400,0,1,3,,2,020,"SR-1 NB","CAPITOLA AVE",25.00,S,N,A,-,Y,,,,,,,,,,N,4,0,1,2,A,-,08,22107,,N,E,I,A,A,H,-,A,D,0,,,,,Y,Y,A,07,0,0,1,0,0,0,0,0,0,"- ","- ",36.983779907226562,-121.95790100097656,"SANTA CRUZ",UNINCORPORATED,-121.95783996582031,36.983200073242188
91703686,2022,2022-02-17,9720,2022-02-13,0226,022125,,7,3,9,4400,0,2,4,,1,023,"41ST AVE","BAIN AVE",87.00,N,N,A,-,N,,,,,,,,,,N,3,0,1,1,A,-,08,22107,,N,E,I,A,A,H,-,C,D,0,,,,,Y,,D,22,0,1,0,0,0,0,0,0,0,"- ","- ",36.965999603271484,-121.96484375,"SANTA CRUZ",UNINCORPORATED,-121.96491241455078,36.965888977050781
91703718,2022,2022-03-30,9720,2022-02-16,1507,021702,,3,2,9,4400,0,1,3,,2,020,"SR-1 N/B","RIVER ST",898.00,S,N,A,-,Y,SCR,,1,,,17.368,H,,R,N,4,0,1,3,A,-,03,22350,,N,C,C,A,A,H,-,A,D,0,,,,,Y,,D,22,0,0,1,0,0,0,0,0,0,"- ","- ",36.985401153564453,-122.02662658691406,"SANTA CRUZ",UNINCORPORATED,-122.02664947509766,36.985443115234375
91703721,2022,2022-02-18,9720,2022-02-17,0612,020012,,4,1,9,4400,0,1,3,,1,035,"SR-129 E/B","LAKEVIEW RD",3168.00,W,N,A,-,Y,SCR,,129,,,0.782,H,,R,N,4,0,1,2,A,-,06,21750,,N,D,C,A,A,H,-,D,D,0,,,,,Y,,D,22,0,0,1,0,0,0,0,0,0,"- ","- ",36.913688659667969,-121.7418212890625,"SANTA CRUZ",UNINCORPORATED,-121.74179077148438,36.913627624511719
91704912,2022,2022-02-21,9720,2022-02-13,1540,022140,,7,2,9,4400,0,2,4,,1,023,"7TH AVE","EATON ST",175.00,S,N,A,-,N,,,,,,,,,,Y,4,0,3,3,A,-,03,22350,,N,C,C,A,A,H,-,A,A,0,,,,,Y,,D,22,0,0,3,0,0,0,0,0,0,"- ","- ",36.967128753662109,-121.99807739257812,"SANTA CRUZ",UNINCORPORATED,-121.99807739257812,36.967193603515625
91705046,2022,2022-02-21,9720,2022-02-12,1414,022140,,6,2,9,4400,0,1,3,,2,020,"SR-1 S/B","SOQUEL DR",2112.00,S,N,A,-,Y,SCR,,1,,,14.428,H,,L,N,4,0,1,2,A,-,01,23152,A,N,C,C,A,A,H,-,A,D,0,,,,,Y,Y,A,01,0,0,1,0,0,0,0,0,0,"- ","- ",36.985160827636719,-121.978759765625,"SANTA CRUZ",UNINCORPORATED,-121.97876739501953,36.985145568847656
91705258,2022,2022-02-21,9720,2022-02-11,1904,021833,,5,2,9,4400,0,1,3,,1,035,SR-129,"SILLIMAN ROAD",528.00,W,N,A,-,Y,SCR,,129,,,3.818,H,,R,N,3,0,4,2,A,-,03,22350,,N,C,C,A,A,H,-,D,D,0,,,,,Y,Y,A,01,0,4,0,0,0,0,0,0,0,"- ","- ",36.920871734619141,-121.69039154052734,"SANTA CRUZ",UNINCORPORATED,-121.69044494628906,36.920825958251953
91705260,2022,2022-02-21,9720,2022-02-13,1721,021918,,7,2,9,4400,0,1,3,,1,017,"N/B SR 17","GLENWOOD DR",545.00,S,N,A,-,Y,SCR,,17,,,10.506,H,,R,N,3,0,1,1,A,-,03,22350,,N,E,I,A,A,H,-,A,D,0,,,,,Y,,A,01,0,1,0,0,0,0,0,0,0,"- ","- ",37.118099212646484,-121.97511291503906,"SANTA CRUZ",UNINCORPORATED,-121.97507476806641,37.118099212646484
91705263,2022,2022-02-21,9720,2022-02-14,1443,021918,,1,2,9,4400,0,3,5,,2,100,"BEAR CREEK RD","HOPKINS GULCH RD.",1056.00,E,N,A,-,N,,,,,,,,,,Y,2,0,1,1,A,-,08,22107,,N,E,I,A,A,H,-,A,D,0,,,,,Y,,A,01,1,0,0,0,0,0,0,0,0,"- ","- ",37.137668609619141,-122.09712982177734,"SANTA CRUZ",UNINCORPORATED,-122.09697723388672,37.137748718261719
91705288,2022,2022-02-21,9720,2022-02-19,1950,022511,,6,2,9,4400,0,1,3,,1,017,"SR-17 N/B","SANTAS VILLAGE RD",312.00,S,N,A,-,Y,SCR,,17,,,5.800,H,,R,N,4,0,2,2,A,-,04,21703,,N,C,2,A,A,H,-,C,D,0,,,,,Y,,A,01,0,0,2,0,0,0,0,0,0,"- ","- ",37.065059661865234,-122.00093078613281,"SANTA CRUZ",UNINCORPORATED,-122.00089263916016,37.065010070800781
91705866,2022,2022-02-22,9720,2022-01-09,1730,022044,,7,2,9,4400,0,1,3,,1,014,SR-9,"KINGS CREEK RD.",450.00,S,N,A,-,Y,SCR,,9,,,15.176,H,,R,Y,3,0,2,2,A,-,05,21460,A,N,A,C,A,B,H,-,D,D,0,,,,,Y,,A,01,0,1,1,0,0,0,0,0,0,"- ","- ",37.151748657226562,-122.13522338867188,"SANTA CRUZ",UNINCORPORATED,-122.13522338867188,37.151748657226562
91705879,2022,2022-02-22,9720,2022-02-19,1315,021211,,6,1,9,4400,0,2,4,,1,032,"GREEN VALLEY RD","CASSERLY RD",0.00,,Y,A,-,N,,,,,,,,,,N,4,0,1,2,A,-,09,21802,A,N,D,C,A,A,H,-,A,A,0,,,Y,,Y,,A,01,0,0,1,0,0,0,0,0,1,"- ","- ",36.96942138671875,-121.76587677001953,"SANTA CRUZ",UNINCORPORATED,-121.76595306396484,36.969406127929688
91706948,2022,2022-03-02,9720,2022-02-18,0613,020562,,5,1,9,4400,0,1,3,,1,035,SR-129,"JUDD RD",30.00,N,N,A,-,Y,SCR,,129,,L,0.333,H,,R,Y,4,0,1,2,A,-,07,21658,A,N,F,C,A,A,H,-,D,D,0,,,,,Y,,A,08,0,0,1,0,0,0,0,0,0,"- ","- ",36.897148132324219,-121.76941680908203,"SANTA CRUZ",UNINCORPORATED,-121.76933288574219,36.897071838378906