CASE_ID,ACCIDENT_YEAR,PROC_DATE,JURIS,COLLISION_DATE,COLLISION_TIME,OFFICER_ID,REPORTING_DISTRICT,DAY_OF_WEEK,CHP_SHIFT,POPULATION,CNTY_CITY_LOC,SPECIAL_COND,BEAT_TYPE,CHP_BEAT_TYPE,CITY_DIVISION_LAPD,CHP_BEAT_CLASS,BEAT_NUMBER,PRIMARY_RD,SECONDARY_RD,DISTANCE,DIRECTION,INTERSECTION,WEATHER_1,WEATHER_2,STATE_HWY_IND,CALTRANS_COUNTY,CALTRANS_DISTRICT,STATE_ROUTE,ROUTE_SUFFIX,POSTMILE_PREFIX,POSTMILE,LOCATION_TYPE,RAMP_INTERSECTION,SIDE_OF_HWY,TOW_AWAY,COLLISION_SEVERITY,NUMBER_KILLED,NUMBER_INJURED,PARTY_COUNT,PRIMARY_COLL_FACTOR,PCF_CODE_OF_VIOL,PCF_VIOL_CATEGORY,PCF_VIOLATION,PCF_VIOL_SUBSECTION,HIT_AND_RUN,TYPE_OF_COLLISION,MVIW,PED_ACTION,ROAD_SURFACE,ROAD_COND_1,ROAD_COND_2,LIGHTING,CONTROL_DEVICE,CHP_ROAD_TYPE,PEDESTRIAN_ACCIDENT,BICYCLE_ACCIDENT,MOTORCYCLE_ACCIDENT,TRUCK_ACCIDENT,NOT_PRIVATE_PROPERTY,ALCOHOL_INVOLVED,STWD_VEHTYPE_AT_FAULT,CHP_VEHTYPE_AT_FAULT,COUNT_SEVERE_INJ,COUNT_VISIBLE_INJ,COUNT_COMPLAINT_PAIN,COUNT_PED_KILLED,COUNT_PED_INJURED,COUNT_BICYCLIST_KILLED,COUNT_BICYCLIST_INJURED,COUNT_MC_KILLED,COUNT_MC_INJURED,PRIMARY_RAMP,SECONDARY_RAMP,LATITUDE,LONGITUDE,COUNTY,CITY,POINT_X,POINT_Y
91707609,2022,2022-02-24,9720,2022-02-18,2358,022399,,5,3,9,4400,0,2,4,,1,016,"GRAHAM HILL RD","DEER PATH RD.",79.00,N,N,A,-,N,,,,,,,,,,Y,3,0,1,1,A,-,08,22107,,N,E,I,A,A,H,-,D,D,0,,,,,Y,,D,22,0,1,0,0,0,0,0,0,0,"- ","- ",37.006908416748047,-122.0340576171875,"SANTA CRUZ",UNINCORPORATED,-122.03411102294922,37.0068359375
91707936,2022,2022-02-24,9720,2022-02-19,1045,020012,,6,1,9,4400,0,1,3,,1,017,"SR-17 SB","PASATIEMPO DR",528.00,N,N,A,-,Y,SCR,,17,,,0.810,H,,L,N,4,0,1,3,A,-,03,22350,,N,C,C,A,A,H,-,A,D,0,,,,,Y,,E,22,0,0,1,0,0,0,0,0,0,"- ","- ",37.000431060791016,-122.02140045166016,"SANTA CRUZ",UNINCORPORATED,-122.02153015136719,37.000450134277344
91709844,2022,2022-02-25,9720,2022-02-13,2146,022162,,7,2,9,4400,0,1,3,,1,035,"RIVERSIDE DRIVE",SR-1,250.00,E,N,A,-,Y,SCR,,129,,L,0.258,H,,R,N,4,0,1,2,A,-,03,22350,,F,C,C,A,D,H,-,C,D,0,,,,,Y,,A,01,0,0,1,0,0,0,0,0,0,"- ","- ",36.896381378173828,-121.77028656005859,"SANTA CRUZ",UNINCORPORATED,-121.77030944824219,36.896400451660156
91709857,2022,2022-02-25,9720,2022-02-16,0740,022471,,3,1,9,4400,0,1,3,,2,020,"N/B SR-1","FREEDOM BLVD",250.00,N,N,A,-,Y,SCR,,1,,,8.620,H,,R,N,4,0,3,3,A,-,03,22350,,N,C,C,A,A,H,-,A,D,0,,,,,Y,,D,22,0,0,3,0,0,0,0,0,0,"- ","- ",36.972061157226562,-121.87738800048828,"SANTA CRUZ",UNINCORPORATED,-121.87737274169922,36.972084045410156
91710101,2022,2022-02-25,9720,2022-02-17,1515,022044,,4,2,9,4400,0,3,5,,2,300,"HOLOHAN RD","LAKEN DR.",600.00,W,N,A,-,N,,,,,,,,,,N,4,0,1,3,A,-,03,22350,,N,C,C,A,A,H,-,A,D,0,,,,,Y,,A,01,0,0,1,0,0,0,0,0,0,"- ","- ",36.936901092529297,-121.74729156494141,"SANTA CRUZ",UNINCORPORATED,-121.74725341796875,36.936912536621094
91710131,2022,2022-02-25,9720,2022-02-13,1317,021248,,7,1,9,4400,0,1,3,,1,014,SR-9,"TEILH DR",50.00,S,N,A,-,Y,SCR,,9,,,16.582,H,,R,N,2,0,1,3,A,-,03,22350,,N,C,C,A,A,H,-,A,D,0,,,Y,,Y,,C,02,1,0,0,0,0,0,0,0,1,"- ","- ",37.173049926757812,-122.13813781738281,"SANTA CRUZ",UNINCORPORATED,-122.13823699951172,37.173042297363281
91711081,2022,2022-02-28,9720,2022-01-18,1345,021548,,2,1,9,4400,0,1,3,,1,035,SR-129,"INDUSTRIAL RD.",0.00,,Y,A,-,Y,SCR,,129,,L,0.515,H,,R,Y,2,0,1,2,A,-,12,21453,A,N,D,C,A,A,H,-,A,A,0,,,,,Y,,A,01,1,0,0,0,0,0,0,0,0,"- ","- ",36.898849487304688,-121.76706695556641,"SANTA CRUZ",UNINCORPORATED,-121.76694488525391,36.898738861083984
91711978,2022,2022-03-01,9720,2022-02-13,2210,022349,,7,3,9,4400,0,1,3,,2,020,"NB SR-1","SOQUEL DR",1056.00,S,N,A,-,Y,SCR,,1,,,14.509,H,,R,N,3,0,1,2,A,-,01,23152,A,M,C,C,A,A,H,-,D,D,0,,,,,Y,Y,A,01,0,1,0,0,0,0,0,0,0,"- ","- ",36.985721588134766,-121.98004150390625,"SANTA CRUZ",UNINCORPORATED,-121.98007202148438,36.985641479492188
91712313,2022,2022-03-01,9720,2022-02-23,1458,021833,,3,2,9,4400,0,1,3,,1,017,"S/B SR-17","PASATIEMPO DR.",528.00,S,N,A,-,Y,SCR,,17,,,0.550,H,,R,N,4,0,2,3,A,-,03,22350,,N,C,C,A,A,H,-,A,D,0,,,,,Y,,A,07,0,0,2,0,0,0,0,0,0,"- ","- ",36.996818542480469,-122.02056121826172,"SANTA CRUZ",UNINCORPORATED,-122.02040863037109,36.996902465820312
91712946,2022,2022-03-02,9720,2022-02-20,1210,022471,,7,1,9,4400,0,3,5,,2,200,"MATTISON LN","SOQUEL AVE",100.00,N,N,A,-,N,,,,,,,,,,N,2,0,1,1,A,-,03,22350,,N,F,A,A,A,H,-,D,D,0,,,Y,,Y,,C,02,1,0,0,0,0,0,0,0,1,"- ","- ",36.983779907226562,-121.97406768798828,"SANTA CRUZ",UNINCORPORATED,-121.97409820556641,36.983810424804688
91712984,2022,2022-03-02,9720,2022-02-23,1909,021918,,3,2,9,4400,0,1,3,,1,015,"N/B SR-9","PIKE RD.",1056.00,S,N,A,-,Y,SCR,,9,,,10.362,H,,R,Y,3,0,1,1,A,-,08,22107,,N,E,I,A,A,H,-,D,D,0,,,,,Y,Y,A,01,0,1,0,0,0,0,0,0,0,"- ","- ",37.098049163818359,-122.09777069091797,"SANTA CRUZ",UNINCORPORATED,-122.09774017333984,37.098060607910156
91713062,2022,2022-03-02,9720,2022-02-24,1750,021702,,4,2,9,4400,0,2,4,,1,021,"SOQUEL DR","PRATHER LN",5.00,W,N,A,-,N,,,,,,,,,,Y,4,0,1,2,A,-,03,22350,,N,C,C,A,A,H,-,A,D,0,,,,,Y,,A,01,0,0,1,0,0,0,0,0,0,"- ","- ",36.988380432128906,-121.97698974609375,"SANTA CRUZ",UNINCORPORATED,-121.9769287109375,36.9884033203125
91713281,2022,2022-03-02,9720,2022-02-26,1310,020012,,6,1,9,4400,0,3,5,,2,100,"MOUNTAIN CHARLIE ROAD","OLD JAPANESE ROAD",528.00,N,N,B,-,N,,,,,,,,,,N,2,0,1,1,A,-,03,22350,,N,F,A,A,A,H,-,A,D,0,,Y,,,Y,,L,04,1,0,0,0,0,0,1,0,0,"- ","- ",37.118270874023438,-121.99124908447266,"SANTA CRUZ",UNINCORPORATED,-121.99121856689453,37.118179321289062
91713465,2022,2022-03-02,9720,2022-02-20,2230,021940,,7,3,9,4400,0,2,4,,1,031,"FREEDOM BLVD.","MIGUES MTN. LN.",230.00,E,N,A,-,N,,,,,,,,,,N,3,0,1,1,A,-,17,21658,B,N,E,I,A,A,H,-,D,D,0,,,,,Y,Y,A,01,0,1,0,0,0,0,0,0,0,"- ","- ",36.984321594238281,-121.86224365234375,"SANTA CRUZ",UNINCORPORATED,-121.86241912841797,36.984840393066406
91713484,2022,2022-03-02,9720,2022-02-24,2100,022140,,4,2,9,4400,0,2,4,,1,024,"CAPITOLA RD","30TH AVE",0.00,,Y,A,-,N,,,,,,,,,,N,4,0,1,2,A,-,12,21453,A,F,D,C,A,A,H,-,C,A,0,,,,,Y,Y,-,"- ",0,0,1,0,0,0,0,0,0,"- ","- ",36.973751068115234,-121.97319030761719,"SANTA CRUZ",UNINCORPORATED,-121.97322082519531,36.97369384765625
91713527,2022,2022-03-02,9720,2022-02-25,1730,022140,,5,2,9,4400,0,2,4,,1,024,"PORTOLA DR","35TH AVE",250.00,W,N,A,-,N,,,,,,,,,,N,4,0,1,2,A,-,08,22107,,N,B,G,A,A,H,-,A,D,0,,Y,,,Y,Y,L,04,0,0,1,0,0,0,1,0,0,"- ","- ",36.963481903076172,-121.97147369384766,"SANTA CRUZ",UNINCORPORATED,-121.97141265869141,36.963459014892578
91714264,2022,2022-03-03,9720,2022-02-20,1612,022545,,7,2,9,4400,0,1,3,,1,034,SR-152,"HOLOHAN RD",3538.00,E,N,A,-,Y,SCR,,152,,,2.687,H,,R,Y,2,0,9,4,A,-,09,21801,A,F,A,C,A,A,H,-,A,D,0,,,,,Y,,-,99,3,2,4,0,0,0,0,0,0,"- ","- ",36.944599151611328,-121.73783111572266,"SANTA CRUZ",UNINCORPORATED,-121.73779296875,36.944580078125
91714373,2022,2022-03-03,9720,2022-02-27,1615,022140,,7,2,9,4400,0,2,4,,1,023,"41ST AVE","SOQUEL DR",560.00,S,N,A,-,N,,,,,,,,,,N,3,0,1,2,A,-,08,22107,,F,D,G,A,A,H,-,A,D,0,,Y,,,Y,,-,99,0,1,0,0,0,0,1,0,0,"- ","- ",36.985820770263672,-121.96484375,"SANTA CRUZ",UNINCORPORATED,-121.96494293212891,36.985862731933594
91717577,2022,2022-03-08,9720,2022-02-18,2033,022044,,5,2,9,4400,0,2,4,,1,031,"BUENA VISTA DR.","MEMORIAL AVE.",100.00,E,N,A,-,N,,,,,,,,,,Y,4,0,2,3,A,-,01,23152,A,F,C,C,A,A,H,-,D,D,0,,,,,Y,Y,A,01,0,0,2,0,0,0,0,0,0,"- ","- ",36.940738677978516,-121.78247833251953,"SANTA CRUZ",UNINCORPORATED,-121.78192138671875,36.940475463867188
91717645,2022,2022-03-08,9720,2022-02-25,1745,022044,,5,2,9,4400,0,1,3,,1,015,"SR-9 N/B","CLEAR CREEK RD.",500.00,N,N,A,-,Y,SCR,,9,,,11.511,H,,R,N,4,0,1,2,A,-,01,23152,A,N,A,C,A,A,H,-,B,D,0,,,,,Y,Y,A,01,0,0,1,0,0,0,0,0,0,"- ","- ",37.107749938964844,-122.11134338378906,"SANTA CRUZ",UNINCORPORATED,-122.11135101318359,37.107830047607422
91717649,2022,2022-03-08,9720,2022-02-26,1615,022140,,6,2,9,4400,0,1,3,,2,020,"SR-1 S/B","LA FONDA AVE",1267.00,N,N,B,-,Y,SCR,,1,,,15.517,H,,L,Y,3,0,1,2,A,-,03,22350,,N,C,C,A,A,H,-,A,D,0,,,Y,,Y,,C,02,0,1,0,0,0,0,0,0,1,"- ","- ",36.988140106201172,-121.99793243408203,"SANTA CRUZ",UNINCORPORATED,-121.99793243408203,36.988136291503906
91717661,2022,2022-03-08,9720,2022-02-28,1238,021248,,1,1,5,4402,0,2,4,,1,023,"7TH AVE","HARBOR BEACH CT.",75.00,S,N,A,-,N,,,,,,,,,,N,4,0,1,2,A,-,03,22350,,N,C,C,A,A,H,-,A,A,0,,,,,Y,,D,22,0,0,1,0,0,0,0,0,0,"- ","- ",36.968379974365234,-121.99790191650391,"SANTA CRUZ","SANTA CRUZ",-121.99790191650391,36.968463897705078
91717740,2022,2022-03-08,9720,2022-02-27,1355,022471,,7,1,9,4400,0,1,3,,2,020,SR-1,"PORTER ST",300.00,S,N,A,-,Y,,,,,,,,,,N,4,0,2,3,A,-,03,22350,,N,C,C,A,A,H,-,A,D,0,,,,,Y,,A,01,0,0,2,0,0,0,0,0,0,"- ","- ",36.983669281005859,-121.05254364013672,"SANTA CRUZ",UNINCORPORATED,-121.95832824707031,36.983139038085938
91717789,2022,2022-03-08,9720,2022-03-01,1905,022162,,2,2,9,4400,0,1,3,,1,010,SR1,"SWANTON ROAD",11880.00,N,N,A,-,Y,SCR,,1,,,32.776,H,,R,N,3,0,1,2,A,-,11,21956,A,N,G,B,E,A,H,-,D,D,0,Y,,,,Y,Y,N,60,0,1,0,0,1,0,0,0,0,"- ","- ",37.053928375244141,-122.24369812011719,"SANTA CRUZ",UNINCORPORATED,-122.24375152587891,37.053901672363281
91718098,2022,2022-03-08,9720,2022-02-28,1540,021877,,1,2,9,4400,0,2,4,,1,021,"SOQUEL DR","HAAS DR",0.00,,Y,A,-,N,,,,,,,,,,N,4,0,1,2,A,-,09,21802,A,N,D,G,A,A,H,-,A,D,0,,Y,,,Y,,A,01,0,0,1,0,0,0,1,0,0,"- ","- ",36.987140655517578,-121.92041778564453,"SANTA CRUZ",UNINCORPORATED,-121.92044830322266,36.987049102783203
91718109,2022,2022-03-08,9720,2022-03-02,1710,021877,,3,2,9,4400,0,1,3,,2,020,"SR-1 S/B","STATE PARD DR",528.00,N,N,A,-,Y,SCR,,1,,,10.641,H,,L,Y,4,0,2,2,A,-,03,22350,,N,C,C,A,A,H,-,A,D,0,,,,,Y,,A,07,0,0,2,0,0,0,0,0,0,"- ","- ",36.978778839111328,-121.91204833984375,"SANTA CRUZ",UNINCORPORATED,-121.91206359863281,36.978767395019531
91718113,2022,2022-03-08,9720,2022-03-02,1940,021877,,3,2,9,4400,0,1,3,,2,020,"SR-1 S/B","STATE PARD DR",1584.00,S,N,A,-,Y,SCR,,1,,,10.186,H,,L,N,3,0,4,1,A,-,08,22107,,N,E,I,A,A,H,-,C,D,0,,,,,Y,,A,01,0,2,2,0,0,0,0,0,0,"- ","- ",36.975509643554688,-121.90502166748047,"SANTA CRUZ",UNINCORPORATED,-121.905029296875,36.975479125976562
91718650,2022,2022-03-09,9720,2022-02-27,2340,021940,,7,3,9,4400,0,2,4,,1,024,"E, CLIFF DR.","9TH AVE.",390.00,E,N,A,-,N,,,,,,,,,,N,3,0,2,1,A,-,03,22350,,N,E,J,A,D,H,-,C,D,0,,,,,Y,,A,01,0,2,0,0,0,0,0,0,0,"- ","- ",36.961700439453125,-121.996337890625,"SANTA CRUZ",UNINCORPORATED,-121.99689483642578,36.962051391601562
91718665,2022,2022-03-09,9720,2022-03-03,1448,022140,,4,2,9,4400,0,1,3,,2,020,"SR-1 N/B","PASSATIEMPO DR",3696.00,S,N,B,C,Y,SCR,,1,,,17.020,H,,R,Y,4,0,1,1,A,-,03,22350,,N,E,I,A,B,H,-,A,D,0,,,,,Y,,A,01,0,0,1,0,0,0,0,0,0,"- ","- ",36.990459442138672,-122.02139282226562,"SANTA CRUZ",UNINCORPORATED,-122.02133178710938,36.99072265625
91718676,2022,2022-03-14,9720,2022-02-28,1410,022511,,1,2,9,4400,0,1,3,,1,015,SR-9,"FALL CREEK DR.",0.00,,Y,A,-,Y,SCR,,9,,,7.057,H,,R,Y,2,0,4,2,A,-,09,21802,A,N,D,C,A,A,H,-,A,D,0,,,,,Y,,A,07,1,3,0,0,0,0,0,0,0,"- ","- ",37.059551239013672,-122.07935333251953,"SANTA CRUZ",UNINCORPORATED,-122.07937622070312,37.059543609619141
91718812,2022,2022-03-09,9720,2022-03-07,0035,022349,,1,3,9,4400,0,1,3,,2,020,"NB SR-1","PACHECO AVE.",440.00,S,N,A,-,Y,SCR,,1,,,15.683,H,,R,N,4,0,1,1,A,-,01,23152,A,N,E,I,A,A,H,-,C,D,0,,,,,Y,Y,A,01,0,0,1,0,0,0,0,0,0,"- ","- ",36.988559722900391,-122.00080871582031,"SANTA CRUZ",UNINCORPORATED,-122.00081634521484,36.988338470458984
91719146,2022,2022-03-09,9720,2022-02-26,1513,022545,,6,2,9,4400,0,1,3,,1,034,SR-152,"RED HAWK PL",1848.00,E,N,A,-,Y,SCR,,152,,,5.609,H,,R,N,2,0,1,1,A,-,01,23152,A,N,E,I,A,A,H,-,A,D,0,,,Y,,Y,Y,C,02,1,0,0,0,0,0,0,0,1,"- ","- ",36.975551605224609,-121.71462249755859,"SANTA CRUZ",UNINCORPORATED,-121.71467590332031,36.975509643554688
91719174,2022,2022-03-09,9720,2022-03-03,1952,021833,,4,2,9,4400,0,1,3,,1,034,SR-152,"HOLOHAN ROAD",0.00,,Y,A,-,Y,,,,,,,,,,N,3,0,1,2,A,-,01,23152,A,F,D,C,A,B,H,-,C,A,0,,,,,Y,Y,A,01,0,1,0,0,0,0,0,0,0,"- ","- ",36.970989227294922,-121.87140655517578,"SANTA CRUZ",UNINCORPORATED,-121.74333190917969,36.936000823974609
91719177,2022,2022-03-09,9720,2022-02-27,1140,021248,,7,1,9,4400,0,1,3,,2,020,"SR-1 N/B","OCEAN ST",1584.00,S,N,A,-,Y,SCR,,1,,,16.858,H,,R,N,3,0,2,3,A,-,03,22350,,N,C,C,A,A,H,-,A,D,0,,,,,Y,,A,01,0,1,1,0,0,0,0,0,0,"- ","- ",36.990119934082031,-122.02182006835938,"SANTA CRUZ",UNINCORPORATED,-122.02196502685547,36.990005493164062
91721484,2022,2022-03-14,9720,2022-03-06,0930,021321,,7,1,9,4400,0,3,5,,2,100,"EAST ZAYANTE RD","ZAYANTE SCHOOL ROAD",0.00,,Y,A,-,N,,,,,,,,,,N,2,0,2,2,D,-,00,,,N,D,C,A,A,H,-,A,D,0,,,Y,,Y,,-,"- ",1,0,1,0,0,0,0,0,1,"- ","- ",37.0789794921875,-122.05178833007812,"SANTA CRUZ",UNINCORPORATED,-122.05173492431641,37.079082489013672
91721497,2022,2022-03-14,9720,2022-03-06,1349,021860,,7,1,9,4400,0,1,3,,1,014,SR-9,"22424 HWY 9",200.00,S,N,A,-,Y,SCR,,9,,,22.312,H,,R,N,2,0,1,1,A,-,08,22107,,N,F,A,A,A,H,-,A,D,0,,,Y,,Y,,C,02,1,0,0,0,0,0,0,0,1,"- ","- ",37.224369049072266,-122.14824676513672,"SANTA CRUZ",UNINCORPORATED,-122.14821624755859,37.224449157714844
91721499,2022,2022-03-14,9720,2022-03-07,0443,022458,,1,3,9,4400,0,1,3,,1,017,"SR-17 S/B","GLENWOOD CUTOFF",1584.00,N,N,A,-,Y,SCR,,17,,,9.448,H,,L,N,2,0,1,1,A,-,08,22107,,N,F,A,A,A,H,-,C,D,0,,,,Y,Y,,F,26,1,0,0,0,0,0,0,0,0,"- ","- ",37.1043701171875,-121.97505187988281,"SANTA CRUZ",UNINCORPORATED,-121.97519683837891,37.104450225830078
91721503,2022,2022-03-14,9720,2022-03-04,1230,021714,,5,1,9,4400,0,1,3,,1,014,"SR-9 S/B","SARATOGA TOLL RD",2640.00,N,N,B,-,Y,,,,,,,,,,Y,3,0,1,1,A,-,08,22107,,N,E,I,A,B,H,-,A,D,0,,,,,Y,,A,01,0,1,0,0,0,0,0,0,0,"- ","- ",36.970970153808594,-121.87130737304688,"SANTA CRUZ",UNINCORPORATED,-122.14655303955078,37.2125244140625
91722389,2022,2022-03-14,9720,2022-03-09,0723,014931,,3,1,9,4400,0,1,3,,2,030,"SR-1 N/B","MAR MONTE AVE",528.00,S,N,A,-,Y,SCR,,1,,R,6.580,H,,R,Y,3,0,1,3,A,-,07,21658,A,N,B,C,A,A,H,-,A,D,0,,,Y,,Y,,A,01,0,1,0,0,0,0,0,0,1,"- ","- ",36.94873046875,-121.84961700439453,"SANTA CRUZ",UNINCORPORATED,-121.84964752197266,36.948707580566406
91722425,2022,2022-03-14,9720,2022-03-08,1657,021877,,2,2,9,4400,0,1,3,,2,020,"SR-1 S/B","CAPITOLA AVE",528.00,S,N,A,-,Y,SCR,,1,,,12.775,H,,L,Y,2,0,1,2,A,-,07,21658,A,N,B,C,A,A,H,-,A,D,0,,,Y,,Y,,A,01,1,0,0,0,0,0,0,0,1,"- ","- ",36.983898162841797,-121.94931793212891,"SANTA CRUZ",UNINCORPORATED,-121.94931793212891,36.983871459960938
91722506,2021,2022-03-14,9720,2021-12-04,0620,021248,,6,1,9,4400,0,1,3,,1,010,SR-1,"DIMEO LN",0.00,,Y,A,-,Y,,,1,,,,,,,Y,3,0,1,1,A,-,01,23152,A,N,F,A,A,A,H,-,D,D,0,,,,,Y,Y,A,01,0,1,0,0,0,0,0,0,0,"- ","- ",36.964599609375,-122.10484313964844,"SANTA CRUZ",UNINCORPORATED,-122.10487365722656,36.964550018310547
91723478,2022,2022-03-15,9720,2022-03-05,0135,021702,,6,3,9,4400,0,1,3,,1,010,"SR-17 S/B","PASATIEMPO DR",686.00,N,N,A,-,Y,SCR,,17,,,0.905,H,,L,Y,3,0,2,1,A,-,01,23152,A,N,E,I,A,B,H,-,C,D,0,,,,,Y,Y,A,01,0,2,0,0,0,0,0,0,0,"- ","- ",37.00177001953125,-122.02118682861328,"SANTA CRUZ",UNINCORPORATED,-122.02106475830078,37.001735687255859
91723493,2022,2022-03-15,9720,2022-03-11,1125,018171,,5,1,9,4400,0,2,4,,1,024,"EAST CLIFF DR","PORTOLA DR",200.00,S,N,A,-,N,,,,,,,,,,N,3,0,1,1,A,-,08,22107,,N,E,I,A,A,H,-,A,D,0,,,,,Y,,A,07,0,1,0,0,0,0,0,0,0,"- ","- ",36.962139129638672,-121.98851776123047,"SANTA CRUZ",UNINCORPORATED,-121.98838043212891,36.962329864501953
91723582,2022,2022-03-15,9720,2022-03-07,1020,021248,,1,1,9,4400,0,2,4,,1,024,"BROMMER ST","30TH AVE",0.00,,Y,A,-,N,,,,,,,,,,N,3,0,1,2,A,-,10,21950,A,N,G,B,B,A,H,-,A,A,0,Y,,,,Y,,D,22,0,1,0,0,1,0,0,0,0,"- ","- ",36.970188140869141,-121.97316741943359,"SANTA CRUZ",UNINCORPORATED,-121.97325897216797,36.970252990722656
91723969,2022,2022-03-16,9720,2022-03-05,1650,022140,,6,2,9,4400,0,2,4,,1,021,"THURBER LN","THURBER LANE",0.00,,Y,A,-,N,,,,,,,,,,Y,4,0,2,2,A,-,01,23152,A,N,B,C,A,A,H,-,A,A,0,,,,,Y,Y,D,22,0,0,2,0,0,0,0,0,0,"- ","- ",36.988929748535156,-121.97913360595703,"SANTA CRUZ",UNINCORPORATED,,
91724084,2022,2022-03-16,9720,2022-02-16,0755,021548,,3,1,9,4400,0,1,3,,1,035,"SR-129 W/B","OLD CHITTENDEN RD.",45.00,E,N,A,-,Y,SCR,,129,,,9.976,H,,L,N,4,0,3,3,A,-,03,22350,,N,C,C,A,A,H,-,A,D,0,,,,,Y,,D,22,0,0,3,0,0,0,0,0,0,"- ","- ",36.900749206542969,-121.59789276123047,"SANTA CRUZ",UNINCORPORATED,-121.597900390625,36.900737762451172
91725682,2022,2022-03-17,9720,2022-03-09,1839,020012,,3,2,9,4400,0,1,3,,1,017,SR-17,"SUGARLOAF RD",1056.00,S,N,A,-,Y,SCR,,17,,,8.432,H,,R,N,3,0,1,2,A,-,07,21658,A,N,B,C,A,A,H,-,D,D,0,,,,,Y,,A,01,0,1,0,0,0,0,0,0,0,"- ","- ",37.090808868408203,-121.97820281982422,"SANTA CRUZ",UNINCORPORATED,-121.97804260253906,37.090896606445312
91725698,2022,2022-03-17,9720,2022-03-14,1330,022162,,1,1,9,4400,0,2,4,,1,021,"SOQUEL DRIVE","ROBERSTON STREET",0.00,,Y,A,-,N,,,,,,,,,,N,3,0,1,2,A,-,09,21801,A,N,G,B,A,A,H,-,A,A,0,,,,,Y,,A,01,0,1,0,0,0,0,0,0,0,"- ","- ",36.987678527832031,-121.96053314208984,"SANTA CRUZ",UNINCORPORATED,-121.9605712890625,36.987758636474609
91725735,2021,2022-03-17,9720,2021-11-20,1400,022511,,6,2,9,4400,0,1,3,,1,035,SR-129,"SR-1 N/B",82.00,E,N,A,-,Y,,,129,,,,,,,Y,1,1,2,2,A,-,05,21460,A,N,A,C,A,A,H,-,A,D,0,,,,,Y,,A,01,1,1,0,0,0,0,0,0,0,"- ","- ",36.894458770751953,-121.77384185791016,"SANTA CRUZ",UNINCORPORATED,-121.77383422851562,36.894435882568359
91729343,2022,2022-03-22,9720,2022-03-10,0845,021548,,4,1,9,4400,0,2,4,,1,032,"GREEN VALLEY RD.","AMESTI RD.",0.00,,Y,A,-,N,,,,,,,,,,Y,4,0,1,2,A,-,09,21801,A,N,D,C,A,A,H,-,A,D,0,,,,,Y,,A,01,0,0,1,0,0,0,0,0,0,"- ","- ",36.945709228515625,-121.76687622070312,"SANTA CRUZ",UNINCORPORATED,-121.76686859130859,36.945621490478516
91729886,2022,2022-03-23,9720,2022-03-10,0415,022542,,4,3,9,4400,0,2,4,,1,016,"GRAHAM HILL RD","SUMMIT AVE",500.00,S,N,A,-,N,,,,,,,,,,Y,3,0,1,1,A,-,08,22107,,N,E,I,A,A,H,-,D,D,0,,,,,Y,Y,A,01,0,1,0,0,0,0,0,0,0,"- ","- ",37.046638488769531,-122.05767822265625,"SANTA CRUZ",UNINCORPORATED,-122.06144714355469,37.045639038085938
91729891,2022,2022-03-23,9720,2022-03-06,1521,021860,,7,2,9,4400,0,1,3,,1,015,SR-9,"KEYSTONE WAY",2640.00,N,N,A,-,Y,SCR,,9,,,2.215,H,,R,N,2,0,1,1,A,-,08,22107,,N,E,I,A,A,H,-,A,D,0,,,Y,,Y,,C,02,1,0,0,0,0,0,0,0,1,"- ","- ",37.008010864257812,-122.04786682128906,"SANTA CRUZ",UNINCORPORATED,-122.04786682128906,37.007976531982422
91730035,2022,2022-03-23,9720,2022-03-14,0240,022293,,1,3,9,4400,0,3,5,,2,200,"THURBER LANE","KENNY AVE",200.00,S,N,A,-,N,,,,,,,,,,Y,3,0,1,2,A,-,01,23152,A,N,E,I,A,A,H,-,C,D,0,,,,,Y,Y,A,01,0,1,0,0,0,0,0,0,0,"- ","- ",37.000331878662109,-121.97395324707031,"SANTA CRUZ",UNINCORPORATED,-121.97408294677734,37.000396728515625
91730051,2022,2022-03-23,9720,2022-03-15,1014,021211,,2,1,9,4400,0,1,3,,1,017,"SR-17 S/B","GRANITE CREEK RD",528.00,S,N,B,-,Y,SCR,,17,,,5.325,H,,L,Y,4,0,1,2,A,-,03,22350,,N,C,C,A,B,H,-,A,D,0,,,,,Y,,A,08,0,0,1,0,0,0,0,0,0,"- ","- ",37.059520721435547,-122.00550079345703,"SANTA CRUZ",UNINCORPORATED,-122.00557708740234,37.059543609619141
91731169,2022,2022-03-24,9720,2022-03-16,0653,021211,,3,1,9,4400,0,1,3,,1,017,"SR-17 N/B","JARVIS RD",528.00,N,N,A,-,Y,SCR,,17,,,8.036,H,,R,Y,4,0,1,3,A,-,03,22350,,N,C,C,A,A,H,-,D,D,0,,,,,Y,,A,01,0,0,1,0,0,0,0,0,0,"- ","- ",37.084510803222656,-121.97765350341797,"SANTA CRUZ",UNINCORPORATED,-121.97766876220703,37.084499359130859