CASE_ID,ACCIDENT_YEAR,PROC_DATE,JURIS,COLLISION_DATE,COLLISION_TIME,OFFICER_ID,REPORTING_DISTRICT,DAY_OF_WEEK,CHP_SHIFT,POPULATION,CNTY_CITY_LOC,SPECIAL_COND,BEAT_TYPE,CHP_BEAT_TYPE,CITY_DIVISION_LAPD,CHP_BEAT_CLASS,BEAT_NUMBER,PRIMARY_RD,SECONDARY_RD,DISTANCE,DIRECTION,INTERSECTION,WEATHER_1,WEATHER_2,STATE_HWY_IND,CALTRANS_COUNTY,CALTRANS_DISTRICT,STATE_ROUTE,ROUTE_SUFFIX,POSTMILE_PREFIX,POSTMILE,LOCATION_TYPE,RAMP_INTERSECTION,SIDE_OF_HWY,TOW_AWAY,COLLISION_SEVERITY,NUMBER_KILLED,NUMBER_INJURED,PARTY_COUNT,PRIMARY_COLL_FACTOR,PCF_CODE_OF_VIOL,PCF_VIOL_CATEGORY,PCF_VIOLATION,PCF_VIOL_SUBSECTION,HIT_AND_RUN,TYPE_OF_COLLISION,MVIW,PED_ACTION,ROAD_SURFACE,ROAD_COND_1,ROAD_COND_2,LIGHTING,CONTROL_DEVICE,CHP_ROAD_TYPE,PEDESTRIAN_ACCIDENT,BICYCLE_ACCIDENT,MOTORCYCLE_ACCIDENT,TRUCK_ACCIDENT,NOT_PRIVATE_PROPERTY,ALCOHOL_INVOLVED,STWD_VEHTYPE_AT_FAULT,CHP_VEHTYPE_AT_FAULT,COUNT_SEVERE_INJ,COUNT_VISIBLE_INJ,COUNT_COMPLAINT_PAIN,COUNT_PED_KILLED,COUNT_PED_INJURED,COUNT_BICYCLIST_KILLED,COUNT_BICYCLIST_INJURED,COUNT_MC_KILLED,COUNT_MC_INJURED,PRIMARY_RAMP,SECONDARY_RAMP,LATITUDE,LONGITUDE,COUNTY,CITY,POINT_X,POINT_Y
91731199,2022,2022-03-24,9720,2022-03-17,0707,014931,,4,1,9,4400,0,1,3,,2,030,"SR-1 N/B","MAR MONTE AVE",2640.00,S,N,B,-,Y,SCR,,1,,R,5.840,H,,R,Y,3,0,1,2,A,-,03,22350,,N,C,C,A,A,H,-,A,D,0,,,,,Y,,A,01,0,1,0,0,0,0,0,0,0,"- ","- ",36.941841125488281,-121.83946990966797,"SANTA CRUZ",UNINCORPORATED,-121.83948516845703,36.941822052001953
91731233,2022,2022-03-24,9720,2022-03-20,1214,021321,,7,1,9,4400,0,1,3,,1,017,"GROVE ST","RT 9",0.00,,Y,A,-,Y,SCR,,9,,,12.545,H,,R,N,2,0,1,1,A,-,17,21200,,N,F,A,A,A,H,-,A,D,0,,Y,,,Y,Y,M,91,1,0,0,0,0,0,1,0,0,"- ","- ",37.117538452148438,-122.1204833984375,"SANTA CRUZ",UNINCORPORATED,-122.12055206298828,37.117534637451172
91733348,2021,2022-03-25,9720,2021-11-27,0155,022162,,6,3,9,4400,0,2,4,,1,032,"GREEN VALLEY ROAD","LITTLEWAY LANE",32.00,S,N,A,-,N,,,,,,,,,,N,1,1,0,2,A,-,06,21760,B,F,H,G,A,A,H,-,C,D,0,,Y,,,Y,,A,01,0,0,0,0,0,1,0,0,0,"- ","- ",36.959751129150391,-121.76493072509766,"SANTA CRUZ",UNINCORPORATED,-121.76496887207031,36.959560394287109
91735095,2022,2022-03-28,9720,2022-03-16,1100,021548,,3,1,9,4400,0,3,5,,2,200,"GRANITE CREEK RD.","O'LAUGHLIN RD.",528.00,S,N,A,-,N,,,,,,,,,,N,2,0,1,1,A,-,03,22350,,N,H,J,A,A,B,-,A,D,0,,Y,,,Y,,L,04,1,0,0,0,0,0,1,0,0,"- ","- ",37.032039642333984,-121.99640655517578,"SANTA CRUZ",UNINCORPORATED,-121.99635314941406,37.032470703125
91735121,2022,2022-03-29,9720,2022-03-17,2015,022140,,4,2,9,4400,0,3,5,,2,300,"SEASCAPE BLVD","SAN ANDREAS RD",330.00,W,N,A,-,N,,,,,,,,,,Y,4,0,1,1,A,-,01,23152,A,N,E,I,A,A,H,-,D,D,0,,,,,Y,Y,A,07,0,0,1,0,0,0,0,0,0,"- ","- ",36.950698852539062,-121.86517333984375,"SANTA CRUZ",UNINCORPORATED,-121.86505126953125,36.950698852539062
91736647,2022,2022-03-29,9720,2022-01-25,1750,020977,,2,2,9,4400,0,3,5,,2,200,"SOQUEL AVENUE","7TH AVENUE",370.00,E,N,A,-,N,,,,,,,,,,N,4,0,2,3,A,-,03,22350,,M,C,C,A,A,H,-,C,D,0,,,,,Y,,A,01,0,0,2,0,0,0,0,0,0,"- ","- ",36.985641479492188,-121.98854064941406,"SANTA CRUZ",UNINCORPORATED,-121.98863983154297,36.985671997070312
91736672,2022,2022-03-30,9720,2022-03-21,1415,022471,,1,2,9,4400,0,1,3,,2,020,"N/B SR-1","STATE PARD DR",250.00,S,N,A,-,Y,SCR,,1,,,10.282,H,,R,N,4,0,1,3,A,-,08,22107,,N,A,A,A,A,H,-,A,D,0,,,,,Y,,A,01,0,0,1,0,0,0,0,0,0,"- ","- ",36.976058959960938,-121.90646362304688,"SANTA CRUZ",UNINCORPORATED,-121.90646362304688,36.976055145263672
91736682,2022,2022-03-30,9720,2022-03-20,1730,022471,,7,2,9,4400,0,3,5,,2,200,"N/B SR-1 OFFRAMP","SOQUEL DR",520.00,S,N,A,-,Y,,,,,,,,,,Y,2,0,1,1,A,-,01,23152,A,N,E,I,A,A,H,-,A,A,0,,,Y,,Y,Y,C,02,1,0,0,0,0,0,0,0,1,"- ","- ",37.126399993896484,-121.94219207763672,"SANTA CRUZ",UNINCORPORATED,,
91737543,2022,2022-03-30,9720,2022-03-22,1728,022511,,2,2,9,4400,0,1,3,,1,015,"SR-9 S/B","EXIT RD",2904.00,N,N,A,-,Y,SCR,,9,,,2.260,H,,L,Y,3,0,2,1,A,-,08,22107,,N,F,A,A,A,H,-,A,D,0,,,,,Y,,A,07,0,1,1,0,0,0,0,0,0,"- ","- ",37.008338928222656,-122.04853820800781,"SANTA CRUZ",UNINCORPORATED,-122.04854583740234,37.008331298828125
91738167,2022,2022-03-31,9720,2022-03-18,1330,021548,,5,1,9,4400,0,2,4,,1,022,"PORTER DR.","SOQUEL DR.",180.00,N,N,A,-,N,,,,,,,,,,N,4,0,1,2,A,-,09,21804,A,N,B,C,A,A,H,-,A,D,0,,,,,Y,,A,01,0,0,1,0,0,0,0,0,0,"- ","- ",36.988731384277344,-121.95731353759766,"SANTA CRUZ",UNINCORPORATED,-121.95733642578125,36.988613128662109
91738179,2022,2022-03-31,9720,2022-03-25,1637,020012,,5,2,9,4400,0,1,3,,2,020,"SR-1 S/B","PARK AVE.",528.00,S,N,A,-,Y,SCR,,1,,,11.497,H,,L,N,4,0,1,2,A,-,03,22350,,N,C,C,A,A,H,-,A,D,0,,,,,Y,,D,22,0,0,1,0,0,0,0,0,0,"- ","- ",36.983020782470703,-121.92629241943359,"SANTA CRUZ",UNINCORPORATED,-121.92628479003906,36.983039855957031
91738188,2022,2022-03-31,9720,2022-03-25,1806,020012,,5,2,9,4400,0,3,5,,2,300,"WHITE ROAD","YELLOW BRICK RD.",1056.00,E,N,A,-,N,,,,,,,,,,N,2,0,1,1,A,-,03,22350,,N,F,A,A,A,H,-,A,D,0,,,Y,,Y,,-,"- ",1,0,0,0,0,0,0,0,1,"- ","- ",36.968990325927734,-121.83751678466797,"SANTA CRUZ",UNINCORPORATED,-121.8382568359375,36.968910217285156
91738218,2022,2022-03-31,9720,2022-03-23,0240,022293,,3,3,9,4400,0,2,4,,1,031,"FREEDOM BLVD","SCURICH LN",5.00,N,N,A,-,N,,,,,,,,,,N,4,0,1,1,A,-,01,23152,A,N,E,I,A,A,H,-,D,D,0,,,,,Y,Y,A,01,0,0,1,0,0,0,0,0,0,"- ","- ",36.951351165771484,-121.79546356201172,"SANTA CRUZ",UNINCORPORATED,-121.79541778564453,36.951377868652344
91738262,2022,2022-03-31,9720,2022-03-23,1650,018171,,3,2,9,4400,0,1,3,,2,020,"SR-1 N/B","RIVER STREET",600.00,S,N,A,-,Y,SCR,,1,,,17.431,H,,R,N,3,0,1,2,A,-,03,22350,,N,C,C,A,A,H,-,A,D,0,,,Y,,Y,,C,02,0,1,0,0,0,0,0,0,1,"- ","- ",36.985118865966797,-122.02770233154297,"SANTA CRUZ",UNINCORPORATED,-122.0277099609375,36.985137939453125
91738273,2022,2022-03-31,9720,2022-03-24,2343,022400,,4,3,9,4400,0,3,5,,2,100,"HIHN RD","CONDOR AVE",528.00,W,N,A,-,Y,,,,,,,,,,N,3,0,1,1,A,-,08,22107,,N,E,I,A,A,H,-,C,D,0,,,,,Y,,-,"- ",0,1,0,0,0,0,0,0,0,"- ","- ",37.072418212890625,-122.07335662841797,"SANTA CRUZ",UNINCORPORATED,-122.07564544677734,37.074016571044922
91738291,2022,2022-03-31,9720,2022-03-25,1545,022511,,5,2,9,4400,0,3,5,,2,100,"EMPIRE GRADE","PINE FLAT RD",140.00,S,N,A,-,N,,,,,,,,,,Y,4,0,1,2,A,-,09,21804,A,N,D,C,A,A,H,-,A,D,0,,,Y,,Y,,A,01,0,0,1,0,0,0,0,0,1,"- ","- ",37.078079223632812,-122.13285827636719,"SANTA CRUZ",UNINCORPORATED,-122.13295745849609,37.078109741210938
91738317,2022,2022-03-31,9720,2022-03-19,1358,022545,,6,1,9,4400,0,1,3,,1,034,SR-152,"BELLA VISTA LN",2112.00,W,N,B,C,Y,SCR,,152,,,7.724,H,,R,Y,3,0,2,1,A,-,03,22350,,N,F,I,A,B,H,-,A,D,0,,,,,Y,,A,07,0,1,1,0,0,0,0,0,0,"- ","- ",36.990619659423828,-121.71414947509766,"SANTA CRUZ",UNINCORPORATED,-121.71411895751953,36.990589141845703
91738325,2022,2022-03-31,9720,2022-03-26,1846,022511,,6,2,9,4400,0,2,4,,1,024,"BROMMER ST.","30TH AVE.",0.00,,Y,A,-,N,,,,,,,,,,Y,3,0,1,2,A,-,01,23152,A,N,D,C,A,A,H,-,E,A,0,,,,,Y,Y,D,22,0,1,0,0,0,0,0,0,0,"- ","- ",36.970249176025391,-121.97331237792969,"SANTA CRUZ",UNINCORPORATED,-121.97325897216797,36.970252990722656
91738348,2022,2022-03-31,9720,2022-03-31,0640,021548,,4,1,9,4400,0,1,3,,2,020,"SR-1 NB","STATE PARK DR.",1056.00,S,N,A,-,Y,SCR,,1,,,10.333,H,,R,Y,4,0,1,2,A,-,03,22350,,N,C,C,A,A,H,-,B,D,0,,,,,Y,,A,01,0,0,1,0,0,0,0,0,0,"- ","- ",36.976631164550781,-121.90709686279297,"SANTA CRUZ",UNINCORPORATED,-121.90724945068359,36.976444244384766
91740906,2022,2022-04-05,9720,2022-03-19,2110,022471,,6,2,9,4400,0,3,5,,2,200,"SUMMIT RD","SOQUEL SAN JOSE RD",1320.00,W,N,C,-,N,,,,,,,,,,N,4,0,1,2,A,-,09,21804,A,N,D,C,A,B,H,-,C,A,0,,,,,Y,,A,01,0,0,1,0,0,0,0,0,0,"- ","- ",37.126399993896484,-121.94197845458984,"SANTA CRUZ",UNINCORPORATED,-121.92943572998047,37.120201110839844
91740908,2022,2022-04-05,9720,2022-03-25,1745,022471,,5,2,9,4400,0,1,3,,2,020,"S/B SR-1","41ST AVE",2800.00,N,N,A,-,Y,SCR,,1,,,14.152,H,,R,Y,3,0,1,3,A,-,03,22350,,M,C,C,A,A,H,-,A,A,0,,,,,Y,,A,01,0,1,0,0,0,0,0,0,0,"- ","- ",36.983951568603516,-121.97395324707031,"SANTA CRUZ",UNINCORPORATED,-121.97388458251953,36.984119415283203
91740920,2022,2022-04-05,9720,2022-03-26,1435,022471,,6,2,9,4400,0,3,5,,2,200,"TROUT GULCH RD","CATHEDRAL DR",0.00,,Y,A,-,N,,,,,,,,,,N,2,0,1,2,A,-,10,21950,A,N,G,B,B,A,H,-,A,A,0,Y,,,,Y,,A,01,1,0,0,0,1,0,0,0,0,"- ","- ",36.978748321533203,-121.89913940429688,"SANTA CRUZ",UNINCORPORATED,-121.89914703369141,36.978713989257812
91740936,2022,2022-04-05,9720,2022-03-27,1420,022471,,7,2,9,4400,0,1,3,,2,020,SR-1,"OCEAN ST.",530.00,S,N,A,-,Y,SCR,,1,,,17.360,H,,R,N,4,0,1,3,A,-,03,22350,,N,C,C,A,A,H,-,A,D,0,,,,,Y,,D,22,0,0,1,0,0,0,0,0,0,"- ","- ",36.985458374023438,-122.02649688720703,"SANTA CRUZ",UNINCORPORATED,-122.02651214599609,36.985481262207031
91740945,2022,2022-04-05,9720,2022-03-29,0805,021833,,2,1,9,4400,0,1,3,,1,017,"S/B SR-17","SUMMIT RD.",650.00,S,N,B,-,Y,SCR,,17,,,12.550,H,,R,Y,3,0,1,1,A,-,08,22107,,N,F,I,A,B,H,-,A,D,0,,,,,Y,,-,"- ",0,1,0,0,0,0,0,0,0,"- ","- ",37.144081115722656,-121.98491668701172,"SANTA CRUZ",UNINCORPORATED,-121.98471069335938,37.144035339355469
91741138,2022,2022-04-05,9720,2022-03-31,1558,022545,,4,2,9,4400,0,1,3,,1,015,SR-9,"WESTERN AVE",528.00,S,N,A,-,Y,SCR,,9,,,10.964,H,,R,N,3,0,1,2,A,-,03,22350,,N,C,C,A,A,H,-,A,D,0,,,,,Y,,D,22,0,1,0,0,0,0,0,0,0,"- ","- ",37.103729248046875,-122.10440063476562,"SANTA CRUZ",UNINCORPORATED,-122.10440826416016,37.103733062744141
91741151,2022,2022-04-05,9720,2022-03-31,1717,022545,,4,2,9,4400,0,2,4,,1,016,"GRAHAM HILL RD","ROARING CAMP RD",0.00,,Y,A,-,N,,,,,,,,,,N,4,0,1,2,A,-,09,21801,A,N,D,C,A,A,H,-,A,A,0,,,,,Y,,A,01,0,0,1,0,0,0,0,0,0,"- ","- ",37.047958374023438,-122.06429290771484,"SANTA CRUZ",UNINCORPORATED,-122.06410217285156,37.047634124755859
91741230,2022,2022-04-11,9720,2022-04-04,0717,014931,,1,1,9,4400,0,3,5,,2,300,"MT MADONNA ROAD","RAMOR OAKS",359.00,N,N,A,-,N,,,,,,,,,,Y,3,0,1,1,A,-,08,22107,,N,E,I,A,A,H,-,A,D,0,,,,,Y,,A,01,0,1,0,0,0,0,0,0,0,"- ","- ",36.980789184570312,-121.7393798828125,"SANTA CRUZ",UNINCORPORATED,-121.739501953125,36.980922698974609
91741960,2022,2022-04-06,9720,2022-03-28,1910,022471,,1,2,9,4400,0,2,4,,1,021,"SOQUEL DR","DOVER DR",15.00,S,N,A,-,N,,,,,,,,,,N,4,0,1,2,A,-,03,22350,,N,C,C,A,A,H,-,B,A,0,,,,,Y,,A,01,0,0,1,0,0,0,0,0,0,"- ","- ",36.987930297851562,-121.97223663330078,"SANTA CRUZ",UNINCORPORATED,-121.97226715087891,36.987926483154297
91743423,2022,2022-04-07,9720,2022-03-27,1410,022140,,7,2,9,4400,0,2,4,,1,023,"17TH AVE","BROMMER ST",80.00,N,N,B,-,N,,,,,,,,,,Y,2,0,1,2,A,-,09,21804,A,N,D,C,A,A,H,-,A,D,0,,,Y,,Y,,A,01,1,0,0,0,0,0,0,0,1,"- ","- ",36.971309661865234,-121.98439788818359,"SANTA CRUZ",UNINCORPORATED,-121.98442840576172,36.971282958984375
91744418,2022,2022-04-08,9720,2022-03-28,1915,022471,,1,2,9,4400,0,2,4,,1,021,"SOQUEL DR","41ST AVE",25.00,N,N,A,-,N,,,,,,,,,,N,4,0,1,3,A,-,03,22350,,N,C,C,A,A,H,-,A,A,0,,,,,Y,,A,01,0,0,1,0,0,0,0,0,0,"- ","- ",36.987308502197266,-121.96524047851562,"SANTA CRUZ",UNINCORPORATED,-121.96489715576172,36.987415313720703
91744498,2022,2022-04-08,9720,2022-03-28,0645,021211,,1,1,9,4400,0,1,3,,1,017,"SR-17 N/B","EL RANCHO DR.",160.00,N,N,B,-,N,,,,,,,,,,Y,4,0,1,1,A,-,03,22350,,N,H,A,A,B,H,-,A,A,0,,,,,Y,,D,22,0,0,1,0,0,0,0,0,0,"- ","- ",37.019329071044922,-122.02732849121094,"SANTA CRUZ",UNINCORPORATED,-122.02768707275391,37.019432067871094
91744801,2022,2022-04-11,9720,2022-03-31,1715,022140,,4,2,9,4400,0,3,5,,2,200,"BEACH DR","APTOS BEACH DR",2640.00,E,N,A,-,N,,,,,,,,,,Y,3,0,1,1,A,-,03,22350,,N,F,A,A,A,B,-,A,D,0,,,Y,,Y,,C,02,0,1,0,0,0,0,0,0,1,"- ","- ",36.963428497314453,-121.89646148681641,"SANTA CRUZ",UNINCORPORATED,-121.90519714355469,36.9691162109375
91744809,2022,2022-04-11,9720,2022-03-31,1545,022140,,4,2,9,4400,0,1,3,,2,020,"SR-1 S/B","MORRISSEY AVE",792.00,N,N,A,-,Y,SCR,,1,,,15.982,H,,L,Y,3,0,2,5,A,-,03,22350,,N,B,C,A,A,H,-,A,D,0,,,,Y,Y,,D,22,0,1,1,0,0,0,0,0,0,"- ","- ",36.988258361816406,-122.00634002685547,"SANTA CRUZ",UNINCORPORATED,-122.00634002685547,36.988311767578125
91744812,2022,2022-04-11,9720,2022-03-27,0455,020977,,7,3,9,4400,0,3,5,,2,300,"TREMBLY LANE","FLETCHER CT",255.00,E,N,B,-,N,,,,,,,,,,Y,3,0,1,1,A,-,01,23152,A,N,E,I,A,B,H,-,C,D,0,,,,,Y,Y,D,22,0,1,0,0,0,0,0,0,0,"- ","- ",36.957611083984375,-121.76315307617188,"SANTA CRUZ",UNINCORPORATED,-121.76252746582031,36.957511901855469
91745101,2022,2022-04-11,9720,2022-03-29,1315,021248,,2,1,9,4400,0,1,3,,2,020,"SR-1 N/B","41ST AVE",2640.00,N,N,A,-,Y,SCR,,1,,,14.152,H,,R,Y,3,0,2,4,A,-,03,22350,,N,C,C,A,A,H,-,A,D,0,,,,,Y,,A,07,0,1,1,0,0,0,0,0,0,"- ","- ",36.984081268310547,-121.97389984130859,"SANTA CRUZ",UNINCORPORATED,-121.97388458251953,36.984119415283203
91745135,2022,2022-04-11,9720,2022-03-28,1639,018171,,1,2,9,4400,0,2,4,,1,023,"E. CLIFF DRIVE","7TH AVE",210.00,W,N,A,-,N,,,,,,,,,,N,2,0,1,2,A,-,05,21460,A,F,A,C,A,A,H,-,A,D,0,,,Y,,Y,,-,99,1,0,0,0,0,0,0,0,1,"- ","- ",36.962558746337891,-121.99889373779297,"SANTA CRUZ",UNINCORPORATED,-121.99874877929688,36.962635040283203
91745144,2022,2022-04-11,9720,2022-04-01,1725,022140,,5,2,9,4400,0,2,4,,1,021,"SOQUEL DR","PORTER GULCH RD",27.00,E,N,A,-,N,,,,,,,,,,Y,3,0,1,1,A,-,01,23152,A,M,E,I,A,A,H,-,A,D,0,,,,,Y,Y,A,01,0,1,0,0,0,0,0,0,0,"- ","- ",36.990039825439453,-121.92929077148438,"SANTA CRUZ",UNINCORPORATED,-121.92954254150391,36.990203857421875
91745175,2022,2022-04-11,9720,2022-04-02,2255,022399,,6,3,9,4400,0,1,3,,1,015,SR-9,"FLAT ST",17.00,S,N,A,-,Y,SCR,,9,,,12.690,H,,R,Y,2,0,1,2,A,-,01,23152,A,N,C,C,A,A,H,-,D,D,0,,,Y,,Y,Y,C,02,1,0,0,0,0,0,0,0,1,"- ","- ",37.119430541992188,-122.12077331542969,"SANTA CRUZ",UNINCORPORATED,-122.12078094482422,37.119430541992188
91745186,2022,2022-04-11,9720,2022-03-31,1951,022545,,4,2,9,4400,0,1,3,,1,017,"SR-17 S/B","EL RANCHO DR",2112.00,N,N,A,-,Y,SCR,,17,,,1.815,H,,L,Y,4,0,1,2,A,-,03,22350,,N,C,C,A,A,H,-,D,D,0,,,,,Y,,A,07,0,0,1,0,0,0,0,0,0,"- ","- ",37.014209747314453,-122.02500152587891,"SANTA CRUZ",UNINCORPORATED,-122.02501678466797,37.014202117919922
91745250,2022,2022-04-11,9720,2022-04-03,0140,020977,,7,3,9,4400,0,1,3,,1,012,SR-236,"ACORN DR",85.00,S,N,A,-,Y,SCR,,236,,,1.881,H,,R,Y,3,0,1,1,A,-,01,23152,A,M,B,I,A,B,H,-,D,D,0,,,,,Y,Y,A,01,0,1,0,0,0,0,0,0,0,"- ","- ",37.138759613037109,-122.14771270751953,"SANTA CRUZ",UNINCORPORATED,-122.14768218994141,37.138782501220703
91745453,2022,2022-04-11,9720,2022-04-01,1355,022471,,5,1,9,4400,0,1,3,,2,020,"S/B SR-1","STATE PARD DR",1000.00,N,N,A,-,Y,SCR,,1,,,10.890,H,,R,N,3,0,1,2,A,-,01,23152,A,N,C,C,A,A,H,-,A,D,0,,,,,Y,Y,A,07,0,1,0,0,0,0,0,0,0,"- ","- ",36.980709075927734,-121.91584014892578,"SANTA CRUZ",UNINCORPORATED,-121.91571044921875,36.980876922607422
91745479,2022,2022-04-11,9720,2022-04-01,1600,021304,,5,2,9,4400,0,3,5,,2,200,"EATON ST","LAKE AVE",50.00,W,N,A,-,N,,,,,,,,,,N,3,0,1,1,A,-,03,22350,,N,F,A,A,A,H,-,A,D,0,,Y,,,Y,,L,04,0,1,0,0,0,0,1,0,0,"- ","- ",36.967960357666016,-122.0018310546875,"SANTA CRUZ",UNINCORPORATED,-122.00135040283203,36.967918395996094
91745485,2022,2022-04-11,9720,2022-04-01,2020,022471,,5,2,9,4400,0,2,4,,1,024,"PORTOLA DR","41ST AVE",0.00,,Y,A,-,N,,,,,,,,,,N,3,0,1,2,A,-,01,23152,A,N,G,B,B,A,H,-,C,A,0,Y,,,,Y,Y,A,07,0,1,0,0,1,0,0,0,0,"- ","- ",36.963600158691406,-121.96479797363281,"SANTA CRUZ",UNINCORPORATED,-121.96489715576172,36.963539123535156
91745492,2022,2022-04-11,9720,2022-04-04,1425,022471,,1,2,9,4400,0,3,5,,2,200,"STATE PARD DR","HILLCREST DR.",16.00,S,N,A,-,N,,,,,,,,,,N,2,0,1,1,A,-,08,22107,,N,F,A,A,A,H,-,A,D,0,,Y,,,Y,,-,"- ",1,0,0,0,0,0,1,0,0,"- ","- ",36.974849700927734,-121.91216278076172,"SANTA CRUZ",UNINCORPORATED,-121.91204833984375,36.974864959716797
91746678,2022,2022-04-12,9720,2022-04-08,1530,022471,,5,2,9,4400,0,3,5,,2,300,"BUENA VISTA DR","LARKIN VALLEY RD",275.00,E,N,A,-,N,,,,,,,,,,Y,4,0,1,1,A,-,08,22107,,N,E,I,A,A,H,-,A,A,0,,,,,Y,,A,07,0,0,1,0,0,0,0,0,0,"- ","- ",36.938320159912109,-121.80718994140625,"SANTA CRUZ",UNINCORPORATED,-121.80709075927734,36.938270568847656
91746682,2022,2022-04-12,9720,2022-04-12,0729,021717,,2,1,9,4400,0,1,3,,2,020,"NB SR-1","41ST AVE OVERCROSSING",420.00,N,N,A,-,Y,SCR,,1,,,13.708,H,,R,Y,3,0,2,2,A,-,03,22350,,N,C,C,A,A,H,-,A,D,0,,,,,Y,,A,01,0,2,0,0,0,0,0,0,0,"- ","- ",36.982879638671875,-121.96600341796875,"SANTA CRUZ",UNINCORPORATED,-121.96599578857422,36.982936859130859
91747472,2022,2022-04-13,9720,2022-04-06,1620,021833,,3,2,9,4400,0,2,4,,1,021,"SOQUEL DR.","THURBER LANE",15.00,E,N,A,-,N,,,,,,,,,,N,4,0,1,2,A,-,03,22350,,N,C,C,A,A,H,-,A,A,0,,,,,Y,,-,"- ",0,0,1,0,0,0,0,0,0,"- ","- ",36.988761901855469,-121.97899627685547,"SANTA CRUZ",UNINCORPORATED,-121.97913360595703,36.988742828369141
91747478,2022,2022-04-13,9720,2022-04-08,1150,021790,,5,1,9,4400,0,1,3,,2,020,"NB SR-1","RIO DEL MAR BLVD O/C",3696.00,N,N,A,-,Y,SCR,,1,,,9.886,H,,R,N,4,0,2,2,A,-,03,22350,,N,C,C,A,A,H,-,A,D,0,,,,,Y,,A,07,0,0,2,0,0,0,0,0,0,"- ","- ",36.974899291992188,-121.89955902099609,"SANTA CRUZ",UNINCORPORATED,-121.89955902099609,36.974922180175781
91747496,2022,2022-04-13,9720,2022-04-07,1435,021833,,4,2,9,4400,0,1,3,,2,030,"N/B SR-1","BUENA VISTA DR.",250.00,S,N,A,-,Y,SCR,,1,,R,3.795,H,,R,Y,3,0,1,1,A,-,08,22107,,N,F,A,A,A,H,-,A,D,0,,,Y,,Y,,C,02,0,1,0,0,0,0,0,0,1,"- ","- ",36.929931640625,-121.80577087402344,"SANTA CRUZ",UNINCORPORATED,-121.80577850341797,36.929916381835938
91748354,2022,2022-04-14,9720,2022-04-08,2115,022140,,5,2,9,4400,0,2,4,,1,024,"CAPITOLA RD","HAWTHORNE WAY",150.00,W,N,A,-,N,,,,,,,,,,N,2,0,1,1,C,-,18,,,N,H,A,A,A,H,-,D,D,0,,,,,Y,Y,-,"- ",1,0,0,0,0,0,0,0,0,"- ","- ",36.975360870361328,-121.97786712646484,"SANTA CRUZ",UNINCORPORATED,-121.97777557373047,36.975391387939453
91750302,2022,2022-04-18,9720,2022-04-08,1436,021714,,5,2,9,4400,0,1,3,,2,020,"SR-1 S/B","SOQUEL DR.",528.00,S,N,A,-,Y,SCR,,1,,,14.660,H,,L,N,3,0,1,2,A,-,07,21658,A,N,B,C,A,A,H,-,A,D,0,,,Y,,Y,,A,08,0,1,0,0,0,0,0,0,1,"- ","- ",36.986160278320312,-121.9827880859375,"SANTA CRUZ",UNINCORPORATED,-121.9827880859375,36.986164093017578
91750373,2022,2022-04-18,9720,2022-04-09,0155,022293,,6,3,9,4400,0,2,4,,1,016,"GRAHAM HILL RD","SUMMIT AVE",2376.00,S,N,B,-,N,,,,,,,,,,Y,3,0,1,1,A,-,01,23152,A,N,E,I,A,A,H,-,D,D,0,,,,,Y,Y,A,01,0,1,0,0,0,0,0,0,0,"- ","- ",37.043628692626953,-122.05246734619141,"SANTA CRUZ",UNINCORPORATED,-122.0653076171875,37.049388885498047
91750418,2022,2022-04-18,9720,2022-04-09,0859,021860,,6,1,9,4400,0,1,3,,1,015,"NB SR-9","SAN LORENZO WAY",40.00,N,N,A,-,Y,,,,,,,,,,N,4,0,1,1,A,-,01,23152,A,N,E,I,A,A,H,-,A,D,0,,,,,Y,Y,A,01,0,0,1,0,0,0,0,0,0,"- ","- ",37.057758331298828,-122.97647094726562,"SANTA CRUZ",UNINCORPORATED,-122.07649993896484,37.057659149169922
91750446,2022,2022-04-18,9720,2022-04-07,1609,022545,,4,2,9,4400,0,2,4,,1,023,"7TH AVE","CAPITOLA RD",130.00,N,N,A,-,N,,,,,,,,,,N,3,0,1,2,A,-,09,21804,A,N,D,C,A,A,H,-,A,D,0,,,Y,,Y,,A,07,0,1,0,0,0,0,0,0,1,"- ","- ",36.979579925537109,-121.99138641357422,"SANTA CRUZ",UNINCORPORATED,-121.99148559570312,36.979526519775391
91750562,2022,2022-04-18,9720,2022-04-10,2305,020977,,7,3,9,4400,0,1,3,,1,014,"RT 9","NORICH ROAD",505.00,N,N,A,-,Y,SCR,,9,,,16.330,H,,R,Y,2,0,1,1,A,-,01,23152,A,N,E,I,A,A,H,-,D,D,0,,,,,Y,Y,A,07,1,0,0,0,0,0,0,0,0,"- ","- ",37.169441223144531,-122.13584899902344,"SANTA CRUZ",UNINCORPORATED,-122.13582611083984,37.169441223144531