CASE_ID,ACCIDENT_YEAR,PROC_DATE,JURIS,COLLISION_DATE,COLLISION_TIME,OFFICER_ID,REPORTING_DISTRICT,DAY_OF_WEEK,CHP_SHIFT,POPULATION,CNTY_CITY_LOC,SPECIAL_COND,BEAT_TYPE,CHP_BEAT_TYPE,CITY_DIVISION_LAPD,CHP_BEAT_CLASS,BEAT_NUMBER,PRIMARY_RD,SECONDARY_RD,DISTANCE,DIRECTION,INTERSECTION,WEATHER_1,WEATHER_2,STATE_HWY_IND,CALTRANS_COUNTY,CALTRANS_DISTRICT,STATE_ROUTE,ROUTE_SUFFIX,POSTMILE_PREFIX,POSTMILE,LOCATION_TYPE,RAMP_INTERSECTION,SIDE_OF_HWY,TOW_AWAY,COLLISION_SEVERITY,NUMBER_KILLED,NUMBER_INJURED,PARTY_COUNT,PRIMARY_COLL_FACTOR,PCF_CODE_OF_VIOL,PCF_VIOL_CATEGORY,PCF_VIOLATION,PCF_VIOL_SUBSECTION,HIT_AND_RUN,TYPE_OF_COLLISION,MVIW,PED_ACTION,ROAD_SURFACE,ROAD_COND_1,ROAD_COND_2,LIGHTING,CONTROL_DEVICE,CHP_ROAD_TYPE,PEDESTRIAN_ACCIDENT,BICYCLE_ACCIDENT,MOTORCYCLE_ACCIDENT,TRUCK_ACCIDENT,NOT_PRIVATE_PROPERTY,ALCOHOL_INVOLVED,STWD_VEHTYPE_AT_FAULT,CHP_VEHTYPE_AT_FAULT,COUNT_SEVERE_INJ,COUNT_VISIBLE_INJ,COUNT_COMPLAINT_PAIN,COUNT_PED_KILLED,COUNT_PED_INJURED,COUNT_BICYCLIST_KILLED,COUNT_BICYCLIST_INJURED,COUNT_MC_KILLED,COUNT_MC_INJURED,PRIMARY_RAMP,SECONDARY_RAMP,LATITUDE,LONGITUDE,COUNTY,CITY,POINT_X,POINT_Y
91750602,2022,2022-04-18,9720,2022-04-12,1148,021860,,2,1,9,4400,0,3,5,,2,100,"EMPIRE GRADE ROAD","ICE CREAM GRADE",0.00,,Y,A,-,N,,,,,,,,,,N,3,0,1,2,A,-,09,21802,A,N,D,C,A,A,H,-,A,A,0,,,,,Y,,A,07,0,1,0,0,0,0,0,0,0,"- ","- ",37.057838439941406,-122.123046875,"SANTA CRUZ",UNINCORPORATED,-122.12308502197266,37.057960510253906
91750971,2022,2022-04-19,9720,2022-04-11,0044,022349,,1,3,9,4400,0,2,4,,1,024,"E. CLIFF DR.","7TH AVE.",170.00,S,N,A,-,N,,,,,,,,,,N,3,0,1,1,A,-,08,22107,,N,E,I,A,A,H,-,C,D,0,,,,,Y,Y,D,22,0,1,0,0,0,0,0,0,0,"- ","- ",36.962661743164062,-121.99864959716797,"SANTA CRUZ",UNINCORPORATED,-121.99807739257812,36.963031768798828
91751304,2022,2022-04-19,9720,2022-04-12,1200,018171,,2,1,9,4400,0,3,5,,2,200,"SOQUEL AVE","SOQUEL DR",230.00,S,N,A,-,Y,,,,,,,,,,N,4,0,2,2,A,-,07,21658,A,N,B,C,A,A,H,-,A,D,0,,,,,Y,,A,01,0,0,2,0,0,0,0,0,0,"- ","- ",36.986141204833984,-121.98670196533203,"SANTA CRUZ",UNINCORPORATED,-121.98696899414062,36.985912322998047
91751549,2022,2022-04-19,9720,2022-04-14,0800,021714,,4,1,9,4400,0,1,3,,2,020,"SR-1 NB","41ST AVE",528.00,S,N,B,-,Y,,,,,,,,,,Y,4,0,1,2,A,-,03,22350,,N,C,C,A,A,H,-,A,D,0,,,,,Y,,A,01,0,0,1,0,0,0,0,0,0,"- ","- ",36.983348846435547,-121.96208190917969,"SANTA CRUZ",UNINCORPORATED,-121.96205902099609,36.982822418212891
91751556,2022,2022-04-19,9720,2022-04-14,1108,021877,,4,1,9,4400,0,1,3,,1,015,SR-9,"SCENIC WAY",15.00,S,N,C,-,Y,SCR,,9,,,8.910,H,,R,Y,4,0,1,2,A,-,05,21460,A,N,A,C,A,B,H,-,A,D,0,,,,,Y,,A,01,0,0,1,0,0,0,0,0,0,"- ","- ",37.082630157470703,-122.08728790283203,"SANTA CRUZ",UNINCORPORATED,-122.08726501464844,37.082653045654297
91752590,2022,2022-04-20,9720,2022-04-14,1355,018171,,4,1,9,4400,0,1,3,,2,020,"SR-1 N/B","41ST AVE",1700.00,N,N,B,-,Y,SCR,,1,,,13.932,H,,R,N,4,0,2,1,A,-,03,22350,,N,E,I,A,B,H,-,A,D,0,,,,,Y,,A,01,0,0,2,0,0,0,0,0,0,"- ","- ",36.983150482177734,-121.97006988525391,"SANTA CRUZ",UNINCORPORATED,-121.97005462646484,36.983230590820312
91752635,2022,2022-04-20,9720,2022-04-16,0730,021877,,6,1,9,4400,0,1,3,,1,017,"SR-17 S/B","SUMMIT RD",528.00,S,N,C,-,Y,SCR,,17,,,12.433,H,,L,Y,3,0,1,1,A,-,08,22107,,N,E,I,A,B,H,-,A,D,0,,,,,Y,,A,07,0,1,0,0,0,0,0,0,0,"- ","- ",37.142311096191406,-121.98542785644531,"SANTA CRUZ",UNINCORPORATED,-121.98526000976562,37.142295837402344
91752802,2022,2022-06-08,9720,2022-04-12,1430,021918,,2,2,9,4400,0,1,3,,1,015,"SR -9","MOUNTAIN ST.",0.00,,Y,A,-,Y,SCR,,9,,,12.867,H,,R,N,2,0,1,2,A,-,09,21802,A,N,D,G,A,A,H,-,A,D,0,,Y,,,Y,,A,01,1,0,0,0,0,0,1,0,0,"- ","- ",37.123291015625,-122.12151336669922,"SANTA CRUZ",UNINCORPORATED,-122.12162017822266,37.123268127441406
91752825,2022,2022-04-20,9720,2022-04-15,1600,021304,,5,2,9,4400,0,2,4,,1,032,"GREEN VALLEY RD","AIRPORT BLVD",60.00,E,N,A,-,N,,,,,,,,,,Y,4,0,1,2,A,-,06,21755,A,N,B,C,A,A,H,-,A,A,0,,,,,Y,,E,22,0,0,1,0,0,0,0,0,0,"- ","- ",36.941169738769531,-121.76941680908203,"SANTA CRUZ",UNINCORPORATED,-121.76938629150391,36.941207885742188
91753269,2022,2022-04-21,9720,2022-04-15,1850,022140,,5,2,9,4400,0,3,5,,2,200,"BRANCIFORTE DR","TIE GULCH RD",360.00,S,N,A,-,N,,,,,,,,,,Y,3,0,1,1,A,-,01,23152,A,N,E,I,A,A,H,-,A,D,0,,,,,Y,Y,A,01,0,1,0,0,0,0,0,0,0,"- ","- ",37.049591064453125,-121.98159027099609,"SANTA CRUZ",UNINCORPORATED,-121.98163604736328,37.049625396728516
91753703,2022,2022-04-21,9720,2022-04-16,1525,022458,,6,2,9,4400,0,1,3,,2,020,"S/B SR-1 TO FREEDOM BLVD.","FREEDOM BOULEVARD",10.00,N,N,B,-,Y,,,,,,,,,,N,4,0,1,2,A,-,03,22350,,N,C,C,A,A,H,-,A,A,0,,,Y,,Y,,A,01,0,0,1,0,0,0,0,0,1,"- ","- ",36.970111846923828,-121.87389373779297,"SANTA CRUZ",UNINCORPORATED,-121.87389373779297,36.970111846923828
91754848,2022,2022-04-22,9720,2022-04-13,1745,022044,,3,2,9,4400,0,1,3,,2,020,"SR-1 S/B","STATE PARK DR.",4224.00,N,N,A,-,Y,SCR,,1,,,11.333,H,,L,Y,2,0,1,2,A,-,07,21658,A,N,B,C,A,A,H,-,A,D,0,,,Y,,Y,,A,01,1,0,0,0,0,0,0,0,1,"- ","- ",36.982799530029297,-121.92333984375,"SANTA CRUZ",UNINCORPORATED,-121.92337799072266,36.982631683349609
91755771,2022,2022-04-25,9720,2022-04-23,1015,021717,,6,1,9,4400,0,2,4,,1,032,"GREEN VALLEY RD","THICKET LN",45.00,E,N,A,-,N,,,,,,,,,,Y,4,0,1,2,A,-,03,22350,,N,C,C,A,A,H,-,A,D,0,,,,,Y,,A,01,0,0,1,0,0,0,0,0,0,"- ","- ",36.939128875732422,-121.77043151855469,"SANTA CRUZ",UNINCORPORATED,-121.77040100097656,36.939113616943359
91756942,2022,2022-04-26,9720,2022-04-16,0215,022400,,6,3,9,4400,0,3,5,,2,200,"STATE PARK DRIVE OFF-RAMP","STATE PARK DRIVE OVERCROSSING",106.00,N,N,C,-,Y,,,,,,,,,,N,2,0,1,1,A,-,01,23152,A,N,E,I,A,B,H,-,C,D,0,,,,,Y,Y,A,07,1,0,0,0,0,0,0,0,0,"- ","- ",36.977748870849609,-121.91104125976562,"SANTA CRUZ",UNINCORPORATED,,
91757121,2022,2022-04-26,9720,2022-04-17,1920,021477,,7,2,9,4400,0,2,4,,1,022,"SOQUEL SAN JOSE RD.","SUMMIT RD.",1056.00,S,N,A,-,N,,,,,,,,,,Y,2,0,1,1,A,-,01,23152,A,N,E,I,A,A,H,-,A,D,0,,,,,Y,Y,A,01,1,0,0,0,0,0,0,0,0,"- ","- ",37.118259429931641,-121.9268798828125,"SANTA CRUZ",UNINCORPORATED,-121.92876434326172,37.118209838867188
91757128,2022,2022-04-26,9720,2022-04-15,2500,020977,,5,4,9,4400,0,2,4,,1,016,"GRAHAM HILL ROAD","TANGLEWOOD TRAIL",710.00,N,N,B,C,N,,,,,,,,,,Y,2,0,1,1,A,-,01,23152,A,M,E,I,A,B,H,-,D,D,0,,,,,Y,Y,D,22,1,0,0,0,0,0,0,0,0,"- ","- ",36.99224853515625,-122.02876281738281,"SANTA CRUZ",UNINCORPORATED,-122.02883911132812,36.996898651123047
91757900,2022,2022-04-27,9720,2022-04-15,0635,021714,,5,1,9,4400,0,1,3,,1,017,"SR-17 S/B","MT. HERMON RD. O/C",528.00,S,N,B,-,Y,SCR,,17,,,2.822,H,,L,Y,3,0,1,1,A,-,08,22107,,N,E,I,A,B,H,-,A,D,0,,,,,Y,,A,01,0,1,0,0,0,0,0,0,0,"- ","- ",37.027610778808594,-122.02480316162109,"SANTA CRUZ",UNINCORPORATED,-122.02473449707031,37.027565002441406
91758072,2022,2022-04-27,9720,2022-04-25,1955,022399,,1,2,9,4400,0,3,5,,2,200,"CABRILLO COLLEGE DR","LOWER PERIMETER ROAD",528.00,W,N,A,-,N,,,,,,,,,,Y,4,0,1,1,A,-,01,23152,A,N,E,I,A,A,H,-,B,D,0,,,,,Y,Y,A,07,0,0,1,0,0,0,0,0,0,"- ","- ",36.984111785888672,-121.92735290527344,"SANTA CRUZ",UNINCORPORATED,,
91758559,2022,2022-04-28,9720,2022-04-15,2156,021540,,5,2,9,4400,0,1,3,,2,020,"SR-1 N/B TO SOQUEL DR","SOQUEL DR",580.00,S,N,A,-,Y,SCR,,1,,,14.740,H,,R,Y,3,0,1,1,A,-,01,23152,A,N,E,I,A,A,H,-,C,D,0,,,,,Y,Y,A,01,0,1,0,0,0,0,0,0,0,"- ","- ",36.986778259277344,-121.98401641845703,"SANTA CRUZ",UNINCORPORATED,-121.98406982421875,36.986637115478516
91758988,2022,2022-04-28,9720,2022-04-21,1905,021304,,4,2,9,4400,0,1,3,,1,034,SR-152,"RED HAWK PLACE",2640.00,E,N,C,-,Y,SCR,,152,,,5.612,H,,R,Y,3,0,3,1,A,-,08,22107,,N,E,I,A,B,H,-,A,D,0,,,,,Y,,A,01,0,1,2,0,0,0,0,0,0,"- ","- ",36.975521087646484,-121.71472930908203,"SANTA CRUZ",UNINCORPORATED,-121.71471405029297,36.975536346435547
91759348,2022,2022-04-28,9720,2022-04-27,1901,020012,,3,2,9,4400,0,1,3,,1,017,SR-17,"GLENWOOD DRIVE",0.00,,Y,A,-,Y,SCR,,17,,,10.639,H,,R,Y,3,0,2,2,A,-,09,21802,A,N,D,C,A,A,H,-,A,A,0,,,,,Y,,A,07,0,2,0,0,0,0,0,0,0,"- ","- ",37.119850158691406,-121.97602844238281,"SANTA CRUZ",UNINCORPORATED,-121.97596740722656,37.119857788085938
91761727,2022,2022-05-02,9720,2022-04-30,1330,021717,,6,1,9,4400,0,2,4,,1,022,"SOQUEL SAN JOSE RD.","SOQUEL TURNPIKE RD.",1584.00,N,N,A,-,N,,,,,,,,,,Y,4,0,1,1,A,-,08,22107,,N,E,J,A,A,H,-,A,D,0,,,,,Y,,A,01,0,0,1,0,0,0,0,0,0,"- ","- ",37.063678741455078,-121.94053649902344,"SANTA CRUZ",UNINCORPORATED,-121.94131469726562,37.06195068359375
91761729,2022,2022-05-02,9720,2022-04-25,0800,021717,,1,1,9,4400,0,1,3,,1,017,"SR-17 S/B TO LA MADRONA DR","LA MADRONA DR.",30.00,E,N,A,-,Y,SCR,,17,,,2.196,H,,L,Y,3,0,2,2,A,-,03,22350,,N,H,2,A,A,H,-,A,D,0,,,,Y,Y,,F,26,0,1,1,0,0,0,0,0,0,"- ","- ",37.019229888916016,-122.02799224853516,"SANTA CRUZ",UNINCORPORATED,-122.02790832519531,37.019214630126953
91761733,2022,2022-05-02,9720,2022-04-22,2200,021714,,5,3,9,4400,0,2,4,,1,031,"FREEDOM BLVD.","ERTA LN",181.00,E,N,A,-,N,,,,,,,,,,Y,4,0,1,1,A,-,08,22107,,M,E,I,A,A,H,-,D,D,0,,,,,Y,Y,A,01,0,0,1,0,0,0,0,0,0,"- ","- ",36.954940795898438,-121.79898834228516,"SANTA CRUZ",UNINCORPORATED,-121.80178833007812,36.95751953125
91763253,2022,2022-05-03,9720,2022-04-08,1410,022044,,5,2,9,4400,0,2,4,,1,022,"SUMMIT RD.","OLD SANTACRUZ HWY",0.00,,Y,A,-,N,,,,,,,,,,N,4,0,1,3,A,-,09,21801,A,N,D,C,A,A,H,-,A,D,0,,,,,Y,,A,07,0,0,1,0,0,0,0,0,0,"- ","- ",37.137199401855469,-121.96762847900391,"SANTA CRUZ",UNINCORPORATED,,
91763350,2022,2022-05-03,9720,2022-04-24,0330,022293,,7,3,9,4400,0,2,4,,1,021,"SOQUEL DRIVE","PERIMETER ROAD",380.00,S,N,A,-,N,,,,,,,,,,Y,3,0,1,1,A,-,01,23152,A,N,E,I,A,A,H,-,C,D,0,,,,,Y,Y,A,01,0,1,0,0,0,0,0,0,0,"- ","- ",36.989059448242188,-121.92801666259766,"SANTA CRUZ",UNINCORPORATED,-121.92794036865234,36.989177703857422
91763622,2022,2022-05-03,9720,2022-04-21,0810,021248,,4,1,9,4400,0,3,5,,2,200,"BRANCIFORTE DR","GRANITE CREEK RD",900.00,E,N,A,-,N,,,,,,,,,,N,3,0,2,1,A,-,01,23152,A,N,E,I,A,B,H,-,A,D,0,,,,,Y,Y,A,07,0,1,1,0,0,0,0,0,0,"- ","- ",37.01824951171875,-121.99410247802734,"SANTA CRUZ",UNINCORPORATED,-121.99433898925781,37.018161773681641
91763661,2022,2022-05-03,9720,2022-04-24,1400,021248,,7,2,9,4400,0,1,3,,2,020,"SR-1 N/B","STATE PARD DR",1320.00,N,N,A,-,Y,SCR,,1,,,10.818,H,,R,N,4,0,2,2,A,-,03,22350,,N,C,C,A,A,H,-,A,D,0,,,,,Y,,A,07,0,0,2,0,0,0,0,0,0,"- ","- ",36.980289459228516,-121.91462707519531,"SANTA CRUZ",UNINCORPORATED,-121.91461944580078,36.980304718017578
91763698,2022,2022-05-03,9720,2022-04-24,1755,021248,,7,2,9,4400,0,2,4,,1,021,"SOQUEL DR","S MAIN ST",0.00,,Y,A,-,N,,,,,,,,,,N,4,0,1,2,A,-,12,21453,A,N,D,C,A,A,H,-,A,A,0,,,,,Y,,A,07,0,0,1,0,0,0,0,0,0,"- ","- ",36.988819122314453,-121.95461273193359,"SANTA CRUZ",UNINCORPORATED,-121.95462799072266,36.988838195800781
91763721,2022,2022-05-03,9720,2022-04-27,0900,021304,,3,1,9,4400,0,1,3,,1,015,SR-9,"MOUNTAIN ST",50.00,S,N,A,-,Y,SCR,,9,,,12.754,H,,R,Y,4,0,3,2,A,-,03,22350,,N,C,C,A,A,H,-,A,D,0,,,,,Y,,A,01,0,0,3,0,0,0,0,0,0,"- ","- ",37.120250701904297,-122.12085723876953,"SANTA CRUZ",UNINCORPORATED,-122.12088012695312,37.120246887207031
91763740,2022,2022-05-03,9720,2022-04-27,2330,022349,,3,3,9,4400,0,1,3,,1,017,"SB SR-17","PASATIEMPO DR.",800.00,S,N,A,-,Y,SCR,,17,,,0.619,H,,R,N,3,0,1,1,A,-,08,22107,,N,E,I,A,A,H,-,C,D,0,,,,,Y,,A,01,0,1,0,0,0,0,0,0,0,"- ","- ",36.997730255126953,-122.02121734619141,"SANTA CRUZ",UNINCORPORATED,-122.02102661132812,36.997791290283203
91763748,2022,2022-05-03,9720,2022-04-28,0728,022140,,4,1,9,4400,0,1,3,,1,014,SR-9,"SHADELAND RD",5.00,S,N,B,-,Y,SCR,,9,,,15.956,H,,R,Y,3,0,2,2,A,-,09,21801,A,N,D,C,A,A,H,-,A,D,0,,,,,Y,,A,01,0,1,1,0,0,0,0,0,0,"- ","- ",37.163150787353516,-122.13462829589844,"SANTA CRUZ",UNINCORPORATED,-122.13465881347656,37.163150787353516
91764219,2022,2022-05-04,9720,2022-04-28,1323,018171,,4,1,9,4400,0,1,3,,1,010,SR-1,"BONNY DOON RD",0.00,,Y,A,-,Y,SCR,,1,,,27.623,H,,R,N,4,0,1,2,A,-,21,22106,,N,D,G,A,A,H,-,A,D,0,,Y,,,Y,,A,01,0,0,1,0,0,0,1,0,0,"- ","- ",37.0010986328125,-122.18044281005859,"SANTA CRUZ",UNINCORPORATED,-122.18051910400391,37.001049041748047
91764323,2022,2022-05-04,9720,2022-05-01,0820,021321,,7,1,9,4400,0,3,5,,2,100,"LOMPICO RD","LAKE BOULEVARD",247.00,S,N,A,-,N,,,,,,,,,,Y,2,0,1,1,A,-,08,22107,,N,E,I,A,A,H,-,A,D,0,,,,,Y,,A,07,1,0,0,0,0,0,0,0,0,"- ","- ",37.095050811767578,-122.04215240478516,"SANTA CRUZ",UNINCORPORATED,-122.05290985107422,37.092315673828125
91764463,2022,2022-05-04,9720,2022-05-02,0825,021717,,1,1,9,4400,0,1,3,,2,030,"NB SR-1","LARKIN VALLEY RD. UNDERCROSSING",75.00,N,N,A,-,Y,SCR,,1,,R,7.701,H,,R,Y,3,0,2,4,A,-,03,22350,,N,C,C,A,A,H,-,A,D,0,,,,,Y,,D,22,0,1,1,0,0,0,0,0,0,"- ","- ",36.961071014404297,-121.8626708984375,"SANTA CRUZ",UNINCORPORATED,-121.86273956298828,36.961029052734375
91764631,2022,2022-05-04,9720,2022-04-22,0735,022545,,5,1,9,4400,0,1,3,,1,035,SR-129,"SR-1 N/B ON/OFF RAMP",0.00,,Y,B,C,Y,SCR,,129,,L,0.120,H,,R,Y,4,0,1,2,A,-,09,21802,A,N,D,C,A,B,H,-,A,A,0,,,,,Y,,A,01,0,0,1,0,0,0,0,0,0,"- ","- ",36.8951416015625,-121.77207946777344,"SANTA CRUZ",UNINCORPORATED,-121.77208709716797,36.895149230957031
91765067,2022,2022-05-05,9720,2022-04-27,1050,018171,,3,1,9,4400,0,1,3,,2,030,"SR-1 N/B","LARKIN VALLEY RD",2000.00,S,N,A,-,Y,SCR,,1,,R,7.439,H,,R,N,4,0,1,2,A,-,03,22350,,N,C,C,A,A,H,-,A,D,0,,,,,Y,,A,01,0,0,1,0,0,0,0,0,0,"- ","- ",36.958099365234375,-121.85974884033203,"SANTA CRUZ",UNINCORPORATED,-121.85972595214844,36.958118438720703
91765100,2022,2022-05-05,9720,2022-04-29,1155,018171,,5,1,9,4400,0,2,4,,1,024,"CAPITOLA RD","MACIEL AVE",0.00,,Y,A,-,N,,,,,,,,,,N,4,0,1,2,A,-,05,21202,A,N,D,G,A,A,H,-,A,D,0,,Y,,,Y,,L,04,0,0,1,0,0,0,1,0,0,"- ","- ",36.9752197265625,-121.97624969482422,"SANTA CRUZ",UNINCORPORATED,-121.97626495361328,36.975139617919922
91765252,2022,2022-05-05,9720,2022-05-03,1100,018171,,2,1,9,4400,0,1,3,,1,010,SR-1,"SKYLINE TO THE SEA TRAIL ROAD",2218.00,S,N,A,-,Y,SCR,,1,,,35.971,H,,R,N,3,0,1,1,A,-,08,22107,,N,E,I,A,A,H,-,A,D,0,,,,,Y,,A,01,0,1,0,0,0,0,0,0,0,"- ","- ",37.092559814453125,-122.27445983886719,"SANTA CRUZ",UNINCORPORATED,-122.27440643310547,37.092578887939453
91765262,2022,2022-05-05,9720,2022-05-02,1740,021717,,1,2,9,4400,0,3,5,,2,200,"24TH AVE.","ORIOLE LN.",35.00,W,N,A,-,N,,,,,,,,,,Y,4,0,1,2,A,-,09,21804,A,N,D,C,A,A,H,-,A,D,0,,,,,Y,,A,01,0,0,1,0,0,0,0,0,0,"- ","- ",36.964611053466797,-121.98002624511719,"SANTA CRUZ",UNINCORPORATED,-121.9796142578125,36.964557647705078
91765306,2022,2022-05-05,9720,2022-05-01,1320,021717,,7,1,9,4400,0,3,5,,2,300,"CARLTON RD.","THOMPSON RD.",58.00,E,N,A,-,N,,,,,,,,,,Y,3,0,1,2,A,-,05,21460,A,N,A,C,A,A,H,-,A,D,0,,,,,Y,,-,"- ",0,1,0,0,0,0,0,0,0,"- ","- ",36.938068389892578,-121.70681762695312,"SANTA CRUZ",UNINCORPORATED,-121.70665740966797,36.938301086425781
91765408,2022,2022-05-05,9720,2022-04-27,2325,022329,,3,3,9,4400,0,1,3,,1,010,SR-1,"CEMENT PLANT RD",86.00,S,N,A,-,Y,SCR,,1,,,29.673,H,,R,Y,3,0,1,1,A,-,01,23152,A,N,E,I,A,A,H,-,D,D,0,,,,,Y,Y,A,07,0,1,0,0,0,0,0,0,0,"- ","- ",37.020229339599609,-122.20754241943359,"SANTA CRUZ",UNINCORPORATED,-122.20748138427734,37.020271301269531
91765788,2022,2022-05-06,9720,2022-04-23,2120,020977,,6,2,9,4400,0,2,4,,1,016,"GRAHAM HILL RD","GRANDVIEW AVE",47.00,N,N,A,-,N,,,,,,,,,,Y,4,0,1,1,A,-,01,23152,A,N,E,I,A,A,H,-,D,D,0,,,,,Y,Y,D,22,0,0,1,0,0,0,0,0,0,"- ","- ",37.045639038085938,-122.06128692626953,"SANTA CRUZ",UNINCORPORATED,-122.06074523925781,37.04571533203125
91765795,2022,2022-05-06,9720,2022-04-26,0850,021248,,2,1,9,4400,0,2,4,,1,022,"SOQUEL SAN JOSE RD","MILLER HILL RD",0.00,,Y,A,-,N,,,,,,,,,,N,4,0,2,2,A,-,09,21802,A,N,D,C,A,A,H,-,A,A,0,,,,,Y,,A,07,0,0,2,0,0,0,0,0,0,"- ","- ",37.112888336181641,-121.94608306884766,"SANTA CRUZ",UNINCORPORATED,-121.94599151611328,37.112857818603516
91767055,2022,2022-05-09,9720,2022-04-29,1035,021714,,5,1,9,4400,0,2,4,,1,021,"SOQUEL DR.","PORTER ST",20.00,E,N,A,-,N,,,,,,,,,,N,4,0,1,2,A,-,07,21658,A,N,B,C,A,A,H,-,A,A,0,,,,,Y,,A,01,0,0,1,0,0,0,0,0,0,"- ","- ",36.988201141357422,-121.95729064941406,"SANTA CRUZ",UNINCORPORATED,-121.95730590820312,36.988140106201172
91767081,2022,2022-05-09,9720,2022-04-29,0715,021304,,5,1,9,4400,0,2,4,,1,032,"HOLOHAN RD","GRIMMER RD",1056.00,N,N,A,-,N,,,,,,,,,,Y,4,0,1,1,A,-,08,22107,,N,E,I,A,A,H,-,A,D,0,,,,,Y,,A,01,0,0,1,0,0,0,0,0,0,"- ","- ",36.93878173828125,-121.75885009765625,"SANTA CRUZ",UNINCORPORATED,-121.75925445556641,36.938808441162109
91767101,2022,2022-05-09,9720,2022-05-01,0220,022162,,7,3,9,4400,0,2,4,,1,024,"E. CLIFF DRIVE","PROSPECT STREET",775.00,N,N,A,-,N,,,,,,,,,,Y,4,0,1,1,A,-,01,23152,,N,E,J,A,A,H,-,C,D,0,,,,,Y,Y,A,07,0,0,1,0,0,0,0,0,0,"- ","- ",36.961811065673828,-121.99668884277344,"SANTA CRUZ",UNINCORPORATED,-121.99300384521484,36.964340209960938
91767103,2022,2022-05-09,9720,2022-05-01,1735,022545,,7,2,9,4400,0,3,5,,2,300,"MAR MONTE AVE","LA SELVA DR",1584.00,S,N,A,-,N,,,,,,,,,,Y,3,0,2,2,A,-,05,21460,A,N,A,C,A,A,H,-,A,D,0,,,,,Y,Y,D,22,0,1,1,0,0,0,0,0,0,"- ","- ",36.944358825683594,-121.85224151611328,"SANTA CRUZ",UNINCORPORATED,-121.85213470458984,36.944503784179688
91767421,2022,2022-05-09,9720,2022-04-29,1040,021714,,5,1,9,4400,0,2,4,,1,021,"SOQUEL DR","COTTON LN",20.00,E,N,A,-,N,,,,,,,,,,N,4,0,1,2,A,-,07,21658,A,F,B,C,A,A,H,-,A,A,0,,,,,Y,,A,01,0,0,1,0,0,0,0,0,0,"- ","- ",36.987689971923828,-121.96366119384766,"SANTA CRUZ",UNINCORPORATED,-121.96368408203125,36.987644195556641
91767533,2022,2022-05-09,9720,2022-05-02,1454,022545,,1,2,9,4400,0,1,3,,1,035,SR-129,"HARVEST DR",528.00,W,N,A,-,Y,SCR,,129,,L,0.702,H,,R,Y,4,0,1,2,A,-,03,22350,,N,C,C,A,A,H,-,A,D,0,,,,,Y,,A,01,0,0,1,0,0,0,0,0,0,"- ","- ",36.900600433349609,-121.7645263671875,"SANTA CRUZ",UNINCORPORATED,-121.76444244384766,36.900520324707031
91767942,2022,2022-05-09,9720,2022-04-27,0950,021248,,3,1,9,4400,0,1,3,,2,020,"SR-1 N/B","RIO DEL MAR BLVD",2112.00,N,N,A,-,Y,SCR,,1,,,9.610,H,,R,Y,3,0,2,5,A,-,03,22350,,N,C,C,A,A,H,-,A,D,0,,,,,Y,,D,23,0,1,1,0,0,0,0,0,0,"- ","- ",36.975181579589844,-121.89456176757812,"SANTA CRUZ",UNINCORPORATED,-121.89456176757812,36.975196838378906
91768137,2022,2022-05-09,9720,2022-05-04,1654,020012,,3,2,9,4400,0,1,3,,2,020,"SR-1 S/B","41ST AVE",2112.00,N,N,A,-,Y,SCR,,1,,,14.073,H,,L,N,3,0,1,2,A,-,03,22350,,N,C,C,A,A,H,-,A,D,0,,,Y,,Y,,C,02,0,1,0,0,0,0,0,0,1,"- ","- ",36.983600616455078,-121.97257995605469,"SANTA CRUZ",UNINCORPORATED,-121.97257232666016,36.983615875244141
91768139,2022,2022-05-09,9720,2022-05-04,1214,021717,,3,1,9,4400,0,1,3,,2,030,"SB SR-1",SR-129,4224.00,N,N,A,-,Y,SCR,,1,,R,1.605,H,,R,Y,4,0,1,2,A,-,07,21658,A,N,B,2,A,A,H,-,A,D,0,,,,,Y,,A,01,0,0,1,0,0,0,0,0,0,"- ","- ",36.905708312988281,-121.78154754638672,"SANTA CRUZ",UNINCORPORATED,-121.78126525878906,36.905826568603516
91769187,2022,2022-05-11,9720,2022-05-02,2045,022471,,1,2,9,4400,0,2,4,,1,032,"GREEN VALLEY RD","DUTCHMAN RD",0.00,,Y,A,-,N,,,,,,,,,,N,3,0,3,2,A,-,01,23152,A,F,A,C,A,A,H,-,A,D,0,,,,,Y,Y,D,22,0,1,2,0,0,0,0,0,0,"- ","- ",36.960460662841797,-121.76941680908203,"SANTA CRUZ",UNINCORPORATED,-121.76496887207031,36.960460662841797
91769188,2022,2022-05-11,9720,2022-05-03,1950,021833,,2,2,9,4400,0,1,3,,1,035,"SR-129 E/B","SR-1 N/B OFF RAMP",0.00,,Y,A,-,Y,SCR,,129,,L,0.119,H,,R,N,3,0,3,2,A,-,09,21802,A,N,D,C,A,A,H,-,B,A,0,,,,,Y,,A,07,0,2,1,0,0,0,0,0,0,"- ","- ",36.895111083984375,-121.77207946777344,"SANTA CRUZ",UNINCORPORATED,-121.77210998535156,36.895137786865234