CASE_ID,ACCIDENT_YEAR,PROC_DATE,JURIS,COLLISION_DATE,COLLISION_TIME,OFFICER_ID,REPORTING_DISTRICT,DAY_OF_WEEK,CHP_SHIFT,POPULATION,CNTY_CITY_LOC,SPECIAL_COND,BEAT_TYPE,CHP_BEAT_TYPE,CITY_DIVISION_LAPD,CHP_BEAT_CLASS,BEAT_NUMBER,PRIMARY_RD,SECONDARY_RD,DISTANCE,DIRECTION,INTERSECTION,WEATHER_1,WEATHER_2,STATE_HWY_IND,CALTRANS_COUNTY,CALTRANS_DISTRICT,STATE_ROUTE,ROUTE_SUFFIX,POSTMILE_PREFIX,POSTMILE,LOCATION_TYPE,RAMP_INTERSECTION,SIDE_OF_HWY,TOW_AWAY,COLLISION_SEVERITY,NUMBER_KILLED,NUMBER_INJURED,PARTY_COUNT,PRIMARY_COLL_FACTOR,PCF_CODE_OF_VIOL,PCF_VIOL_CATEGORY,PCF_VIOLATION,PCF_VIOL_SUBSECTION,HIT_AND_RUN,TYPE_OF_COLLISION,MVIW,PED_ACTION,ROAD_SURFACE,ROAD_COND_1,ROAD_COND_2,LIGHTING,CONTROL_DEVICE,CHP_ROAD_TYPE,PEDESTRIAN_ACCIDENT,BICYCLE_ACCIDENT,MOTORCYCLE_ACCIDENT,TRUCK_ACCIDENT,NOT_PRIVATE_PROPERTY,ALCOHOL_INVOLVED,STWD_VEHTYPE_AT_FAULT,CHP_VEHTYPE_AT_FAULT,COUNT_SEVERE_INJ,COUNT_VISIBLE_INJ,COUNT_COMPLAINT_PAIN,COUNT_PED_KILLED,COUNT_PED_INJURED,COUNT_BICYCLIST_KILLED,COUNT_BICYCLIST_INJURED,COUNT_MC_KILLED,COUNT_MC_INJURED,PRIMARY_RAMP,SECONDARY_RAMP,LATITUDE,LONGITUDE,COUNTY,CITY,POINT_X,POINT_Y
91770952,2022,2022-05-12,9720,2022-04-27,1414,021860,,3,2,9,4400,0,1,3,,1,015,SR-9,"RUSSELL AVENUE",300.00,S,N,A,-,Y,SCR,,9,,,6.041,H,,R,Y,3,0,1,2,A,-,09,21804,A,N,D,C,A,A,H,-,A,D,0,,,,,Y,,A,01,0,1,0,0,0,0,0,0,0,"- ","- ",37.047409057617188,-122.07334899902344,"SANTA CRUZ",UNINCORPORATED,-122.07338714599609,37.047409057617188
91773046,2022,2022-05-16,9720,2022-05-06,1853,022545,,5,2,9,4400,0,3,5,,2,100,"HIHN RD","CONDOR AVE",108.00,E,N,A,-,N,,,,,,,,,,Y,3,0,1,1,A,-,08,22107,,N,E,I,A,A,H,-,A,D,0,,,,,Y,,A,07,0,1,0,0,0,0,0,0,0,"- ","- ",37.073009490966797,-122.07402801513672,"SANTA CRUZ",UNINCORPORATED,-122.07392120361328,37.072982788085938
91773065,2022,2022-05-16,9720,2022-05-04,1640,021833,,3,2,9,4400,0,1,3,,2,030,"FREEDOM BLVD","COFFEY LN.",15.00,E,N,A,-,N,,,,,,,,,,N,3,0,3,2,A,-,07,21658,A,N,B,C,A,A,H,-,A,D,0,,,,,Y,,A,01,0,2,1,0,0,0,0,0,0,"- ","- ",36.939990997314453,-121.78115081787109,"SANTA CRUZ",UNINCORPORATED,-121.78141021728516,36.940292358398438
91773230,2022,2022-05-16,9720,2022-05-07,1538,022140,,6,2,9,4400,0,1,3,,2,020,"SR-1 S/B","BAY AVE",50.00,N,N,A,-,Y,SCR,,1,,,13.225,H,,L,Y,3,0,1,3,A,-,07,21658,A,N,F,A,A,A,H,-,A,D,0,,,Y,,Y,,A,01,0,1,0,0,0,0,0,0,1,"- ","- ",36.983139038085938,-121.95742797851562,"SANTA CRUZ",UNINCORPORATED,-121.95742797851562,36.983150482177734
91773306,2022,2022-05-16,9720,2022-05-08,1200,021717,,7,1,9,4400,0,1,3,,2,020,"SR-1 S/B TO MORRISSEY BLVD.","FAIRMOUNT AVE",200.00,E,N,A,-,Y,,,,,,,,,,Y,3,0,1,1,A,-,03,22350,,N,E,8,A,A,H,-,A,D,0,,,,,Y,,A,01,0,1,0,0,0,0,0,0,0,"- ","- ",36.987918853759766,-122.00480651855469,"SANTA CRUZ",UNINCORPORATED,-122.04593658447266,36.961776733398438
91774073,2022,2022-05-17,9720,2022-05-14,0840,021717,,6,1,9,4400,0,1,3,,1,010,SR-1,"LAGUNA RD.",2112.00,N,N,A,-,Y,SCR,,1,,,26.374,H,,R,Y,3,0,1,1,A,-,08,22107,,N,F,A,A,A,H,-,A,D,0,,,,,Y,,D,22,0,1,0,0,0,0,0,0,0,"- ","- ",36.989879608154297,-122.16175842285156,"SANTA CRUZ",UNINCORPORATED,-122.16171264648438,36.989940643310547
91774117,2022,2022-05-17,9720,2022-05-14,1120,021717,,6,1,9,4400,0,2,4,,1,021,"SOQUEL DR.","PERIMETER RD.",55.00,E,N,A,-,N,,,,,,,,,,Y,4,0,1,2,A,-,09,21801,A,N,D,C,A,A,H,-,A,D,0,,,,,Y,,A,01,0,0,1,0,0,0,0,0,0,"- ","- ",36.987468719482422,-121.92154693603516,"SANTA CRUZ",UNINCORPORATED,-121.9288330078125,36.989696502685547
91774242,2022,2022-05-17,9720,2022-05-10,0709,019956,,2,1,9,4400,0,1,3,,1,017,"SR-17 N/B","LA MADRONA DR",528.00,S,N,A,-,Y,SCR,,17,,,1.307,H,,R,N,4,0,1,2,C,-,18,,,N,C,C,A,A,C,-,A,D,0,,,Y,,Y,,-,"- ",0,0,1,0,0,0,0,0,1,"- ","- ",37.007389068603516,-122.02104187011719,"SANTA CRUZ",UNINCORPORATED,-122.02104187011719,37.007389068603516
91774271,2022,2022-05-17,9720,2022-05-11,1507,019956,,3,2,9,4400,0,1,3,,2,020,"SR-1 S/B FROM SR-17 S/B","SR-17 N/B",300.00,S,N,A,-,Y,SCR,,1,,,16.784,H,,R,Y,3,0,1,1,A,-,03,22350,,N,E,I,A,A,H,-,A,D,0,,,,,Y,,A,01,0,1,0,0,0,0,0,0,0,"- ","- ",36.989360809326172,-122.020751953125,"SANTA CRUZ",UNINCORPORATED,-122.02071380615234,36.989517211914062
91775025,2022,2022-05-18,9720,2022-05-06,0310,021940,,5,3,9,4400,0,2,4,,1,023,"7TH AVE.","EDDY LN.",99.00,S,N,A,-,N,,,,,,,,,,N,3,0,1,2,A,-,01,23152,A,F,D,C,A,A,H,-,C,D,0,,,,,Y,Y,A,07,0,1,0,0,0,0,0,0,0,"- ","- ",36.975631713867188,-121.99395751953125,"SANTA CRUZ",UNINCORPORATED,-121.99391937255859,36.975700378417969
91775130,2022,2022-05-18,9720,2022-05-07,0805,021211,,6,1,9,4400,0,1,3,,1,017,"SR-17 S/B","GLENWOOD DR",528.00,N,N,A,-,Y,SCR,,17,,,10.817,H,,L,Y,3,0,2,2,A,-,03,22350,,N,C,C,A,A,H,-,A,D,0,,,,,Y,,A,01,0,2,0,0,0,0,0,0,0,"- ","- ",37.121768951416016,-121.97427368164062,"SANTA CRUZ",UNINCORPORATED,-121.97427368164062,37.121780395507812
91775173,2022,2022-05-18,9720,2022-05-09,2125,022329,,1,2,9,4400,0,3,5,,2,300,"SAN ANDREAS RD.","DAIRY RD",187.00,S,N,A,-,N,,,,,,,,,,Y,3,0,6,2,A,-,03,22350,,N,D,D,A,A,H,-,D,D,0,,,,,Y,,A,01,0,2,4,0,0,0,0,0,0,"- ","- ",36.887889862060547,-121.80580139160156,"SANTA CRUZ",UNINCORPORATED,-121.80605316162109,36.887935638427734
91775438,2022,2022-05-18,9720,2022-05-06,0910,021548,,5,1,9,4400,0,3,5,,2,200,"BRANCIFORTE DR","FALCON HILL",43.00,S,N,A,-,N,,,,,,,,,,Y,3,0,2,2,A,-,09,21804,A,N,D,C,A,A,H,-,A,D,0,,,,,Y,,D,22,0,1,1,0,0,0,0,0,0,"- ","- ",37.024368286132812,-121.98786926269531,"SANTA CRUZ",UNINCORPORATED,-121.98794555664062,37.024394989013672
91776148,2022,2022-05-19,9720,2022-05-11,0718,021211,,3,1,9,4400,0,1,3,,2,030,"SR-1 N/B","FREEDOM BLVD",528.00,S,N,A,-,Y,SCR,,1,,,8.281,H,,R,Y,4,0,1,2,A,-,07,21658,A,F,F,A,A,A,H,-,A,D,0,,,Y,,Y,Y,-,99,0,0,1,0,0,0,0,0,1,"- ","- ",36.969749450683594,-121.87200927734375,"SANTA CRUZ",UNINCORPORATED,-121.87198638916016,36.969768524169922
91776251,2022,2022-05-19,9720,2022-05-12,1914,021833,,4,2,9,4400,0,2,4,,1,032,"AIRPORT BLVD","GREEN VALLEY RD.",2112.00,W,N,A,-,N,,,,,,,,,,Y,4,0,1,1,A,-,01,23152,A,M,E,I,A,A,H,-,B,D,0,,,,,Y,Y,A,01,0,0,1,0,0,0,0,0,0,"- ","- ",36.941688537597656,-121.77316284179688,"SANTA CRUZ",UNINCORPORATED,-121.77619171142578,36.940292358398438
91776266,2022,2022-05-19,9720,2022-05-13,0750,021304,,5,1,9,4400,0,1,3,,1,035,SR-129,"INDUSTRIAL RD",0.00,,Y,A,-,Y,SCR,,129,,L,0.514,H,,R,Y,4,0,1,2,A,-,12,21453,A,N,D,C,A,A,H,-,A,A,0,,,,Y,Y,,F,26,0,0,1,0,0,0,0,0,0,"- ","- ",36.898811340332031,-121.76706695556641,"SANTA CRUZ",UNINCORPORATED,-121.7669677734375,36.898719787597656
91776273,2022,2022-05-19,9720,2022-05-13,2000,022140,,5,2,9,4400,0,3,5,,2,100,"QUAIL HALLOW RD","VISTA ROBLES DR",1056.00,E,N,A,-,N,,,,,,,,,,Y,3,0,1,1,A,-,08,22107,,N,E,I,A,A,H,-,D,D,0,,,,,Y,,D,22,0,1,0,0,0,0,0,0,0,"- ","- ",37.085231781005859,-122.06517028808594,"SANTA CRUZ",UNINCORPORATED,-122.06531524658203,37.08526611328125
91776301,2022,2022-05-19,9720,2022-05-16,1040,021321,,1,1,9,4400,0,1,3,,1,015,"RT 9","MAIN STREET",2.00,N,N,A,-,Y,SCR,,9,,,9.514,H,,R,N,3,0,1,2,A,-,03,22350,,N,C,C,A,A,H,-,A,D,0,,,,,Y,,A,08,0,1,0,0,0,0,0,0,0,"- ","- ",37.089698791503906,-122.09013366699219,"SANTA CRUZ",UNINCORPORATED,-122.09014892578125,37.089775085449219
91776342,2022,2022-05-20,9720,2022-05-19,1712,020012,,4,2,9,4400,0,1,3,,2,020,"SR-1 S/B","LA FONDA AVE",265.00,S,N,A,-,Y,SCR,,1,,,15.197,H,,L,Y,4,0,2,3,A,-,03,22350,,N,C,C,A,A,H,-,A,D,0,,,,,Y,,A,01,0,0,2,0,0,0,0,0,0,"- ","- ",36.987838745117188,-121.99217987060547,"SANTA CRUZ",UNINCORPORATED,-121.99217224121094,36.987865447998047
91777905,2022,2022-05-23,9720,2022-05-11,0742,018171,,3,1,9,4400,0,1,3,,2,020,"SR-1 S/B","RIO DEL MAR BLVD",4224.00,N,N,A,-,Y,SCR,,1,,,10.009,H,,L,Y,3,0,1,3,A,-,03,22350,,N,C,C,A,A,H,-,A,D,0,,,,,Y,,I,20,0,1,0,0,0,0,0,0,0,"- ","- ",36.975040435791016,-121.90183258056641,"SANTA CRUZ",UNINCORPORATED,-121.90182495117188,36.975063323974609
91778103,2022,2022-05-23,9720,2022-05-13,1650,018171,,5,2,9,4400,0,1,3,,2,020,"SR-1 S/B","MORRISSEY BLVD",900.00,N,N,A,-,Y,SCR,,1,,,16.077,H,,L,N,4,0,1,2,A,-,03,22350,,M,C,C,A,A,H,-,B,D,0,,,,,Y,,-,99,0,0,1,0,0,0,0,0,0,"- ","- ",36.988319396972656,-122.00804138183594,"SANTA CRUZ",UNINCORPORATED,-122.00803375244141,36.988372802734375
91779039,2022,2022-05-24,9720,2022-05-15,0820,021717,,7,1,9,4400,0,1,3,,1,010,SR-1,"CANYON RD.",2640.00,N,N,A,-,Y,SCR,,1,,,36.785,H,,R,Y,2,0,1,2,A,-,05,21460,A,N,D,C,A,A,H,-,A,D,0,,,Y,,Y,,C,02,1,0,0,0,0,0,0,0,1,"- ","- ",37.101058959960938,-122.28414154052734,"SANTA CRUZ",UNINCORPORATED,-122.28411865234375,37.101066589355469
91779112,2022,2022-05-24,9720,2022-05-17,1550,019956,,2,2,9,4400,0,3,5,,2,200,"EL RANCHO DR","MT HERMON RD",2640.00,S,N,A,-,N,,,,,,,,,,Y,2,0,2,2,A,-,05,21460,A,N,A,C,A,A,H,-,A,D,0,,,,,Y,,A,01,2,0,0,0,0,0,0,0,0,"- ","- ",37.026401519775391,-122.02538299560547,"SANTA CRUZ",UNINCORPORATED,-122.02115631103516,37.034000396728516
91779205,2022,2022-05-24,9720,2022-05-18,1710,021918,,3,2,9,4400,0,3,5,,2,200,"CAPITOLA AVE","GARY DR.",5.00,W,N,A,-,N,,,,,,,,,,N,3,0,1,2,A,-,17,22517,,N,H,G,A,A,H,-,A,D,0,,Y,,,Y,,A,07,0,1,0,0,0,0,1,0,0,"- ","- ",36.984291076660156,-121.95195007324219,"SANTA CRUZ",UNINCORPORATED,-121.95188903808594,36.984317779541016
91779217,2022,2022-05-24,9720,2022-05-18,1522,021918,,3,2,9,4400,0,2,4,,1,021,"SOQUEL DR","THURBER LANE",30.00,E,N,A,-,N,,,,,,,,,,N,2,0,2,2,A,-,07,21658,A,F,D,C,A,A,H,-,A,D,0,,,Y,,Y,Y,A,01,1,1,0,0,0,0,0,0,1,"- ","- ",36.988979339599609,-122.97904968261719,"SANTA CRUZ",UNINCORPORATED,-121.97908020019531,36.988731384277344
91779598,2022,2022-05-25,9720,2022-05-12,2330,021702,,4,3,9,4400,0,1,3,,1,010,"SR-1 S/B TO MORRISSEY BLVD","MORRISSEY BLVD",422.00,N,N,A,-,Y,SCR,,1,,,15.901,H,,L,Y,3,0,1,1,A,-,01,23152,G,N,E,8,A,A,H,-,C,D,0,,,,,Y,Y,A,01,0,1,0,0,0,0,0,0,0,"- ","- ",36.98809814453125,-122.00489044189453,"SANTA CRUZ",UNINCORPORATED,-122.0048828125,36.988265991210938
91779978,2022,2022-05-25,9720,2022-05-13,1850,020977,,5,2,9,4400,0,2,4,,1,023,"41ST AVENUE","BAIN AVENUE",180.00,S,N,A,-,N,,,,,,,,,,N,3,0,1,2,A,-,08,22107,,N,H,G,A,A,H,-,A,D,0,,Y,,,Y,,D,22,0,1,0,0,0,0,1,0,0,"- ","- ",36.96514892578125,-121.96492004394531,"SANTA CRUZ",UNINCORPORATED,-121.96490478515625,36.965156555175781
91779992,2022,2022-05-25,9720,2022-05-14,0824,021714,,6,1,9,4400,0,2,4,,1,021,"SOQUEL DR","ROBERTSON ST.",0.00,,Y,A,-,N,,,,,,,,,,Y,3,0,1,2,A,-,01,23152,A,N,D,C,A,A,H,-,A,A,0,,,,,Y,Y,A,01,0,1,0,0,0,0,0,0,0,"- ","- ",36.987739562988281,-121.96051025390625,"SANTA CRUZ",UNINCORPORATED,-121.9605712890625,36.987758636474609
91780391,2022,2022-05-25,9720,2022-05-20,2330,021717,,5,3,9,4400,0,1,3,,1,012,SR-236,SR-9,3696.00,W,N,A,-,Y,SCR,,236,,,16.829,H,,R,Y,3,0,2,1,A,-,08,22107,,M,F,0,A,A,H,-,D,D,0,,,,,Y,,A,01,0,2,0,0,0,0,0,0,0,"- ","- ",37.201511383056641,-122.15711212158203,"SANTA CRUZ",UNINCORPORATED,-122.15713500976562,37.201560974121094
91780656,2022,2022-05-25,9720,2022-05-22,0915,021321,,7,1,9,4400,0,1,3,,1,015,SR-9,"MAIN STREET",20.00,N,N,A,-,Y,SCR,,9,,,9.512,H,,R,N,4,0,1,2,A,-,03,22350,,N,C,C,A,A,H,-,A,D,0,,,,,Y,,A,07,0,0,1,0,0,0,0,0,0,"- ","- ",37.089691162109375,-122.090087890625,"SANTA CRUZ",UNINCORPORATED,-122.09011077880859,37.08978271484375
91780673,2022,2022-05-25,9720,2022-05-13,0658,021211,,5,1,9,4400,0,1,3,,1,017,"SR-17 S/B","OLD SANTA CRUZ HWY",45.00,S,N,A,-,Y,SCR,,17,,,11.279,H,,L,Y,3,0,1,2,A,-,03,22350,,M,C,C,A,A,H,-,A,D,0,,,,,Y,,A,01,0,1,0,0,0,0,0,0,0,"- ","- ",37.127498626708984,-121.97560119628906,"SANTA CRUZ",UNINCORPORATED,-121.97562408447266,37.127483367919922
91780741,2022,2022-05-25,9720,2022-05-13,1155,021548,,5,1,9,4400,0,3,5,,2,100,"MOUNTAIN CHARLIE RD","RIVA RIDGE RD.",470.00,N,N,A,-,N,,,,,,,,,,N,3,0,1,2,A,-,05,21650,,N,B,C,A,A,H,-,A,D,0,,Y,,,Y,,L,04,0,1,0,0,0,0,1,0,0,"- ","- ",37.138141632080078,-121.98661804199219,"SANTA CRUZ",UNINCORPORATED,-121.98654937744141,37.138198852539062
91780744,2022,2022-05-25,9720,2022-05-14,1830,020977,,6,2,9,4400,0,3,5,,2,200,"LAKE AVENUE","EATON STREET",30.00,S,N,A,-,N,,,,,,,,,,N,2,0,1,1,A,-,17,21200,,N,F,A,A,A,H,-,A,D,0,,Y,,,Y,Y,L,04,1,0,0,0,0,0,1,0,0,"- ","- ",36.967811584472656,-122.00128936767578,"SANTA CRUZ",UNINCORPORATED,-122.00119018554688,36.967826843261719
91781162,2022,2022-05-26,9720,2022-05-21,1456,022545,,6,2,9,4400,0,3,5,,2,300,"COWARD RD","CARLTON RD",120.00,W,N,A,-,N,,,,,,,,,,Y,3,0,1,2,A,-,08,22107,,N,H,G,A,A,H,-,A,D,0,,Y,,,Y,,L,04,0,1,0,0,0,0,1,0,0,"- ","- ",36.931419372558594,-121.71244812011719,"SANTA CRUZ",UNINCORPORATED,-121.71237182617188,36.931480407714844
91781170,2022,2022-05-26,9720,2022-05-23,1544,020012,,1,2,9,4400,0,3,5,,2,100,"GLENWOOD CUTOFF",SR-17,321.00,W,N,A,-,N,,,,,,,,,,N,3,0,1,2,A,-,03,22350,,F,G,B,E,A,H,-,A,D,0,Y,,,,Y,,A,01,0,1,0,0,1,0,0,0,0,"- ","- ",37.099948883056641,-121.97770690917969,"SANTA CRUZ",UNINCORPORATED,-121.97762298583984,37.099891662597656
91781670,2022,2022-05-26,9720,2022-05-24,0648,018171,,2,1,9,4400,0,2,4,,1,024,"GROSS RD","41ST AVE",140.00,W,N,A,-,N,,,,,,,,,,N,4,0,1,2,A,-,08,22107,,N,B,G,A,A,H,-,A,D,0,,Y,,,Y,,L,04,0,0,1,0,0,0,1,0,0,"- ","- ",36.981090545654297,-121.96546936035156,"SANTA CRUZ",UNINCORPORATED,-121.96527862548828,36.981105804443359
91784229,2022,2022-05-30,9720,2022-05-23,0145,022293,,1,3,9,4400,0,3,5,,2,200,"LAUREL GLEN RD","N. RODEO GULCH RD",640.00,S,N,A,-,N,,,,,,,,,,Y,3,0,1,1,A,-,01,23152,A,N,E,I,A,A,H,-,D,D,0,,,,,Y,Y,A,01,0,1,0,0,0,0,0,0,0,"- ","- ",37.054161071777344,-121.96192169189453,"SANTA CRUZ",UNINCORPORATED,-121.96283721923828,37.055690765380859
91784237,2022,2022-06-13,9720,2022-05-24,1120,021321,,2,1,9,4400,0,1,3,,1,015,"RT 9","GRAHAM HILL RD",40.00,N,N,A,-,Y,SCR,,9,,,6.464,H,,R,N,4,0,1,2,A,-,09,21804,A,N,D,C,A,A,H,-,A,D,0,,,,,Y,,A,01,0,0,1,0,0,0,0,0,0,"- ","- ",37.053180694580078,-122.07325744628906,"SANTA CRUZ",UNINCORPORATED,-122.07331085205078,37.053169250488281
91784241,2022,2022-05-30,9720,2022-05-24,1904,020012,,2,2,9,4400,0,2,4,,1,024,"EAST CLIFF DR","6TH AVE",58.00,E,N,A,-,N,,,,,,,,,,N,3,0,1,5,A,-,08,22107,,M,B,C,A,A,H,-,A,D,0,,,,,Y,,A,01,0,1,0,0,0,0,0,0,0,"- ","- ",36.962680816650391,-121.99960327148438,"SANTA CRUZ",UNINCORPORATED,-121.99967956542969,36.962730407714844
91784252,2022,2022-05-30,9720,2022-05-22,1343,021714,,7,1,9,4400,0,1,3,,1,017,"SR-17 S/B","GLENWOOD DR.",20.00,N,N,A,-,Y,SCR,,17,,,10.651,H,,L,Y,4,0,2,2,A,-,03,22350,,N,C,C,A,A,H,-,A,D,0,,,,,Y,,A,01,0,0,2,0,0,0,0,0,0,"- ","- ",37.119998931884766,-121.97611236572266,"SANTA CRUZ",UNINCORPORATED,-121.97610473632812,37.119998931884766
91784375,2022,2022-05-31,9720,2022-05-15,1940,022044,,7,2,9,4400,0,1,3,,1,017,"SR-17 N/B","GRANITE CREEK RD.",1584.00,S,N,A,-,Y,SCR,,17,,,5.226,H,,R,Y,3,0,1,1,A,-,01,23152,A,N,E,I,A,A,H,-,A,D,0,,,,,Y,Y,A,07,0,1,0,0,0,0,0,0,0,"- ","- ",37.058071136474609,-122.00591278076172,"SANTA CRUZ",UNINCORPORATED,-122.00607299804688,37.058124542236328
91785413,2022,2022-10-03,9720,2022-05-18,1730,018171,,3,2,9,4400,0,3,5,,2,100,"SWANTON RD","SCHOOLHOUSE GULCH RD",1637.00,S,N,A,-,N,,,,,,,,,,N,1,1,0,1,D,-,00,,,N,F,A,A,A,H,-,A,D,0,,Y,,,Y,,-,"- ",0,0,0,0,0,1,0,0,0,"- ","- ",37.056270599365234,-122.22519683837891,"SANTA CRUZ",UNINCORPORATED,-122.22532653808594,37.058258056640625
91785422,2022,2022-06-01,9720,2022-05-21,1705,022471,,6,2,9,4400,0,2,4,,1,021,"SOQUEL DR","CABRILLO COLLEGE DR",50.00,S,N,A,-,N,,,,,,,,,,Y,3,0,1,1,A,-,08,22107,,N,E,I,A,A,H,-,A,D,0,,,,,Y,,A,01,0,1,0,0,0,0,0,0,0,"- ","- ",36.988410949707031,-121.92469787597656,"SANTA CRUZ",UNINCORPORATED,-121.92489624023438,36.98834228515625
91785423,2022,2022-06-01,9720,2022-05-20,1730,022471,,5,2,9,4400,0,1,3,,2,020,SR-1,"RIO DEL MAR BLVD",100.00,N,N,A,-,Y,SCR,,1,,,9.517,H,,R,N,3,0,3,2,A,-,03,22350,,N,C,C,A,A,H,-,A,D,0,,,,,Y,,A,07,0,2,1,0,0,0,0,0,0,"- ","- ",36.975360870361328,-121.89286804199219,"SANTA CRUZ",UNINCORPORATED,-121.89286804199219,36.975303649902344
91785426,2022,2022-06-01,9720,2022-05-21,2139,022511,,6,2,9,4400,0,1,3,,1,017,SR-17,"ALTA VISTA LN.",350.00,S,N,A,-,Y,SCR,,17,,,11.184,H,,R,Y,3,0,1,1,A,-,01,23152,A,N,E,I,A,A,H,-,D,D,0,,,,,Y,Y,A,01,0,1,0,0,0,0,0,0,0,"- ","- ",37.126541137695312,-121.97421264648438,"SANTA CRUZ",UNINCORPORATED,-121.97416687011719,37.126583099365234
91785432,2022,2022-06-01,9720,2022-05-22,1500,022471,,7,2,9,4400,0,1,3,,2,020,"SR-1 N/B","RIO DEL MAR BLVD",200.00,N,N,A,-,Y,SCR,,1,,,10.231,H,,R,N,4,0,1,4,A,-,03,22350,,F,C,C,A,A,H,-,A,D,0,,,,,Y,,A,07,0,0,1,0,0,0,0,0,0,"- ","- ",36.975711822509766,-121.90563201904297,"SANTA CRUZ",UNINCORPORATED,-121.90561676025391,36.975734710693359
91785852,2022,2022-06-01,9720,2022-05-22,1339,021877,,7,1,9,4400,0,1,3,,1,010,"SR-1 N/B","WILDER RANCH STATE PARK",528.00,S,N,A,-,Y,SCR,,1,,,21.552,H,,R,Y,3,0,2,5,A,-,05,21460,A,N,B,C,A,A,H,-,A,D,0,,,,,Y,,D,22,0,1,1,0,0,0,0,0,0,"- ","- ",36.962131500244141,-122.08495330810547,"SANTA CRUZ",UNINCORPORATED,-122.08495330810547,36.962146759033203
91785971,2022,2022-06-01,9720,2022-05-26,0645,021304,,4,1,9,4400,0,1,3,,1,035,SR-129,"CROWN RD",20.00,E,N,F,-,Y,SCR,,129,,,4.311,H,,R,Y,4,0,1,2,A,-,03,22350,,N,C,C,A,B,H,-,A,D,0,,,,,Y,,A,01,0,0,1,0,0,0,0,0,0,"- ","- ",36.917438507080078,-121.68360900878906,"SANTA CRUZ",UNINCORPORATED,-121.68363189697266,36.917411804199219
91786202,2022,2022-06-01,9720,2022-05-27,1824,022542,,5,2,9,4400,0,3,5,,2,200,"STATE PARK DRIVE","SOQUEL DRIVE",100.00,S,N,A,-,N,,,,,,,,,,Y,3,0,1,2,A,-,03,22350,,N,C,C,A,A,H,-,A,D,0,,,,,Y,,A,01,0,1,0,0,0,0,0,0,0,"- ","- ",36.979080200195312,-121.90943908691406,"SANTA CRUZ",UNINCORPORATED,-121.90873718261719,36.979721069335938
91786221,2022,2022-06-01,9720,2022-05-22,1740,022140,,7,2,9,4400,0,3,5,,2,200,"HAMES RD","HAMES HALLOW",740.00,E,N,A,-,N,,,,,,,,,,Y,2,0,3,1,A,-,08,22107,,N,E,I,A,A,H,-,A,D,0,,,,,Y,Y,A,08,3,0,0,0,0,0,0,0,0,"- ","- ",36.991199493408203,-121.82282257080078,"SANTA CRUZ",UNINCORPORATED,-121.82286071777344,36.991256713867188
91786264,2022,2022-06-01,9720,2022-05-28,0254,022125,,6,3,9,4400,0,3,5,,2,100,"EMPIRE GRADE RD","FELTON QUARRY RD",528.00,N,N,A,-,N,,,,,,,,,,N,3,0,1,1,A,-,01,23152,A,N,E,I,A,A,H,-,C,D,0,,,,,Y,Y,D,22,0,1,0,0,0,0,0,0,0,"- ","- ",37.030471801757812,-122.10469818115234,"SANTA CRUZ",UNINCORPORATED,-122.10474395751953,37.03070068359375
91787312,2022,2022-06-02,9720,2022-05-21,1330,022542,,6,1,9,4400,0,3,5,,2,100,"FELTON EMPIRE ROAD",SR-9,5280.00,W,N,A,-,N,,,,,,,,,,Y,3,0,1,1,A,-,08,22107,,N,E,I,A,A,H,-,A,D,0,,,Y,,Y,,C,02,0,1,0,0,0,0,0,0,1,"- ","- ",37.049228668212891,-122.09146881103516,"SANTA CRUZ",UNINCORPORATED,-122.08941650390625,37.048931121826172
91787328,2022,2022-06-03,9720,2022-05-22,1915,022471,,7,2,9,4400,0,3,5,,2,300,"CASSERLY RD","CLIFTON DR.",50.00,N,N,A,-,N,,,,,,,,,,N,4,0,1,1,A,-,01,23152,A,N,E,I,A,A,H,-,A,D,0,,,,,Y,Y,A,07,0,0,1,0,0,0,0,0,0,"- ","- ",36.95941162109375,-121.73037719726562,"SANTA CRUZ",UNINCORPORATED,-121.73026275634766,36.9591064453125
91787339,2022,2022-06-03,9720,2022-05-22,1920,020977,,7,2,9,4400,0,3,5,,2,300,"VALENCIA ROAD","DAY VALLEY ROAD",1584.00,S,N,A,-,N,,,,,,,,,,Y,3,0,1,1,A,-,01,23152,A,N,E,I,A,A,H,-,B,D,0,,,,,Y,Y,A,01,0,1,0,0,0,0,0,0,0,"- ","- ",36.991668701171875,-121.8631591796875,"SANTA CRUZ",UNINCORPORATED,-121.86325073242188,36.991859436035156
91787341,2022,2022-08-10,9720,2022-05-23,1020,021248,,1,1,9,4400,0,2,4,,1,021,"SOQUEL DR","RESEARCH PARK DR",115.00,E,N,A,-,N,,,,,,,,,,N,3,0,1,2,A,-,03,22350,,N,C,C,A,A,D,-,A,D,0,,,Y,,Y,,C,02,0,1,0,0,0,0,0,0,1,"- ","- ",36.987239837646484,-121.96806335449219,"SANTA CRUZ",UNINCORPORATED,-121.96809387207031,36.987277984619141