CASE_ID,ACCIDENT_YEAR,PROC_DATE,JURIS,COLLISION_DATE,COLLISION_TIME,OFFICER_ID,REPORTING_DISTRICT,DAY_OF_WEEK,CHP_SHIFT,POPULATION,CNTY_CITY_LOC,SPECIAL_COND,BEAT_TYPE,CHP_BEAT_TYPE,CITY_DIVISION_LAPD,CHP_BEAT_CLASS,BEAT_NUMBER,PRIMARY_RD,SECONDARY_RD,DISTANCE,DIRECTION,INTERSECTION,WEATHER_1,WEATHER_2,STATE_HWY_IND,CALTRANS_COUNTY,CALTRANS_DISTRICT,STATE_ROUTE,ROUTE_SUFFIX,POSTMILE_PREFIX,POSTMILE,LOCATION_TYPE,RAMP_INTERSECTION,SIDE_OF_HWY,TOW_AWAY,COLLISION_SEVERITY,NUMBER_KILLED,NUMBER_INJURED,PARTY_COUNT,PRIMARY_COLL_FACTOR,PCF_CODE_OF_VIOL,PCF_VIOL_CATEGORY,PCF_VIOLATION,PCF_VIOL_SUBSECTION,HIT_AND_RUN,TYPE_OF_COLLISION,MVIW,PED_ACTION,ROAD_SURFACE,ROAD_COND_1,ROAD_COND_2,LIGHTING,CONTROL_DEVICE,CHP_ROAD_TYPE,PEDESTRIAN_ACCIDENT,BICYCLE_ACCIDENT,MOTORCYCLE_ACCIDENT,TRUCK_ACCIDENT,NOT_PRIVATE_PROPERTY,ALCOHOL_INVOLVED,STWD_VEHTYPE_AT_FAULT,CHP_VEHTYPE_AT_FAULT,COUNT_SEVERE_INJ,COUNT_VISIBLE_INJ,COUNT_COMPLAINT_PAIN,COUNT_PED_KILLED,COUNT_PED_INJURED,COUNT_BICYCLIST_KILLED,COUNT_BICYCLIST_INJURED,COUNT_MC_KILLED,COUNT_MC_INJURED,PRIMARY_RAMP,SECONDARY_RAMP,LATITUDE,LONGITUDE,COUNTY,CITY,POINT_X,POINT_Y
91787342,2022,2022-06-03,9720,2022-05-24,0800,018171,,2,1,9,4400,0,1,3,,2,020,"PARK AVE","SR-1 N/B",0.00,,Y,A,-,Y,,,,,,,,,,N,3,0,1,2,A,-,21,22106,,F,D,G,A,A,H,-,A,A,0,,Y,,,Y,,-,99,0,1,0,0,0,0,1,0,0,"- ","- ",36.984458923339844,-121.93681335449219,"SANTA CRUZ",UNINCORPORATED,-121.93699645996094,36.98406982421875
91787349,2022,2022-06-03,9720,2022-05-21,2215,022329,,6,3,9,4400,0,3,5,,2,200,"RIO DEL MAR BLVD.","NB SR-1 ON-RFROM RIO DEL MAR BLVD.",0.00,,Y,A,-,N,,,,,,,,,,Y,4,0,1,2,A,-,09,21801,A,N,A,C,A,A,H,-,C,A,0,,,,,Y,,A,01,0,0,1,0,0,0,0,0,0,"- ","- ",36.975448608398438,-121.88583374023438,"SANTA CRUZ",UNINCORPORATED,,
91788202,2022,2022-06-03,9720,2022-05-21,0133,022329,,6,3,9,4400,0,1,3,,2,020,"S/B SR-1","41ST AVE OVERCROSSING",457.00,S,N,A,-,Y,SCR,,1,,,13.294,H,,R,Y,2,0,1,2,A,-,01,23152,A,N,C,2,A,A,H,-,C,D,0,,,,,Y,Y,A,01,1,0,0,0,0,0,0,0,0,"- ","- ",36.983020782470703,-121.95864105224609,"SANTA CRUZ",UNINCORPORATED,-121.95865631103516,36.983116149902344
91788460,2022,2022-06-06,9720,2022-05-27,1650,022140,,5,2,9,4400,0,3,5,,2,200,"OPAL CLIFF DR","41ST AVE",550.00,E,N,A,-,N,,,,,,,,,,N,3,0,1,2,A,-,08,22107,,N,B,G,A,A,H,-,A,D,0,,Y,,,Y,,A,01,0,1,0,0,0,0,1,0,0,"- ","- ",36.962570190429688,-121.96347045898438,"SANTA CRUZ",UNINCORPORATED,-121.96364593505859,36.962039947509766
91788464,2022,2022-06-06,9720,2022-05-28,2355,022162,,6,3,9,4400,0,1,3,,1,017,SR-17,"VINE HILL ROAD",1848.00,S,N,A,-,Y,SCR,,17,,,7.114,H,,R,Y,3,0,2,2,A,-,01,23152,A,N,E,8,A,A,H,-,D,D,0,,,,,Y,Y,A,01,0,2,0,0,0,0,0,0,0,"- ","- ",37.075931549072266,-121.98689270019531,"SANTA CRUZ",UNINCORPORATED,-121.98685455322266,37.075889587402344
91788468,2022,2022-06-06,9720,2022-05-30,1125,021321,,1,1,9,4400,0,3,5,,2,100,"MOUNT HERMON ROAD","GRAHAM HILL RD",50.00,E,N,A,-,N,,,,,,,,,,N,4,0,1,2,A,-,03,22350,,N,C,C,A,A,H,-,A,D,0,,,,,Y,,A,01,0,0,1,0,0,0,0,0,0,"- ","- ",37.052379608154297,-122.07045745849609,"SANTA CRUZ",UNINCORPORATED,-122.0704345703125,37.052154541015625
91788469,2022,2022-06-06,9720,2022-05-31,0001,021717,,2,3,9,4400,0,3,5,,2,100,"SMITH GRD","EMPIRE GRADE RD",4171.00,W,N,A,-,N,,,,,,,,,,Y,3,0,1,1,A,-,08,22107,,N,E,I,A,A,H,-,D,D,0,,,,,Y,,A,01,0,1,0,0,0,0,0,0,0,"- ","- ",37.020030975341797,-122.10520172119141,"SANTA CRUZ",UNINCORPORATED,-122.10507202148438,37.020954132080078
91788471,2022,2022-06-06,9720,2022-06-01,0835,021304,,3,1,9,4400,0,1,3,,1,034,SR-152,"PACIFIC VIEW TERRACE",581.00,E,N,A,-,Y,SCR,,152,,,7.377,H,,R,Y,4,0,1,1,A,-,08,22107,,N,F,A,A,A,H,-,A,D,0,,,,,Y,,A,01,0,0,1,0,0,0,0,0,0,"- ","- ",36.987678527832031,-121.71678924560547,"SANTA CRUZ",UNINCORPORATED,-121.71670532226562,36.987628936767578
91788871,2022,2022-06-06,9720,2022-05-31,1305,018171,,2,1,9,4400,0,3,5,,2,200,"MCGREGOR DR","MAR VISTA DR",0.00,,Y,A,-,N,,,,,,,,,,N,4,0,1,2,A,-,12,22450,A,N,D,C,A,A,H,-,A,D,0,,,,,Y,,A,01,0,0,1,0,0,0,0,0,0,"- ","- ",36.980880737304688,-121.91668701171875,"SANTA CRUZ",UNINCORPORATED,-121.91675567626953,36.980972290039062
91788974,2022,2022-06-06,9720,2022-06-05,0605,022471,,7,1,9,4400,0,1,3,,1,017,"S/B SR-17","GLENWOOD DR",75.00,N,N,B,C,Y,SCR,,17,,,10.788,H,,R,Y,4,0,1,1,A,-,03,22350,,N,F,A,A,B,H,-,A,D,0,,,,,Y,,A,07,0,0,1,0,0,0,0,0,0,"- ","- ",37.121631622314453,-121.974609375,"SANTA CRUZ",UNINCORPORATED,-121.97459411621094,37.121593475341797
91789356,2022,2022-06-06,9720,2022-05-27,1720,022542,,5,2,9,4400,0,2,4,,1,021,"SOQUEL DRIVE","41ST AVENUE",60.00,E,N,A,-,N,,,,,,,,,,N,3,0,1,2,A,-,09,21801,A,N,D,G,A,A,H,-,A,D,0,,Y,,,Y,,A,07,0,1,0,0,0,0,1,0,0,"- ","- ",36.987590789794922,-121.96379852294922,"SANTA CRUZ",UNINCORPORATED,-121.96478271484375,36.987438201904297
91789404,2022,2022-06-06,9720,2022-05-24,1650,019956,,2,2,9,4400,0,1,3,,2,020,"SR-1 S/B","SR-17 N/B",528.00,S,N,A,-,Y,SCR,,1,,,17.107,H,,L,Y,3,0,1,3,A,-,07,21658,A,F,C,C,A,A,H,-,A,D,0,,,,,Y,,-,99,0,1,0,0,0,0,0,0,0,"- ","- ",36.986801147460938,-122.02310943603516,"SANTA CRUZ",UNINCORPORATED,-122.02307891845703,36.986785888671875
91789792,2022,2022-06-07,9720,2022-06-04,0235,021702,,6,3,9,4400,0,2,4,,1,021,"SOQUEL DR","DAUBENBISS AVE",0.00,,Y,A,-,N,,,,,,,,,,N,2,0,1,1,A,-,08,22107,,N,F,A,A,A,H,-,A,D,0,,Y,,,Y,,L,04,1,0,0,0,0,0,1,0,0,"- ","- ",36.987869262695312,-121.95841217041016,"SANTA CRUZ",UNINCORPORATED,-121.95833587646484,36.987812042236328
91790806,2022,2022-06-08,9720,2022-05-30,1915,020012,,1,2,9,4400,0,1,3,,1,017,SR-17,"SUMMIT ROAD",5280.00,S,N,A,-,Y,SCR,,17,,,11.818,H,,R,Y,3,0,1,1,A,-,08,22107,,N,E,I,A,A,H,-,A,D,0,,,,,Y,,A,07,0,1,0,0,0,0,0,0,0,"- ","- ",37.133670806884766,-121.98219299316406,"SANTA CRUZ",UNINCORPORATED,-121.98199462890625,37.133808135986328
91790830,2022,2022-06-08,9720,2022-06-07,1402,020012,,2,2,9,4400,0,1,3,,1,017,"SR-17 S/B","LA MADRONA DR.",158.00,S,N,A,-,Y,SCR,,17,,,1.466,H,,L,Y,4,0,1,1,A,-,08,22107,,N,E,I,A,A,H,-,A,D,0,,,,,Y,,D,22,0,0,1,0,0,0,0,0,0,"- ","- ",37.009498596191406,-122.02220916748047,"SANTA CRUZ",UNINCORPORATED,-122.02214813232422,37.009517669677734
91792043,2022,2022-06-09,9720,2022-05-30,1630,020977,,1,2,9,4400,0,1,3,,1,034,"STATE ROUTE 152","CARLTON ROAD",210.00,W,N,A,-,Y,SCR,,152,,,3.637,H,,R,Y,3,0,3,2,A,-,01,23152,A,N,C,C,A,A,H,-,A,A,0,,,,,Y,Y,A,07,0,3,0,0,0,0,0,0,0,"- ","- ",36.955558776855469,-121.72795104980469,"SANTA CRUZ",UNINCORPORATED,-121.72796630859375,36.955570220947266
91792172,2022,2022-06-09,9720,2022-06-09,1220,021717,,4,1,9,4400,0,1,3,,1,034,SR-152,"RED HAWK PLACE",2112.00,E,N,A,-,Y,SCR,,152,,,5.622,H,,R,Y,3,0,1,1,A,-,08,22107,,N,E,I,A,A,H,-,A,D,0,,,,,Y,,A,01,0,1,0,0,0,0,0,0,0,"- ","- ",36.975639343261719,-121.71482849121094,"SANTA CRUZ",UNINCORPORATED,-121.71484375,36.975624084472656
91792179,2022,2022-06-09,9720,2022-05-28,1400,019956,,6,2,9,4400,0,3,5,,2,200,"SUMMIT RD","SUMMIT CANYON DR",0.00,,Y,B,-,N,,,,,,,,,,N,3,0,1,2,A,-,08,22107,,N,H,G,A,A,H,-,A,D,0,,Y,,,Y,,L,04,0,1,0,0,0,0,1,0,0,"- ","- ",37.131729125976562,-121.95932006835938,"SANTA CRUZ",UNINCORPORATED,-121.95928955078125,37.1317138671875
91792181,2022,2022-06-09,9720,2022-05-30,1355,019956,,1,1,9,4400,0,1,3,,1,010,SR-1,"LOWER LAGUNA RD",300.00,S,N,A,-,Y,SCR,,1,,,25.680,H,,R,Y,2,0,2,2,A,-,03,22350,,N,C,C,A,A,H,-,A,D,0,,,Y,,Y,,C,02,1,0,1,0,0,0,0,0,1,"- ","- ",36.984840393066406,-122.15065002441406,"SANTA CRUZ",UNINCORPORATED,-122.150634765625,36.984855651855469
91793873,2022,2022-06-13,9720,2022-06-02,1321,021211,,4,1,9,4400,0,1,3,,2,030,"SR-1 N/B",SR-129,0.10,N,N,A,-,Y,SCR,,1,,R,0.805,H,,R,Y,3,0,2,1,A,-,01,23152,A,N,E,I,A,A,H,-,A,D,0,,,,,Y,Y,D,22,0,1,1,0,0,0,0,0,0,"- ","- ",36.895561218261719,-121.77462768554688,"SANTA CRUZ",UNINCORPORATED,-121.77468109130859,36.895538330078125
91794016,2022,2022-06-13,9720,2022-06-05,1450,022140,,7,2,9,4400,0,1,3,,2,020,"SR1 NB","41ST AVE",528.00,N,N,B,-,Y,SCR,,1,,,13.728,H,,R,N,4,0,2,2,A,-,04,21703,,N,C,C,A,A,H,-,A,D,0,,,,,Y,,A,01,0,0,2,0,0,0,0,0,0,"- ","- ",36.982921600341797,-121.96636199951172,"SANTA CRUZ",UNINCORPORATED,-121.96635437011719,36.982952117919922
91794027,2022,2022-06-13,9720,2022-06-06,0845,022542,,1,1,9,4400,0,3,5,,2,300,"SAN ANDREAS ROAD","SUNSET BEACH ROAD",300.00,S,N,A,-,N,,,,,,,,,,Y,3,0,1,2,A,-,03,22350,,N,C,C,A,A,H,-,A,D,0,,,,,Y,,D,22,0,1,0,0,0,0,0,0,0,"- ","- ",36.898208618164062,-121.82041931152344,"SANTA CRUZ",UNINCORPORATED,-121.82347869873047,36.901397705078125
91794089,2022,2022-06-13,9720,2022-06-10,2018,022542,,5,2,9,4400,0,2,4,,1,021,"SOQUEL DRIVE","PORTER STREET",20.00,E,N,A,-,N,,,,,,,,,,N,3,0,1,2,A,-,21,22106,,N,C,C,A,A,H,-,B,A,0,,,,,Y,,A,01,0,1,0,0,0,0,0,0,0,"- ","- ",36.988208770751953,-121.95722198486328,"SANTA CRUZ",UNINCORPORATED,-121.95730590820312,36.988140106201172
91794742,2022,2022-06-14,9720,2022-06-12,1155,021321,,7,1,9,4400,0,1,3,,1,015,"RT 9","GRAHAM HILL RD",280.00,S,N,B,-,Y,SCR,,9,,,6.398,H,,R,N,4,0,1,3,A,-,03,22350,,N,C,C,A,A,H,-,A,D,0,,,,,Y,,E,22,0,0,1,0,0,0,0,0,0,"- ","- ",37.052101135253906,-122.0732421875,"SANTA CRUZ",UNINCORPORATED,-122.07323455810547,37.052101135253906
91794761,2022,2022-06-14,9720,2022-06-13,1125,021321,,1,1,9,4400,0,1,3,,1,014,"RT 9","TWO BAR ROAD",0.00,,Y,A,-,Y,SCR,,9,,,14.490,H,,R,N,4,0,1,2,A,-,09,21802,A,N,D,C,A,A,H,-,A,D,0,,,,,Y,,A,07,0,0,1,0,0,0,0,0,0,"- ","- ",37.143100738525391,-122.13184356689453,"SANTA CRUZ",UNINCORPORATED,-122.13191223144531,37.143093109130859
91795645,2022,2022-06-15,9720,2022-06-01,1815,020977,,3,2,9,4400,0,1,3,,1,035,"STATE ROUTE 129","OLD CHITTENDEN ROAD",4224.00,W,N,A,-,Y,SCR,,129,,,9.115,H,,R,Y,3,0,1,1,A,-,05,21460,A,N,F,A,A,A,H,-,A,D,0,,,,,Y,,A,01,0,1,0,0,0,0,0,0,0,"- ","- ",36.905250549316406,-121.61215972900391,"SANTA CRUZ",UNINCORPORATED,-121.61204528808594,36.905361175537109
91795709,2022,2022-06-15,9720,2022-06-05,0448,021702,,7,3,9,4400,0,2,4,,1,022,"SOQUEL SAN JOSE RD","LOS ROBLES RD",264.00,S,N,A,-,N,,,,,,,,,,Y,3,0,1,1,A,-,01,23152,F,N,E,J,A,B,C,-,D,D,0,,,,,Y,,A,01,0,1,0,0,0,0,0,0,0,"- ","- ",37.016529083251953,-121.95205688476562,"SANTA CRUZ",UNINCORPORATED,-121.95218658447266,37.016819000244141
91796894,2022,2022-06-16,9720,2022-06-07,2008,021860,,2,2,9,4400,0,3,5,,2,100,"SMITH GRADE","EMPIRE GRADE",2640.00,W,N,A,-,N,,,,,,,,,,Y,2,0,2,1,A,-,08,22107,,N,E,I,A,A,H,-,D,D,0,,,,,Y,,A,01,2,0,0,0,0,0,0,0,0,"- ","- ",37.022628784179688,-122.10605621337891,"SANTA CRUZ",UNINCORPORATED,-122.10533142089844,37.024707794189453
91796905,2022,2022-06-16,9720,2022-06-05,1744,022140,,7,2,9,4400,0,1,3,,2,020,"SR-1 S/B TO SOQUEL AVE","SOQUEL AVE",150.00,N,N,B,-,Y,SCR,,1,,,14.842,H,,L,N,3,0,1,1,A,-,01,23152,A,N,E,8,A,A,H,-,A,D,0,,,,,Y,Y,A,01,0,1,0,0,0,0,0,0,0,"- ","- ",36.986839294433594,-121.98600769042969,"SANTA CRUZ",UNINCORPORATED,-121.98596954345703,36.986953735351562
91796929,2022,2022-06-30,9720,2022-06-04,2335,022349,,6,3,9,4400,0,2,4,,1,022,"SOQUEL SAN JOSE RD.","LOS ROBLES RD.",354.00,S,N,A,-,N,,,,,,,,,,Y,3,0,1,1,A,-,01,23152,A,N,E,I,A,A,H,-,D,D,0,,,,,Y,Y,A,01,0,1,0,0,0,0,0,0,0,"- ","- ",37.105979919433594,-121.95182037353516,"SANTA CRUZ",UNINCORPORATED,-121.95204925537109,37.016593933105469
91796945,2022,2022-06-16,9720,2022-06-08,1926,022545,,3,2,9,4400,0,2,4,,1,023,"17TH AVE","MATTISON LN",50.00,W,N,A,-,N,,,,,,,,,,Y,4,0,2,2,A,-,09,21804,A,N,D,C,A,A,H,-,A,D,0,,,,,Y,,A,01,0,0,2,0,0,0,0,0,0,"- ","- ",36.98065185546875,-121.98162841796875,"SANTA CRUZ",UNINCORPORATED,-121.98155212402344,36.980697631835938
91796967,2022,2022-06-16,9720,2022-06-12,1513,019956,,7,2,9,4400,0,3,5,,2,200,"WHARF RD","SOQUEL WHARF RD",75.00,S,N,B,-,N,,,,,,,,,,Y,3,0,2,1,C,-,18,,,N,E,J,A,A,H,-,A,D,0,,,,,Y,,-,"- ",0,2,0,0,0,0,0,0,0,"- ","- ",36.983608245849609,-121.96006774902344,"SANTA CRUZ",UNINCORPORATED,-121.95359802246094,36.972129821777344
91799237,2022,2022-06-20,9720,2022-06-08,1710,022044,,3,2,9,4400,0,1,3,,2,030,"SR-129 (RIVERSIDE DR.)","SR-1 S/B TO SR-129",0.00,,Y,A,-,Y,,,,,,,,,,Y,3,0,1,2,A,-,09,21802,A,N,D,C,A,A,H,-,A,D,0,,,,,Y,,A,01,0,1,0,0,0,0,0,0,0,"- ","- ",36.893798828125,-121.77571105957031,"SANTA CRUZ",UNINCORPORATED,-121.77433776855469,36.894268035888672
91799264,2022,2022-07-07,9720,2022-06-09,1455,022140,,4,2,9,4400,0,3,5,,2,200,"38TH AVE","ROLAND DR",315.00,N,N,A,-,N,,,,,,,,,,Y,3,0,1,2,A,-,09,21804,A,N,D,C,A,A,H,-,A,D,0,,,,,Y,,D,22,0,1,0,0,0,0,0,0,0,"- ","- ",36.967269897460938,-121.96739196777344,"SANTA CRUZ",UNINCORPORATED,-121.96734619140625,36.967254638671875
91799265,2022,2022-06-21,9720,2022-06-09,1744,021918,,4,2,9,4400,0,2,4,,1,021,"SOQUEL DR","MONTEREY AVE",5.00,N,N,A,-,N,,,,,,,,,,N,3,0,1,3,A,-,03,22350,,N,C,C,A,A,H,-,A,D,0,,,,,Y,,A,07,0,1,0,0,0,0,0,0,0,"- ","- ",36.987308502197266,-121.94042205810547,"SANTA CRUZ",UNINCORPORATED,-121.94023895263672,36.987800598144531
91799266,2022,2022-06-21,9720,2022-06-10,1205,021304,,5,1,9,4400,0,1,3,,2,020,"SR-1 N/B","RIO DEL MAR BLVD",1584.00,N,N,A,-,Y,SCR,,1,,,9.911,H,,R,N,4,0,1,2,A,-,03,22350,,N,C,C,A,A,H,-,A,D,0,,,,,Y,,A,01,0,0,1,0,0,0,0,0,0,"- ","- ",36.975040435791016,-121.90000915527344,"SANTA CRUZ",UNINCORPORATED,-121.90001678466797,36.974945068359375
91799271,2022,2022-06-21,9720,2022-06-10,1900,022140,,5,2,9,4400,0,3,5,,2,100,"BEAR CREEK RD","OLD BEAR CREEK RD",290.00,E,N,A,-,N,,,,,,,,,,Y,3,0,1,2,A,-,05,21460,A,F,E,I,A,A,H,-,A,D,0,,,,,Y,Y,-,99,0,1,0,0,0,0,0,0,0,"- ","- ",37.1285400390625,-122.12091064453125,"SANTA CRUZ",UNINCORPORATED,-122.12099456787109,37.128566741943359
91799282,2022,2022-06-21,9720,2022-06-11,2308,022125,,6,3,9,4400,0,3,5,,2,200,"RODRIGUEZ ST","JOSE AVE",81.00,E,N,A,-,N,,,,,,,,,,N,3,0,1,3,A,-,01,23152,A,N,C,E,A,A,H,-,C,D,0,,,,,Y,Y,A,01,0,1,0,0,0,0,0,0,0,"- ","- ",36.981658935546875,-121.98831176757812,"SANTA CRUZ",UNINCORPORATED,-121.98832702636719,36.981582641601562
91801767,2022,2022-06-23,9720,2022-06-14,0009,022293,,2,3,5,4402,0,2,S,,2,901,"OCEAN STREET EXTENSION","JEWEL STREET",0.00,,Y,A,-,N,,,,,,,,,,N,4,0,1,2,A,-,01,23152,G,N,C,C,A,A,H,-,C,D,0,,,,,Y,Y,D,22,0,0,1,0,0,0,0,0,0,"- ","- ",36.987899780273438,-122.02631378173828,"SANTA CRUZ","SANTA CRUZ",,
91801994,2022,2022-06-23,9720,2022-06-14,0830,022471,,2,1,9,4400,0,1,3,,1,014,SR-9,"KINGS CREEK RD",100.00,S,N,A,-,Y,SCR,,9,,,15.297,H,,R,N,4,0,1,1,C,-,18,,,N,E,I,A,A,H,-,A,D,0,,,,,Y,,-,"- ",0,0,1,0,0,0,0,0,0,"- ","- ",37.152271270751953,-122.13440704345703,"SANTA CRUZ",UNINCORPORATED,-122.13450622558594,37.152336120605469
91802357,2022,2022-06-23,9720,2022-06-12,1729,020977,,7,2,9,4400,0,1,3,,1,034,SR-152,"RED HAWK PL",528.00,W,N,A,-,Y,SCR,,152,,,5.027,H,,R,Y,3,0,2,2,A,-,05,21460,A,F,A,C,A,A,H,-,B,D,0,,,,,Y,,-,99,0,2,0,0,0,0,0,0,0,"- ","- ",36.972068786621094,-121.72128295898438,"SANTA CRUZ",UNINCORPORATED,-121.72122192382812,36.972072601318359
91802364,2022,2022-06-23,9720,2022-06-15,1720,022044,,3,2,9,4400,0,2,4,,1,024,"DOLPHIN DR.","SEASCAPE BLVD.",500.00,N,N,A,-,N,,,,,,,,,,N,3,0,1,2,A,-,09,21804,A,N,H,G,A,A,H,-,A,D,0,,Y,,,Y,,L,04,0,1,0,0,0,0,1,0,0,"- ","- ",36.953071594238281,-121.86982727050781,"SANTA CRUZ",UNINCORPORATED,-121.86964416503906,36.952968597412109
91803298,2022,2022-06-27,9720,2022-05-23,1100,021717,,1,1,9,4400,0,3,5,,2,100,"BEAR CREEK RD","BEAR CANYON RD.",2112.00,S,N,A,-,N,,,,,,,,,,N,4,0,1,2,D,-,00,,,N,A,C,A,A,H,-,A,D,0,,,,,Y,,-,"- ",0,0,1,0,0,0,0,0,0,"- ","- ",37.171230316162109,-122.05104827880859,"SANTA CRUZ",UNINCORPORATED,-122.04264068603516,37.167339324951172
91804394,2022,2023-02-13,9720,2022-06-07,1000,021860,,2,1,9,4400,0,1,3,,1,015,SR-9,"KEYSTONE WAY",2640.00,N,N,A,-,Y,SCR,,9,,,2.229,H,,R,N,3,0,2,1,B,-,22,,,N,H,A,A,A,H,-,A,D,0,,,,,Y,,D,22,0,1,1,0,0,0,0,0,0,"- ","- ",37.008010864257812,-122.04811859130859,"SANTA CRUZ",UNINCORPORATED,-122.04811096191406,37.008022308349609
91804414,2022,2022-06-27,9720,2022-06-18,1235,022542,,6,1,9,4400,0,1,3,,1,014,SR-9,"TWO BAR RD",528.00,N,N,A,-,Y,SCR,,9,,,14.611,H,,R,Y,2,0,1,2,A,-,09,21804,A,N,D,C,A,A,H,-,A,D,0,,,Y,,Y,,D,22,1,0,0,0,0,0,0,0,1,"- ","- ",37.144821166992188,-122.13226318359375,"SANTA CRUZ",UNINCORPORATED,-122.13222503662109,37.144828796386719
91804429,2022,2022-06-27,9720,2022-06-18,0125,021833,,6,3,9,4400,0,2,4,,1,016,"GRAHAM HILL ROAD","LOCKEWOOD LN.",2112.00,N,N,A,-,N,,,,,,,,,,N,3,0,1,1,A,-,01,23152,A,N,E,I,A,A,H,-,D,D,0,,,,,Y,Y,A,01,0,1,0,0,0,0,0,0,0,"- ","- ",37.041790008544922,-122.04657745361328,"SANTA CRUZ",UNINCORPORATED,-122.04627227783203,37.041675567626953
91804437,2022,2022-06-28,9720,2022-06-19,1330,022542,,7,1,9,4400,0,1,3,,1,014,SR-9,"SHINGLE MILL RD.",20.00,S,N,A,-,Y,SM,,9,,,24.650,H,,R,N,4,0,1,1,A,-,08,22107,,N,E,I,A,A,H,-,A,D,0,,,Y,,Y,,C,02,0,0,1,0,0,0,0,0,1,"- ","- ",37.249061584472656,-122.15400695800781,"SANTA CRUZ",UNINCORPORATED,-122.15395355224609,37.248985290527344
91804746,2022,2022-06-28,9720,2022-06-20,1300,021714,,1,1,9,4400,0,2,S,,2,703,"BEAR CREEK RD.","BEAR CREEK WAY",3696.00,E,N,A,-,N,,,,,,,,,,Y,3,0,1,1,A,-,08,22107,,N,E,I,A,A,H,-,A,D,0,,,,,Y,,A,01,0,1,0,0,0,0,0,0,0,"- ","- ",37.171218872070312,-122.05165863037109,"SANTA CRUZ",UNINCORPORATED,-122.05191040039062,37.170482635498047
91804862,2022,2022-06-28,9720,2022-06-20,1958,022458,,1,2,9,4400,0,3,5,,2,300,"CARLTON ROAD","THOMPSON ROAD",155.00,W,N,A,-,N,,,,,,,,,,Y,2,0,2,1,A,-,08,22107,,N,E,I,A,A,H,-,A,D,0,,,,,Y,,A,01,1,1,0,0,0,0,0,0,0,"- ","- ",36.928821563720703,-121.70661163330078,"SANTA CRUZ",UNINCORPORATED,-121.70705413818359,36.938034057617188
91804936,2022,2022-06-28,9720,2022-06-24,1239,021540,,5,1,9,4400,0,1,3,,2,020,"SR-1 N/B","RIO DEL MAR BLVD",1056.00,N,N,A,-,Y,SCR,,1,,,9.685,H,,R,N,4,0,1,2,A,-,03,22350,,N,C,C,A,A,H,-,A,D,0,,,,,Y,,A,01,0,0,1,0,0,0,0,0,0,"- ","- ",36.975051879882812,-121.89592742919922,"SANTA CRUZ",UNINCORPORATED,-121.89593505859375,36.975109100341797
91805936,2022,2022-06-29,9720,2022-06-19,1642,022511,,7,2,9,4400,0,3,5,,2,100,"EMPIRE GRADE","CAVE GULCH",249.00,S,N,A,-,N,,,,,,,,,,Y,3,0,1,1,A,-,01,23152,A,M,E,I,A,A,H,-,A,D,0,,,,,Y,Y,A,07,0,1,0,0,0,0,0,0,0,"- ","- ",37.006519317626953,-122.07479095458984,"SANTA CRUZ",UNINCORPORATED,-122.07469940185547,37.006507873535156
91806003,2022,2022-06-29,9720,2022-06-21,0901,021304,,2,1,9,4400,0,1,3,,2,020,"SR-1 N/B","STATE PARD DR",1584.00,S,N,A,-,Y,SCR,,1,,,10.147,H,,R,N,4,0,1,4,A,-,03,22350,,N,C,C,A,A,H,-,A,D,0,,,,,Y,,A,01,0,0,1,0,0,0,0,0,0,"- ","- ",36.975460052490234,-121.90416717529297,"SANTA CRUZ",UNINCORPORATED,-121.9041748046875,36.975421905517578
91806364,2022,2022-06-30,9720,2022-06-22,0758,020977,,3,1,9,4400,0,3,5,,2,100,"FELTON EMPIRE RD","KRAZY ACRE LANE",500.00,E,N,A,-,N,,,,,,,,,,Y,3,0,1,1,A,-,08,22107,,N,E,I,A,A,H,-,A,D,0,,,,,Y,,A,07,0,1,0,0,0,0,0,0,0,"- ","- ",37.051250457763672,-122.09433746337891,"SANTA CRUZ",UNINCORPORATED,-122.09485626220703,37.053108215332031
91806859,2022,2022-06-30,9720,2022-06-18,2010,019956,,6,2,9,4400,0,1,3,,2,020,"SR-1 N/B","SPRECKELS DR",100.00,S,N,A,-,Y,SCR,,1,,,9.963,H,,R,Y,2,0,1,1,A,-,03,22350,,N,F,A,A,A,H,-,A,D,0,,,Y,,Y,,C,02,1,0,0,0,0,0,0,0,1,"- ","- ",36.975009918212891,-121.90093231201172,"SANTA CRUZ",UNINCORPORATED,-121.90092468261719,36.975032806396484
91807118,2022,2022-06-30,9720,2022-06-23,1015,021304,,4,1,9,4400,0,2,4,,1,031,"FREEDOM BLVD","SANTA FE RIDGE",0.00,,Y,A,-,N,,,,,,,,,,Y,3,0,2,2,A,-,09,21801,A,N,D,C,A,A,H,-,A,D,0,,,,,Y,,D,22,0,2,0,0,0,0,0,0,0,"- ","- ",36.985668182373047,-121.86152648925781,"SANTA CRUZ",UNINCORPORATED,-121.86148834228516,36.985527038574219