CASE_ID,ACCIDENT_YEAR,PROC_DATE,JURIS,COLLISION_DATE,COLLISION_TIME,OFFICER_ID,REPORTING_DISTRICT,DAY_OF_WEEK,CHP_SHIFT,POPULATION,CNTY_CITY_LOC,SPECIAL_COND,BEAT_TYPE,CHP_BEAT_TYPE,CITY_DIVISION_LAPD,CHP_BEAT_CLASS,BEAT_NUMBER,PRIMARY_RD,SECONDARY_RD,DISTANCE,DIRECTION,INTERSECTION,WEATHER_1,WEATHER_2,STATE_HWY_IND,CALTRANS_COUNTY,CALTRANS_DISTRICT,STATE_ROUTE,ROUTE_SUFFIX,POSTMILE_PREFIX,POSTMILE,LOCATION_TYPE,RAMP_INTERSECTION,SIDE_OF_HWY,TOW_AWAY,COLLISION_SEVERITY,NUMBER_KILLED,NUMBER_INJURED,PARTY_COUNT,PRIMARY_COLL_FACTOR,PCF_CODE_OF_VIOL,PCF_VIOL_CATEGORY,PCF_VIOLATION,PCF_VIOL_SUBSECTION,HIT_AND_RUN,TYPE_OF_COLLISION,MVIW,PED_ACTION,ROAD_SURFACE,ROAD_COND_1,ROAD_COND_2,LIGHTING,CONTROL_DEVICE,CHP_ROAD_TYPE,PEDESTRIAN_ACCIDENT,BICYCLE_ACCIDENT,MOTORCYCLE_ACCIDENT,TRUCK_ACCIDENT,NOT_PRIVATE_PROPERTY,ALCOHOL_INVOLVED,STWD_VEHTYPE_AT_FAULT,CHP_VEHTYPE_AT_FAULT,COUNT_SEVERE_INJ,COUNT_VISIBLE_INJ,COUNT_COMPLAINT_PAIN,COUNT_PED_KILLED,COUNT_PED_INJURED,COUNT_BICYCLIST_KILLED,COUNT_BICYCLIST_INJURED,COUNT_MC_KILLED,COUNT_MC_INJURED,PRIMARY_RAMP,SECONDARY_RAMP,LATITUDE,LONGITUDE,COUNTY,CITY,POINT_X,POINT_Y
91809673,2022,2022-07-04,9720,2022-06-18,0001,022329,,6,3,9,4400,0,3,5,,2,100,"LOMPICO RD","LAKE BLVD",531.00,S,N,A,-,N,,,,,,,,,,Y,4,0,1,1,A,-,01,23152,F,M,E,I,A,A,H,-,D,D,0,,,,,Y,,D,22,0,0,1,0,0,0,0,0,0,"- ","- ",37.090770721435547,-122.05325317382812,"SANTA CRUZ",UNINCORPORATED,-122.05305480957031,37.091545104980469
91809683,2022,2022-07-04,9720,2022-06-23,1415,022511,,4,2,9,4400,0,1,3,,1,034,SR-152,"CASSERLY RD",0.00,,Y,A,-,Y,SCR,,152,,,3.689,H,,R,Y,3,0,1,2,A,-,12,22450,A,F,D,C,A,A,H,-,A,A,0,,,,,Y,,-,99,0,1,0,0,0,0,0,0,0,"- ","- ",36.956108093261719,-121.7274169921875,"SANTA CRUZ",UNINCORPORATED,-121.72743988037109,36.956123352050781
91809715,2022,2022-07-04,9720,2022-06-26,1425,022511,,7,2,9,4400,0,1,3,,1,034,SR-152,"HOLOHAN RD",2059.00,E,N,A,-,Y,SCR,,152,,,2.402,H,,R,N,4,0,1,2,A,-,03,22350,,N,C,C,A,A,H,-,A,D,0,,,,,Y,,A,01,0,0,1,0,0,0,0,0,0,"- ","- ",36.941181182861328,-121.74051666259766,"SANTA CRUZ",UNINCORPORATED,-121.74051666259766,36.941177368164062
91809716,2022,2022-07-04,9720,2022-06-26,2200,022293,,7,3,9,4400,0,1,3,,1,014,SR-9,"SARATOGA TOLL ROAD",990.00,S,N,A,-,Y,SCR,,9,,,19.036,H,,R,Y,3,0,1,1,A,-,08,22107,,N,F,A,A,A,H,-,D,D,0,,,,,Y,,A,01,0,1,0,0,0,0,0,0,0,"- ","- ",37.203891754150391,-122.14517211914062,"SANTA CRUZ",UNINCORPORATED,-122.14492797851562,37.203903198242188
91809783,2022,2022-07-04,9720,2022-06-07,1210,022471,,2,1,9,4400,0,1,3,,1,010,SR-1,"LAGUNA RD",0.00,,Y,A,-,Y,SCR,,1,,,25.976,H,,R,Y,2,0,1,2,A,-,03,22350,,N,D,C,A,A,H,-,A,D,0,,,,Y,Y,,G,25,1,0,0,0,0,0,0,0,0,"- ","- ",36.986991882324219,-122.15521240234375,"SANTA CRUZ",UNINCORPORATED,-122.15522003173828,36.986972808837891
91809975,2022,2022-07-05,9720,2022-06-20,1700,022044,,1,2,9,4400,0,3,5,,2,200,"HIGHLAND WAY","SKYLAND RD.",700.00,S,N,A,-,N,,,,,,,,,,Y,2,0,2,1,A,-,08,22107,,N,E,I,A,A,H,-,A,D,0,,,,,Y,,A,07,2,0,0,0,0,0,0,0,0,"- ","- ",37.115390777587891,-121.92006683349609,"SANTA CRUZ",UNINCORPORATED,-121.920166015625,37.115451812744141
91810595,2022,2022-07-05,9720,2022-06-26,1610,019956,,7,2,9,4400,0,1,3,,2,020,"SR-1 N/B","PORTER ST",1056.00,S,N,A,-,Y,SCR,,1,,,13.026,H,,R,Y,4,0,1,2,A,-,03,22350,,N,C,C,A,A,H,-,A,D,0,,,,,Y,,A,01,0,0,1,0,0,0,0,0,0,"- ","- ",36.983570098876953,-121.95384216308594,"SANTA CRUZ",UNINCORPORATED,-121.95384216308594,36.98358154296875
91810723,2021,2022-07-05,9720,2021-10-01,1633,021548,,5,2,9,4400,0,1,3,,1,035,SR-129,"OLD CHITTENDEN RD.",282.00,W,N,A,-,Y,,,129,,,,,,,Y,1,1,2,3,A,-,03,22350,,N,C,C,A,A,H,-,A,D,0,,,,Y,Y,,F,26,0,1,1,0,0,0,0,0,0,"- ","- ",36.901248931884766,-121.59883117675781,"SANTA CRUZ",UNINCORPORATED,-121.59889221191406,36.901115417480469
91812008,2022,2022-07-07,9720,2022-06-28,1333,022901,,2,1,9,4400,0,2,4,,1,022,"SOQUEL SAN JOSE ROAD","LITTLE CREEK ROAD",10.00,S,N,A,-,N,,,,,,,,,,N,4,0,1,1,A,-,08,22107,,M,E,I,A,A,H,-,A,D,0,,,,,Y,,D,22,0,0,1,0,0,0,0,0,0,"- ","- ",37.003459930419922,-121.95452117919922,"SANTA CRUZ",UNINCORPORATED,-121.95457458496094,37.003437042236328
91812019,2022,2022-07-07,9720,2022-06-28,1445,022879,,2,2,9,4400,0,2,4,,1,022,"SOQUEL SAN JOSE RD.","MERLIN WAY",100.00,N,N,A,-,N,,,,,,,,,,N,3,0,1,2,A,-,03,22350,,N,C,C,A,A,H,-,A,D,0,,,,,Y,,D,22,0,1,0,0,0,0,0,0,0,"- ","- ",37.000221252441406,-121.95584106445312,"SANTA CRUZ",UNINCORPORATED,-121.955810546875,37.000286102294922
91812053,2022,2022-07-07,9720,2022-07-01,0452,022162,,5,3,3,4404,0,1,3,,1,017,"SR-17 N/B TO MT. HERMON ROAD","EL RANCHO DRIVE",95.00,N,N,A,-,N,,,,,,,,,,Y,3,0,1,1,A,-,01,23152,A,N,E,I,A,A,H,-,B,D,0,,,,,Y,Y,A,01,0,1,0,0,0,0,0,0,0,"- ","- ",37.033798217773438,-122.02162170410156,"SANTA CRUZ","SCOTTS VALLEY",-122.02162170410156,37.033798217773438
91812075,2022,2022-07-07,9720,2022-07-02,0200,021717,,6,3,9,4400,0,3,5,,2,200,"GRANITE CREEK RD.","O'LAUGHLIN RD.",142.00,S,N,A,-,N,,,,,,,,,,Y,3,0,3,1,A,-,01,23152,A,N,E,I,A,A,H,-,D,D,0,,,,,Y,Y,A,07,0,2,1,0,0,0,0,0,0,"- ","- ",37.031650543212891,-121.99658203125,"SANTA CRUZ",UNINCORPORATED,-121.99675750732422,37.033390045166016
91812083,2022,2022-07-07,9720,2022-07-03,1620,021860,,7,2,9,4400,0,3,5,,2,100,"SMITH GRADE","WOODPECKER RIDGE",405.00,E,N,A,-,N,,,,,,,,,,N,2,0,1,1,C,-,18,,,N,H,A,A,A,G,-,A,D,0,,Y,,,Y,,-,"- ",1,0,0,0,0,0,1,0,0,"- ","- ",37.035800933837891,-122.14543151855469,"SANTA CRUZ",UNINCORPORATED,-122.14553070068359,37.035873413085938
91812345,2022,2022-07-07,9720,2022-06-18,2130,021877,,6,2,9,4400,0,3,5,,2,200,"THURBER LN","BOB WHITE LN",15.00,N,N,A,-,N,,,,,,,,,,N,2,0,1,2,A,-,08,22107,,F,G,B,F,A,H,-,D,D,0,Y,,,,Y,,A,01,1,0,0,0,1,0,0,0,0,"- ","- ",36.991291046142578,-121.97837066650391,"SANTA CRUZ",UNINCORPORATED,-121.97844696044922,36.991279602050781
91813992,2022,2022-07-11,9720,2022-06-25,0422,022542,,6,3,9,4400,0,1,3,,2,030,"SR-1 S/B","AIRPORT BLVD",800.00,N,N,E,-,Y,SCR,,1,,R,3.790,H,,L,Y,2,0,2,1,A,-,08,22107,,F,E,I,A,B,H,-,C,D,0,,,,,Y,Y,A,01,1,1,0,0,0,0,0,0,0,"- ","- ",36.929630279541016,-121.805908203125,"SANTA CRUZ",UNINCORPORATED,-121.80587768554688,36.929672241210938
91815067,2022,2022-07-12,9720,2022-06-30,0950,021304,,4,1,9,4400,0,3,5,,2,200,"MCDONALD RD","RAMADA LN",1056.00,N,N,A,-,N,,,,,,,,,,N,2,0,1,1,C,-,18,,,N,F,A,A,A,H,-,A,D,0,,Y,,,Y,,-,"- ",1,0,0,0,0,0,1,0,0,"- ","- ",36.991050720214844,-121.859130859375,"SANTA CRUZ",UNINCORPORATED,-121.85749816894531,36.992603302001953
91815400,2022,2022-07-12,9720,2022-06-30,2315,022471,,4,3,9,4400,0,3,5,,2,100,"EMPIRE GRADE RD","BRAEMOOR DR",795.00,N,N,A,-,N,,,,,,,,,,Y,3,0,2,1,A,-,08,22107,,N,F,A,A,A,H,-,D,D,0,,,,,Y,,A,01,0,2,0,0,0,0,0,0,0,"- ","- ",37.123260498046875,-122.15933227539062,"SANTA CRUZ",UNINCORPORATED,-122.15447998046875,37.115001678466797
91815945,2022,2022-07-13,9720,2022-07-02,2228,022542,,6,3,9,4400,0,1,3,,2,020,"SR-1 N/B TO SR-17 N/B","PASATIEMPO DRIVE",1320.00,S,N,A,-,Y,,,,,,,,,,Y,3,0,1,1,A,-,01,23152,A,N,E,I,A,A,H,-,C,D,0,,,,,Y,Y,A,01,0,1,0,0,0,0,0,0,0,"- ","- ",36.990001678466797,-122.02101898193359,"SANTA CRUZ",UNINCORPORATED,-122.02101898193359,36.990001678466797
91816551,2022,2022-07-14,9720,2022-06-30,1504,022879,,4,2,9,4400,0,1,3,,1,017,"SR-17 S/B TO MOUNT HERMON ROAD","MOUNT HERMON OVERCROSSING",100.00,N,N,A,-,Y,SCR,,17,,,3.466,H,,L,Y,2,0,2,1,A,-,01,23152,F,N,E,I,A,A,H,-,A,D,0,,,,,Y,,A,01,2,0,0,0,0,0,0,0,0,"- ","- ",37.036178588867188,-122.02098846435547,"SANTA CRUZ",UNINCORPORATED,-122.02084350585938,37.036022186279297
91817443,2022,2022-07-14,9720,2022-07-03,1045,019956,,7,1,9,4400,0,3,5,,2,100,"JAMISON CREEK RD",SR-236,6864.00,W,N,A,-,N,,,,,,,,,,N,2,0,1,1,C,-,18,,,N,F,A,A,A,A,B,A,D,0,,Y,,,Y,,-,"- ",1,0,0,0,0,0,1,0,0,"- ","- ",37.150241851806641,-122.17423248291016,"SANTA CRUZ",UNINCORPORATED,-122.17782592773438,37.15081787109375
91817527,2022,2022-07-14,9720,2022-07-01,1737,022879,,5,2,9,4400,0,1,3,,1,017,"N/B SR17","VINE HILL ROAD",100.00,S,N,A,-,Y,SCR,,17,,,7.654,H,,R,N,4,0,1,2,A,-,03,22350,,N,C,C,A,A,H,-,A,D,0,,,,,Y,,E,22,0,0,1,0,0,0,0,0,0,"- ","- ",37.078788757324219,-121.97971343994141,"SANTA CRUZ",UNINCORPORATED,-121.97968292236328,37.078769683837891
91817564,2022,2022-07-14,9720,2022-07-01,2029,022511,,5,2,9,4400,0,3,5,,2,200,"DAY VALLEY RD.","MEADOW RD.",108.00,E,N,A,-,N,,,,,,,,,,Y,3,0,1,1,A,-,01,23152,A,N,E,I,A,A,H,-,B,D,0,,,,,Y,Y,A,01,0,1,0,0,0,0,0,0,0,"- ","- ",36.995429992675781,-121.84895324707031,"SANTA CRUZ",UNINCORPORATED,-121.84891510009766,36.995403289794922
91817581,2022,2022-07-14,9720,2022-07-03,0728,022907,,7,1,9,4400,0,2,4,,1,023,"17TH AVE","CAPITOLA RD",0.00,,Y,A,-,N,,,,,,,,,,N,2,0,5,2,A,-,01,23152,A,F,D,C,A,A,H,-,A,A,0,,,,,Y,Y,A,01,2,0,3,0,0,0,0,0,0,"- ","- ",36.975921630859375,-121.98320007324219,"SANTA CRUZ",UNINCORPORATED,-121.98302459716797,36.975841522216797
91817591,2022,2022-07-14,9720,2022-07-05,1510,022901,,2,2,3,4404,0,1,3,,1,017,"SR-17 S/B","MT. HERMON ROAD",3696.00,N,N,A,-,Y,SCR,,17,,,4.237,H,,L,N,3,0,2,2,A,-,03,22350,,N,C,2,A,A,H,-,A,D,0,,,,,Y,,A,01,0,1,1,0,0,0,0,0,0,"- ","- ",37.045589447021484,-122.01451110839844,"SANTA CRUZ","SCOTTS VALLEY",-122.01450347900391,37.045585632324219
91817596,2022,2022-07-14,9720,2022-07-05,1620,022901,,2,2,9,4400,0,1,3,,1,017,SR-17,"SUGARLOAF ROAD",15.00,S,N,A,-,Y,,,,,,,,,,N,4,0,1,2,A,-,03,22350,,N,C,C,A,A,H,-,A,D,0,,,,,Y,,D,22,0,0,1,0,0,0,0,0,0,"- ","- ",,,"SANTA CRUZ",UNINCORPORATED,-121.97673797607422,37.095165252685547
91817607,2022,2022-07-14,9720,2022-07-05,1300,021304,,2,1,9,4400,0,1,3,,1,017,"SR-17 S/B","SUGARLOAF RD",1056.00,S,N,A,-,Y,SCR,,17,,,7.567,H,,L,Y,4,0,2,4,A,-,03,22350,,N,C,C,A,A,H,-,A,D,0,,,,,Y,,D,22,0,0,2,0,0,0,0,0,0,"- ","- ",37.077709197998047,-121.98110961914062,"SANTA CRUZ",UNINCORPORATED,-121.98117828369141,37.077781677246094
91817661,2022,2022-07-15,9720,2022-07-08,1830,022140,,5,2,9,4400,0,2,4,,1,021,"SOQUEL DR","RANCHO DEL MAR",792.00,E,N,A,-,N,,,,,,,,,,N,4,0,1,2,A,-,03,22350,,N,C,C,A,A,H,-,A,D,0,,,,,Y,,D,22,0,0,1,0,0,0,0,0,0,"- ","- ",36.97711181640625,-121.90586853027344,"SANTA CRUZ",UNINCORPORATED,-121.90573120117188,36.977054595947266
91818891,2022,2022-07-18,9720,2022-07-05,1120,021548,,2,1,9,4400,0,3,5,,2,200,"CAPITOLA AVE.","GARY DR.",183.00,S,N,A,-,N,,,,,,,,,,N,4,0,1,1,A,-,08,22107,,N,F,I,A,A,H,-,A,D,0,,Y,,,Y,,L,04,0,0,1,0,0,0,1,0,0,"- ","- ",36.983798980712891,-121.95198822021484,"SANTA CRUZ",UNINCORPORATED,-121.95198822021484,36.983833312988281
91819100,2022,2022-07-18,9720,2022-07-04,0100,022293,,1,3,9,4400,0,3,5,,2,100,"MT. HERMON","GRAHAM HILL RD",568.00,E,N,A,-,N,,,,,,,,,,Y,2,0,1,2,A,-,01,23152,A,N,D,E,A,A,H,-,D,D,0,,,Y,,Y,Y,D,22,1,0,0,0,0,0,0,0,0,"- ","- ",37.053508758544922,-122.06954956054688,"SANTA CRUZ",UNINCORPORATED,-122.06954956054688,37.053382873535156
91819124,2022,2022-07-18,9720,2022-07-05,0946,022976,,2,1,9,4400,0,1,3,,1,017,"N/B SR-17","GRANITE CREEK RD.",1584.00,S,N,A,-,Y,SCR,,17,,,5.134,H,,R,N,4,0,1,2,A,-,03,22350,,N,C,C,A,A,H,-,A,D,0,,,,,Y,,A,01,0,0,1,0,0,0,0,0,0,"- ","- ",37.056880950927734,-122.00666809082031,"SANTA CRUZ",UNINCORPORATED,-122.00672149658203,37.056896209716797
91819136,2022,2022-07-18,9720,2022-07-06,1530,022901,,3,2,9,4400,0,1,3,,1,034,SR-152,"HOLOHAN ROAD",0.00,,Y,A,-,Y,SCR,,152,,R,2.003,H,,R,N,4,0,1,2,A,-,08,22107,,N,B,C,A,A,H,-,A,A,0,,,,,Y,,A,07,0,0,1,0,0,0,0,0,0,"- ","- ",36.936119079589844,-121.74330902099609,"SANTA CRUZ",UNINCORPORATED,-121.74331665039062,36.936119079589844
91819189,2022,2022-07-18,9720,2022-07-07,2100,022293,,4,2,9,4400,0,3,5,,2,200,"CLUBHOUSE DR","SUMNER AVE",492.00,E,N,A,-,N,,,,,,,,,,Y,3,0,1,1,A,-,08,22107,,N,E,I,A,A,H,-,C,D,0,,,,,Y,,D,22,0,1,0,0,0,0,0,0,0,"- ","- ",36.958320617675781,-121.88178253173828,"SANTA CRUZ",UNINCORPORATED,-121.88170623779297,36.958282470703125
91819198,2022,2022-07-18,9720,2022-07-08,1152,021540,,5,1,9,4400,0,1,3,,1,013,SR-35,"BEAR CREEK RD",4752.00,N,N,A,-,Y,SCR,,35,,,4.017,H,,R,N,2,0,1,2,A,-,05,21650,,N,A,G,A,A,H,-,A,D,0,,Y,,,Y,,L,04,1,0,0,0,0,0,1,0,0,"- ","- ",37.170928955078125,-122.02749633789062,"SANTA CRUZ",UNINCORPORATED,-122.02751159667969,37.170921325683594
91819716,2022,2022-07-18,9720,2022-07-07,1956,022511,,4,2,9,4400,0,2,4,,1,016,"GRAHAM HILL RD","CRESS RD.",100.00,N,N,A,-,N,,,,,,,,,,Y,4,0,3,2,A,-,03,22350,,N,C,C,A,A,H,-,B,D,0,,,,,Y,,D,23,0,0,3,0,0,0,0,0,0,"- ","- ",37.023231506347656,-122.03724670410156,"SANTA CRUZ",UNINCORPORATED,-122.03720092773438,37.023181915283203
91819732,2022,2022-07-18,9720,2022-07-08,1959,022511,,5,2,9,4400,0,3,5,,2,100,"LOMPICO RD.","LAKE BLVD.",739.00,S,N,A,-,N,,,,,,,,,,Y,3,0,1,1,A,-,01,23152,A,N,E,I,A,A,H,-,B,D,0,,,,,Y,Y,D,22,0,1,0,0,0,0,0,0,0,"- ","- ",37.090438842773438,-122.05330657958984,"SANTA CRUZ",UNINCORPORATED,-122.05315399169922,37.090980529785156
91820160,2022,2022-07-19,9720,2022-07-03,0619,022976,,7,1,9,4400,0,2,4,,1,024,"E CLIFF DRIVE","26TH AVENUE",36.00,W,N,A,-,N,,,,,,,,,,Y,4,0,1,2,A,-,01,23152,F,M,C,C,A,A,H,-,A,A,0,,,,,Y,,A,01,0,0,1,0,0,0,0,0,0,"- ","- ",36.958839416503906,-121.98079681396484,"SANTA CRUZ",UNINCORPORATED,-121.98078155517578,36.958820343017578
91820801,2022,2022-07-19,9720,2022-07-16,0020,022471,,6,3,9,4400,0,3,5,,2,300,"LA SELVA DR","MAR MONTE AVE",700.00,S,N,A,-,N,,,,,,,,,,Y,4,0,1,1,A,-,03,22350,,N,E,I,A,A,H,-,C,D,0,,,,,Y,,A,01,0,0,1,0,0,0,0,0,0,"- ","- ",36.946510314941406,-121.84848022460938,"SANTA CRUZ",UNINCORPORATED,-121.84967041015625,36.947772979736328
91821096,2022,2022-07-20,9720,2022-07-08,2109,022349,,5,2,9,4400,0,2,4,,1,016,"GRAHAM HILL RD.","MEYER RD.",106.00,S,N,A,-,N,,,,,,,,,,N,2,0,2,2,A,-,01,23152,A,N,A,C,A,A,H,-,C,D,0,,,,,Y,Y,A,07,2,0,0,0,0,0,0,0,0,"- ","- ",37.028350830078125,-122.03575897216797,"SANTA CRUZ",UNINCORPORATED,-122.03575134277344,37.018394470214844
91821114,2022,2022-07-20,9720,2022-07-09,0040,020977,,6,3,9,4400,0,1,3,,2,030,"RT 1","BUENA VISTA DR",1584.00,S,N,A,-,Y,SCR,,1,,R,3.784,H,,L,Y,3,0,1,1,A,-,01,23152,A,N,E,I,A,A,H,-,D,D,0,,,,,Y,Y,A,07,0,1,0,0,0,0,0,0,0,"- ","- ",36.929588317871094,-121.80581665039062,"SANTA CRUZ",UNINCORPORATED,-121.80579376220703,36.92962646484375
91821204,2022,2022-07-20,9720,2022-07-10,2045,022545,,7,2,9,4400,0,2,4,,1,031,"FREEDOM BLVD","COFFEY LN",45.00,S,N,A,-,N,,,,,,,,,,Y,3,0,3,2,A,-,05,21460,A,N,A,C,A,A,H,-,A,D,0,,,,,Y,Y,A,01,0,3,0,0,0,0,0,0,0,"- ","- ",36.940189361572266,-121.78134155273438,"SANTA CRUZ",UNINCORPORATED,-121.78134155273438,36.940235137939453
91821262,2022,2022-07-20,9720,2022-07-11,1819,022511,,1,2,9,4400,0,3,5,,2,200,"SPRECKELS DR.","SEACLIFF DR",22.00,S,N,A,-,N,,,,,,,,,,N,3,0,1,2,A,-,01,23152,A,N,C,G,A,A,H,-,A,A,0,,,Y,,Y,Y,O,05,0,1,0,0,0,0,0,0,1,"- ","- ",36.974819183349609,-121.90316772460938,"SANTA CRUZ",UNINCORPORATED,-121.90309906005859,36.974815368652344
91821274,2022,2022-07-20,9720,2022-07-13,1413,022545,,3,2,9,4400,0,1,3,,1,015,SR-9,"HILLSIDE AVE",10.00,N,N,A,-,Y,SCR,,9,,,9.306,H,,R,Y,4,0,1,2,A,-,09,21804,A,N,D,C,A,A,H,-,A,D,0,,,,,Y,,A,07,0,0,1,0,0,0,0,0,0,"- ","- ",37.087650299072266,-122.08867645263672,"SANTA CRUZ",UNINCORPORATED,-122.08865356445312,37.087646484375
91821639,2022,2022-07-20,9720,2022-07-09,1849,022545,,6,2,9,4400,0,3,5,,2,300,"W BEACH ST","SHELL RD",1056.00,E,N,A,-,N,,,,,,,,,,N,4,0,1,1,C,-,18,,,N,E,I,A,A,H,-,A,D,0,,,,,Y,,-,"- ",0,0,1,0,0,0,0,0,0,"- ","- ",36.872360229492188,-121.811767578125,"SANTA CRUZ",UNINCORPORATED,-121.81282043457031,36.871593475341797
91822053,2022,2022-07-21,9720,2022-07-13,0830,021304,,3,1,9,4400,0,1,3,,2,020,"SR-1 N/B","RIO DEL MAR BLVD",528.00,S,N,A,-,Y,SCR,,1,,,9.036,H,,R,N,4,0,1,3,A,-,03,22350,,N,C,C,A,A,H,-,A,D,0,,,,,Y,,D,22,0,0,1,0,0,0,0,0,0,"- ","- ",36.974578857421875,-121.88421630859375,"SANTA CRUZ",UNINCORPORATED,-121.88426208496094,36.974498748779297
91822106,2022,2022-07-21,9720,2022-07-13,1209,021211,,3,1,9,4400,0,1,3,,2,020,"N/B SR-1","PORTER ST.",80.00,N,N,A,-,Y,SCR,,1,,,13.222,H,,R,N,3,0,3,3,A,-,03,22350,,N,C,C,A,A,H,-,A,D,0,,,,,Y,,D,22,0,1,2,0,0,0,0,0,0,"- ","- ",36.983230590820312,-121.95738983154297,"SANTA CRUZ",UNINCORPORATED,-121.95738983154297,36.983242034912109
91822436,2022,2022-07-21,9720,2022-07-09,1209,022976,,6,1,9,4400,0,1,3,,2,020,"SR 1 N/B","PARK AVE",2112.00,S,N,A,-,Y,SCR,,1,,,11.679,H,,R,Y,4,0,3,6,A,-,03,22350,,N,C,C,A,A,H,-,A,D,0,,,,,Y,,A,08,0,0,3,0,0,0,0,0,0,"- ","- ",36.983600616455078,-121.92945098876953,"SANTA CRUZ",UNINCORPORATED,-121.929443359375,36.983638763427734
91824107,2022,2022-07-25,9720,2022-07-14,0910,021304,,4,1,9,4400,0,1,3,,1,017,"SR-17 N/B","LAUREL RD",100.00,N,N,A,-,Y,SCR,,17,,,9.410,H,,R,Y,3,0,1,2,A,-,03,22350,,N,C,C,A,A,D,-,A,A,0,,,,,Y,,A,01,0,1,0,0,0,0,0,0,0,"- ","- ",37.104129791259766,-121.97550201416016,"SANTA CRUZ",UNINCORPORATED,-121.97544860839844,37.104080200195312
91824495,2022,2022-07-25,9720,2022-07-15,1621,022545,,5,2,9,4400,0,1,3,,1,034,SR-152,"BEVERLY DR",85.00,E,N,A,-,Y,SCR,,152,,,1.857,H,,R,Y,4,0,1,2,A,-,01,23152,A,N,C,E,A,A,H,-,A,D,0,,,,,Y,Y,A,01,0,0,1,0,0,0,0,0,0,"- ","- ",36.933860778808594,-121.74352264404297,"SANTA CRUZ",UNINCORPORATED,-121.74343109130859,36.933849334716797
91824538,2022,2022-07-25,9720,2022-07-15,0530,022542,,5,3,9,4400,0,3,5,,2,100,"BEAR CREEK RD","BEAR CREEK WAY",2640.00,E,N,A,-,N,,,,,,,,,,Y,3,0,1,2,A,-,05,21460,A,N,A,C,A,A,H,-,B,D,0,,,,,Y,,A,07,0,1,0,0,0,0,0,0,0,"- ","- ",37.171321868896484,-122.05117797851562,"SANTA CRUZ",UNINCORPORATED,-122.05288696289062,37.170661926269531
91824992,2022,2022-07-26,9720,2022-07-14,1600,022901,,4,2,9,4400,0,2,4,,1,022,"SOQUEL SAN JOSE ROAD","OLSON ROAD",1056.00,N,N,A,-,N,,,,,,,,,,Y,3,0,1,1,A,-,01,23152,F,N,E,I,A,A,H,-,A,D,0,,,,,Y,,A,01,0,1,0,0,0,0,0,0,0,"- ","- ",37.059841156005859,-121.94096374511719,"SANTA CRUZ",UNINCORPORATED,-121.94113159179688,37.059822082519531
91825034,2022,2022-07-26,9720,2022-07-15,1820,022879,,5,2,9,4400,0,3,5,,2,200,"EL RANCHO DRIVE","MOUNT HERMON ROAD",28.50,E,N,A,-,N,,,,,,,,,,Y,3,0,2,1,A,-,01,23152,A,N,E,I,A,A,H,-,A,D,0,,,,,Y,Y,A,01,0,2,0,0,0,0,0,0,0,"- ","- ",37.033729553222656,-122.0216064453125,"SANTA CRUZ",UNINCORPORATED,-122.02174377441406,37.033721923828125
91825217,2022,2022-07-26,9720,2022-07-17,1823,022140,,7,2,9,4400,0,1,3,,1,017,"SR-17 N/B","SUGARLOAF RD",45.00,N,N,A,-,Y,SCR,,17,,,8.714,H,,R,N,3,0,1,2,A,-,03,22350,,N,C,C,A,A,H,-,A,D,0,,,Y,,Y,,C,02,0,1,0,0,0,0,0,0,1,"- ","- ",37.095390319824219,-121.97650909423828,"SANTA CRUZ",UNINCORPORATED,-121.97651672363281,37.095394134521484
91825397,2022,2022-07-26,9720,2022-07-16,1630,022458,,6,2,9,4400,0,3,5,,2,200,"SKYLAND ROAD","MILLER HILL ROAD",0.30,E,N,A,-,N,,,,,,,,,,Y,3,0,2,2,A,-,05,21752,A,N,A,C,A,A,H,-,A,D,0,,,,,Y,,A,01,0,2,0,0,0,0,0,0,0,"- ","- ",37.105419158935547,-121.93077850341797,"SANTA CRUZ",UNINCORPORATED,-121.93412017822266,37.106349945068359
91825456,2022,2022-07-26,9720,2022-07-18,1200,022162,,1,1,9,4400,0,1,3,,1,035,SR-129,"VANONI ROAD",1584.00,W,N,A,-,Y,SCR,,129,,,6.594,H,,R,Y,2,0,1,1,A,-,01,23152,A,N,F,A,A,A,H,-,A,D,0,,,Y,,Y,Y,C,02,1,0,0,0,0,0,0,0,1,"- ","- ",36.906101226806641,-121.64975738525391,"SANTA CRUZ",UNINCORPORATED,-121.64972686767578,36.906135559082031