CASE_ID,ACCIDENT_YEAR,PROC_DATE,JURIS,COLLISION_DATE,COLLISION_TIME,OFFICER_ID,REPORTING_DISTRICT,DAY_OF_WEEK,CHP_SHIFT,POPULATION,CNTY_CITY_LOC,SPECIAL_COND,BEAT_TYPE,CHP_BEAT_TYPE,CITY_DIVISION_LAPD,CHP_BEAT_CLASS,BEAT_NUMBER,PRIMARY_RD,SECONDARY_RD,DISTANCE,DIRECTION,INTERSECTION,WEATHER_1,WEATHER_2,STATE_HWY_IND,CALTRANS_COUNTY,CALTRANS_DISTRICT,STATE_ROUTE,ROUTE_SUFFIX,POSTMILE_PREFIX,POSTMILE,LOCATION_TYPE,RAMP_INTERSECTION,SIDE_OF_HWY,TOW_AWAY,COLLISION_SEVERITY,NUMBER_KILLED,NUMBER_INJURED,PARTY_COUNT,PRIMARY_COLL_FACTOR,PCF_CODE_OF_VIOL,PCF_VIOL_CATEGORY,PCF_VIOLATION,PCF_VIOL_SUBSECTION,HIT_AND_RUN,TYPE_OF_COLLISION,MVIW,PED_ACTION,ROAD_SURFACE,ROAD_COND_1,ROAD_COND_2,LIGHTING,CONTROL_DEVICE,CHP_ROAD_TYPE,PEDESTRIAN_ACCIDENT,BICYCLE_ACCIDENT,MOTORCYCLE_ACCIDENT,TRUCK_ACCIDENT,NOT_PRIVATE_PROPERTY,ALCOHOL_INVOLVED,STWD_VEHTYPE_AT_FAULT,CHP_VEHTYPE_AT_FAULT,COUNT_SEVERE_INJ,COUNT_VISIBLE_INJ,COUNT_COMPLAINT_PAIN,COUNT_PED_KILLED,COUNT_PED_INJURED,COUNT_BICYCLIST_KILLED,COUNT_BICYCLIST_INJURED,COUNT_MC_KILLED,COUNT_MC_INJURED,PRIMARY_RAMP,SECONDARY_RAMP,LATITUDE,LONGITUDE,COUNTY,CITY,POINT_X,POINT_Y
91825867,2022,2022-07-27,9720,2022-07-16,1930,022329,,6,2,9,4400,0,1,3,,1,035,"SR-129 W/B TO SR-1 N/B","SR-129 OVERCROSSING",528.00,N,N,A,-,Y,SCR,,1,,R,0.816,H,,R,Y,3,0,1,1,A,-,01,23152,A,N,E,8,A,A,H,-,A,D,0,,,,,Y,Y,D,22,0,1,0,0,0,0,0,0,0,"- ","- ",36.895721435546875,-121.77468109130859,"SANTA CRUZ",UNINCORPORATED,-121.77477264404297,36.895683288574219
91825942,2022,2022-07-27,9720,2022-07-22,1055,021717,,5,1,9,4400,0,1,3,,2,020,"NB SR-1","STATE PARK DR OVERCROSSING",30.00,N,N,A,-,Y,SCR,,1,,,10.541,H,,R,Y,3,0,1,2,A,-,03,22350,,N,C,C,A,A,H,-,A,D,0,,,,,Y,,A,01,0,1,0,0,0,0,0,0,0,"- ","- ",36.978038787841797,-121.91049194335938,"SANTA CRUZ",UNINCORPORATED,-121.91043090820312,36.978115081787109
91826068,2022,2022-07-27,9720,2022-07-22,1838,021540,,5,2,9,4400,0,1,3,,2,020,"SR-1 S/B","PARK AVE",2640.00,N,N,A,-,Y,SCR,,1,,,12.653,H,,L,N,4,0,1,2,A,-,03,22350,,N,C,C,A,A,H,-,A,D,0,,,,,Y,,A,01,0,0,1,0,0,0,0,0,0,"- ","- ",36.984111785888672,-121.94711303710938,"SANTA CRUZ",UNINCORPORATED,-121.94710540771484,36.983951568603516
91826101,2022,2022-07-27,9720,2022-07-16,2313,022542,,6,3,9,4400,0,3,5,,2,300,"CARLTON ROAD",SR-152,1000.00,S,N,A,-,N,,,,,,,,,,Y,3,0,1,2,A,-,01,23152,A,N,B,C,A,A,H,-,D,D,0,,,,,Y,Y,A,01,0,1,0,0,0,0,0,0,0,"- ","- ",36.952659606933594,-121.72332000732422,"SANTA CRUZ",UNINCORPORATED,-121.72511291503906,36.954116821289062
91826163,2022,2022-07-27,9720,2022-07-16,1420,022511,,6,2,9,4400,0,1,3,,2,030,"E. CLIFF","PORTOLA DR",215.00,S,N,A,-,N,,,,,,,,,,N,4,0,1,1,A,-,08,22107,,N,F,A,A,A,H,-,A,D,0,,Y,,,Y,,L,04,0,0,1,0,0,0,1,0,0,"- ","- ",36.962158203125,-121.98850250244141,"SANTA CRUZ",UNINCORPORATED,-121.98839569091797,36.962287902832031
91826190,2022,2022-07-27,9720,2022-07-16,1739,022511,,6,2,9,4400,0,2,4,,1,024,"BROMMER ST","CAPTAINS CT",265.00,E,N,A,-,N,,,,,,,,,,N,2,0,1,1,A,-,03,22350,,N,F,A,A,A,H,-,A,D,0,,Y,,,Y,,M,91,1,0,0,0,0,0,1,0,0,"- ","- ",36.972080230712891,-121.99241638183594,"SANTA CRUZ",UNINCORPORATED,-121.99268341064453,36.972038269042969
91826902,2022,2022-07-28,9720,2022-07-18,1115,015170,,1,1,9,4400,0,1,3,,1,017,"SR-17 (S/B)","GRANITE CREEK RD",1056.00,S,N,A,-,Y,,,,,,,,,,Y,2,0,4,2,A,-,03,22350,,N,C,C,A,A,H,-,A,D,0,,,,,Y,,A,01,1,3,0,0,0,0,0,0,0,"- ","- ",36.971050262451172,-121.87145233154297,"SANTA CRUZ",UNINCORPORATED,-122.00581359863281,37.058601379394531
91827104,2022,2022-07-28,9720,2022-07-18,1748,022545,,1,2,9,4400,0,3,5,,2,100,"LA MADRONA DR","VIA VINCA",95.00,S,N,A,-,N,,,,,,,,,,N,2,0,1,2,A,-,09,21801,A,N,A,G,A,A,H,-,A,D,0,,Y,,,Y,,A,01,1,0,0,0,0,0,1,0,0,"- ","- ",37.02471923828125,-122.02934265136719,"SANTA CRUZ",UNINCORPORATED,-122.02940368652344,37.02471923828125
91828498,2022,2022-07-29,9720,2022-07-16,1055,021477,,6,1,9,4400,0,2,4,,1,021,"SOQUEL DR.","S. RODEO GULCH RD.",0.00,,Y,A,-,N,,,,,,,,,,N,3,0,3,2,A,-,01,23152,A,N,D,C,A,A,H,-,A,A,0,,,,,Y,Y,A,07,0,3,0,0,0,0,0,0,0,"- ","- ",36.98760986328125,-121.96965026855469,"SANTA CRUZ",UNINCORPORATED,-121.96955871582031,36.987606048583984
91829524,2022,2022-08-01,9720,2022-07-20,1800,022901,,3,2,9,4400,0,1,3,,1,017,"SR-17 S/B","PASATIEMPO DRIVE",2640.00,N,N,A,-,Y,SCR,,17,,,1.138,H,,L,Y,3,0,1,1,A,-,08,22107,,N,E,I,A,A,H,-,A,D,0,,,,,Y,,A,01,0,1,0,0,0,0,0,0,0,"- ","- ",37.004959106445312,-122.02085876464844,"SANTA CRUZ",UNINCORPORATED,-122.02079010009766,37.004966735839844
91829528,2022,2022-08-01,9720,2022-07-19,2010,022879,,2,2,9,4400,0,1,3,,2,020,"N/B SR-1","EMELINE AVE.",1056.00,N,N,A,-,Y,SCR,,1,,,16.926,H,,R,N,2,0,1,1,A,-,08,22107,,N,E,I,A,A,H,-,A,D,0,,,,,Y,,A,01,1,0,0,0,0,0,0,0,0,"- ","- ",36.991001129150391,-122.02230072021484,"SANTA CRUZ",UNINCORPORATED,-122.022216796875,36.990985870361328
91829531,2022,2022-08-01,9720,2022-07-23,1109,022907,,6,1,9,4400,0,1,3,,1,010,"SB SR-1","ENTRANCE ROAD",2640.00,S,N,A,-,Y,SCR,,1,,,21.092,H,,R,N,2,0,1,1,A,-,03,22350,,N,F,A,A,A,D,-,A,D,0,,Y,,,Y,,L,04,1,0,0,0,0,0,1,0,0,"- ","- ",36.962089538574219,-122.07546997070312,"SANTA CRUZ",UNINCORPORATED,-122.07546997070312,36.962146759033203
91829807,2022,2022-08-01,9720,2022-07-25,0250,022293,,1,3,9,4400,0,1,3,,1,015,SR-9,"IRWIN WAY",157.00,S,N,A,-,Y,SCR,,9,,,11.949,H,,R,Y,3,0,1,1,A,-,03,22350,,N,E,I,A,A,H,-,D,D,0,,,,,Y,,A,01,0,1,0,0,0,0,0,0,0,"- ","- ",37.111778259277344,-122.11434936523438,"SANTA CRUZ",UNINCORPORATED,-122.11440277099609,37.111770629882812
91829839,2022,2022-08-01,9720,2022-07-26,1715,022901,,2,2,9,4400,0,3,5,,2,100,"BROOK KNOLL DRIVE","SIMS ROAD",900.00,N,N,A,-,N,,,,,,,,,,N,2,0,1,1,A,-,08,22107,,N,E,A,A,A,H,-,A,D,0,,Y,,,Y,,L,04,1,0,0,0,0,0,1,0,0,"- ","- ",37.017749786376953,-122.03024291992188,"SANTA CRUZ",UNINCORPORATED,-122.03018951416016,37.017723083496094
91829885,2022,2022-08-01,9720,2022-07-01,0134,022542,,5,3,9,4400,0,1,3,,1,017,"SR-1 N/B TO SR-17 N/B","PASATIEMPO DRIVE",1200.00,S,N,A,-,Y,,,,,,,,,,Y,2,0,1,1,A,-,01,23152,A,N,F,A,A,A,H,-,C,D,0,,,Y,,Y,Y,C,02,1,0,0,0,0,0,0,0,1,"- ","- ",36.989990234375,-122.02078247070312,"SANTA CRUZ",UNINCORPORATED,-122.02078247070312,36.989990234375
91829922,2022,2022-08-01,9720,2022-07-27,1505,022140,,3,2,9,4400,0,3,5,,2,200,"JOSE AVE","CAPITOLA RD",130.00,S,N,A,-,N,,,,,,,,,,Y,4,0,1,4,C,-,18,,,N,A,E,A,A,H,-,A,D,0,,,,,Y,,-,"- ",0,0,1,0,0,0,0,0,0,"- ","- ",36.977619171142578,-121.98950958251953,"SANTA CRUZ",UNINCORPORATED,-121.98945617675781,36.977672576904297
91830432,2022,2022-08-01,9720,2022-07-22,2012,022511,,5,2,9,4400,0,3,5,,2,100,"FELTON QUARRY RD.","EATON DR.",2429.00,W,N,A,-,N,,,,,,,,,,Y,3,0,1,1,A,-,03,22350,,N,E,I,A,A,H,-,A,D,0,,,,,Y,,A,01,0,1,0,0,0,0,0,0,0,"- ","- ",37.034629821777344,-122.09078216552734,"SANTA CRUZ",UNINCORPORATED,-122.08341979980469,37.036399841308594
91831711,2022,2022-08-02,9720,2022-07-21,2200,021940,,4,3,9,4400,0,2,4,,1,021,"SOQUEL DR.","PARK AVE.",0.00,,Y,A,-,N,,,,,,,,,,N,3,0,2,2,A,-,09,21453,C,N,B,C,A,A,H,-,C,A,0,,,,,Y,,A,01,0,2,0,0,0,0,0,0,0,"- ","- ",36.989040374755859,-121.93572235107422,"SANTA CRUZ",UNINCORPORATED,-121.93574523925781,36.989109039306641
91831994,2022,2022-08-03,9720,2022-07-23,2220,022349,,6,3,9,4400,0,1,3,,2,020,"SB SR-1 TO SOQUEL AVE.","SOQUEL AVE.",0.00,,Y,A,-,Y,,,,,,,,,,Y,3,0,1,1,A,-,03,22350,,N,E,I,A,A,H,-,C,D,0,,,,,Y,Y,A,08,0,1,0,0,0,0,0,0,0,"- ","- ",36.986301422119141,-121.98583984375,"SANTA CRUZ",UNINCORPORATED,-121.9742431640625,36.983932495117188
91831996,2022,2022-08-03,9720,2022-07-25,1645,022511,,1,2,9,4400,0,3,5,,2,200,"RIO DEL MAR BLVD.","APTOS BEACH",0.00,,Y,A,-,N,,,,,,,,,,N,4,0,1,2,A,-,03,22350,,N,C,C,A,A,H,-,A,D,0,,,,,Y,,A,07,0,0,1,0,0,0,0,0,0,"- ","- ",36.969249725341797,-121.90525054931641,"SANTA CRUZ",UNINCORPORATED,-121.89691162109375,36.971027374267578
91832000,2022,2022-08-03,9720,2022-07-27,0216,022293,,3,3,9,4400,0,2,4,,1,021,"SOQUEL DRIVE","APTOS ST",1848.00,S,N,A,-,N,,,,,,,,,,Y,3,0,1,1,A,-,03,22350,,N,F,A,A,A,H,-,D,D,0,,,Y,,Y,,C,02,0,1,0,0,0,0,0,0,1,"- ","- ",36.975440979003906,-121.89379119873047,"SANTA CRUZ",UNINCORPORATED,-121.89237213134766,36.975559234619141
91832086,2022,2022-08-03,9720,2022-07-22,1905,019956,,5,2,9,4400,0,2,4,,1,032,"HOLOHAN RD","GRIMMER RD",1056.00,W,N,A,-,N,,,,,,,,,,N,2,0,2,1,A,-,08,22107,,N,F,A,A,A,H,-,A,D,0,,,Y,,Y,,C,02,2,0,0,0,0,0,0,0,2,"- ","- ",36.938758850097656,-121.75923156738281,"SANTA CRUZ",UNINCORPORATED,-121.75925445556641,36.938808441162109
91832548,2022,2022-08-03,9720,2022-07-27,1245,021248,,3,1,9,4400,0,1,3,,2,020,"SR-1 N/B","RIO DEL MAR BLVD",3168.00,N,N,A,-,Y,SCR,,1,,,9.781,H,,R,N,4,0,2,2,A,-,03,22350,,N,C,C,A,A,H,-,A,D,0,,,,,Y,,A,07,0,0,2,0,0,0,0,0,0,"- ","- ",36.974979400634766,-121.89768981933594,"SANTA CRUZ",UNINCORPORATED,-121.89768981933594,36.974994659423828
91832863,2022,2022-08-04,9720,2022-08-01,1505,022901,,1,2,9,4400,0,2,4,,1,021,"SOQUEL DRIVE","ROBERTSON STREET",0.00,,Y,A,-,N,,,,,,,,,,N,4,0,1,2,A,-,12,22450,A,N,D,G,A,A,H,-,A,A,0,,Y,,,Y,,L,04,0,0,1,0,0,0,1,0,0,"- ","- ",36.987678527832031,-121.96060943603516,"SANTA CRUZ",UNINCORPORATED,-121.9605712890625,36.987758636474609
91833413,2022,2022-08-04,9720,2022-07-27,1802,022140,,3,2,9,4400,0,1,3,,2,020,"SR-1 S/B","41ST AVE",1584.00,N,N,A,-,Y,SCR,,1,,,13.979,H,,L,N,4,0,1,2,A,-,03,22350,,F,C,C,A,A,H,-,A,D,0,,,,,Y,,A,01,0,0,1,0,0,0,0,0,0,"- ","- ",36.983200073242188,-121.970947265625,"SANTA CRUZ",UNINCORPORATED,-121.97093963623047,36.983230590820312
91834756,2022,2022-08-08,9720,2022-07-26,1300,022879,,2,1,9,4400,0,2,4,,1,021,"SOQUEL DR.","CAPITOLA AVE.",187.00,N,N,A,-,N,,,,,,,,,,N,3,0,1,2,A,-,21,22106,,F,C,G,A,A,H,-,A,D,0,,Y,,,Y,Y,L,04,0,1,0,0,0,0,1,0,0,"- ","- ",36.971050262451172,-121.87145233154297,"SANTA CRUZ",UNINCORPORATED,-121.95052337646484,36.987236022949219
91834762,2022,2022-08-08,9720,2022-07-20,2500,021304,,3,4,9,4400,0,1,3,,1,010,SR-1,"CANYON RD",2112.00,N,N,B,-,Y,SCR,,1,,,36.623,H,,R,Y,3,0,1,1,A,-,03,22350,,M,E,I,A,A,H,-,A,D,0,,,,,Y,,A,01,0,1,0,0,0,0,0,0,0,"- ","- ",37.099098205566406,-122.28256225585938,"SANTA CRUZ",UNINCORPORATED,-122.28253936767578,37.099113464355469
91834779,2022,2022-08-08,9720,2022-08-03,0740,021304,,3,1,9,4400,0,1,3,,2,030,"SR-1 N/B","LARKIN VALLEY RD",1056.00,S,N,A,-,Y,SCR,,1,,R,7.557,H,,R,N,4,0,1,2,A,-,03,22350,,N,C,C,A,A,H,-,A,D,0,,,,,Y,,D,22,0,0,1,0,0,0,0,0,0,"- ","- ",36.959419250488281,-121.86109161376953,"SANTA CRUZ",UNINCORPORATED,-121.86107635498047,36.959426879882812
91834915,2022,2022-08-08,9720,2022-08-01,2050,022511,,1,2,9,4400,0,2,4,,1,023,"7TH AVE","RODRIGUEZ ST",120.00,S,N,A,-,N,,,,,,,,,,N,2,0,1,1,A,-,03,22350,,N,E,I,A,A,H,-,C,D,0,,,Y,,Y,,C,02,1,0,0,0,0,0,0,0,1,"- ","- ",36.981189727783203,-121.98954772949219,"SANTA CRUZ",UNINCORPORATED,-121.98961639404297,36.981182098388672
91834933,2022,2022-08-08,9720,2022-08-01,2045,021833,,1,2,9,4400,0,1,3,,1,017,"N/B SR-17","GLENWOOD DR.",550.00,S,N,A,-,Y,SCR,,17,,,10.529,H,,R,Y,4,0,1,2,A,-,01,23152,A,N,C,C,A,A,H,-,D,D,0,,,,,Y,Y,D,22,0,0,1,0,0,0,0,0,0,"- ","- ",37.118431091308594,-121.97515106201172,"SANTA CRUZ",UNINCORPORATED,-121.97514343261719,37.118431091308594
91836154,2022,2022-08-09,9720,2022-08-07,1410,022458,,7,2,9,4400,0,1,3,,1,017,"SR-17 N/B","CRESCENT DRIVE",1056.00,N,N,A,-,Y,SCR,,17,,,7.129,H,,R,Y,3,0,1,1,A,-,05,21460,A,N,E,I,A,A,H,-,A,D,0,,,,,Y,,D,22,0,1,0,0,0,0,0,0,0,"- ","- ",37.076000213623047,-121.98677062988281,"SANTA CRUZ",UNINCORPORATED,-121.98673248291016,37.075958251953125
91836679,2022,2022-08-09,9720,2022-08-03,1150,021248,,3,1,9,4400,0,1,3,,2,020,"SR-1 N/B","RIO DEL MAR BLVD",3696.00,N,N,A,-,Y,SCR,,1,,,9.840,H,,R,N,4,0,1,2,A,-,03,22350,,N,C,C,A,A,H,-,A,D,0,,,,,Y,,D,22,0,0,1,0,0,0,0,0,0,"- ","- ",36.974948883056641,-121.89874267578125,"SANTA CRUZ",UNINCORPORATED,-121.89873504638672,36.974933624267578
91837002,2022,2022-08-10,9720,2022-08-01,2245,022879,,1,3,9,4400,0,3,5,,2,100,"NORTH PLYMOUTH ST.","PASATIEMPO OVERCROSSING",528.00,S,N,A,-,N,,,,,,,,,,N,3,0,1,1,C,-,18,,,N,E,I,A,A,H,-,D,D,0,,Y,,,Y,,-,"- ",0,1,0,0,0,0,1,0,0,"- ","- ",36.997451782226562,-122.0198974609375,"SANTA CRUZ",UNINCORPORATED,-122.01992034912109,36.998165130615234
91837033,2022,2022-08-10,9720,2022-08-07,1850,022511,,7,2,9,4400,0,1,3,,2,030,"SR-1 N/B TO SR-129",SR-129,260.00,S,N,A,-,Y,,,,,,,,,,Y,4,0,1,1,A,-,08,22107,,N,F,A,A,A,H,-,A,D,0,,,,,Y,,A,01,0,0,1,0,0,0,0,0,0,"- ","- ",36.894039154052734,-121.77297973632812,"SANTA CRUZ",UNINCORPORATED,-121.77297973632812,36.894039154052734
91837488,2022,2022-08-10,9720,2022-07-31,1515,022140,,7,2,9,4400,0,1,3,,2,020,"SR-1 N/B","STATE PARD DR",400.00,S,N,A,-,Y,SCR,,1,,,10.456,H,,R,Y,4,0,4,3,A,-,03,22350,,N,C,C,A,A,H,-,A,D,0,,,,,Y,,A,07,0,0,4,0,0,0,0,0,0,"- ","- ",36.977409362792969,-121.90914916992188,"SANTA CRUZ",UNINCORPORATED,-121.90913391113281,36.977432250976562
91838522,2022,2022-08-11,9720,2022-08-06,0002,022399,,6,3,9,4400,0,1,3,,1,014,SR-9,"OLD MILL RD",9504.00,N,N,A,-,Y,SCR,,9,,,22.799,H,,R,Y,2,0,3,1,A,-,01,23152,A,N,E,I,A,A,H,-,D,D,0,,,,,Y,Y,A,01,2,1,0,0,0,0,0,0,0,"- ","- ",37.2293701171875,-122.14790344238281,"SANTA CRUZ",UNINCORPORATED,-122.14785766601562,37.229377746582031
91840087,2022,2022-08-15,9720,2022-08-03,1446,022976,,3,2,9,4400,0,1,3,,1,014,SR-9,"POOL DRIVE",375.00,N,N,A,F,Y,SCR,,9,,,15.475,H,,R,N,3,0,1,2,A,-,03,22350,,N,G,B,E,A,H,-,A,D,0,Y,,,,Y,Y,D,22,0,1,0,0,1,0,0,0,0,"- ","- ",37.156169891357422,-122.13363647460938,"SANTA CRUZ",UNINCORPORATED,-122.13363647460938,37.156169891357422
91840101,2022,2022-08-15,9720,2022-08-04,1848,021918,,4,2,9,4400,0,1,3,,1,017,"SR-17 SB TO MOUNT HERMON ROAD","MOUNT HERMON OVERCROSSING",150.00,N,N,A,-,Y,SCR,,17,,,3.466,H,,L,N,2,0,1,1,A,-,01,23152,A,N,E,I,A,A,H,-,A,D,0,,,,,Y,Y,D,22,1,0,0,0,0,0,0,0,0,"- ","- ",37.036178588867188,-122.02098846435547,"SANTA CRUZ",UNINCORPORATED,-122.02084350585938,37.036022186279297
91840190,2022,2022-08-15,9720,2022-08-05,1833,022545,,5,2,9,4400,0,1,3,,1,035,"SR-129 E/B","INDUSTRIAL RD",190.00,W,N,A,-,Y,SCR,,129,,L,0.468,H,,R,Y,3,0,1,1,A,-,08,22107,,N,F,A,A,A,H,-,A,D,0,,,,,Y,,A,07,0,1,0,0,0,0,0,0,0,"- ","- ",36.898281097412109,-121.76754760742188,"SANTA CRUZ",UNINCORPORATED,-121.76756286621094,36.898292541503906
91840260,2022,2022-08-15,9720,2022-08-07,1548,022545,,7,2,9,4400,0,1,3,,1,034,SR-152,"BEVERLY DR",290.00,E,N,A,-,Y,SCR,,152,,,1.892,H,,R,Y,2,0,1,2,A,-,09,21804,A,N,D,C,A,A,H,-,A,D,0,,,Y,,Y,,A,07,1,0,0,0,0,0,0,0,1,"- ","- ",36.934410095214844,-121.74331665039062,"SANTA CRUZ",UNINCORPORATED,-121.74331665039062,36.934410095214844
91840335,2022,2022-08-15,9720,2022-08-08,1524,022901,,1,2,9,4400,0,1,3,,1,015,SR-9,"PACIFIC STREET",1320.00,N,N,A,-,Y,SCR,,9,,,11.694,H,,R,Y,3,0,1,1,A,-,08,22107,,N,E,I,A,A,H,-,A,D,0,,,,,Y,,A,08,0,1,0,0,0,0,0,0,0,"- ","- ",37.108428955078125,-122.11412048339844,"SANTA CRUZ",UNINCORPORATED,-122.11418151855469,37.108386993408203
91840534,2022,2022-08-15,9720,2022-08-12,1030,021304,,5,1,9,4400,0,3,5,,2,300,"BROWNS VALLEY RD","DEER RIDGE TRAIL",1531.00,N,N,A,-,N,,,,,,,,,,N,2,0,1,1,A,-,03,22350,,N,F,A,A,A,H,-,A,D,0,,Y,,,Y,,L,04,1,0,0,0,0,0,1,0,0,"- ","- ",37.016189575195312,-121.78952789306641,"SANTA CRUZ",UNINCORPORATED,-121.78959655761719,37.016197204589844
91842188,2022,2022-08-17,9720,2022-08-05,1200,021248,,5,1,9,4400,0,1,3,,2,020,"SR-1 N/B","PARK AVE.",2112.00,S,N,A,-,Y,SCR,,1,,,11.725,H,,R,N,4,0,1,3,A,-,03,22350,,N,C,C,A,A,H,-,A,D,0,,,,,Y,,D,22,0,0,1,0,0,0,0,0,0,"- ","- ",36.983718872070312,-121.93026733398438,"SANTA CRUZ",UNINCORPORATED,-121.93026733398438,36.983749389648438
91842195,2022,2022-08-17,9720,2022-08-07,1413,021714,,7,2,9,4400,0,1,3,,1,010,"SR-1 N/B","SHAFFER RD",528.00,N,N,A,-,Y,SCR,,1,,,20.536,H,,R,Y,4,0,1,2,A,-,03,22350,,N,C,C,A,A,H,-,A,D,0,,,,,Y,,A,01,0,0,1,0,0,0,0,0,0,"- ","- ",36.961479187011719,-122.06426239013672,"SANTA CRUZ",UNINCORPORATED,-122.06425476074219,36.961494445800781
91842237,2022,2022-08-17,9720,2022-08-08,1120,021714,,1,1,9,4400,0,1,3,,1,017,"SR-17 S/B","CRESCENT DR",20.00,N,N,A,-,Y,SCR,,17,,,6.871,H,,L,Y,2,0,1,2,A,-,03,22350,,N,C,C,A,A,H,-,A,D,0,,,Y,,Y,,C,02,1,0,0,0,0,0,0,0,1,"- ","- ",37.074588775634766,-121.98848724365234,"SANTA CRUZ",UNINCORPORATED,-121.98850250244141,37.074596405029297
91842504,2022,2022-08-17,9720,2022-08-05,1715,022140,,5,2,9,4400,0,1,3,,2,020,"SR-1 S/B","RIO DEL MAR BLVD",1003.00,S,N,A,-,Y,SCR,,1,,,8.958,H,,L,N,4,0,1,3,A,-,06,21755,A,N,B,C,A,A,H,-,A,D,0,,,,,Y,,A,01,0,0,1,0,0,0,0,0,0,"- ","- ",36.973899841308594,-121.88320159912109,"SANTA CRUZ",UNINCORPORATED,-121.8831787109375,36.97393798828125
91842527,2022,2022-08-17,9720,2022-08-08,2256,022879,,1,3,9,4400,0,1,3,,1,017,"SR-17 S/B","ALTA VISTA LANE",130.00,S,N,A,-,Y,SCR,,17,,,11.152,H,,L,Y,3,0,1,1,A,-,08,22107,,N,E,8,A,A,H,-,D,D,0,,,,,Y,,A,01,0,1,0,0,0,0,0,0,0,"- ","- ",37.126239776611328,-121.97380065917969,"SANTA CRUZ",UNINCORPORATED,-121.97383880615234,37.126216888427734
91842604,2022,2022-08-17,9720,2022-08-14,0950,022879,,7,1,9,4400,0,1,3,,1,010,SR-236,"PEONE DR",138.00,E,N,A,-,Y,SCR,,236,,,0.450,H,,R,Y,3,0,1,1,A,-,08,22107,,N,E,I,A,A,H,-,A,D,0,,,,,Y,,D,22,0,1,0,0,0,0,0,0,0,"- ","- ",37.126178741455078,-122.13014984130859,"SANTA CRUZ",UNINCORPORATED,-122.13011932373047,37.126216888427734
91844903,2022,2022-08-22,9720,2022-08-10,0022,022907,,3,3,9,4400,0,1,3,,1,017,"NB SR-17","VINE HILL RD",45.00,N,N,A,-,Y,SCR,,17,,,7.424,H,,R,Y,3,0,1,1,A,-,01,23152,A,N,E,I,A,A,H,-,D,D,0,,,,,Y,Y,A,07,0,1,0,0,0,0,0,0,0,"- ","- ",37.076728820800781,-121.98400115966797,"SANTA CRUZ",UNINCORPORATED,-121.98400115966797,37.076740264892578
91844904,2022,2022-08-22,9720,2022-08-12,1625,022140,,5,2,9,4400,0,1,3,,2,020,"SR-1 S/B","MORRISSEY BLVD",260.00,S,N,A,-,Y,SCR,,1,,,15.760,H,,L,Y,3,0,3,3,A,-,03,22350,,N,C,C,A,A,H,-,A,D,0,,,,,Y,,D,22,0,1,2,0,0,0,0,0,0,"- ","- ",36.988368988037109,-122.0023193359375,"SANTA CRUZ",UNINCORPORATED,-122.00232696533203,36.988204956054688
91845082,2022,2022-08-22,9720,2022-08-10,1430,020977,,3,2,9,4400,0,1,3,,2,020,"RT 1","CAPITOLA AVE O/C",1584.00,S,N,A,-,Y,SCR,,1,,,12.636,H,,R,N,4,0,1,3,A,-,03,22350,,N,C,C,A,A,H,-,A,D,0,,,,,Y,,A,07,0,0,1,0,0,0,0,0,0,"- ","- ",36.984001159667969,-121.94677734375,"SANTA CRUZ",UNINCORPORATED,-121.94677734375,36.984100341796875
91845086,2022,2022-08-22,9720,2022-08-13,1625,022140,,6,2,9,4400,0,1,3,,1,010,SR-1,"UPPER SCARONI RD",370.00,S,N,A,-,Y,SCR,,1,,,24.918,H,,R,Y,4,0,3,2,A,-,04,21703,,N,C,C,A,A,H,-,A,D,0,,,,,Y,,A,01,0,0,3,0,0,0,0,0,0,"- ","- ",36.980159759521484,-122.13848114013672,"SANTA CRUZ",UNINCORPORATED,-122.13848876953125,36.980148315429688
91846428,2022,2022-08-23,9720,2022-08-13,1525,022140,,6,2,9,4400,0,2,4,,1,031,"FREEDOM BLVD","SANTA FE RIDGE",135.00,S,N,A,-,N,,,,,,,,,,Y,4,0,1,1,A,-,03,22350,,N,E,I,A,A,H,-,A,D,0,,,,,Y,Y,A,07,0,0,1,0,0,0,0,0,0,"- ","- ",36.985248565673828,-121.86184692382812,"SANTA CRUZ",UNINCORPORATED,-121.86185455322266,36.985301971435547
91846439,2022,2022-08-23,9720,2022-08-13,1535,022901,,6,2,9,4400,0,1,3,,1,010,SR-1,"SWANTON ROAD",10560.00,N,N,A,-,Y,SCR,,1,,,31.453,H,,R,N,2,0,1,2,A,-,09,21804,A,N,C,C,A,A,H,-,A,D,0,,,Y,,Y,,C,02,1,0,0,0,0,0,0,0,1,"- ","- ",37.039451599121094,-122.22776794433594,"SANTA CRUZ",UNINCORPORATED,-122.22780609130859,37.0394287109375
91846552,2022,2022-08-23,9720,2022-08-14,1330,022879,,7,1,9,4400,0,1,3,,1,014,SR-9,"UPPER SR-236",7800.00,N,N,A,-,Y,SCR,,9,,,22.815,H,,R,Y,4,0,1,1,A,-,03,22350,,N,F,0,A,A,H,-,A,D,0,,,Y,,Y,,C,02,0,0,1,0,0,0,0,0,1,"- ","- ",37.229541778564453,-122.14804077148438,"SANTA CRUZ",UNINCORPORATED,-122.14802551269531,37.229549407958984