CASE_ID,ACCIDENT_YEAR,PROC_DATE,JURIS,COLLISION_DATE,COLLISION_TIME,OFFICER_ID,REPORTING_DISTRICT,DAY_OF_WEEK,CHP_SHIFT,POPULATION,CNTY_CITY_LOC,SPECIAL_COND,BEAT_TYPE,CHP_BEAT_TYPE,CITY_DIVISION_LAPD,CHP_BEAT_CLASS,BEAT_NUMBER,PRIMARY_RD,SECONDARY_RD,DISTANCE,DIRECTION,INTERSECTION,WEATHER_1,WEATHER_2,STATE_HWY_IND,CALTRANS_COUNTY,CALTRANS_DISTRICT,STATE_ROUTE,ROUTE_SUFFIX,POSTMILE_PREFIX,POSTMILE,LOCATION_TYPE,RAMP_INTERSECTION,SIDE_OF_HWY,TOW_AWAY,COLLISION_SEVERITY,NUMBER_KILLED,NUMBER_INJURED,PARTY_COUNT,PRIMARY_COLL_FACTOR,PCF_CODE_OF_VIOL,PCF_VIOL_CATEGORY,PCF_VIOLATION,PCF_VIOL_SUBSECTION,HIT_AND_RUN,TYPE_OF_COLLISION,MVIW,PED_ACTION,ROAD_SURFACE,ROAD_COND_1,ROAD_COND_2,LIGHTING,CONTROL_DEVICE,CHP_ROAD_TYPE,PEDESTRIAN_ACCIDENT,BICYCLE_ACCIDENT,MOTORCYCLE_ACCIDENT,TRUCK_ACCIDENT,NOT_PRIVATE_PROPERTY,ALCOHOL_INVOLVED,STWD_VEHTYPE_AT_FAULT,CHP_VEHTYPE_AT_FAULT,COUNT_SEVERE_INJ,COUNT_VISIBLE_INJ,COUNT_COMPLAINT_PAIN,COUNT_PED_KILLED,COUNT_PED_INJURED,COUNT_BICYCLIST_KILLED,COUNT_BICYCLIST_INJURED,COUNT_MC_KILLED,COUNT_MC_INJURED,PRIMARY_RAMP,SECONDARY_RAMP,LATITUDE,LONGITUDE,COUNTY,CITY,POINT_X,POINT_Y
91846559,2022,2022-08-23,9720,2022-08-14,1510,022140,,7,2,9,4400,0,1,3,,2,020,"SR-1 N/B TO OCEAN ST","OCEAN ST",300.00,N,N,A,-,Y,SCR,,1,,,17.183,H,,L,N,4,0,2,2,A,-,03,22350,,N,C,C,A,A,H,-,A,D,0,,,,,Y,,A,07,0,0,2,0,0,0,0,0,0,"- ","- ",36.986091613769531,-122.02375030517578,"SANTA CRUZ",UNINCORPORATED,-122.02382659912109,36.986171722412109
91846567,2022,2022-08-23,9720,2022-08-14,1740,022901,,7,2,9,4400,0,1,3,,1,010,SR-1,"COAST ROAD",1373.00,S,N,A,-,Y,SCR,,1,,,22.039,H,,R,Y,3,0,1,1,A,-,08,22107,,N,E,8,A,A,H,-,A,D,0,,,,,Y,,A,07,0,1,0,0,0,0,0,0,0,"- ","- ",36.961288452148438,-122.09378051757812,"SANTA CRUZ",UNINCORPORATED,-122.09377288818359,36.961376190185547
91846966,2022,2022-09-15,9720,2022-08-11,1200,021248,,4,1,9,4400,0,2,4,,1,023,"41ST AVE","SOQUEL DR",550.00,S,N,A,-,N,,,,,,,,,,N,4,0,1,2,A,-,09,21801,A,N,D,C,A,A,H,-,A,D,0,,,,,Y,,A,07,0,0,1,0,0,0,0,0,0,"- ","- ",36.985870361328125,-121.96501922607422,"SANTA CRUZ",UNINCORPORATED,-121.96494293212891,36.985889434814453
91848092,2022,2022-08-24,9720,2022-08-12,0700,021304,,5,1,9,4400,0,2,4,,1,032,"GREEN VALLEY RD","DICK PHELPS RD",0.00,,Y,A,-,N,,,,,,,,,,N,4,0,1,2,A,-,09,21802,A,N,D,C,A,A,H,-,A,A,0,,,,,Y,,D,22,0,0,1,0,0,0,0,0,0,"- ","- ",36.949428558349609,-121.76486968994141,"SANTA CRUZ",UNINCORPORATED,-121.76488494873047,36.949501037597656
91848097,2022,2022-08-24,9720,2022-08-12,2310,022471,,5,3,9,4400,0,3,5,,2,100,"BEAR CREEK RD","SUNSET RIDGE RD",2640.00,W,N,A,-,N,,,,,,,,,,N,3,0,1,1,A,-,03,22350,,N,E,I,A,A,H,-,D,D,0,,,,,Y,,A,01,0,1,0,0,0,0,0,0,0,"- ","- ",37.167839050292969,-122.04663848876953,"SANTA CRUZ",UNINCORPORATED,-122.05029296875,37.167423248291016
91848130,2022,2022-08-24,9720,2022-08-12,2100,021489,,5,2,9,4400,0,3,5,,2,200,"TREMONT DRIVE","17TH AVENUE",126.00,W,N,A,-,N,,,,,,,,,,N,2,0,1,1,A,-,17,21200,,N,E,I,A,A,H,-,C,D,0,,Y,,,Y,Y,M,91,1,0,0,0,0,0,1,0,0,"- ","- ",36.963840484619141,-121.98789978027344,"SANTA CRUZ",UNINCORPORATED,-121.98773956298828,36.963863372802734
91848170,2022,2022-08-25,9720,2022-08-12,1100,021548,,5,1,9,4400,0,3,5,,2,100,"EMPIRE GRADE RD","FELTON EMPIRE RD",590.00,N,N,A,-,N,,,,,,,,,,N,3,0,1,1,A,-,08,22107,,N,B,I,A,A,H,-,A,D,0,,,,,Y,,A,01,0,1,0,0,0,0,0,0,0,"- ","- ",37.059169769287109,-122.12444305419922,"SANTA CRUZ",UNINCORPORATED,-122.12440490722656,37.059135437011719
91848405,2022,2022-08-25,9720,2022-08-13,1000,021304,,6,1,9,4400,0,3,5,,2,300,"MOUNT MADONNA RD","HAZEL DELL RD",5808.00,N,N,A,-,N,,,,,,,,,,N,2,0,1,1,A,-,03,22350,,N,E,I,A,A,H,-,A,D,0,,Y,,,Y,,L,04,1,0,0,0,0,0,1,0,0,"- ","- ",37.00128173828125,-121.73142242431641,"SANTA CRUZ",UNINCORPORATED,-121.73097229003906,37.000400543212891
91848452,2022,2022-08-25,9720,2022-08-14,0209,022471,,7,3,9,4400,0,1,3,,2,030,"SR-1 S/B TO SR-152 (MAIN ST.)","AIRPORT BLVD.",1000.00,S,N,A,-,Y,SCR,,1,,R,2.929,H,,L,Y,4,0,1,2,A,-,03,22350,,N,C,C,A,A,H,-,C,D,0,,,,,Y,,A,01,0,0,1,0,0,0,0,0,0,"- ","- ",36.922218322753906,-121.79351806640625,"SANTA CRUZ",UNINCORPORATED,-121.79344177246094,36.92230224609375
91848613,2022,2022-08-25,9720,2022-08-15,0200,022471,,1,3,9,4400,0,3,5,,2,100,"LAKESIDE DR.","LAUREL AVE",1000.00,W,N,A,-,N,,,,,,,,,,Y,2,0,1,2,A,-,01,23152,A,N,A,E,A,A,H,-,C,D,0,,,,,Y,Y,A,07,1,0,0,0,0,0,0,0,0,"- ","- ",37.033599853515625,-122.08113098144531,"SANTA CRUZ",UNINCORPORATED,-122.080810546875,37.033866882324219
91848667,2022,2022-08-25,9720,2022-08-15,1145,022901,,1,1,9,4400,0,1,3,,1,034,SR-152,"FALLOWFIELD LANE",714.00,E,N,A,-,Y,SCR,,152,,,4.279,H,,R,N,4,0,2,2,A,-,03,22350,,N,C,C,A,A,H,-,A,D,0,,,,,Y,,D,22,0,0,2,0,0,0,0,0,0,"- ","- ",36.962871551513672,-121.72176361083984,"SANTA CRUZ",UNINCORPORATED,-121.72180938720703,36.962894439697266
91849028,2022,2022-08-25,9720,2022-08-14,1843,022140,,7,2,9,4400,0,1,3,,1,010,SR-1,"UPPER SWANTON RD",9715.00,S,N,A,-,Y,SCR,,1,,,33.435,H,,R,Y,3,0,2,2,A,-,05,21460,A,N,B,C,A,A,H,-,A,D,0,,,,,Y,,A,01,0,1,1,0,0,0,0,0,0,"- ","- ",37.061328887939453,-122.2513427734375,"SANTA CRUZ",UNINCORPORATED,-122.25135040283203,37.061325073242188
91850190,2022,2022-08-26,9720,2022-08-18,1850,022140,,4,2,9,4400,0,1,3,,2,020,"SR-1 S/B","PARK AVE",1214.00,N,N,A,-,Y,SCR,,1,,,12.337,H,,L,Y,3,0,4,3,A,-,03,22350,,N,C,C,A,A,H,-,A,D,0,,,,,Y,,A,01,0,3,1,0,0,0,0,0,0,"- ","- ",36.983940124511719,-121.94136047363281,"SANTA CRUZ",UNINCORPORATED,-121.94136047363281,36.983928680419922
91850191,2022,2022-08-26,9720,2022-08-15,1716,022976,,1,2,9,4400,0,2,4,,1,021,"SOQUEL DRIVE","COMMERCIAL CROSSING",13.00,W,N,A,-,N,,,,,,,,,,N,4,0,1,2,A,-,08,22107,,N,H,G,A,A,H,-,A,A,0,,Y,,,Y,,A,01,0,0,1,0,0,0,1,0,0,"- ","- ",36.988590240478516,-121.98298645019531,"SANTA CRUZ",UNINCORPORATED,-121.98296356201172,36.9886474609375
91851297,2022,2022-08-29,9720,2022-08-18,0147,022545,,4,3,9,4400,0,1,3,,1,017,"SR-17 S/B","GRANITE CREEK RD",4224.00,S,N,A,-,Y,SCR,,17,,,4.598,H,,L,Y,3,0,2,2,A,-,08,22107,,N,E,I,F,A,H,-,D,D,0,Y,,,,Y,,A,01,0,1,1,0,1,0,0,0,0,"- ","- ",37.050098419189453,-122.01123809814453,"SANTA CRUZ",UNINCORPORATED,-122.01120758056641,37.050083160400391
91851312,2022,2022-08-29,9720,2022-08-19,1425,022140,,5,2,9,4400,0,3,5,,2,300,"BUENA VISTA DR","WHISKEY HILL RD",1690.00,E,N,A,-,N,,,,,,,,,,Y,4,0,1,2,A,-,05,21460,A,M,E,I,A,A,H,-,A,D,0,,,,,Y,,-,99,0,0,1,0,0,0,0,0,0,"- ","- ",36.916801452636719,-121.81979370117188,"SANTA CRUZ",UNINCORPORATED,-121.81987762451172,36.916877746582031
91851324,2022,2022-08-29,9720,2022-08-19,1604,021918,,5,2,9,4400,0,2,4,,1,016,"GRAHAM HILL RD","ROLLINGWOODS DR",1426.00,N,N,A,-,N,,,,,,,,,,N,3,0,1,2,A,-,01,23152,A,M,C,C,A,A,H,-,A,D,0,,,,,Y,Y,A,01,0,1,0,0,0,0,0,0,0,"- ","- ",37.029678344726562,-122.03997039794922,"SANTA CRUZ",UNINCORPORATED,-122.03998565673828,37.029567718505859
91851348,2022,2022-08-29,9720,2022-08-10,1858,020977,,3,2,9,4400,0,2,4,,1,024,"EAST CLIFF AVENUE","SUNNY COVE DRIVE",82.00,N,N,A,-,N,,,,,,,,,,Y,3,0,6,2,A,-,01,23152,A,N,A,C,A,A,H,-,A,D,0,,,,,Y,Y,A,07,0,6,0,0,0,0,0,0,0,"- ","- ",36.961841583251953,-121.98854827880859,"SANTA CRUZ",UNINCORPORATED,-121.98857879638672,36.96185302734375
91851364,2022,2022-08-29,9720,2022-08-24,1600,022511,,3,2,9,4400,0,1,3,,1,015,SR-9,"GLEN LOMOND LN.",5.00,S,N,A,-,Y,SCR,,9,,,7.840,H,,R,Y,4,0,2,3,A,-,03,22350,,N,C,C,A,A,H,-,A,D,0,,,,,Y,,A,01,0,0,2,0,0,0,0,0,0,"- ","- ",37.069080352783203,-122.08376312255859,"SANTA CRUZ",UNINCORPORATED,-122.08375549316406,37.069084167480469
91851561,2022,2022-08-29,9720,2022-08-20,0608,022162,,6,1,9,4400,0,2,4,,1,032,"488 GREEN VALLEY ROAD","DICK PHELPS ROAD",98.00,N,N,A,-,N,,,,,,,,,,Y,3,0,1,1,A,-,01,23152,A,M,E,I,A,A,H,-,B,D,0,,,,,Y,Y,A,01,0,1,0,0,0,0,0,0,0,"- ","- ",36.9498291015625,-121.76481628417969,"SANTA CRUZ",UNINCORPORATED,-121.76486968994141,36.94976806640625
91851580,2022,2022-08-29,9720,2022-08-20,1354,022879,,6,1,9,4400,0,2,4,,1,021,"SOQUEL DR.","HANNAN LN.",6.00,S,N,A,-,N,,,,,,,,,,N,3,0,1,2,A,-,08,22107,,N,H,G,A,A,H,-,A,D,0,,Y,,,Y,,A,07,0,1,0,0,0,0,1,0,0,"- ","- ",36.987739562988281,-121.95259857177734,"SANTA CRUZ",UNINCORPORATED,-121.95264434814453,36.987659454345703
91851759,2022,2022-08-29,9720,2022-08-21,2220,022542,,7,3,9,4400,0,1,3,,1,015,SR-9,"CALIFORNIA DR",1000.00,N,N,A,-,Y,SCR,,9,,,10.379,H,,R,Y,3,0,1,1,A,-,08,22107,,N,E,I,A,A,H,-,C,D,0,,,,,Y,Y,A,07,0,1,0,0,0,0,0,0,0,"- ","- ",37.098281860351562,-122.09787750244141,"SANTA CRUZ",UNINCORPORATED,-122.097900390625,37.0982666015625
91852232,2022,2022-08-29,9720,2022-08-15,1541,022879,,1,2,9,4400,0,3,5,,2,200,"STATE PARK DR.","SOQUEL DR.",33.00,W,N,A,-,N,,,,,,,,,,N,3,0,2,5,A,-,01,23152,A,N,B,C,A,A,H,-,A,A,0,,,,,Y,Y,D,22,0,1,1,0,0,0,0,0,0,"- ","- ",36.979690551757812,-121.90830993652344,"SANTA CRUZ",UNINCORPORATED,-121.90853881835938,36.979816436767578
91852315,2022,2022-08-29,9720,2022-08-22,1055,022162,,1,1,9,4400,0,3,5,,2,100,"GLENWOOD DRIVE","BEAN CREEK ROAD",1109.00,S,N,A,-,N,,,,,,,,,,N,3,0,1,1,C,-,18,,,N,F,A,A,A,B,-,A,D,0,,Y,,,Y,,-,"- ",0,1,0,0,0,0,1,0,0,"- ","- ",37.082569122314453,-122.00675201416016,"SANTA CRUZ",UNINCORPORATED,-122.00637817382812,37.083827972412109
91853435,2022,2022-08-30,9720,2022-08-18,0820,021548,,4,1,9,4400,0,3,5,,2,100,"BEAR CREEK RD.","BEAR CREEK WAY",1584.00,E,N,A,-,N,,,,,,,,,,Y,3,0,1,1,A,-,08,22107,,N,E,I,A,A,H,-,A,D,0,,,,,Y,,A,07,0,1,0,0,0,0,0,0,0,"- ","- ",37.171070098876953,-122.05661010742188,"SANTA CRUZ",UNINCORPORATED,-122.05640411376953,37.171058654785156
91853447,2022,2022-08-30,9720,2022-08-17,0820,022901,,3,1,9,4400,0,1,3,,2,030,"SR-1 N/B","FREEDOM BOULEVARD",1584.00,S,N,A,-,Y,SCR,,1,,R,8.248,H,,R,N,3,0,1,2,A,-,03,22350,,N,C,C,A,A,H,-,A,D,0,,,,,Y,,A,01,0,1,0,0,0,0,0,0,0,"- ","- ",36.967159271240234,-121.869140625,"SANTA CRUZ",UNINCORPORATED,-121.86911773681641,36.967178344726562
91853461,2022,2022-08-30,9720,2022-08-22,0656,022400,,1,1,9,4400,0,1,3,,2,020,SR-1,"N. BRANCIFORTE OVERCROSSING",1056.00,N,N,A,-,Y,SCR,,1,,,16.575,H,,R,N,3,0,1,3,A,-,03,22350,,N,C,C,A,A,H,-,A,D,0,,,,,Y,,A,01,0,1,0,0,0,0,0,0,0,"- ","- ",36.989040374755859,-122.01683807373047,"SANTA CRUZ",UNINCORPORATED,-122.01685333251953,36.988979339599609
91853469,2022,2022-08-30,9720,2022-08-22,1320,022901,,1,1,9,4400,0,1,3,,2,030,SR-1,"SR-129 (RIVERSIDE DRIVE)",5016.00,N,N,A,-,Y,SCR,,1,,R,1.613,H,,R,Y,4,0,1,1,A,-,03,22350,,N,E,8,A,A,H,-,A,D,0,,,,,Y,,A,01,0,0,1,0,0,0,0,0,0,"- ","- ",36.905860900878906,-121.78156280517578,"SANTA CRUZ",UNINCORPORATED,-121.78134155273438,36.905948638916016
91853580,2022,2022-08-30,9720,2022-08-11,2115,020977,,4,2,9,4400,0,1,3,,2,020,"SR-1 N/B TO SR-17 N/B","STATE ROUTE 17",57.00,E,N,A,-,Y,SCR,,17,,,0.060,H,,R,Y,2,0,5,1,A,-,01,23152,A,N,E,I,A,A,H,-,C,D,0,,,,,Y,Y,A,07,4,1,0,0,0,0,0,0,0,"- ","- ",36.990390777587891,-122.02101135253906,"SANTA CRUZ",UNINCORPORATED,-122.021240234375,36.990509033203125
91853590,2022,2022-08-30,9720,2022-08-18,1013,019956,,4,1,9,4400,0,3,5,,2,100,"EMPIRE GRADE","SMITH GRADE",4224.00,S,N,A,-,N,,,,,,,,,,Y,2,0,1,1,A,-,03,22350,,N,E,I,A,A,H,-,A,D,0,,,Y,,Y,,C,02,1,0,0,0,0,0,0,0,1,"- ","- ",37.022941589355469,-122.08759307861328,"SANTA CRUZ",UNINCORPORATED,-122.08734893798828,37.0228271484375
91854191,2022,2022-08-31,9720,2022-08-23,1837,022976,,2,2,9,4400,0,1,3,,2,020,"SB SR-1","PARK AVE",175.00,N,N,A,-,Y,SCR,,1,,,12.064,H,,R,N,3,0,4,4,A,-,04,21703,,N,C,C,A,A,H,-,A,D,0,,,,,Y,,A,07,0,3,1,0,0,0,0,0,0,"- ","- ",36.984130859375,-121.93637084960938,"SANTA CRUZ",UNINCORPORATED,-121.93637084960938,36.984066009521484
91854232,2022,2022-08-31,9720,2022-08-27,1720,022879,,6,2,3,4404,0,1,3,,1,017,"N/B SR-17","GRANITE CREEK RD. OVERCROSSING",3780.00,S,N,A,-,Y,SCR,,17,,,4.725,H,,R,Y,2,0,1,2,A,-,03,22350,,N,C,C,A,A,H,-,A,D,0,,,Y,,Y,,C,02,1,0,0,0,0,0,0,0,1,"- ","- ",37.051521301269531,-122.00982666015625,"SANTA CRUZ","SCOTTS VALLEY",-122.00991821289062,37.051563262939453
91854683,2022,2022-09-15,9720,2022-08-23,0800,021248,,2,1,9,4400,0,2,4,,1,021,"SOQUEL DR","JAUNELL RD",0.00,,Y,A,-,N,,,,,,,,,,N,3,0,1,2,A,-,09,21801,A,N,F,A,A,A,H,-,A,D,0,,Y,,,Y,,A,01,0,1,0,0,0,0,1,0,0,"- ","- ",36.973499298095703,-121.88063812255859,"SANTA CRUZ",UNINCORPORATED,-121.88053131103516,36.973377227783203
91854688,2022,2022-08-31,9720,2022-08-23,1300,021248,,2,1,9,4400,0,2,4,,1,021,"SOQUEL DR","THURBER LN",25.00,E,N,A,-,N,,,,,,,,,,N,3,0,1,2,A,-,07,21658,A,N,D,G,A,A,H,-,A,A,0,,Y,,,Y,,L,04,0,1,0,0,0,0,1,0,0,"- ","- ",36.988788604736328,-121.97908020019531,"SANTA CRUZ",UNINCORPORATED,-121.97910308837891,36.988735198974609
91855139,2022,2022-09-01,9720,2022-08-23,0820,018171,,2,1,9,4400,0,1,3,,2,020,"SR-1 N/B","RIO DEL MAR BLVD",500.00,N,N,A,-,Y,SCR,,1,,,9.537,H,,R,N,3,0,1,2,A,-,07,21658,A,N,B,C,A,A,H,-,A,D,0,,,Y,,Y,,A,07,0,1,0,0,0,0,0,0,1,"- ","- ",36.975299835205078,-121.89321899414062,"SANTA CRUZ",UNINCORPORATED,-121.89321899414062,36.97528076171875
91855620,2022,2022-09-01,9720,2022-08-26,0800,023066,,5,1,9,4400,0,2,4,,1,031,"SR-1 S/B FROM AIRPORT BLVD.","AIRPORT BLVD.",160.00,N,N,B,-,Y,SCR,,1,,R,3.218,H,,L,Y,4,0,1,1,A,-,03,22350,,N,F,A,A,B,H,-,A,D,0,,,,,Y,,A,07,0,0,1,0,0,0,0,0,0,"- ","- ",36.924598693847656,-121.79775238037109,"SANTA CRUZ",UNINCORPORATED,-121.79756927490234,36.924797058105469
91855623,2022,2022-09-01,9720,2022-08-27,0726,023066,,6,1,9,4400,0,1,3,,1,034,SR-152,"GAFFEY RD.",1584.00,W,N,B,-,Y,SCR,,152,,,5.955,H,,R,Y,4,0,1,1,A,-,08,22107,,N,E,I,A,B,H,-,A,D,0,,,,,Y,,A,07,0,0,1,0,0,0,0,0,0,"- ","- ",36.978691101074219,-121.71108245849609,"SANTA CRUZ",UNINCORPORATED,-121.71106719970703,36.978679656982422
91855681,2022,2022-09-01,9720,2022-08-24,2500,021248,,3,4,9,4400,0,1,3,,2,020,"SR-1 N/B","41ST AVE",1180.00,N,N,A,-,Y,SCR,,1,,,13.903,H,,R,N,2,0,1,2,A,-,11,21954,A,F,G,B,E,A,H,-,C,D,0,Y,,,,Y,,N,60,1,0,0,0,1,0,0,0,0,"- ","- ",36.983150482177734,-121.96952819824219,"SANTA CRUZ",UNINCORPORATED,-121.96952819824219,36.983154296875
91856526,2022,2024-02-16,9720,2022-08-23,1803,023026,,2,2,9,4400,0,1,3,,1,015,SR-9,"SCENIC WAY",0.00,,Y,A,-,Y,SCR,,9,,,8.925,H,,R,N,2,0,1,2,A,-,09,21801,A,N,D,C,A,A,H,-,A,D,0,,,Y,,Y,,A,07,1,0,0,0,0,0,0,0,1,"- ","- ",37.082649230957031,-122.08759307861328,"SANTA CRUZ",UNINCORPORATED,-122.08741760253906,37.082782745361328
91857293,2022,2022-09-05,9720,2022-08-28,0135,022471,,7,3,9,4400,0,1,3,,2,020,"SR-1 N/B FROM FREEDOM BLVD","FREEDOM BLVD",500.00,N,N,E,-,Y,SCR,,1,,,8.441,H,,R,Y,4,0,1,1,A,-,08,22107,,N,F,0,A,B,H,-,D,D,0,,,,,Y,,A,07,0,0,1,0,0,0,0,0,0,"- ","- ",36.971248626708984,-121.87429046630859,"SANTA CRUZ",UNINCORPORATED,-121.87441253662109,36.971035003662109
91857352,2022,2022-09-05,9720,2022-08-29,2105,022907,,1,2,9,4400,0,3,5,,2,300,"PAULSEN RD","DIAS LN",1056.00,N,N,A,-,N,,,,,,,,,,Y,3,0,1,1,A,-,08,22107,,N,E,I,A,A,H,-,D,D,0,,,,,Y,,A,01,0,1,0,0,0,0,0,0,0,"- ","- ",36.954959869384766,-121.74136352539062,"SANTA CRUZ",UNINCORPORATED,,
91857392,2022,2022-09-05,9720,2022-02-19,0058,021540,,6,3,9,4400,0,2,4,,1,021,"SOQUEL DR","PERIMETER RD",665.00,W,N,A,-,N,,,,,,,,,,Y,1,1,0,1,A,-,01,23152,A,N,E,J,A,A,H,-,C,D,0,,,,,Y,Y,A,01,0,0,0,0,0,0,0,0,0,"- ","- ",36.98822021484375,-121.92465209960938,"SANTA CRUZ",UNINCORPORATED,-121.93099212646484,36.990463256835938
91857416,2022,2022-09-05,9720,2022-08-29,1220,022901,,1,1,9,4400,0,1,3,,1,015,SR-9,"MILL STREET",25.00,S,N,A,-,Y,SCR,,9,,,9.616,H,,R,N,3,0,4,1,A,-,08,22107,,N,E,I,A,A,H,-,A,D,0,,,,,Y,,A,01,0,4,0,0,0,0,0,0,0,"- ","- ",37.089401245117188,-122.09185028076172,"SANTA CRUZ",UNINCORPORATED,-122.09186553955078,37.089435577392578
91858118,2022,2022-09-06,9720,2022-08-27,0919,021211,,6,1,9,4400,0,1,3,,1,034,SR-152,"PACIFIC VIEW TERR",3696.00,W,N,B,-,Y,SCR,,152,,,6.434,H,,R,N,4,0,3,2,A,-,09,21801,A,N,D,C,A,B,H,-,A,D,0,,,,,Y,,A,01,0,0,3,0,0,0,0,0,0,"- ","- ",36.980789184570312,-121.71803283691406,"SANTA CRUZ",UNINCORPORATED,-121.71798706054688,36.980804443359375
91858664,2022,2022-09-07,9720,2022-08-25,1700,022976,,4,2,9,4400,0,2,4,,1,024,"CAPITOLA ROAD","MACIEL AVENUE",500.00,E,N,A,-,N,,,,,,,,,,N,4,0,1,2,A,-,09,21804,A,N,D,C,A,A,H,-,A,D,0,,,,,Y,,A,07,0,0,1,0,0,0,0,0,0,"- ","- ",36.974300384521484,-121.97509765625,"SANTA CRUZ",UNINCORPORATED,-121.97494506835938,36.974273681640625
91858791,2022,2022-09-07,9720,2022-09-03,1030,022901,,6,1,9,4400,0,3,5,,2,200,"APTOS BEACH DRIVE","SPRECKELS DRIVE",210.00,W,N,A,-,N,,,,,,,,,,N,3,0,1,1,C,-,18,,,N,F,A,A,A,H,-,A,D,0,,Y,,,Y,,-,"- ",0,1,0,0,0,0,1,0,0,"- ","- ",36.971580505371094,-121.90235900878906,"SANTA CRUZ",UNINCORPORATED,-121.90228271484375,36.97161865234375
91859344,2022,2022-09-08,9720,2022-08-26,2140,021477,,5,2,9,4400,0,1,3,,2,030,"SR-1 N/B ON RAMP FROM AIRPORT BOULEVARD","AIRPORT BLVD.",528.00,N,N,A,-,Y,SCR,,1,,R,3.288,H,,R,N,3,0,1,1,A,-,08,22107,,N,F,I,A,A,H,-,C,D,0,,,,,Y,Y,D,22,0,1,0,0,0,0,0,0,0,"- ","- ",36.925689697265625,-121.79837036132812,"SANTA CRUZ",UNINCORPORATED,-121.79847717285156,36.925579071044922
91859774,2022,2022-09-08,9720,2022-09-01,1245,022162,,4,1,9,4400,0,3,5,,2,100,"PINE FLAT ROAD","BONNY DOON ROAD",185.00,N,N,A,-,N,,,,,,,,,,Y,4,0,2,2,A,-,05,21460,A,N,B,C,A,A,H,-,A,D,0,,,,,Y,,A,01,0,0,2,0,0,0,0,0,0,"- ","- ",37.04254150390625,-122.15052795410156,"SANTA CRUZ",UNINCORPORATED,-122.15058898925781,37.042526245117188
91860131,2022,2022-09-08,9720,2022-08-30,1315,018171,,2,1,9,4400,0,3,5,,2,200,"RIO DEL MAR BLVD","DEER PARK SHOPPING CENTER (783 RIO DEL MAR BLVD)",0.00,,Y,A,-,N,,,,,,,,,,N,2,0,1,2,A,-,09,21804,A,N,D,C,A,A,H,-,A,D,0,,,Y,,Y,,A,01,1,0,0,0,0,0,0,0,1,"- ","- ",36.973358154296875,-121.88896942138672,"SANTA CRUZ",UNINCORPORATED,,
91860215,2022,2022-09-08,9720,2022-09-03,1135,022901,,6,1,9,4400,0,3,5,,2,300,"APTOS BEACH DRIVE","SPRECKELS DRIVE",210.00,W,N,A,-,N,,,,,,,,,,N,2,0,1,1,C,-,18,,,N,F,A,A,A,H,-,A,D,0,,Y,,,Y,,-,"- ",1,0,0,0,0,0,1,0,0,"- ","- ",36.971580505371094,-121.90235900878906,"SANTA CRUZ",UNINCORPORATED,-121.90228271484375,36.97161865234375
91861113,2022,2022-09-09,9720,2022-08-27,1518,023026,,6,2,9,4400,0,3,5,,2,300,"CARLTON RD","COWARD RD",0.00,,Y,A,-,N,,,,,,,,,,N,3,0,1,1,A,-,03,22350,,N,F,A,A,A,B,-,A,D,0,,,Y,,Y,,C,02,0,1,0,0,0,0,0,0,1,"- ","- ",36.931709289550781,-121.71214294433594,"SANTA CRUZ",UNINCORPORATED,-121.71212005615234,36.931743621826172
91861230,2022,2022-09-12,9720,2022-08-28,1350,020977,,7,1,9,4400,0,3,5,,2,300,"MAR MONTE AVE","ROBAK DRIVE",1056.00,W,N,A,-,N,,,,,,,,,,Y,3,0,1,1,A,-,01,23152,A,M,E,I,A,A,H,-,A,D,0,,,,,Y,Y,A,01,0,1,0,0,0,0,0,0,0,"- ","- ",36.945999145507812,-121.85212707519531,"SANTA CRUZ",UNINCORPORATED,-121.85742950439453,36.942333221435547
91861231,2022,2022-09-12,9720,2022-08-29,1630,020977,,1,2,9,4400,0,1,3,,2,020,"RT 1","RIO DEL MAR BLVD",3168.00,N,N,A,-,Y,SCR,,1,,,9.744,H,,R,Y,3,0,1,3,A,-,03,22350,,N,C,C,A,A,H,-,A,D,0,,,,,Y,,A,07,0,1,0,0,0,0,0,0,0,"- ","- ",36.974929809570312,-121.89701080322266,"SANTA CRUZ",UNINCORPORATED,-121.89701843261719,36.975040435791016
91861983,2022,2022-09-12,9720,2022-09-02,2110,021304,,5,2,9,4400,0,3,5,,2,300,"BUENA VISTA DR","CALABASAS RD",80.00,W,N,A,-,N,,,,,,,,,,N,4,0,1,3,A,-,08,22107,,N,C,E,A,A,H,-,D,D,0,,,,,Y,,A,01,0,0,1,0,0,0,0,0,0,"- ","- ",36.940639495849609,-121.78817749023438,"SANTA CRUZ",UNINCORPORATED,-121.78792572021484,36.940853118896484