CASE_ID,ACCIDENT_YEAR,PROC_DATE,JURIS,COLLISION_DATE,COLLISION_TIME,OFFICER_ID,REPORTING_DISTRICT,DAY_OF_WEEK,CHP_SHIFT,POPULATION,CNTY_CITY_LOC,SPECIAL_COND,BEAT_TYPE,CHP_BEAT_TYPE,CITY_DIVISION_LAPD,CHP_BEAT_CLASS,BEAT_NUMBER,PRIMARY_RD,SECONDARY_RD,DISTANCE,DIRECTION,INTERSECTION,WEATHER_1,WEATHER_2,STATE_HWY_IND,CALTRANS_COUNTY,CALTRANS_DISTRICT,STATE_ROUTE,ROUTE_SUFFIX,POSTMILE_PREFIX,POSTMILE,LOCATION_TYPE,RAMP_INTERSECTION,SIDE_OF_HWY,TOW_AWAY,COLLISION_SEVERITY,NUMBER_KILLED,NUMBER_INJURED,PARTY_COUNT,PRIMARY_COLL_FACTOR,PCF_CODE_OF_VIOL,PCF_VIOL_CATEGORY,PCF_VIOLATION,PCF_VIOL_SUBSECTION,HIT_AND_RUN,TYPE_OF_COLLISION,MVIW,PED_ACTION,ROAD_SURFACE,ROAD_COND_1,ROAD_COND_2,LIGHTING,CONTROL_DEVICE,CHP_ROAD_TYPE,PEDESTRIAN_ACCIDENT,BICYCLE_ACCIDENT,MOTORCYCLE_ACCIDENT,TRUCK_ACCIDENT,NOT_PRIVATE_PROPERTY,ALCOHOL_INVOLVED,STWD_VEHTYPE_AT_FAULT,CHP_VEHTYPE_AT_FAULT,COUNT_SEVERE_INJ,COUNT_VISIBLE_INJ,COUNT_COMPLAINT_PAIN,COUNT_PED_KILLED,COUNT_PED_INJURED,COUNT_BICYCLIST_KILLED,COUNT_BICYCLIST_INJURED,COUNT_MC_KILLED,COUNT_MC_INJURED,PRIMARY_RAMP,SECONDARY_RAMP,LATITUDE,LONGITUDE,COUNTY,CITY,POINT_X,POINT_Y
91862005,2022,2022-09-12,9720,2022-09-04,1021,022879,,7,1,5,4402,0,2,S,,2,901,"FRONT ST.","SPRUCE ST.",131.00,S,N,A,-,N,,,,,,,,,,N,3,0,1,2,A,-,09,21804,A,N,D,C,A,A,H,-,A,D,0,,,,,Y,,A,08,0,1,0,0,0,0,0,0,0,"- ","- ",36.968048095703125,-122.02352142333984,"SANTA CRUZ","SANTA CRUZ",-122.02355194091797,36.968154907226562
91862016,2022,2022-09-12,9720,2022-09-04,1650,022140,,7,2,9,4400,0,2,4,,1,022,"SOQUEL SAN JOSE RD","OLIVE SPRINGS RD",45.00,S,N,A,-,N,,,,,,,,,,Y,3,0,1,1,A,-,03,22350,,N,E,I,A,A,H,-,A,D,0,,,,,Y,,A,01,0,1,0,0,0,0,0,0,0,"- ","- ",37.045700073242188,-121.93903350830078,"SANTA CRUZ",UNINCORPORATED,-121.93894195556641,37.045764923095703
91862178,2022,2022-09-12,9720,2022-09-06,1520,022349,,2,2,9,4400,0,2,4,,1,023,"17TH AVE","CAPITOLA RD.",50.00,S,N,A,-,N,,,,,,,,,,N,3,0,1,2,A,-,21,22106,,N,C,C,A,A,H,-,A,A,0,,,,,Y,,A,08,0,1,0,0,0,0,0,0,0,"- ","- ",36.975490570068359,-121.98309326171875,"SANTA CRUZ",UNINCORPORATED,-121.98306274414062,36.9757080078125
91863623,2022,2022-09-13,9720,2022-09-02,1920,021304,,5,2,9,4400,0,1,3,,1,034,SR-152,"BEVERLY DR",150.00,E,N,A,-,Y,SCR,,152,,,1.865,H,,R,Y,4,0,1,2,A,-,09,21804,A,F,D,C,A,A,H,-,A,D,0,,,,,Y,,-,99,0,0,1,0,0,0,0,0,0,"- ","- ",36.933979034423828,-121.74343109130859,"SANTA CRUZ",UNINCORPORATED,-121.743408203125,36.933975219726562
91864101,2022,2022-09-14,9720,2022-09-05,2130,022976,,1,2,9,4400,0,2,4,,1,023,"7TH AVENUE","EATON STREET",625.00,N,N,A,-,N,,,,,,,,,,N,3,0,1,2,A,-,17,21663,,F,H,B,F,A,H,-,D,D,0,Y,Y,,,Y,,L,04,0,1,0,0,1,0,0,0,0,"- ","- ",36.969348907470703,-121.99770355224609,"SANTA CRUZ",UNINCORPORATED,-121.99766540527344,36.969356536865234
91864698,2022,2022-09-14,9720,2022-09-01,1035,021248,,4,1,9,4400,0,3,5,,2,200,"CABRILLO COLLEGE DR","SOQUEL DR",700.00,S,N,A,-,N,,,,,,,,,,Y,3,0,2,2,A,-,03,22350,,N,C,C,A,A,H,-,A,D,0,,,,,Y,,A,01,0,1,1,0,0,0,0,0,0,"- ","- ",36.986480712890625,-121.9256591796875,"SANTA CRUZ",UNINCORPORATED,-121.92563629150391,36.986518859863281
91864723,2022,2022-09-14,9720,2022-09-01,2114,023026,,4,2,9,4400,0,3,5,,2,100,"GLENWOOD DR","WESTON RD",528.00,S,N,A,-,N,,,,,,,,,,Y,3,0,3,1,A,-,08,22107,,N,E,I,A,A,H,-,D,D,0,,,,,Y,,A,01,0,1,2,0,0,0,0,0,0,"- ","- ",37.087841033935547,-122.00401306152344,"SANTA CRUZ",UNINCORPORATED,-122.00493621826172,37.092483520507812
91865775,2022,2022-10-17,9720,2022-09-05,1645,021304,,1,2,9,4400,0,2,4,,1,031,"FREEDOM BLVD","SCURICH LN",175.00,W,N,A,-,N,,,,,,,,,,Y,4,0,1,2,A,-,09,21804,A,N,D,C,A,A,H,-,A,D,0,,,,,Y,,A,01,0,0,1,0,0,0,0,0,0,"- ","- ",36.952289581298828,-121.79637145996094,"SANTA CRUZ",UNINCORPORATED,-121.79581451416016,36.951717376708984
91865864,2022,2022-09-15,9720,2022-09-03,1415,020977,,6,2,9,4400,0,2,4,,1,032,"GREEN VALLEY RD","MELODY LANE",80.00,W,N,A,-,N,,,,,,,,,,Y,3,0,1,3,A,-,03,22350,,N,C,C,A,A,H,-,A,D,0,,,,,Y,,A,01,0,1,0,0,0,0,0,0,0,"- ","- ",36.961719512939453,-121.76493835449219,"SANTA CRUZ",UNINCORPORATED,-121.76496887207031,36.961860656738281
91865874,2022,2022-09-16,9720,2022-09-06,1630,022349,,2,2,9,4400,0,2,4,,1,023,"SOQUEL AVE.","7TH AVE.",0.00,,Y,A,-,N,,,,,,,,,,N,3,0,1,2,A,-,08,22107,,N,B,G,A,A,H,-,A,D,0,,Y,,,Y,,A,01,0,1,0,0,0,0,1,0,0,"- ","- ",36.985260009765625,-121.98992156982422,"SANTA CRUZ",UNINCORPORATED,-121.98985290527344,36.985382080078125
91865882,2022,2022-09-16,9720,2022-09-06,1805,022349,,2,2,9,4400,0,2,4,,1,022,"SOQUEL SAN JOSE RD","DAWN LANE",20.00,S,N,A,-,N,,,,,,,,,,Y,3,0,4,3,A,-,03,22350,,N,C,C,A,A,H,-,A,D,0,,,,,Y,,D,22,0,4,0,0,0,0,0,0,0,"- ","- ",36.995571136474609,-121.95664215087891,"SANTA CRUZ",UNINCORPORATED,-121.95662689208984,36.995685577392578
91865889,2022,2022-09-16,9720,2022-08-31,0825,023066,,3,1,9,4400,0,2,4,,1,024,"CAPITOLA RD.","17TH AVE.",15.00,W,N,A,-,N,,,,,,,,,,N,4,0,1,2,A,-,03,22350,,N,C,C,A,A,H,-,A,A,0,,,,,Y,,D,22,0,0,1,0,0,0,0,0,0,"- ","- ",36.975788116455078,-121.98312377929688,"SANTA CRUZ",UNINCORPORATED,-121.98307037353516,36.975852966308594
91865915,2022,2022-09-16,9720,2022-09-07,2330,022399,,3,3,9,4400,0,3,5,,2,200,"CLUBHOUSE DR","DORSEY AVE",170.00,S,N,A,-,N,,,,,,,,,,N,3,0,1,1,A,-,01,23152,A,N,E,J,A,A,H,-,C,D,0,,,,,Y,Y,A,01,0,1,0,0,0,0,0,0,0,"- ","- ",36.971748352050781,-121.88768768310547,"SANTA CRUZ",UNINCORPORATED,-121.88764953613281,36.971759796142578
91866989,2022,2022-09-19,9720,2022-09-03,2235,021477,,6,3,9,4400,0,1,3,,2,020,"SR-1 N/B TO MORRISSEY BLVD.","ROONEY ST.",200.00,S,N,A,-,Y,SCR,,1,,,15.693,H,,R,Y,3,0,1,1,A,-,08,22107,,N,F,A,A,A,H,-,D,D,0,,,Y,,Y,,C,02,0,1,0,0,0,0,0,0,1,"- ","- ",36.988368988037109,-122.00100708007812,"SANTA CRUZ",UNINCORPORATED,-122.00100708007812,36.98834228515625
91867001,2022,2022-09-19,9720,2022-09-06,1856,023026,,2,2,9,4400,0,2,4,,1,024,"PORTOLA DR","30TH AVE",0.00,,Y,A,-,N,,,,,,,,,,N,4,0,1,2,A,-,09,21801,A,N,D,C,A,A,H,-,A,D,0,,,,,Y,,A,01,0,0,1,0,0,0,0,0,0,"- ","- ",36.963031768798828,-121.972900390625,"SANTA CRUZ",UNINCORPORATED,-121.97406005859375,36.963485717773438
91867582,2022,2022-09-19,9720,2022-09-04,1850,022044,,7,2,9,4400,0,3,5,,2,100,"MARTIN ST.","QUAIL DR.",200.00,W,N,A,-,N,,,,,,,,,,N,2,0,1,1,C,-,18,,,N,H,A,A,A,H,-,A,D,0,,Y,,,Y,,-,"- ",1,0,0,0,0,0,0,0,0,"- ","- ",37.044940948486328,-122.14830017089844,"SANTA CRUZ",UNINCORPORATED,-122.14867401123047,37.044780731201172
91867859,2022,2022-09-19,9720,2022-09-05,2212,022976,,1,3,9,4400,0,3,5,,2,100,"BEAR CREEK ROAD","MAYFAIR DRIVE",85.00,W,N,A,-,N,,,,,,,,,,Y,3,0,1,1,A,-,01,23152,,N,E,I,A,A,H,-,D,D,0,,,,,Y,Y,A,01,0,1,0,0,0,0,0,0,0,"- ","- ",37.1285400390625,-122.12061309814453,"SANTA CRUZ",UNINCORPORATED,-122.12071990966797,37.128646850585938
91867974,2022,2022-09-19,9720,2022-09-08,0049,022976,,4,3,9,4400,0,1,3,,1,015,SR-9,"KELDON DRIVE",63.00,N,N,A,-,Y,SCR,,9,,,5.098,H,,R,Y,3,0,1,1,A,-,08,22107,,N,E,I,A,A,H,-,C,D,0,,,,,Y,Y,A,07,0,1,0,0,0,0,0,0,0,"- ","- ",37.034759521484375,-122.06420135498047,"SANTA CRUZ",UNINCORPORATED,-122.06418609619141,37.034763336181641
91868153,2022,2022-09-19,9330,2022-09-02,0119,021540,,5,3,9,4400,0,1,S,,2,904,SR-84,"SYLVAN WAY",250.00,E,N,A,-,Y,SM,,84,,,6.974,H,,R,N,3,0,5,1,A,-,08,22107,,N,E,I,A,A,H,-,D,D,0,,,,,Y,,A,01,0,4,1,0,0,0,0,0,0,"- ","- ",37.314899444580078,-122.29263305664062,"SANTA CRUZ",UNINCORPORATED,-122.29261779785156,37.314891815185547
91868322,2022,2022-09-19,9720,2022-09-08,0930,021248,,4,1,9,4400,0,3,5,,2,100,"RIO DEL MAR BLVD","SR-1 N/B TO RIO DEL MAR BLVD.",0.00,,Y,A,-,N,,,,,,,,,,N,4,0,1,2,A,-,09,21803,A,N,D,C,A,A,H,-,A,A,0,,,,,Y,,A,01,0,0,1,0,0,0,0,0,0,"- ","- ",36.975681304931641,-121.88545989990234,"SANTA CRUZ",UNINCORPORATED,,
91868326,2022,2022-09-19,9720,2022-09-09,1520,022140,,5,2,9,4400,0,1,3,,2,020,"SR-1 S/B","STATE PARD DR",3168.00,N,N,A,-,Y,SCR,,1,,,11.121,H,,L,N,4,0,2,2,A,-,03,22350,,N,C,2,A,A,H,-,A,D,0,,,,,Y,,A,01,0,0,2,0,0,0,0,0,0,"- ","- ",36.982101440429688,-121.91960906982422,"SANTA CRUZ",UNINCORPORATED,-121.91961669921875,36.982070922851562
91868589,2022,2022-09-20,9720,2022-09-07,1856,023026,,3,2,9,4400,0,1,3,,1,015,SR-9,"LOCUST LN",10.00,S,N,A,-,Y,SCR,,9,,,8.045,H,,R,N,4,0,1,2,A,-,09,21804,A,M,D,C,A,A,H,-,A,D,0,,,,,Y,,A,01,0,0,1,0,0,0,0,0,0,"- ","- ",37.072380065917969,-122.08419799804688,"SANTA CRUZ",UNINCORPORATED,-122.08430480957031,37.072368621826172
91868592,2022,2022-09-20,9720,2022-09-08,1442,021918,,4,2,9,4400,0,2,4,,1,022,"SOQUEL SAN JOSE RD","OLSON RD",890.00,N,N,A,-,N,,,,,,,,,,Y,3,0,1,1,A,-,08,22107,,N,E,I,A,A,H,-,A,D,0,,,,,Y,,A,01,0,1,0,0,0,0,0,0,0,"- ","- ",37.061851501464844,-121.94149017333984,"SANTA CRUZ",UNINCORPORATED,-121.94120025634766,37.059368133544922
91868614,2022,2022-09-20,9720,2022-09-08,1512,022044,,4,2,9,4400,0,2,4,,1,021,"SOQUEL DR.","PORTER ST.",320.00,S,N,A,-,N,,,,,,,,,,N,2,0,1,2,A,-,09,21801,A,N,H,G,A,A,H,-,A,D,0,,Y,,,Y,,A,01,1,0,0,0,0,0,1,0,0,"- ","- ",36.988628387451172,-121.95632934570312,"SANTA CRUZ",UNINCORPORATED,-121.95838928222656,36.98779296875
91868621,2022,2022-09-20,9720,2022-09-08,1952,021321,,4,2,9,4400,0,1,3,,1,012,"STATE ROUTE 236","JAMISON CREEK RD",581.00,N,N,A,-,Y,SCR,,236,,,2.817,H,,R,Y,4,0,1,2,A,-,01,23152,A,N,C,C,A,A,H,-,D,D,0,,,,,Y,Y,D,22,0,0,1,0,0,0,0,0,0,"- ","- ",37.1480712890625,-122.15757751464844,"SANTA CRUZ",UNINCORPORATED,-122.15761566162109,37.148078918457031
91869311,2022,2022-09-20,9720,2022-09-09,1110,018171,,5,1,9,4400,0,2,4,,1,024,"PORTOLA DRIVE","37TH AVENUE",60.00,W,N,A,-,N,,,,,,,,,,Y,4,0,1,2,A,-,08,22102,,N,D,C,A,A,H,-,A,D,0,,,,,Y,,A,01,0,0,1,0,0,0,0,0,0,"- ","- ",36.963420867919922,-121.96874237060547,"SANTA CRUZ",UNINCORPORATED,-121.96863555908203,36.963451385498047
91869626,2022,2022-09-21,9720,2022-09-09,0124,022976,,5,3,9,4400,0,1,3,,1,010,SR-1,"SWANTON ROAD",3696.00,N,N,A,-,Y,,,,,,,,,,Y,3,0,1,1,A,-,08,22107,,N,C,J,A,A,H,-,D,D,0,,,,,Y,,A,01,0,1,0,0,0,0,0,0,0,"- ","- ",,,"SANTA CRUZ",UNINCORPORATED,-122.27450561523438,37.092746734619141
91869628,2022,2022-09-21,9720,2022-09-09,1640,022044,,5,2,9,4400,0,3,5,,2,100,"BEAN CREEK RD.","GLENWOOD DR.",870.00,S,N,A,-,N,,,,,,,,,,N,3,0,1,2,A,-,05,21650,A,N,A,G,A,A,H,-,A,D,0,,Y,,,Y,,L,04,0,1,0,0,0,0,1,0,0,"- ","- ",37.085109710693359,-122.00797271728516,"SANTA CRUZ",UNINCORPORATED,-122.00578308105469,37.086601257324219
91869645,2022,2022-09-21,9720,2022-09-10,1726,021918,,6,2,9,4400,0,1,3,,1,012,SR-236,"LAUREL CT",20.00,N,N,A,-,Y,SCR,,236,,,0.130,H,,R,N,3,0,2,2,A,-,08,22103,,N,D,C,A,A,H,-,A,D,0,,,,,Y,,D,22,0,2,0,0,0,0,0,0,0,"- ","- ",37.124931335449219,-122.12451934814453,"SANTA CRUZ",UNINCORPORATED,-122.12451171875,37.124908447265625
91869654,2022,2022-09-21,9720,2022-09-10,1834,021918,,6,2,9,4400,0,1,3,,1,015,SR-9,"FERN ST",0.00,,Y,A,-,Y,SCR,,9,,,17.404,H,,R,Y,2,0,1,2,A,-,09,21802,A,N,D,C,A,A,H,-,A,D,0,,,Y,,Y,,A,07,1,0,0,0,0,0,0,0,1,"- ","- ",37.182979583740234,-122.14103698730469,"SANTA CRUZ",UNINCORPORATED,-122.14109039306641,37.182979583740234
91869664,2022,2022-09-21,9720,2022-09-11,1440,022044,,7,2,9,4400,0,1,3,,1,014,SR-9,"SHINGLE MILL RD.",30.00,N,N,A,-,Y,SM,,9,,,24.642,H,,R,Y,2,0,1,1,A,-,08,22107,,N,F,A,A,A,H,-,A,D,0,,,Y,,Y,,C,02,1,0,0,0,0,0,0,0,1,"- ","- ",37.248920440673828,-122.15409088134766,"SANTA CRUZ",UNINCORPORATED,-122.15408325195312,37.248912811279297
91869671,2022,2022-09-21,9720,2022-09-11,2120,022901,,7,2,9,4400,0,3,5,,2,100,"LA MADRONA DRIVE","SIMS ROAD",350.00,S,N,A,-,N,,,,,,,,,,Y,3,0,1,1,A,-,01,23152,A,N,E,I,A,A,H,-,D,D,0,,,,,Y,Y,A,01,0,1,0,0,0,0,0,0,0,"- ","- ",37.015830993652344,-122.02687072753906,"SANTA CRUZ",UNINCORPORATED,-122.02684783935547,37.015796661376953
91870144,2022,2022-09-21,9720,2022-09-11,2250,022044,,7,3,9,4400,0,1,3,,1,017,"SR-17 S/B","PASATIEMPO DR.",200.00,N,N,A,-,Y,SCR,,17,,,0.934,H,,L,Y,3,0,1,1,A,-,08,22107,,N,H,H,A,A,H,-,A,D,0,,,Y,,Y,,C,02,0,1,0,0,0,0,0,0,1,"- ","- ",37.002109527587891,-122.02088928222656,"SANTA CRUZ",UNINCORPORATED,-122.02091979980469,37.002117156982422
91870231,2022,2022-09-21,9720,2022-09-11,2254,022542,,7,3,9,4400,0,1,3,,1,017,"SR-17 S/B","PASATIEMPO DRIVE",300.00,N,N,A,-,Y,SCR,,17,,,0.845,H,,L,Y,3,0,1,3,A,-,08,22107,,N,C,C,A,A,H,-,C,D,0,,,,,Y,,A,01,0,1,0,0,0,0,0,0,0,"- ","- ",37.000938415527344,-122.02146911621094,"SANTA CRUZ",UNINCORPORATED,-122.02140045166016,37.000923156738281
91871272,2022,2022-09-22,9720,2022-09-10,1022,023066,,6,1,9,4400,0,1,3,,1,013,SR-35,"MOUNTAIN CHARLIE RD.",1056.00,N,N,B,-,Y,SCR,,35,,,0.296,H,,R,N,2,0,2,3,A,-,05,21460,A,N,H,G,A,B,H,-,A,D,0,,Y,,,Y,,L,04,1,1,0,0,0,0,2,0,0,"- ","- ",37.144798278808594,-121.98725128173828,"SANTA CRUZ",UNINCORPORATED,-121.98726654052734,37.144847869873047
91871285,2022,2022-09-22,9720,2022-09-10,1511,022140,,6,2,5,4402,0,2,S,,2,901,"SOQUEL AVE","DAKOTA AVE / RIVERSIDE AVE",0.00,,Y,B,-,N,,,,,,,,,,Y,4,0,1,2,A,-,12,21453,A,N,D,C,A,A,H,-,A,A,0,,,,,Y,,A,07,0,0,1,0,0,0,0,0,0,"- ","- ",36.973949432373047,-122.02142333984375,"SANTA CRUZ","SANTA CRUZ",-122.02141571044922,36.973899841308594
91871445,2022,2022-09-23,9720,2022-09-15,1221,023066,,4,1,9,4400,0,1,3,,1,015,SR-9,"OLD COUNTY RD.",500.00,N,N,A,-,Y,SCR,,9,,,9.218,H,,R,N,4,0,1,3,A,-,03,22350,,N,C,C,A,A,H,-,A,D,0,,,,,Y,,A,07,0,0,1,0,0,0,0,0,0,"- ","- ",37.086231231689453,-122.08940124511719,"SANTA CRUZ",UNINCORPORATED,-122.08936309814453,37.086204528808594
91871449,2022,2022-09-23,9720,2022-09-15,1552,022140,,4,2,9,4400,0,1,3,,1,010,"BICYCLE PATH WEST OF SR-1","COAST RD",1.00,N,N,A,-,Y,SCR,,1,,,20.731,H,,R,N,3,0,1,1,A,-,03,22350,,N,E,I,A,A,H,-,A,A,0,,Y,,,Y,,L,04,0,1,0,0,0,0,1,0,0,"- ","- ",36.961650848388672,-122.06797027587891,"SANTA CRUZ",UNINCORPORATED,-122.06795501708984,36.9617919921875
91871450,2022,2022-09-23,9720,2022-09-15,1755,022140,,4,2,9,4400,0,1,3,,2,020,"SR-1 S/B","N BRANCIFORTE AVE",0.00,,Y,A,-,Y,SCR,,1,,,16.239,H,,L,N,4,0,2,2,C,-,18,,,N,C,C,A,A,H,-,A,D,0,,,,,Y,,-,"- ",0,0,2,0,0,0,0,0,0,"- ","- ",36.988479614257812,-122.01094818115234,"SANTA CRUZ",UNINCORPORATED,-122.01094818115234,36.988479614257812
91872833,2022,2022-09-26,9720,2022-09-06,0735,015170,,2,1,9,4400,0,1,3,,1,017,SR-17,"GLENWOOD DR",0.00,,Y,A,-,Y,SCR,,17,,,10.644,H,,R,Y,3,0,2,2,A,-,09,21802,A,N,D,C,A,A,H,-,A,A,0,,,,,Y,,A,07,0,2,0,0,0,0,0,0,0,"- ","- ",37.119941711425781,-121.97592163085938,"SANTA CRUZ",UNINCORPORATED,-121.97598266601562,37.11993408203125
91872840,2022,2022-09-26,9720,2022-09-10,1259,022879,,6,1,9,4400,0,2,4,,1,021,"SOQUEL DR.","PORTER ST.",328.00,E,N,A,-,N,,,,,,,,,,N,2,0,1,2,A,-,03,22350,,N,D,G,A,A,H,-,A,D,0,,Y,,,Y,,L,04,1,0,0,0,0,0,1,0,0,"- ","- ",36.988609313964844,-121.95623016357422,"SANTA CRUZ",UNINCORPORATED,-121.95633697509766,36.988468170166016
91872852,2022,2022-09-26,9720,2022-09-16,1045,018171,,5,1,9,4400,0,2,4,,1,021,"SOQUEL DRIVE","PAUL SWEET ROAD",100.00,E,N,A,-,N,,,,,,,,,,N,4,0,1,2,A,-,03,22350,,M,C,C,A,A,H,-,A,D,0,,,,,Y,,-,99,0,0,1,0,0,0,0,0,0,"- ","- ",36.988071441650391,-121.98490905761719,"SANTA CRUZ",UNINCORPORATED,-121.98494720458984,36.987957000732422
91872859,2022,2022-09-26,9720,2022-09-19,1905,021321,,1,2,9,4400,0,1,3,,1,015,"RT 9","FALL CREEK ROAD",730.00,N,N,A,-,Y,SCR,,9,,,7.191,H,,R,N,3,0,1,2,A,-,03,22350,,N,C,C,A,A,H,-,B,D,0,,,Y,,Y,,D,22,0,1,0,0,0,0,0,0,1,"- ","- ",37.061431884765625,-122.08004760742188,"SANTA CRUZ",UNINCORPORATED,-122.08001708984375,37.061431884765625
91872880,2022,2022-09-26,9720,2022-09-14,1305,022349,,3,1,9,4400,0,2,4,,1,022,"SOQUEL SAN JOSE RD.","PAPERMILL RD.",5.00,S,N,A,-,N,,,,,,,,,,Y,4,0,1,2,A,-,03,22350,,N,C,C,A,A,H,-,A,D,0,,,,,Y,,D,22,0,0,1,0,0,0,0,0,0,"- ","- ",36.990699768066406,-121.95726013183594,"SANTA CRUZ",UNINCORPORATED,-121.95729064941406,36.990741729736328
91872888,2022,2022-09-26,9720,2022-09-23,1205,022162,,5,1,9,4400,0,1,3,,2,020,"SR-1 S/B","LA FONDA AVENUE",100.00,N,N,A,-,Y,SCR,,1,,,15.271,H,,L,N,4,0,1,2,A,-,03,22350,,N,C,C,A,A,H,-,A,D,0,,,,,Y,,A,01,0,0,1,0,0,0,0,0,0,"- ","- ",36.987979888916016,-121.99347686767578,"SANTA CRUZ",UNINCORPORATED,-121.99347686767578,36.988010406494141
91872889,2022,2022-09-26,9720,2022-09-14,1450,022349,,3,2,5,4402,0,1,3,,2,020,"NB SR-1","FREEDOM BLVD.",20.00,N,N,A,-,Y,SCR,,1,,,8.371,H,,R,N,3,0,1,2,A,-,03,22350,,N,C,C,A,A,H,-,A,D,0,,,,,Y,,A,01,0,1,0,0,0,0,0,0,0,"- ","- ",36.970550537109375,-121.873291015625,"SANTA CRUZ","SANTA CRUZ",-121.87329864501953,36.970542907714844
91873142,2022,2022-09-26,9720,2022-09-19,1549,023026,,1,2,9,4400,0,1,3,,2,020,"SR-1 S/B",41ST,50.00,N,N,A,-,Y,SCR,,1,,,13.917,H,,L,N,4,0,1,2,A,-,03,22350,,N,C,C,A,A,H,-,A,D,0,,,,,Y,,D,22,0,0,1,0,0,0,0,0,0,"- ","- ",36.983051300048828,-121.96983337402344,"SANTA CRUZ",UNINCORPORATED,-121.96983337402344,36.983028411865234
91873181,2022,2022-09-26,9720,2022-09-20,2150,022542,,2,2,9,4400,0,2,4,,1,023,"7TH AVE","EATON STREET",150.00,S,N,A,-,N,,,,,,,,,,N,3,0,1,2,A,-,06,21755,A,M,B,C,A,A,H,-,C,D,0,,,Y,,Y,,C,02,0,1,0,0,0,0,0,0,1,"- ","- ",36.966861724853516,-121.9981689453125,"SANTA CRUZ",UNINCORPORATED,-121.99806213378906,36.967262268066406
91873226,2022,2022-09-26,9720,2022-09-21,1600,022140,,3,2,9,4400,0,1,3,,2,020,"SR-1 S/B","41ST AVE",0.00,,Y,A,-,Y,SCR,,1,,,13.614,H,,L,Y,4,0,1,2,A,-,03,22350,,N,C,C,A,A,H,-,A,D,0,,,,,Y,,A,08,0,0,1,0,0,0,0,0,0,"- ","- ",36.982669830322266,-121.96434020996094,"SANTA CRUZ",UNINCORPORATED,-121.96434020996094,36.982688903808594
91873655,2022,2022-09-26,9720,2022-09-20,1919,021321,,2,2,9,4400,0,2,4,,1,024,"CAPITOLA RD","EL DORADO AVENUE",10.00,E,N,A,-,N,,,,,,,,,,Y,3,0,1,1,A,-,01,23152,A,N,E,I,A,A,H,-,B,D,0,,,,,Y,Y,A,01,0,1,0,0,0,0,0,0,0,"- ","- ",36.977169036865234,-121.987548828125,"SANTA CRUZ",UNINCORPORATED,-121.98761749267578,36.977199554443359
91874393,2022,2022-09-27,9720,2022-09-24,1625,022458,,6,2,9,4400,0,1,3,,2,020,"SR-1 S/B","STATE PARK DRIVE OVERCROSSING",2112.00,S,N,A,-,Y,SCR,,1,,,10.153,H,,L,Y,3,0,1,2,A,-,01,23152,A,N,B,C,A,A,H,-,A,D,0,,,,,Y,Y,D,22,0,1,0,0,0,0,0,0,0,"- ","- ",36.975360870361328,-121.90444183349609,"SANTA CRUZ",UNINCORPORATED,-121.90443420410156,36.975376129150391
91874608,2022,2022-10-17,9720,2022-09-21,1505,022140,,3,2,9,4400,0,2,4,,1,024,"PORTOLA DR","30TH AVE",0.00,,Y,A,-,N,,,,,,,,,,N,3,0,1,2,A,-,09,21801,A,N,D,C,A,A,H,-,A,D,0,,,Y,,Y,,C,02,0,1,0,0,0,0,0,0,1,"- ","- ",36.96343994140625,-121.97322845458984,"SANTA CRUZ",UNINCORPORATED,-121.97406005859375,36.963485717773438
91874720,2022,2022-09-27,9720,2022-03-06,1250,021211,,7,1,9,4400,0,1,3,,1,017,"SR-17 N/B","EL RANCHO DR",1267.00,S,N,A,-,Y,SCR,,17,,,1.940,H,,R,Y,1,1,0,1,A,-,08,22107,,N,E,8,A,A,H,-,A,D,0,,,,,Y,,A,01,0,0,0,0,0,0,0,0,0,"- ","- ",37.015880584716797,-122.02574920654297,"SANTA CRUZ",UNINCORPORATED,-122.02581024169922,37.015853881835938
91875413,2022,2022-09-28,9720,2022-09-16,0016,022976,,5,3,9,4400,0,1,3,,1,035,SR-129,"ROGGE LANE",739.00,W,N,A,-,Y,SCR,,129,,,7.062,H,,R,Y,3,0,1,1,A,-,01,23152,A,M,E,I,A,A,H,-,D,D,0,,,,,Y,Y,A,07,0,1,0,0,0,0,0,0,0,"- ","- ",36.903968811035156,-121.64167785644531,"SANTA CRUZ",UNINCORPORATED,-121.64168548583984,36.903896331787109
91875434,2022,2022-09-28,9720,2022-09-17,1834,023026,,6,2,9,4400,0,3,5,,2,300,"COWARD RD","CARLTON RD",1954.00,W,N,A,-,N,,,,,,,,,,Y,2,0,2,2,A,-,01,23152,A,N,A,C,A,A,H,-,A,D,0,,,,,Y,Y,A,01,1,1,0,0,0,0,0,0,0,"- ","- ",36.927169799804688,-121.71588897705078,"SANTA CRUZ",UNINCORPORATED,-121.71577453613281,36.927249908447266