CASE_ID,ACCIDENT_YEAR,PROC_DATE,JURIS,COLLISION_DATE,COLLISION_TIME,OFFICER_ID,REPORTING_DISTRICT,DAY_OF_WEEK,CHP_SHIFT,POPULATION,CNTY_CITY_LOC,SPECIAL_COND,BEAT_TYPE,CHP_BEAT_TYPE,CITY_DIVISION_LAPD,CHP_BEAT_CLASS,BEAT_NUMBER,PRIMARY_RD,SECONDARY_RD,DISTANCE,DIRECTION,INTERSECTION,WEATHER_1,WEATHER_2,STATE_HWY_IND,CALTRANS_COUNTY,CALTRANS_DISTRICT,STATE_ROUTE,ROUTE_SUFFIX,POSTMILE_PREFIX,POSTMILE,LOCATION_TYPE,RAMP_INTERSECTION,SIDE_OF_HWY,TOW_AWAY,COLLISION_SEVERITY,NUMBER_KILLED,NUMBER_INJURED,PARTY_COUNT,PRIMARY_COLL_FACTOR,PCF_CODE_OF_VIOL,PCF_VIOL_CATEGORY,PCF_VIOLATION,PCF_VIOL_SUBSECTION,HIT_AND_RUN,TYPE_OF_COLLISION,MVIW,PED_ACTION,ROAD_SURFACE,ROAD_COND_1,ROAD_COND_2,LIGHTING,CONTROL_DEVICE,CHP_ROAD_TYPE,PEDESTRIAN_ACCIDENT,BICYCLE_ACCIDENT,MOTORCYCLE_ACCIDENT,TRUCK_ACCIDENT,NOT_PRIVATE_PROPERTY,ALCOHOL_INVOLVED,STWD_VEHTYPE_AT_FAULT,CHP_VEHTYPE_AT_FAULT,COUNT_SEVERE_INJ,COUNT_VISIBLE_INJ,COUNT_COMPLAINT_PAIN,COUNT_PED_KILLED,COUNT_PED_INJURED,COUNT_BICYCLIST_KILLED,COUNT_BICYCLIST_INJURED,COUNT_MC_KILLED,COUNT_MC_INJURED,PRIMARY_RAMP,SECONDARY_RAMP,LATITUDE,LONGITUDE,COUNTY,CITY,POINT_X,POINT_Y
91876503,2022,2022-09-29,9720,2022-09-17,1430,020977,,6,2,9,4400,0,1,3,,1,015,"RT 9","FLAT STREET",110.00,N,N,A,-,Y,SCR,,9,,,12.722,H,,R,Y,4,0,1,1,A,-,08,22107,,N,E,I,A,A,H,-,A,D,0,,,,,Y,,A,07,0,0,1,0,0,0,0,0,0,"- ","- ",37.119838714599609,-122.12078857421875,"SANTA CRUZ",UNINCORPORATED,-122.12083435058594,37.119834899902344
91876514,2022,2022-09-29,9720,2022-09-21,2000,022976,,3,2,9,4400,0,3,5,,2,300,SR-1,"MAR MONTE",7392.00,S,N,A,-,Y,SCR,,1,,R,5.248,H,,R,N,3,0,1,1,C,-,18,,,N,H,H,A,A,H,-,D,D,0,,,,,Y,,-,"- ",0,1,0,0,0,0,0,0,0,"- ","- ",36.937778472900391,-121.83011627197266,"SANTA CRUZ",UNINCORPORATED,-121.83010864257812,36.937801361083984
91876570,2022,2022-09-29,9720,2022-09-18,1555,020977,,7,2,9,4400,0,3,5,,2,300,"BUENA VISTA DR","BRADFORD ROAD",90.00,W,N,B,-,N,,,,,,,,,,Y,3,0,1,1,A,-,03,22350,,N,E,I,A,B,H,-,A,D,0,,,,,Y,,A,01,0,1,0,0,0,0,0,0,0,"- ","- ",36.940288543701172,-121.79615020751953,"SANTA CRUZ",UNINCORPORATED,-121.79589080810547,36.939949035644531
91876603,2022,2022-09-29,9720,2022-09-20,1740,022511,,2,2,9,4400,0,2,4,,1,032,"GREEN VALLEY RD","CASSERLY RD",0.00,,Y,A,-,N,,,,,,,,,,N,4,0,1,3,A,-,09,21801,A,N,D,C,A,A,H,-,A,D,0,,,,,Y,,A,01,0,0,1,0,0,0,0,0,0,"- ","- ",36.96942138671875,-121.76589202880859,"SANTA CRUZ",UNINCORPORATED,-121.76595306396484,36.969406127929688
91876632,2022,2022-09-29,9720,2022-09-21,1530,022511,,3,2,9,4400,0,3,5,,2,300,"CASSERLY RD","SMITH RD",50.00,W,N,A,-,N,,,,,,,,,,Y,4,0,1,4,A,-,03,22350,,N,C,C,A,A,H,-,A,D,0,,,,,Y,,A,01,0,0,1,0,0,0,0,0,0,"- ","- ",36.975528717041016,-121.75095367431641,"SANTA CRUZ",UNINCORPORATED,-121.75090026855469,36.975589752197266
91876905,2022,2022-09-29,9720,2022-04-07,1055,021714,,4,1,9,4400,0,3,5,,2,100,"QUAIL HOLLOW ROAD","EAST ZAYANTE ROAD",98.00,N,N,A,-,N,,,,,,,,,,Y,1,1,0,1,A,-,08,22107,,N,E,I,A,A,H,-,A,D,0,,,,,Y,,A,07,0,0,0,0,0,0,0,0,0,"- ","- ",37.074378967285156,-122.05558776855469,"SANTA CRUZ",UNINCORPORATED,-122.05552673339844,37.074428558349609
91876986,2022,2022-09-29,9720,2022-04-06,1618,021304,,3,2,9,4400,0,1,3,,1,035,SR-129,"OLD CHITTENDEN RD",4224.00,W,N,A,-,Y,SCR,,129,,,9.184,H,,R,Y,1,1,2,3,A,-,05,21460,A,N,A,C,A,A,H,-,A,D,0,,,,,Y,,A,08,1,1,0,0,0,0,0,0,0,"- ","- ",36.904659271240234,-121.61112213134766,"SANTA CRUZ",UNINCORPORATED,-121.61103820800781,36.904762268066406
91879870,2022,2022-10-03,9720,2022-09-21,0715,021304,,3,1,9,4400,0,1,3,,2,030,"SR-1 N/B","FREEDOM BLVD",1056.00,S,N,A,-,Y,,,,,,,,,,Y,4,0,1,2,A,-,03,22350,,N,C,C,A,A,H,-,A,D,0,,,,,Y,,A,01,0,0,1,0,0,0,0,0,0,"- ","- ",36.966781616210938,-121.86781311035156,"SANTA CRUZ",UNINCORPORATED,-121.86823272705078,36.966335296630859
91879893,2022,2022-10-03,9720,2022-09-21,1550,023066,,3,2,9,4400,0,1,3,,2,020,"S/B SR-1","SOQUEL AVE",528.00,S,N,A,-,Y,SCR,,1,,,14.749,H,,R,N,4,0,1,2,A,-,03,22350,,N,C,C,A,A,H,-,A,D,0,,,,,Y,,A,07,0,0,1,0,0,0,0,0,0,"- ","- ",36.986480712890625,-121.98429870605469,"SANTA CRUZ",UNINCORPORATED,-121.98423004150391,36.986675262451172
91879926,2022,2022-10-03,9720,2022-09-26,0751,022162,,1,1,9,4400,0,2,4,,1,022,"SOQUEL SAN JOSE ROAD","AMAYA RIDGE RD",486.00,N,N,B,-,N,,,,,,,,,,Y,3,0,1,2,A,-,06,21750,,N,B,C,A,A,H,-,A,D,0,,,,,Y,,A,01,0,1,0,0,0,0,0,0,0,"- ","- ",37.074729919433594,-121.93885803222656,"SANTA CRUZ",UNINCORPORATED,-121.93843078613281,37.0726318359375
91879951,2022,2022-10-03,9720,2022-09-29,1620,022329,,4,2,9,4400,0,1,3,,2,020,"SR-1 S/B","41ST AVE OVERCROSSING",2587.00,N,N,A,-,Y,SCR,,1,,,14.121,H,,L,N,4,0,1,2,A,-,03,22350,,N,C,C,A,A,H,-,A,D,0,,,,,Y,,D,22,0,0,1,0,0,0,0,0,0,"- ","- ",36.983638763427734,-121.97348022460938,"SANTA CRUZ",UNINCORPORATED,-121.97341156005859,36.98382568359375
91880173,2022,2022-10-03,9720,2022-09-18,1625,022349,,7,2,9,4400,0,1,3,,2,020,"SR-1 N/B FROM RIO DEL MAR BLVD.","RIO DEL MAR BLVD",100.00,N,N,B,-,Y,SCR,,1,,,9.246,H,,R,Y,3,0,1,1,A,-,08,22107,,N,F,A,A,B,H,-,A,D,0,,,,,Y,,A,01,0,1,0,0,0,0,0,0,0,"- ","- ",36.975379943847656,-121.88790130615234,"SANTA CRUZ",UNINCORPORATED,-121.88790130615234,36.975387573242188
91880280,2022,2022-10-03,9720,2022-09-29,1000,021714,,4,1,9,4400,0,1,3,,2,020,"SR-1 N/B","PARK AVE.",528.00,N,N,B,-,Y,SCR,,1,,,12.126,H,,R,N,3,0,1,2,A,-,03,22350,,N,C,C,A,A,H,-,A,D,0,,,,,Y,,A,01,0,1,0,0,0,0,0,0,0,"- ","- ",36.984001159667969,-121.9375,"SANTA CRUZ",UNINCORPORATED,-121.9375,36.98406982421875
91880296,2022,2022-10-03,9720,2022-09-26,0703,021304,,1,1,9,4400,0,1,3,,2,030,"SR-1 N/B","MAR MONTE AVENUE",5280.00,S,N,A,-,Y,SCR,,1,,R,6.288,H,,R,Y,4,0,1,2,A,-,07,21658,A,N,B,C,A,A,H,-,A,D,0,,,Y,,Y,,A,01,0,0,1,0,0,0,0,0,1,"- ","- ",36.945819854736328,-121.84581756591797,"SANTA CRUZ",UNINCORPORATED,-121.84581756591797,36.945823669433594
91881324,2022,2022-10-04,9720,2022-09-19,0859,021211,,1,1,9,4400,0,3,5,,2,300,"MANFRE RD.","EUCALYPTAS DR",5.00,S,N,B,-,N,,,,,,,,,,Y,3,0,2,2,A,-,05,21460,A,N,D,C,A,A,H,-,A,D,0,,,,,Y,,A,08,0,1,1,0,0,0,0,0,0,"- ","- ",36.930351257324219,-121.79779052734375,"SANTA CRUZ",UNINCORPORATED,-121.79782867431641,36.930370330810547
91881325,2022,2022-10-04,9720,2022-09-21,1328,021211,,3,1,9,4400,0,1,3,,1,010,SR-1,"MARINE VIEW AVE.",528.00,N,N,A,-,Y,SCR,,1,,,28.868,H,,R,N,3,0,1,2,A,-,08,22107,,N,B,C,A,A,H,-,A,D,0,,Y,,,Y,,L,04,0,1,0,0,0,0,1,0,0,"- ","- ",37.012538909912109,-122.19748687744141,"SANTA CRUZ",UNINCORPORATED,-122.19755554199219,37.012470245361328
91882131,2022,2022-10-04,9720,2022-09-23,2130,022976,,5,2,9,4400,0,3,5,,2,100,"MT HERMON ROAD","GRAHAM HILL ROAD",700.00,N,N,A,-,N,,,,,,,,,,Y,3,0,2,2,A,-,05,21460,,N,B,C,A,A,H,-,D,D,0,,,,,Y,Y,D,22,0,2,0,0,0,0,0,0,0,"- ","- ",37.053619384765625,-122.06870269775391,"SANTA CRUZ",UNINCORPORATED,-122.06916809082031,37.053562164306641
91882139,2022,2022-10-04,9720,2022-09-26,1618,022458,,1,2,9,4400,0,1,3,,1,010,SR-1,"COAST RD",1056.00,S,N,A,-,Y,SCR,,1,,,21.582,H,,R,N,2,0,1,2,A,-,11,21954,A,N,G,B,D,A,H,-,A,D,0,Y,,,,Y,,N,60,1,0,0,0,1,0,0,0,0,"- ","- ",36.962120056152344,-122.08550262451172,"SANTA CRUZ",UNINCORPORATED,-122.08550262451172,36.962112426757812
91882186,2022,2022-10-04,9720,2022-09-06,1734,021833,,2,2,9,4400,0,1,3,,2,020,"S/B SR-1","OCEAN STREET",311.00,S,N,A,-,Y,SCR,,1,,,17.059,H,,L,Y,2,0,1,2,A,-,02,22400,A,N,C,C,A,A,H,-,A,D,0,,,Y,,Y,,A,01,1,0,0,0,0,0,0,0,1,"- ","- ",36.987251281738281,-122.02275085449219,"SANTA CRUZ",UNINCORPORATED,-122.02275085449219,36.987251281738281
91882767,2022,2022-10-05,9720,2022-09-28,1735,022511,,3,2,9,4400,0,3,5,,2,200,"RIO DEL MAR BLVD.","SR-1 SOUTHBOUND FROM RIO DEL MAR BLVD.",0.00,,Y,A,-,N,,,,,,,,,,Y,4,0,2,2,A,-,17,21451,A,N,D,C,A,A,H,-,A,A,0,,,,,Y,,A,01,0,0,2,0,0,0,0,0,0,"- ","- ",36.974739074707031,-121.88671112060547,"SANTA CRUZ",UNINCORPORATED,,
91883923,2022,2022-10-06,9720,2022-09-26,2100,023026,,1,2,9,4400,0,3,5,,2,200,"SEASCAPE BLVD","VIA PACIFICA",0.00,,Y,A,-,N,,,,,,,,,,N,4,0,1,1,A,-,03,22350,,N,E,I,A,A,H,-,B,D,0,,,,,Y,,A,01,0,0,1,0,0,0,0,0,0,"- ","- ",36.950481414794922,-121.86630249023438,"SANTA CRUZ",UNINCORPORATED,-121.86635589599609,36.950580596923828
91883969,2022,2022-10-06,9720,2022-10-02,1940,022140,,7,2,9,4400,0,2,4,,1,024,"PORTOLA DR","41ST AVE",0.00,,Y,A,-,N,,,,,,,,,,N,4,0,1,2,A,-,12,22450,A,F,D,C,A,A,H,-,C,A,0,,,,,Y,,-,99,0,0,1,0,0,0,0,0,0,"- ","- ",36.963489532470703,-121.96488952636719,"SANTA CRUZ",UNINCORPORATED,-121.96489715576172,36.963539123535156
91884263,2022,2023-02-06,9720,2022-03-30,1538,022140,,3,2,9,4400,0,3,5,,2,200,"GRANITE CREEK RD","BRANCIFORTE DR",665.00,N,N,A,-,N,,,,,,,,,,Y,1,1,1,1,A,-,03,22350,,N,E,I,A,A,H,-,A,D,0,,,,,Y,Y,A,01,0,1,0,0,0,0,0,0,0,"- ","- ",37.019828796386719,-121.99716186523438,"SANTA CRUZ",UNINCORPORATED,-121.99726867675781,37.019752502441406
91884271,2022,2022-10-06,9720,2022-09-24,1430,020977,,6,2,9,4400,0,2,4,,1,031,"FREEDOM BLVD","EMME ST",0.00,,Y,A,-,N,,,,,,,,,,Y,3,0,1,2,A,-,09,21802,A,N,D,C,A,A,H,-,A,A,0,,,,,Y,,A,01,0,1,0,0,0,0,0,0,0,"- ","- ",36.939899444580078,-121.78080749511719,"SANTA CRUZ",UNINCORPORATED,-121.78083801269531,36.939907073974609
91884378,2022,2022-10-06,9720,2022-09-30,1130,022162,,5,1,9,4400,0,2,4,,1,031,"FREEDOM BLVD","SOQUEL DRIVE",0.00,,Y,A,-,N,,,,,,,,,,Y,4,0,1,2,A,-,09,21453,C,N,A,C,A,A,H,-,A,A,0,,,,,Y,,D,22,0,0,1,0,0,0,0,0,0,"- ","- ",36.972080230712891,-121.8714599609375,"SANTA CRUZ",UNINCORPORATED,-121.87151336669922,36.972072601318359
91884389,2022,2022-10-06,9720,2022-10-01,0130,022162,,6,3,9,4400,0,3,5,,2,200,"GRANITE CREEK RD","OLAUGHLIN ROAD",337.00,S,N,A,-,N,,,,,,,,,,Y,3,0,1,1,A,-,03,22350,,N,E,I,A,A,H,-,D,D,0,,,,,Y,,A,71,0,1,0,0,0,0,0,0,0,"- ","- ",37.031269073486328,-121.99665832519531,"SANTA CRUZ",UNINCORPORATED,-121.99674224853516,37.032882690429688
91886511,2022,2022-10-10,9720,2022-09-28,1750,022044,,3,2,9,4400,0,1,3,,1,014,SR-9,SR-35,6653.00,S,N,A,-,Y,SCR,,9,,,25.534,H,,R,Y,2,0,2,2,A,-,01,23152,A,N,A,C,A,A,H,-,A,D,0,,,,,Y,Y,D,22,1,1,0,0,0,0,0,0,0,"- ","- ",37.245590209960938,-122.14024353027344,"SANTA CRUZ",UNINCORPORATED,-122.14025115966797,37.245601654052734
91887779,2022,2022-10-11,9720,2022-09-25,1125,023066,,7,1,9,4400,0,2,4,,1,032,"GREEN VALLEY RD.","PAULSEN RD.",3.00,S,N,A,-,N,,,,,,,,,,N,3,0,1,2,A,-,10,21950,A,N,G,B,B,A,H,-,A,A,0,Y,,,,Y,,A,01,0,1,0,0,1,0,0,0,0,"- ","- ",36.955718994140625,-121.76499176025391,"SANTA CRUZ",UNINCORPORATED,-121.76495361328125,36.955772399902344
91887792,2022,2022-10-11,9720,2022-09-07,0300,022399,,3,3,9,4400,0,1,3,,1,017,"SB SR-17","CRESCENT DR",1584.00,N,N,A,-,Y,SCR,,17,,,7.249,H,,R,Y,4,0,1,1,A,-,08,22107,,M,E,I,A,A,H,-,D,D,0,,,,,Y,,D,22,0,0,1,0,0,0,0,0,0,"- ","- ",37.076438903808594,-121.98577117919922,"SANTA CRUZ",UNINCORPORATED,-121.98574829101562,37.076393127441406
91889220,2022,2022-10-13,9720,2022-09-26,0755,015170,,1,1,9,4400,0,3,5,,2,100,"EMPIRE GRADE RD","PINE FLAT RD",528.00,S,N,A,-,N,,,,,,,,,,N,3,0,1,1,A,-,05,21460,A,N,F,A,A,A,H,-,A,D,0,,,Y,,Y,,C,02,0,1,0,0,0,0,0,0,1,"- ","- ",37.076858520507812,-122.13600921630859,"SANTA CRUZ",UNINCORPORATED,-122.13177490234375,37.077648162841797
91889233,2022,2022-10-13,9720,2022-09-30,1910,022907,,5,2,9,4400,0,3,5,,2,300,"HAMES RD","270 HAMES ROAD",122.00,W,N,B,-,N,,,,,,,,,,N,2,0,1,1,A,-,01,23152,A,N,E,I,A,B,H,-,D,D,0,,,Y,,Y,Y,C,03,1,0,0,0,0,0,0,0,1,"- ","- ",36.992259979248047,-121.81253051757812,"SANTA CRUZ",UNINCORPORATED,,
91889239,2022,2022-10-13,9720,2022-10-01,0110,022293,,6,3,9,4400,0,3,5,,2,100,"DORRANCE RD","HOPKINS GULCH RD",375.00,W,N,A,-,N,,,,,,,,,,Y,2,0,4,1,A,-,08,22107,,N,E,I,A,A,H,-,D,D,0,,,,,Y,,A,08,2,2,0,0,0,0,0,0,0,"- ","- ",37.139598846435547,-122.10205841064453,"SANTA CRUZ",UNINCORPORATED,-122.10174560546875,37.139232635498047
91889359,2022,2022-10-13,9720,2022-10-03,1045,021304,,1,1,9,4400,0,3,5,,2,300,"COX ROAD","CHAPARRAL DR",100.00,N,N,A,-,N,,,,,,,,,,N,3,0,1,1,A,-,03,22350,,N,F,A,A,A,A,-,A,D,0,,Y,,,Y,,L,04,0,1,0,0,0,0,1,0,0,"- ","- ",37.001029968261719,-121.85633087158203,"SANTA CRUZ",UNINCORPORATED,-121.85626220703125,37.001094818115234
91889438,2022,2022-10-13,9720,2022-10-05,0900,021248,,3,1,9,4400,0,1,3,,2,020,"SR-1 N/B","STATE PARD DR",1320.00,N,N,A,-,Y,SCR,,1,,,10.813,H,,R,N,4,0,1,2,A,-,03,22350,,N,C,C,A,A,H,-,A,D,0,,,,,Y,,D,22,0,0,1,0,0,0,0,0,0,"- ","- ",36.980251312255859,-121.91455078125,"SANTA CRUZ",UNINCORPORATED,-121.91453552246094,36.980266571044922
91889490,2022,2022-10-13,9720,2022-10-05,1715,022140,,3,2,9,4400,0,3,5,,2,200,"VENITIAN RD","APTOS BEACH DR",30.00,S,N,A,-,N,,,,,,,,,,N,3,0,1,2,A,-,08,22107,,N,B,E,A,A,H,-,A,D,0,,Y,,,Y,,L,04,0,1,0,0,0,0,1,0,0,"- ","- ",36.971260070800781,-121.90270233154297,"SANTA CRUZ",UNINCORPORATED,-121.90269470214844,36.971317291259766
91889598,2022,2022-10-13,9720,2022-06-22,1545,022545,,3,2,9,4400,0,1,3,,1,035,SR-129,"OLD CHITTENDEN RD",329.00,W,N,A,-,Y,SCR,,129,,,9.873,H,,R,Y,1,2,7,2,A,-,05,21460,A,N,A,C,A,A,H,-,A,D,0,,,,,Y,,D,22,3,3,1,0,0,0,0,0,0,"- ","- ",36.901439666748047,-121.59922790527344,"SANTA CRUZ",UNINCORPORATED,-121.5992431640625,36.901412963867188
91889601,2022,2022-10-13,9720,2022-07-05,0708,021714,,2,1,9,4400,0,1,3,,1,017,"SR-17 S/B","VINE HILL RD",2112.00,S,N,A,-,Y,SCR,,17,,,7.250,H,,L,Y,1,1,0,1,A,-,08,22107,,N,E,I,A,A,H,-,A,D,0,,,,,Y,,A,01,0,0,0,0,0,0,0,0,0,"- ","- ",37.076530456542969,-121.98584747314453,"SANTA CRUZ",UNINCORPORATED,-121.98581695556641,37.076461791992188
91889620,2022,2022-10-13,9720,2022-10-07,1545,022458,,5,2,9,4400,0,3,5,,2,200,"STATE PARK DRIVE","SOQUEL DRIVE",20.00,W,N,A,-,N,,,,,,,,,,N,4,0,1,2,A,-,21,22106,,N,C,C,A,A,H,-,A,A,0,,,,,Y,,A,01,0,0,1,0,0,0,0,0,0,"- ","- ",36.979728698730469,-121.90853118896484,"SANTA CRUZ",UNINCORPORATED,-121.90850067138672,36.979835510253906
91889770,2022,2022-10-13,9720,2022-10-04,1440,021321,,2,2,9,4400,0,1,3,,2,020,"RT 9","LOMOND ST",150.00,N,N,A,-,Y,SCR,,9,,,12.892,H,,R,N,4,0,1,3,A,-,21,22106,,N,G,2,E,A,H,-,A,D,0,Y,,,,Y,,A,01,0,0,1,0,1,0,0,0,0,"- ","- ",37.123668670654297,-122.12171936035156,"SANTA CRUZ",UNINCORPORATED,-122.12174224853516,37.123664855957031
91891007,2022,2022-10-17,9720,2022-10-05,1300,023066,,3,1,9,4400,0,1,3,,2,030,"N/B SR-1","MAR MONTE AVE.",5280.00,S,N,A,-,Y,SCR,,1,,R,5.823,H,,R,Y,3,0,1,1,A,-,03,22350,,N,E,H,A,A,H,-,A,D,0,,,,,Y,,-,"- ",0,1,0,0,0,0,0,0,0,"- ","- ",36.941669464111328,-121.83924865722656,"SANTA CRUZ",UNINCORPORATED,-121.83924102783203,36.941677093505859
91891014,2022,2022-10-17,9720,2022-10-07,0830,020138,,5,1,9,4400,0,2,S,,2,904,"OLD SUMMIT ROAD","SUMMIT ROAD",170.00,S,N,A,-,N,,,,,,,,,,Y,2,0,1,1,A,-,08,22107,,N,E,I,A,A,H,-,A,D,0,,,,,Y,,A,08,1,0,0,0,0,0,0,0,0,"- ","- ",37.145030975341797,-121.98320770263672,"SANTA CRUZ",UNINCORPORATED,-121.98314666748047,37.145088195800781
91891025,2022,2022-12-07,9720,2022-10-12,1340,020562,,3,1,9,4400,0,1,3,,1,017,"SR-17 N/B","N/B SR-1 OVER-CROSSING",680.00,N,N,A,-,Y,SCR,,17,,,0.159,H,,R,Y,3,0,1,1,A,-,08,22107,,N,E,8,A,A,H,-,A,D,0,,,,,Y,,A,07,0,1,0,0,0,0,0,0,0,"- ","- ",36.991661071777344,-122.0201416015625,"SANTA CRUZ",UNINCORPORATED,-122.02024078369141,36.991710662841797
91891232,2022,2022-10-17,9720,2022-10-05,1725,022140,,3,2,9,4400,0,2,4,,1,024,"EAST CLIFF DR","PORTOLA DR",60.00,S,N,A,-,N,,,,,,,,,,N,2,0,1,1,A,-,03,22350,,N,F,A,A,A,H,-,A,D,0,,,,,Y,Y,M,96,1,0,0,0,0,0,0,0,0,"- ","- ",36.962581634521484,-121.98837280273438,"SANTA CRUZ",UNINCORPORATED,-121.98822021484375,36.962688446044922
91892623,2022,2022-10-18,9720,2022-10-06,1500,021321,,4,2,9,4400,0,3,5,,2,100,"BEAR CREEK RD","RALSTON RIDGE",240.00,W,N,A,-,N,,,,,,,,,,N,2,0,1,1,A,-,08,22107,,N,E,I,A,A,H,-,A,D,0,,,,,Y,,A,07,1,0,0,0,0,0,0,0,0,"- ","- ",37.141258239746094,-122.09246826171875,"SANTA CRUZ",UNINCORPORATED,-122.09220886230469,37.141372680664062
91894375,2022,2022-10-19,9730,2022-10-14,2221,022725,,5,3,9,4400,0,1,S,,2,904,"SR-1 S/B",SR-129,3696.00,S,N,A,-,Y,SCR,,1,,R,0.007,H,,L,Y,3,0,2,2,A,-,01,23152,A,N,C,2,A,A,H,-,D,D,0,,,,,Y,Y,A,01,0,1,1,0,0,0,0,0,0,"- ","- ",36.883880615234375,-121.77252197265625,"SANTA CRUZ",UNINCORPORATED,-121.77254486083984,36.883876800537109
91895627,2022,2022-10-20,9720,2022-10-08,2040,022140,,6,2,9,4400,0,1,3,,1,010,SR-1,"BONNY DOON RD",500.00,S,N,B,E,Y,SCR,,1,,,27.524,H,,R,Y,2,0,1,2,A,-,03,22350,,N,C,G,A,B,H,-,D,D,0,,Y,,,Y,,A,01,1,0,0,0,0,0,1,0,0,"- ","- ",36.999889373779297,-122.17935180664062,"SANTA CRUZ",UNINCORPORATED,-122.17931365966797,36.999919891357422
91895628,2022,2022-10-20,9720,2022-10-07,0615,015699,,5,1,9,4400,0,3,5,,2,300,"THOMPSON RD.","CARLTON RD.",0.00,,Y,E,-,N,,,,,,,,,,Y,4,0,1,2,A,-,08,22107,,F,D,C,A,B,H,-,D,D,0,,,,,Y,,-,99,0,0,1,0,0,0,0,0,0,"- ","- ",36.938331604003906,-121.70658874511719,"SANTA CRUZ",UNINCORPORATED,-121.70665740966797,36.938304901123047
91895629,2022,2022-10-20,9720,2022-10-08,1550,022901,,6,2,9,4400,0,3,5,,2,300,"CARLTON ROAD","THOMPSON ROAD",0.00,,Y,B,-,N,,,,,,,,,,Y,3,0,3,2,A,-,01,23152,A,N,A,C,A,A,H,-,A,D,0,,,,,Y,,A,01,0,3,0,0,0,0,0,0,0,"- ","- ",36.938278198242188,-121.70664215087891,"SANTA CRUZ",UNINCORPORATED,-121.70665740966797,36.938304901123047
91895631,2022,2022-10-20,9720,2022-10-08,1615,020977,,6,2,9,4400,0,1,3,,1,010,"STATE ROUTE 236","VIA RATON",1584.00,N,N,A,-,Y,SCR,,236,,,16.460,H,,R,Y,2,0,3,1,A,-,03,22350,,N,E,I,A,A,H,-,A,D,0,,,,,Y,,A,01,2,0,1,0,0,0,0,0,0,"- ","- ",37.201519012451172,-122.16255950927734,"SANTA CRUZ",UNINCORPORATED,-122.16255950927734,37.201511383056641
91896586,2022,2022-10-21,9720,2022-10-13,1520,022140,,4,2,9,4400,0,2,4,,1,024,"SEASCAPE BLVD","TIBURON CT",100.00,W,N,A,-,N,,,,,,,,,,Y,3,0,1,2,A,-,01,23152,A,M,C,E,A,A,H,-,A,D,0,,,,,Y,Y,A,01,0,1,0,0,0,0,0,0,0,"- ","- ",36.952678680419922,-121.87400054931641,"SANTA CRUZ",UNINCORPORATED,-121.87388610839844,36.952648162841797
91898469,2022,2022-10-25,9720,2022-10-04,0954,021211,,2,1,9,4400,0,1,3,,2,020,"SR-1 N/B","RIO DEL MAR BLVD.",1584.00,N,N,A,-,Y,SCR,,1,,,9.353,H,,R,Y,4,0,1,2,A,-,07,21658,A,N,C,C,A,A,H,-,A,D,0,,,,,Y,,A,01,0,0,1,0,0,0,0,0,0,"- ","- ",36.975658416748047,-121.88987731933594,"SANTA CRUZ",UNINCORPORATED,-121.88986968994141,36.975482940673828
91898508,2022,2022-10-25,9720,2022-10-06,2222,023026,,4,3,9,4400,0,1,3,,2,030,"SR1 S/B","AIRPORT BLVD",3168.00,N,N,E,-,Y,SCR,,1,,R,3.782,H,,L,N,4,0,1,1,A,-,08,22107,,N,E,I,A,A,H,-,C,D,0,,,,,Y,,A,01,0,0,1,0,0,0,0,0,0,"- ","- ",36.929588317871094,-121.80577087402344,"SANTA CRUZ",UNINCORPORATED,-121.80575561523438,36.929607391357422
91898704,2022,2022-10-25,9720,2022-10-10,1733,022400,,1,2,9,4400,0,1,3,,1,015,"NB SR-9","RIVER ST",0.00,,Y,A,-,Y,SCR,,9,,,12.454,H,,R,N,2,0,1,2,A,-,09,21804,A,N,D,C,A,A,H,-,A,D,0,,,Y,,Y,,D,22,1,0,0,0,0,0,0,0,1,"- ","- ",37.116230010986328,-122.12036895751953,"SANTA CRUZ",UNINCORPORATED,-122.12037658691406,37.116230010986328
91898869,2022,2022-10-25,9720,2022-10-12,2330,021304,,3,3,9,4400,0,2,4,,1,031,"FREEDOM BLVD","DAY VALLEY RD",528.00,W,N,A,-,N,,,,,,,,,,Y,4,0,1,4,A,-,01,23152,A,N,E,I,A,B,H,-,A,D,0,,,,,Y,Y,A,01,0,0,1,0,0,0,0,0,0,"- ","- ",36.987781524658203,-121.83870697021484,"SANTA CRUZ",UNINCORPORATED,-121.84011840820312,36.987743377685547
91898927,2022,2022-10-25,9720,2022-10-14,2255,022712,,5,3,4,4403,0,1,3,,2,030,"RT 1","W. RIVERSIDE DR.",3023.00,S,N,E,-,Y,SCR,,1,,R,0.142,H,,R,Y,4,0,1,2,A,-,01,23152,A,N,C,C,A,A,H,-,C,D,0,,,,,Y,Y,A,01,0,0,1,0,0,0,0,0,0,"- ","- ",36.885910034179688,-121.7728271484375,"SANTA CRUZ",WATSONVILLE,-121.77260589599609,36.885932922363281