CASE_ID,ACCIDENT_YEAR,PROC_DATE,JURIS,COLLISION_DATE,COLLISION_TIME,OFFICER_ID,REPORTING_DISTRICT,DAY_OF_WEEK,CHP_SHIFT,POPULATION,CNTY_CITY_LOC,SPECIAL_COND,BEAT_TYPE,CHP_BEAT_TYPE,CITY_DIVISION_LAPD,CHP_BEAT_CLASS,BEAT_NUMBER,PRIMARY_RD,SECONDARY_RD,DISTANCE,DIRECTION,INTERSECTION,WEATHER_1,WEATHER_2,STATE_HWY_IND,CALTRANS_COUNTY,CALTRANS_DISTRICT,STATE_ROUTE,ROUTE_SUFFIX,POSTMILE_PREFIX,POSTMILE,LOCATION_TYPE,RAMP_INTERSECTION,SIDE_OF_HWY,TOW_AWAY,COLLISION_SEVERITY,NUMBER_KILLED,NUMBER_INJURED,PARTY_COUNT,PRIMARY_COLL_FACTOR,PCF_CODE_OF_VIOL,PCF_VIOL_CATEGORY,PCF_VIOLATION,PCF_VIOL_SUBSECTION,HIT_AND_RUN,TYPE_OF_COLLISION,MVIW,PED_ACTION,ROAD_SURFACE,ROAD_COND_1,ROAD_COND_2,LIGHTING,CONTROL_DEVICE,CHP_ROAD_TYPE,PEDESTRIAN_ACCIDENT,BICYCLE_ACCIDENT,MOTORCYCLE_ACCIDENT,TRUCK_ACCIDENT,NOT_PRIVATE_PROPERTY,ALCOHOL_INVOLVED,STWD_VEHTYPE_AT_FAULT,CHP_VEHTYPE_AT_FAULT,COUNT_SEVERE_INJ,COUNT_VISIBLE_INJ,COUNT_COMPLAINT_PAIN,COUNT_PED_KILLED,COUNT_PED_INJURED,COUNT_BICYCLIST_KILLED,COUNT_BICYCLIST_INJURED,COUNT_MC_KILLED,COUNT_MC_INJURED,PRIMARY_RAMP,SECONDARY_RAMP,LATITUDE,LONGITUDE,COUNTY,CITY,POINT_X,POINT_Y
91899220,2022,2022-10-25,9720,2022-10-13,1645,022976,,4,2,9,4400,0,2,4,,1,023,"CAPITOLA ROAD","17TH AVE",275.00,W,N,A,-,N,,,,,,,,,,N,4,0,1,2,A,-,09,21801,A,N,D,C,A,B,H,-,A,D,0,,,,,Y,,-,"- ",0,0,1,0,0,0,0,0,0,"- ","- ",36.976058959960938,-121.98403167724609,"SANTA CRUZ",UNINCORPORATED,-121.98390960693359,36.976089477539062
91899240,2022,2022-10-25,9720,2022-10-13,1815,022976,,4,2,9,4400,0,1,3,,1,015,SR-9,"BRIMBLECOM RD",0.00,,Y,A,-,Y,SCR,,9,,,14.413,H,,R,N,3,0,1,1,A,-,08,22107,,N,F,A,A,A,H,-,B,D,0,,,Y,,Y,,-,"- ",0,1,0,0,0,0,0,0,1,"- ","- ",37.142021179199219,-122.13178253173828,"SANTA CRUZ",UNINCORPORATED,-122.13181304931641,37.142017364501953
91899244,2022,2022-10-25,9720,2022-10-07,1150,022907,,5,1,9,4400,0,1,3,,1,015,SR-9,"LAZY WOODS ROAD",528.00,S,N,A,-,Y,SCR,,9,,,7.340,H,,R,Y,3,0,2,3,A,-,01,23152,A,N,C,E,A,A,H,-,A,D,0,,,,,Y,,D,22,0,2,0,0,0,0,0,0,0,"- ","- ",37.063610076904297,-122.07978057861328,"SANTA CRUZ",UNINCORPORATED,-122.07984924316406,37.063621520996094
91899666,2022,2022-10-26,9720,2022-10-15,1840,022879,,6,2,9,4400,0,1,3,,1,015,SR-9,"FELTON EMPIRE RD.",665.00,N,N,A,-,Y,SCR,,9,,,6.602,H,,R,N,3,0,1,2,A,-,03,22350,,N,D,C,A,A,H,-,D,D,0,,,Y,,Y,,C,02,0,1,0,0,0,0,0,0,1,"- ","- ",37.054908752441406,-122.07436370849609,"SANTA CRUZ",UNINCORPORATED,-122.07440185546875,37.054889678955078
91899670,2022,2022-10-26,9720,2022-10-10,1510,022879,,1,2,9,4400,0,2,4,,1,021,"SOQUEL DR.","MAIN ST.",0.00,,Y,A,-,N,,,,,,,,,,N,4,0,2,3,A,-,12,21453,A,F,D,C,A,A,H,-,A,A,0,,,,,Y,,D,22,0,0,2,0,0,0,0,0,0,"- ","- ",36.971061706542969,-121.87146759033203,"SANTA CRUZ",UNINCORPORATED,-121.95462799072266,36.988838195800781
91899735,2022,2022-10-26,9720,2022-10-16,1500,022879,,7,2,9,4400,0,1,3,,1,010,SR-1,"3451 SR-1",865.00,S,N,A,-,Y,SCR,,1,,,23.276,H,,R,N,3,0,1,2,A,-,08,22107,,N,B,G,A,A,H,-,A,D,0,,Y,,,Y,,L,04,0,1,0,0,0,0,1,0,0,"- ","- ",36.968120574951172,-122.11405181884766,"SANTA CRUZ",UNINCORPORATED,-122.11403656005859,36.968135833740234
91899767,2022,2022-10-26,9720,2022-10-17,1145,018171,,1,1,9,4400,0,3,5,,2,300,"7TH AVE","RODRIGUEZ ST",0.00,,Y,A,-,N,,,,,,,,,,N,4,0,1,2,A,-,09,21800,A,N,B,C,A,A,H,-,A,D,0,,,,,Y,,A,07,0,0,1,0,0,0,0,0,0,"- ","- ",36.981578826904297,-121.98959350585938,"SANTA CRUZ",UNINCORPORATED,-121.98966217041016,36.981513977050781
91899781,2022,2022-10-26,9720,2022-10-17,1610,022879,,1,2,9,4400,0,1,3,,2,020,SR-1,"SOQUEL DR.",2349.00,S,N,A,-,Y,SCR,,1,,,14.413,H,,R,N,4,0,1,2,A,-,03,22350,,N,C,C,A,A,H,-,A,D,0,,,,,Y,,A,01,0,0,1,0,0,0,0,0,0,"- ","- ",36.985061645507812,-121.97846984863281,"SANTA CRUZ",UNINCORPORATED,-121.97840118408203,36.9852294921875
91899963,2022,2022-10-26,9720,2022-10-16,1709,022162,,7,2,9,4400,0,3,5,,2,300,"SAN ANDREAS ROAD","DAIRY ROAD",140.00,S,N,A,-,N,,,,,,,,,,Y,4,0,1,1,A,-,01,23152,A,N,F,I,A,A,H,-,A,D,0,,,,,Y,Y,D,22,0,0,1,0,0,0,0,0,0,"- ","- ",36.887969970703125,-121.80623626708984,"SANTA CRUZ",UNINCORPORATED,-121.80620574951172,36.887977600097656
91900193,2022,2022-10-26,9720,2022-10-17,1108,022907,,1,1,9,4400,0,2,4,,1,016,"GRAHAM HILL RD","ROLLINGWOODS DR",1056.00,N,N,A,-,N,,,,,,,,,,N,3,0,2,2,A,-,03,22350,,N,C,C,A,A,H,-,A,D,0,,,,,Y,,A,07,0,1,1,0,0,0,0,0,0,"- ","- ",37.028888702392578,-121.03970336914062,"SANTA CRUZ",UNINCORPORATED,-122.03955841064453,37.028614044189453
91900198,2022,2022-10-26,9720,2022-09-03,0955,021211,,6,1,9,4400,0,3,5,,2,300,"BROWNS VALLEY RD","DEER RIDGE TRL",81.00,N,N,A,-,N,,,,,,,,,,N,2,0,1,2,A,-,03,22350,,N,B,E,A,A,H,-,A,D,0,,Y,,,Y,,L,04,1,0,0,0,0,0,1,0,0,"- ","- ",37.013530731201172,-121.79271697998047,"SANTA CRUZ",UNINCORPORATED,-121.79286956787109,37.013511657714844
91900206,2022,2022-10-26,9720,2022-10-04,0845,021211,,2,1,9,4400,0,1,3,,2,020,"SR-1 N/B","STATE PARK DR.",1584.00,S,N,A,-,Y,SCR,,1,,,10.279,H,,R,Y,4,0,1,3,A,-,03,22350,,N,C,C,A,A,H,-,A,D,0,,,,,Y,,D,22,0,0,1,0,0,0,0,0,0,"- ","- ",36.976028442382812,-121.90641784667969,"SANTA CRUZ",UNINCORPORATED,-121.90641784667969,36.976032257080078
91900639,2022,2022-10-27,9720,2022-10-15,0830,022907,,6,1,9,4400,0,3,5,,2,100,"FELTON EMPIRE RD","KRAZY ACRE LN",1056.00,E,N,A,-,N,,,,,,,,,,N,2,0,1,1,A,-,08,22107,,N,E,I,A,B,H,-,B,D,0,,,,,Y,,D,22,1,0,0,0,0,0,0,0,0,"- ","- ",37.050369262695312,-122.09239196777344,"SANTA CRUZ",UNINCORPORATED,-122.09649658203125,37.053798675537109
91900940,2022,2022-10-27,9720,2022-09-04,1347,021211,,7,1,9,4400,0,1,3,,1,035,SR-129,"SR-1 N/B",0.00,,Y,A,-,Y,SCR,,129,,L,0.125,H,,R,Y,3,0,3,2,A,-,09,21802,A,N,D,C,A,A,H,-,A,A,0,,,,,Y,,A,07,0,1,2,0,0,0,0,0,0,"- ","- ",36.895168304443359,-121.77201080322266,"SANTA CRUZ",UNINCORPORATED,-121.77203369140625,36.895187377929688
91901376,2022,2022-10-27,9720,2022-10-19,2110,022162,,3,2,9,4400,0,2,4,,1,021,"SOQUEL AVENUE","SR-1 SOUTHBOUND OFF-RAMP TO SOQUEL AVENUE",0.00,,Y,A,-,Y,,,,,,,,,,N,4,0,1,2,A,-,09,21800,D,N,A,C,A,A,H,-,C,B,0,,,,,Y,,A,07,0,0,1,0,0,0,0,0,0,"- ","- ",36.986461639404297,-121.98587799072266,"SANTA CRUZ",UNINCORPORATED,-121.98756408691406,36.985950469970703
91905009,2022,2022-10-31,9720,2022-10-12,2200,020977,,3,3,9,4400,0,3,5,,2,100,"FELTON EMPIRE RD","KRAZY ACRE LANE",2640.00,W,N,E,-,N,,,,,,,,,,Y,4,0,1,1,A,-,03,22350,,N,E,I,A,B,H,-,D,D,0,,,,,Y,,A,01,0,0,1,0,0,0,0,0,0,"- ","- ",37.056041717529297,-122.10173034667969,"SANTA CRUZ",UNINCORPORATED,-122.09968566894531,37.056137084960938
91905013,2022,2022-10-31,9720,2022-10-15,1230,023066,,6,1,9,4400,0,2,4,,1,021,"SOQUEL DR","WINKLE AVE",0.00,,Y,A,-,N,,,,,,,,,,N,3,0,1,2,A,-,08,22107,,N,B,G,A,A,H,-,A,A,0,,Y,,,Y,,A,07,0,1,0,0,0,0,1,0,0,"- ","- ",36.988269805908203,-121.97503662109375,"SANTA CRUZ",UNINCORPORATED,-121.97512817382812,36.988208770751953
91905014,2022,2022-10-31,9720,2022-10-18,0825,015699,,2,1,9,4400,0,1,3,,2,030,"SR1 NB","LARKIN VALLEY RD.",150.00,S,N,B,-,Y,SCR,,1,,R,7.609,H,,R,N,4,0,1,2,A,-,03,22350,,N,C,C,A,A,H,-,A,D,0,,,,,Y,,A,01,0,0,1,0,0,0,0,0,0,"- ","- ",36.960041046142578,-121.86161804199219,"SANTA CRUZ",UNINCORPORATED,-121.86167907714844,36.960002899169922
91905015,2022,2022-10-31,9720,2022-10-18,1255,021248,,2,1,9,4400,0,1,3,,2,020,"SR-1 S/B TO SOQUEL AVE","SOQUEL AVE",70.00,N,N,A,-,Y,SCR,,1,,,14.835,H,,L,Y,4,0,1,2,A,-,08,22107,,N,E,8,A,A,H,-,A,A,0,,,,,Y,,A,01,0,0,1,0,0,0,0,0,0,"- ","- ",36.986679077148438,-121.98593139648438,"SANTA CRUZ",UNINCORPORATED,-121.98583984375,36.986919403076172
91905016,2022,2022-10-31,9720,2022-10-18,1457,022976,,2,2,9,4400,0,3,5,,2,100,"E ZAYANTE ROAD","OLYMPIA STATION ROAD",0.00,,Y,A,-,N,,,,,,,,,,N,2,0,1,2,A,-,03,22350,,N,C,C,A,A,H,-,A,D,0,,,,,Y,,A,01,1,0,0,0,0,0,0,0,0,"- ","- ",37.073951721191406,-121.05555725097656,"SANTA CRUZ",UNINCORPORATED,-122.05561828613281,37.073932647705078
91905018,2022,2022-10-31,9720,2022-10-19,0815,022901,,3,1,9,4400,0,1,3,,1,015,SR-9,"GRAHAM HILL ROAD",100.00,N,N,A,-,Y,SCR,,9,,,6.495,H,,R,N,3,0,1,2,A,-,07,21658,A,N,C,C,A,A,H,-,A,A,0,,,Y,,Y,,A,01,0,1,0,0,0,0,0,0,1,"- ","- ",37.053581237792969,-122.07350921630859,"SANTA CRUZ",UNINCORPORATED,-122.07347869873047,37.053592681884766
91905019,2022,2022-10-31,9720,2022-10-20,1400,022976,,4,2,9,4400,0,3,5,,2,200,"BROMMER STREET","BROMMER WAY",200.00,E,N,A,-,N,,,,,,,,,,N,3,0,2,2,A,-,21,22106,,N,D,C,A,A,H,-,A,D,0,,,,,Y,,-,"- ",0,1,1,0,0,0,0,0,0,"- ","- ",36.971321105957031,-121.98600769042969,"SANTA CRUZ",UNINCORPORATED,-121.98591613769531,36.971359252929688
91905023,2022,2022-10-31,9720,2022-10-20,1325,023066,,4,1,9,4400,0,3,5,,2,200,"COMMERCIAL WAY","COMMERCIAL CROSSING",0.00,,Y,A,-,N,,,,,,,,,,N,3,0,1,2,A,-,12,22450,A,N,D,C,A,A,H,-,A,A,0,,,Y,,Y,,A,01,0,1,0,0,0,0,0,0,1,"- ","- ",36.987651824951172,-121.98246765136719,"SANTA CRUZ",UNINCORPORATED,-121.98240661621094,36.987651824951172
91905253,2022,2022-10-31,9720,2022-10-14,1742,021888,,5,2,9,4400,0,1,3,,2,020,"SOUTHBOUND SR-1","SOQUEL DRIVE",700.00,N,N,A,-,Y,SCR,,1,,,15.012,H,,R,N,3,0,1,2,A,-,07,21658,A,M,F,A,A,A,H,-,A,D,0,,,Y,,Y,,A,07,0,1,0,0,0,0,0,0,1,"- ","- ",36.987491607666016,-121.98883056640625,"SANTA CRUZ",UNINCORPORATED,-121.98880767822266,36.987598419189453
91905268,2022,2022-10-31,9720,2022-10-16,1900,022879,,7,2,9,4400,0,3,5,,2,300,"PAULSEN RD.","LAPIS DR.",1478.00,E,N,A,-,N,,,,,,,,,,N,3,0,6,2,A,-,01,23152,A,F,A,C,A,A,H,-,C,D,0,,,,,Y,Y,D,22,0,6,0,0,0,0,0,0,0,"- ","- ",36.955448150634766,-121.75583648681641,"SANTA CRUZ",UNINCORPORATED,-121.75543212890625,36.955429077148438
91905273,2022,2022-10-31,9720,2022-10-20,1435,022879,,4,2,9,4400,0,1,3,,1,015,SR-9,"MOUNTAIN ST.",30.00,S,N,A,-,Y,SCR,,9,,,12.769,H,,R,N,3,0,1,2,A,-,03,22350,,N,C,C,A,A,H,-,A,D,0,,,,,Y,,A,01,0,1,0,0,0,0,0,0,0,"- ","- ",37.120441436767578,-122.12090301513672,"SANTA CRUZ",UNINCORPORATED,-122.12090301513672,37.120441436767578
91905406,2022,2022-10-31,9720,2022-10-11,0930,015170,,2,1,9,4400,0,3,5,,2,100,"BONNY DOON RD","BRISA DEL MAR",2.00,E,N,A,-,N,,,,,,,,,,N,3,0,1,2,A,-,05,21752,,N,D,C,A,A,H,-,A,D,0,,,Y,,Y,,C,02,0,1,0,0,0,0,0,0,1,"- ","- ",37.035930633544922,-122.15994262695312,"SANTA CRUZ",UNINCORPORATED,-122.15191650390625,37.040164947509766
91905912,2022,2022-10-31,9720,2022-10-24,1015,018171,,1,1,9,4400,0,3,5,,2,200,"SOQUEL AVE","SR-1 S/B",100.00,W,N,A,-,N,,,,,,,,,,N,4,0,1,2,A,-,07,21658,A,N,B,C,A,A,H,-,A,D,0,,,,,Y,,A,07,0,0,1,0,0,0,0,0,0,"- ","- ",36.986289978027344,-121.98628234863281,"SANTA CRUZ",UNINCORPORATED,-121.9742431640625,36.983932495117188
91906471,2022,2022-11-01,9720,2022-10-26,2100,022399,,3,2,9,4400,0,3,5,,2,300,"W BEACH STREET","PANABAKER RD",528.00,W,N,A,-,N,,,,,,,,,,Y,4,0,1,1,A,-,08,22107,,N,E,I,A,A,H,-,D,D,0,,,,,Y,,A,01,0,0,1,0,0,0,0,0,0,"- ","- ",36.889068603515625,-121.78945922851562,"SANTA CRUZ",UNINCORPORATED,-121.78947448730469,36.888984680175781
91906510,2022,2022-11-01,9720,2022-10-29,2000,021717,,6,2,9,4400,0,1,3,,1,034,SR-152,"CASSERLY RD",200.00,W,N,A,-,Y,SCR,,152,,,3.642,H,,R,N,4,0,1,2,A,-,03,22350,,N,C,C,A,A,H,-,D,D,0,,,,,Y,,D,22,0,0,1,0,0,0,0,0,0,"- ","- ",36.955619812011719,-121.72791290283203,"SANTA CRUZ",UNINCORPORATED,-121.72791290283203,36.955623626708984
91906517,2022,2022-11-01,9720,2022-10-23,1745,022162,,7,2,9,4400,0,3,5,,2,300,"MAR MONTE AVE","ROBAK DRIVE",550.00,S,N,A,-,N,,,,,,,,,,Y,3,0,1,2,A,-,08,22107,,M,E,I,A,A,H,-,A,D,0,,,,,Y,,A,01,0,1,0,0,0,0,0,0,0,"- ","- ",36.943500518798828,-121.85305786132812,"SANTA CRUZ",UNINCORPORATED,-121.85328674316406,36.943450927734375
91906947,2022,2022-11-01,9720,2022-10-12,0815,015170,,3,1,9,4400,0,2,4,,1,016,"MT HERMON RD","CONFERENCE DR",528.00,W,N,B,-,N,,,,,,,,,,Y,3,0,1,1,A,-,08,22107,,N,E,I,A,A,H,-,A,D,0,,,,,Y,,A,01,0,1,0,0,0,0,0,0,0,"- ","- ",37.053428649902344,-122.03974914550781,"SANTA CRUZ",UNINCORPORATED,-122.04112243652344,37.054920196533203
91906972,2022,2022-11-01,9720,2022-10-30,0420,022400,,7,3,9,4400,0,1,3,,1,017,"SB SR-17","ALTA VISTA LN",175.00,S,N,A,-,Y,,,,,,,,,,N,3,0,1,1,A,-,01,23152,A,N,E,I,A,A,H,-,D,D,0,,,,,Y,Y,A,07,0,1,0,0,0,0,0,0,0,"- ","- ",34.126461029052734,-121.97434997558594,"SANTA CRUZ",UNINCORPORATED,-121.974365234375,37.126663208007812
91909055,2022,2022-11-03,9720,2022-10-24,1215,021248,,1,1,9,4400,0,2,4,,1,021,"SOQUEL DR","APTOS CREEK RD",150.00,W,N,A,-,N,,,,,,,,,,N,4,0,1,2,A,-,03,22350,,N,D,C,A,A,H,-,A,D,0,,,,,Y,,A,07,0,0,1,0,0,0,0,0,0,"- ","- ",36.976741790771484,-121.90283966064453,"SANTA CRUZ",UNINCORPORATED,-121.90273284912109,36.976825714111328
91909150,2022,2022-11-03,9720,2022-10-24,1325,021548,,1,1,9,4400,0,2,4,,1,016,"GRAHAM HILL RD.","SIMS RD.",150.00,E,N,A,-,N,,,,,,,,,,N,3,0,1,2,A,-,09,21804,A,N,D,C,A,A,H,-,A,D,0,,,,,Y,,A,01,0,1,0,0,0,0,0,0,0,"- ","- ",37.011451721191406,-122.03420257568359,"SANTA CRUZ",UNINCORPORATED,-122.03417205810547,37.01177978515625
91909173,2022,2022-11-03,9720,2022-10-24,1240,015699,,1,1,9,4400,0,2,4,,1,021,"SOQUEL DR.","HARDIN WY.",120.00,E,N,A,-,N,,,,,,,,,,N,4,0,1,2,A,-,09,21804,A,F,D,C,A,A,H,-,A,D,0,,,,,Y,,-,99,0,0,1,0,0,0,0,0,0,"- ","- ",36.987911224365234,-121.94405364990234,"SANTA CRUZ",UNINCORPORATED,-121.94410705566406,36.987823486328125
91909194,2022,2022-11-03,9720,2022-10-20,2110,022976,,4,2,9,4400,0,2,4,,1,021,"SOQUEL DRIVE","DOVER DRIVE",50.00,W,N,A,-,N,,,,,,,,,,N,3,0,1,2,A,-,00,20001,,F,D,C,A,A,H,-,D,D,0,,,Y,,Y,Y,-,99,0,1,0,0,0,0,0,0,1,"- ","- ",36.987918853759766,-121.97261810302734,"SANTA CRUZ",UNINCORPORATED,-121.97248840332031,36.987941741943359
91910192,2022,2022-11-04,9720,2022-10-25,0850,021548,,2,1,9,4400,0,3,5,,2,100,"EMPIRE GRADE RD.","SMITH GRADE RD.",2640.00,N,N,A,-,N,,,,,,,,,,Y,3,0,1,1,A,-,03,22350,,N,F,I,A,A,H,-,A,D,0,,,,,Y,,A,07,0,1,0,0,0,0,0,0,0,"- ","- ",37.029758453369141,-122.10514831542969,"SANTA CRUZ",UNINCORPORATED,-122.10544586181641,37.029609680175781
91910506,2022,2022-11-07,9720,2022-10-27,1605,022162,,4,2,5,4402,0,1,3,,2,020,"SB SR-1","RIVER STREET",150.00,S,N,A,-,Y,SCR,,1,,,17.546,H,,R,N,3,0,1,2,A,-,03,22350,,N,C,C,A,A,H,-,A,D,0,,,Y,,Y,,C,03,0,1,0,0,0,0,0,0,1,"- ","- ",36.984451293945312,-122.02953338623047,"SANTA CRUZ","SANTA CRUZ",-122.02960968017578,36.984588623046875
91910521,2022,2022-11-07,9720,2022-10-28,1300,015699,,5,1,9,4400,0,2,4,,1,031,"FREEDOM BLVD.","COMPTON TERRACE",0.00,,Y,B,-,N,,,,,,,,,,N,4,0,2,2,A,-,07,21658,A,N,B,C,A,A,H,-,A,A,0,,,,,Y,,A,01,0,0,2,0,0,0,0,0,0,"- ","- ",36.940040588378906,-121.78109741210938,"SANTA CRUZ",UNINCORPORATED,-121.78102874755859,36.940032958984375
91910532,2022,2022-11-07,9720,2022-11-01,0905,021304,,2,1,9,4400,0,3,5,,2,200,"CLIFF DR","PROSPECT ST",600.00,W,N,B,-,N,,,,,,,,,,N,4,0,1,2,A,-,03,22350,,N,C,C,A,B,H,-,E,D,0,,,,,Y,,A,01,0,0,1,0,0,0,0,0,0,"- ","- ",36.961849212646484,-121.99610137939453,"SANTA CRUZ",UNINCORPORATED,-121.99605560302734,36.961898803710938
91910535,2022,2022-11-07,9720,2022-10-26,1400,022044,,3,2,9,4400,0,2,S,,2,904,"SLOAT RD.","BIRD ROCK RD.",0.00,,Y,A,-,N,,,,,,,,,,Y,4,0,1,2,A,-,09,21804,B,N,D,C,A,A,H,-,A,D,0,,,,,Y,,A,01,0,0,1,0,0,0,0,0,0,"- ","- ",36.597278594970703,-121.94560241699219,"SANTA CRUZ",UNINCORPORATED,,
91910541,2022,2022-11-07,9720,2022-10-25,1730,022044,,2,2,9,4400,0,2,4,,1,021,"SOQUEL DR.","PARK AVE",100.00,S,N,A,-,N,,,,,,,,,,Y,4,0,1,3,A,-,03,22350,,N,C,C,A,A,H,-,A,D,0,,,,,Y,,A,01,0,0,1,0,0,0,0,0,0,"- ","- ",36.989368438720703,-121.93538665771484,"SANTA CRUZ",UNINCORPORATED,-121.93604278564453,36.988967895507812
91910754,2022,2022-11-07,9720,2022-10-22,1940,022879,,6,2,9,4400,0,2,4,,1,024,"5TH AVE.","E CLIFF DR.",308.00,N,N,A,-,N,,,,,,,,,,N,3,0,1,2,A,-,08,22107,,N,D,G,A,A,H,-,C,D,0,,Y,,,Y,,A,07,0,1,0,0,0,0,1,0,0,"- ","- ",36.963920593261719,-122.00025939941406,"SANTA CRUZ",UNINCORPORATED,-122.00021362304688,36.963813781738281
91910756,2022,2022-11-07,9720,2022-10-28,1655,022140,,5,2,9,4400,0,3,5,,2,100,"EMPIRE GRADE","FELTON EMPIRE RD",0.00,,Y,A,-,N,,,,,,,,,,Y,3,0,1,1,A,-,08,22107,,F,F,A,A,A,H,-,A,D,0,,,Y,,Y,,C,02,0,1,0,0,0,0,0,0,1,"- ","- ",37.057941436767578,-122.12310028076172,"SANTA CRUZ",UNINCORPORATED,-122.12308502197266,37.057960510253906
91910759,2022,2022-11-07,9720,2022-10-27,1338,022879,,4,1,9,4400,0,3,5,,2,200,"SUMMIT RD.","MORRILL RD.",10.00,W,N,A,-,N,,,,,,,,,,N,3,0,1,2,A,-,06,21750,,N,D,C,A,A,H,-,A,D,0,,,Y,,Y,,C,02,0,1,0,0,0,0,0,0,1,"- ","- ",37.123249053955078,-121.93398284912109,"SANTA CRUZ",UNINCORPORATED,-121.94623565673828,37.127605438232422
91912576,2022,2023-03-27,9720,2022-10-28,2147,020977,,5,2,9,4400,0,1,3,,1,035,"STATE ROUTE 129","HARVEST DRIVE",0.00,,Y,A,-,Y,SCR,,129,,L,0.810,H,,R,Y,1,1,0,2,A,-,11,21954,A,N,G,B,E,A,H,-,D,D,0,Y,,,,Y,,N,60,0,0,0,1,0,0,0,0,0,"- ","- ",36.901649475097656,-121.76309967041016,"SANTA CRUZ",UNINCORPORATED,-121.76299285888672,36.90155029296875
91913113,2022,2022-11-08,9720,2022-10-30,1500,021714,,7,2,9,4400,0,1,3,,1,017,"SR-17 N/B","OLD SANTA CRUZ HIGHWAY",528.00,S,N,A,-,Y,SCR,,17,,,10.912,H,,R,N,4,0,1,2,A,-,03,22350,,N,C,C,A,A,H,-,A,D,0,,,,,Y,,A,07,0,0,1,0,0,0,0,0,0,"- ","- ",37.122749328613281,-121.97283935546875,"SANTA CRUZ",UNINCORPORATED,-121.97287750244141,37.122760772705078
91913530,2022,2022-11-09,9720,2022-10-29,0005,022471,,6,3,9,4400,0,2,4,,1,024,"PORTOLA DR","35TH AVE",85.00,E,N,A,-,N,,,,,,,,,,N,3,0,1,2,A,-,08,22107,,F,E,I,A,A,H,-,C,D,0,,Y,,,Y,Y,-,99,0,1,0,0,0,0,1,0,0,"- ","- ",36.963539123535156,-121.97015380859375,"SANTA CRUZ",UNINCORPORATED,-121.97026824951172,36.963451385498047
91913662,2021,2022-11-09,9720,2021-11-29,0631,021211,,1,1,9,4400,0,1,3,,1,035,SR-129,"HARVEST DR.",528.00,E,N,A,-,Y,,,129,,,,,,,Y,1,1,2,3,A,-,07,21658,A,N,C,2,A,A,H,-,B,D,0,,,,Y,Y,,D,22,0,2,0,0,0,0,0,0,0,"- ","- ",36.902908325195312,-121.7613525390625,"SANTA CRUZ",UNINCORPORATED,-121.76128387451172,36.902820587158203
91913886,2022,2022-11-09,9720,2022-10-31,0605,021477,,1,1,9,4400,0,2,4,,1,024,"CAPITOLA RD.","15TH AVE.",50.00,W,N,A,-,N,,,,,,,,,,N,3,0,1,3,A,-,08,22107,,N,C,E,A,A,H,-,C,D,0,,,,,Y,,A,01,0,1,0,0,0,0,0,0,0,"- ","- ",36.976528167724609,-121.98554229736328,"SANTA CRUZ",UNINCORPORATED,-121.98541259765625,36.976551055908203
91913908,2022,2022-11-09,9720,2022-11-01,1255,015699,,2,1,9,4400,0,1,3,,2,030,"SR-1 S/B","BUENA VISTA DR",5280.00,N,N,B,C,Y,SCR,,1,,R,5.392,H,,L,Y,4,0,1,1,A,-,08,22107,,N,F,A,A,B,H,-,A,D,0,,,,,Y,,D,22,0,0,1,0,0,0,0,0,0,"- ","- ",36.938060760498047,-121.83294677734375,"SANTA CRUZ",UNINCORPORATED,-121.83296203613281,36.938034057617188
91914568,2022,2022-11-10,9720,2022-09-24,2000,020977,,6,2,9,4400,0,2,4,,1,031,"CORRALITOS RD","FREEDOM BLVD",0.00,,Y,A,-,N,,,,,,,,,,Y,3,0,1,2,A,-,12,22450,A,M,D,C,A,A,H,-,C,A,0,,,,,Y,,A,01,0,1,0,0,0,0,0,0,0,"- ","- ",36.963470458984375,-121.80953979492188,"SANTA CRUZ",UNINCORPORATED,-121.80949401855469,36.96343994140625
91914962,2022,2022-11-10,9720,2022-11-02,0723,021540,,3,1,9,4400,0,3,5,,2,200,"GLEN CANYON RD","SUNNY ACRES DR",50.00,E,N,B,-,N,,,,,,,,,,Y,4,0,1,1,A,-,08,22107,,N,F,A,A,B,H,-,A,D,0,,,Y,,Y,,C,02,0,0,1,0,0,0,0,0,1,"- ","- ",37.020458221435547,-122.02069091796875,"SANTA CRUZ",UNINCORPORATED,-122.02049255371094,37.020465850830078
91915134,2022,2022-11-10,9720,2022-11-01,0520,022879,,2,3,9,4400,0,1,3,,1,034,SR-152,"GAFFEY RD.",2218.00,W,N,A,-,Y,SCR,,152,,,5.972,H,,R,Y,3,0,1,2,A,-,05,21460,A,M,A,C,A,A,H,-,D,D,0,,,,,Y,,A,01,0,1,0,0,0,0,0,0,0,"- ","- ",36.978858947753906,-121.71086883544922,"SANTA CRUZ",UNINCORPORATED,-121.71089172363281,36.978862762451172