CASE_ID,ACCIDENT_YEAR,PROC_DATE,JURIS,COLLISION_DATE,COLLISION_TIME,OFFICER_ID,REPORTING_DISTRICT,DAY_OF_WEEK,CHP_SHIFT,POPULATION,CNTY_CITY_LOC,SPECIAL_COND,BEAT_TYPE,CHP_BEAT_TYPE,CITY_DIVISION_LAPD,CHP_BEAT_CLASS,BEAT_NUMBER,PRIMARY_RD,SECONDARY_RD,DISTANCE,DIRECTION,INTERSECTION,WEATHER_1,WEATHER_2,STATE_HWY_IND,CALTRANS_COUNTY,CALTRANS_DISTRICT,STATE_ROUTE,ROUTE_SUFFIX,POSTMILE_PREFIX,POSTMILE,LOCATION_TYPE,RAMP_INTERSECTION,SIDE_OF_HWY,TOW_AWAY,COLLISION_SEVERITY,NUMBER_KILLED,NUMBER_INJURED,PARTY_COUNT,PRIMARY_COLL_FACTOR,PCF_CODE_OF_VIOL,PCF_VIOL_CATEGORY,PCF_VIOLATION,PCF_VIOL_SUBSECTION,HIT_AND_RUN,TYPE_OF_COLLISION,MVIW,PED_ACTION,ROAD_SURFACE,ROAD_COND_1,ROAD_COND_2,LIGHTING,CONTROL_DEVICE,CHP_ROAD_TYPE,PEDESTRIAN_ACCIDENT,BICYCLE_ACCIDENT,MOTORCYCLE_ACCIDENT,TRUCK_ACCIDENT,NOT_PRIVATE_PROPERTY,ALCOHOL_INVOLVED,STWD_VEHTYPE_AT_FAULT,CHP_VEHTYPE_AT_FAULT,COUNT_SEVERE_INJ,COUNT_VISIBLE_INJ,COUNT_COMPLAINT_PAIN,COUNT_PED_KILLED,COUNT_PED_INJURED,COUNT_BICYCLIST_KILLED,COUNT_BICYCLIST_INJURED,COUNT_MC_KILLED,COUNT_MC_INJURED,PRIMARY_RAMP,SECONDARY_RAMP,LATITUDE,LONGITUDE,COUNTY,CITY,POINT_X,POINT_Y
91915229,2022,2022-11-10,9720,2022-11-02,0830,021304,,3,1,9,4400,0,2,4,,1,023,"7TH AVE","RODRIGUEZ ST",150.00,W,N,A,-,N,,,,,,,,,,Y,4,0,2,2,A,-,09,21804,A,N,D,C,A,A,H,-,A,D,0,,,,,Y,,A,01,0,0,2,0,0,0,0,0,0,"- ","- ",36.980831146240234,-121.98993682861328,"SANTA CRUZ",UNINCORPORATED,-121.98966217041016,36.981510162353516
91915230,2022,2022-11-10,9720,2022-10-30,0905,021248,,7,1,9,4400,0,2,4,,1,023,"17TH AVE","RODRIGUEZ ST",0.00,,Y,A,-,N,,,,,,,,,,N,4,0,1,2,A,-,09,21800,A,N,D,C,A,A,H,-,A,A,0,,,Y,,Y,,A,07,0,0,1,0,0,0,0,0,1,"- ","- ",36.982330322265625,-121.98165130615234,"SANTA CRUZ",UNINCORPORATED,-121.98155975341797,36.982276916503906
91915266,2022,2022-11-10,9720,2022-10-31,0725,021248,,1,1,9,4400,0,1,3,,2,020,"SR-1 N/B FROM FREEDOM BLVD","FREEDOM BLVD",580.00,N,N,A,-,Y,SCR,,1,,,8.436,H,,R,Y,4,0,1,3,A,-,03,22350,,N,C,C,A,A,H,-,A,D,0,,,,,Y,,D,22,0,0,1,0,0,0,0,0,0,"- ","- ",36.971141815185547,-121.87425231933594,"SANTA CRUZ",UNINCORPORATED,-121.87432861328125,36.971004486083984
91915277,2022,2022-11-10,9720,2022-11-02,0955,015699,,3,1,9,4400,0,1,3,,1,034,"RT 152","CARLTON RD.",4752.00,E,N,B,-,Y,SCR,,152,,,4.590,H,,R,Y,4,0,1,1,A,-,08,22107,,N,E,I,A,B,H,-,A,D,0,,,,,Y,,A,01,0,0,1,0,0,0,0,0,0,"- ","- ",36.967151641845703,-121.72148895263672,"SANTA CRUZ",UNINCORPORATED,-121.72150421142578,36.967155456542969
91916760,2022,2022-11-14,9720,2022-11-01,0645,022976,,2,1,9,4400,0,1,3,,1,034,SR-152,"PACIFIC VIEW TERRACE",2006.00,E,N,A,-,Y,,,,,,,,,,N,3,0,1,1,A,-,01,23152,A,N,F,I,A,A,H,-,A,D,0,,,,,Y,Y,A,01,0,1,0,0,0,0,0,0,0,"- ","- ",36.990020751953125,-121.71775817871094,"SANTA CRUZ",UNINCORPORATED,-121.71354675292969,36.990089416503906
91917548,2022,2022-11-14,9720,2022-11-04,2345,022471,,5,3,9,4400,0,2,4,,1,021,"SOQUEL DR","PORTER GULCH RD",85.00,N,N,A,-,N,,,,,,,,,,Y,3,0,1,1,A,-,01,23152,A,N,E,I,A,A,H,-,C,D,0,,,Y,,Y,Y,C,02,0,1,0,0,0,0,0,0,1,"- ","- ",36.990379333496094,-121.92986297607422,"SANTA CRUZ",UNINCORPORATED,-121.92988586425781,36.990325927734375
91917575,2022,2022-11-14,9720,2022-11-07,0745,022901,,1,1,9,4400,0,3,5,,2,200,"SOQUEL AVENUE","PAUL MINNIE AVE",220.00,N,N,B,-,N,,,,,,,,,,Y,4,0,1,2,A,-,03,22350,,N,C,C,A,B,H,-,A,A,0,,,,,Y,,D,22,0,0,1,0,0,0,0,0,0,"- ","- ",36.986408233642578,-121.98467254638672,"SANTA CRUZ",UNINCORPORATED,-121.98465728759766,36.986385345458984
91917577,2022,2022-11-14,9720,2022-11-07,2330,021717,,1,3,9,4400,0,3,5,,2,300,"CARLTON RD.","COWARD RD",73.00,N,N,C,G,N,,,,,,,,,,Y,3,0,1,1,A,-,03,22350,,N,E,I,A,B,H,-,D,D,0,,,,,Y,,A,01,0,1,0,0,0,0,0,0,0,"- ","- ",36.931888580322266,-121.71212005615234,"SANTA CRUZ",UNINCORPORATED,-121.71204376220703,36.931926727294922
91918425,2022,2022-11-15,9720,2022-11-14,1304,019956,,1,1,9,4400,0,1,3,,1,017,"SR-17 S/B","GLENWOOD DR",0.00,,Y,A,-,Y,SCR,,17,,,10.643,H,,L,Y,3,0,3,2,A,-,09,21802,A,N,D,C,A,A,H,-,A,A,0,,,,,Y,,D,22,0,3,0,0,0,0,0,0,0,"- ","- ",37.119880676269531,-121.97605895996094,"SANTA CRUZ",UNINCORPORATED,-121.97608947753906,37.119876861572266
91919259,2022,2022-11-16,9720,2022-11-07,2150,021940,,1,2,9,4400,0,2,4,,1,022,"SOQUEL SAN JOSE RD","MILLER CUT OFF RD",1990.00,S,N,C,-,N,,,,,,,,,,Y,3,0,1,1,A,-,03,22350,,N,E,I,A,B,H,-,D,D,0,,,,,Y,,A,07,0,1,0,0,0,0,0,0,0,"- ","- ",37.113609313964844,-121.94026184082031,"SANTA CRUZ",UNINCORPORATED,-121.93955993652344,37.114253997802734
91919318,2022,2022-11-16,9720,2022-11-08,2120,021717,,2,2,9,4400,0,3,5,,2,200,"VALENCIA RD","TROUT GULCH RD",1056.00,N,N,C,-,N,,,,,,,,,,N,3,0,1,1,A,-,17,21200,,N,E,I,A,B,H,-,D,D,0,,Y,,,Y,Y,L,04,0,1,0,0,0,0,1,0,0,"- ","- ",36.980228424072266,-121.88967895507812,"SANTA CRUZ",UNINCORPORATED,-121.89344024658203,36.979488372802734
91919323,2022,2022-11-16,9720,2022-11-10,1240,021321,,4,1,9,4400,0,3,5,,2,100,"GLENWOOD DR","WESTON RD",500.00,S,N,A,-,N,,,,,,,,,,N,2,0,1,1,A,-,03,22350,,N,F,A,A,B,H,-,A,D,0,,Y,,,Y,,L,04,1,0,0,0,0,0,1,0,0,"- ","- ",37.092361450195312,-122.00486755371094,"SANTA CRUZ",UNINCORPORATED,-122.00494384765625,37.092559814453125
91919545,2022,2022-11-16,9720,2022-11-06,2500,023066,,7,4,9,4400,0,3,5,,2,300,"EUREKA CANYON RD","ALITOS DR",528.00,N,N,A,-,N,,,,,,,,,,Y,2,0,1,1,A,-,08,22107,,N,E,I,A,A,H,-,D,D,0,,,,,Y,,D,22,1,0,0,0,0,0,0,0,0,"- ","- ",36.993778228759766,-121.80461120605469,"SANTA CRUZ",UNINCORPORATED,-121.804443359375,36.993305206298828
91919567,2022,2022-11-16,9720,2022-11-03,0810,021477,,4,1,9,4400,0,2,4,,1,021,"SOQUEL DR.","COMMERCIAL CROSSING",0.00,,Y,A,-,N,,,,,,,,,,N,4,0,1,2,A,-,10,21950,A,N,G,B,B,A,H,-,D,D,0,Y,,,,Y,,A,07,0,0,1,0,1,0,0,0,0,"- ","- ",36.988628387451172,-121.98287200927734,"SANTA CRUZ",UNINCORPORATED,-121.98292541503906,36.988658905029297
91920046,2022,2022-11-17,9720,2022-11-04,1100,022162,,5,1,9,4400,0,3,5,,2,300,"DICK PHELPS ROAD","GREEN VALLEY ROAD",203.00,E,N,A,-,N,,,,,,,,,,N,3,0,1,1,A,-,03,22350,,N,F,A,A,A,H,-,A,D,0,,,Y,,Y,,C,02,0,1,0,0,0,0,0,0,1,"- ","- ",36.949459075927734,-121.76355743408203,"SANTA CRUZ",UNINCORPORATED,-121.76419830322266,36.949462890625
91920047,2022,2022-11-17,9720,2022-11-04,1435,022162,,5,2,9,4400,0,1,3,,2,020,"SR-1 N/B FROM STATE PARK DRIVE","STATE PARK DRIVE",153.00,N,N,A,-,Y,SCR,,1,,,10.567,H,,R,N,3,0,1,1,A,-,03,22350,,N,F,A,A,A,H,-,A,D,0,,,Y,,Y,,C,02,0,1,0,0,0,0,0,0,1,"- ","- ",36.978511810302734,-121.91066741943359,"SANTA CRUZ",UNINCORPORATED,-121.91082000732422,36.978321075439453
91920069,2022,2022-11-17,9720,2022-11-10,0550,022162,,4,3,9,4400,0,1,3,,2,030,"SR-1 N/B","GREEN VALLEY RD",300.00,S,N,A,-,Y,SCR,,1,,R,1.948,H,,R,N,4,0,1,1,A,-,08,22107,,N,E,I,A,A,H,-,D,D,0,,,,,Y,,D,22,0,0,1,0,0,0,0,0,0,"- ","- ",36.910369873046875,-121.78427886962891,"SANTA CRUZ",UNINCORPORATED,-121.78419494628906,36.910404205322266
91920159,2022,2022-11-17,9720,2022-11-16,0055,021717,,3,3,9,4400,0,3,5,,2,300,"SAN ANDREAS RD","SELLS DR.",205.00,S,N,A,-,N,,,,,,,,,,Y,3,0,1,2,A,-,08,22107,,M,E,I,A,A,H,-,D,D,0,,,,,Y,,A,01,0,1,0,0,0,0,0,0,0,"- ","- ",36.938911437988281,-121.85803985595703,"SANTA CRUZ",UNINCORPORATED,-121.85800170898438,36.938884735107422
91920751,2022,2022-11-17,9720,2022-11-14,1416,021918,,1,2,9,4400,0,3,5,,2,200,"STATE PARD DR","CENTER AVE",0.00,,Y,A,-,N,,,,,,,,,,N,3,0,1,2,A,-,12,22450,A,N,D,C,A,A,H,-,A,A,0,,,,,Y,,A,01,0,1,0,0,0,0,0,0,0,"- ","- ",36.974361419677734,-121.91230773925781,"SANTA CRUZ",UNINCORPORATED,,
91920765,2022,2022-11-17,9720,2022-11-15,1533,021833,,2,2,9,4400,0,2,4,,1,023,"7TH AVE","BROMMER STREET",45.00,W,N,A,-,N,,,,,,,,,,N,4,0,1,2,A,-,03,22350,,N,C,C,A,A,H,-,A,A,0,,,,,Y,,A,07,0,0,1,0,0,0,0,0,0,"- ","- ",36.971908569335938,-121.99606323242188,"SANTA CRUZ",UNINCORPORATED,-121.99582672119141,36.972389221191406
91920789,2022,2022-11-17,9720,2022-11-05,1145,021248,,6,1,9,4400,0,1,3,,1,017,SR-17,"GLENWOOD DR.",175.00,N,N,A,-,Y,SCR,,17,,,10.683,H,,R,Y,4,0,1,3,A,-,03,22350,,N,C,C,A,A,H,-,A,D,0,,,,,Y,,D,23,0,0,1,0,0,0,0,0,0,"- ","- ",37.120521545410156,-121.97593688964844,"SANTA CRUZ",UNINCORPORATED,-121.97593688964844,37.120521545410156
91921944,2022,2022-11-21,9720,2022-11-05,2216,020977,,6,3,9,4400,0,1,3,,1,035,"STATE ROUTE 129","VANONI ROAD",282.00,W,N,A,-,Y,SCR,,129,,,6.745,H,,R,Y,3,0,1,1,A,-,01,23152,A,N,E,8,A,B,H,-,D,D,0,,,,,Y,Y,D,22,0,1,0,0,0,0,0,0,0,"- ","- ",36.905410766601562,-121.64714813232422,"SANTA CRUZ",UNINCORPORATED,-121.64716339111328,36.905357360839844
91922520,2022,2022-11-21,9720,2022-09-04,2040,022044,,7,2,9,4400,0,1,3,,1,015,SR-9,"ALAMEDA AVE",200.00,N,N,A,-,Y,SCR,,9,,,11.296,H,,R,Y,3,0,2,2,A,-,09,21801,A,F,D,C,A,A,H,-,C,D,0,,,,,Y,,A,07,0,2,0,0,0,0,0,0,0,"- ","- ",37.107559204101562,-122.10771179199219,"SANTA CRUZ",UNINCORPORATED,-122.10768890380859,37.107574462890625
91922524,2022,2022-11-21,9720,2022-10-18,0805,021248,,2,1,9,4400,0,2,4,,1,021,"SOQUEL DR","N RODEO GULCH",0.00,,Y,A,-,N,,,,,,,,,,N,3,0,1,2,A,-,05,21650,,N,D,G,A,A,H,-,A,A,0,,Y,,,Y,,L,04,0,1,0,0,0,0,1,0,0,"- ","- ",36.987701416015625,-121.96959686279297,"SANTA CRUZ",UNINCORPORATED,-121.96955871582031,36.987606048583984
91922530,2022,2022-11-21,9720,2022-11-06,0300,022545,,7,3,9,4400,0,3,5,,2,300,"COLLEGE RD","DOGWOOD DR",5.00,N,N,A,-,N,,,,,,,,,,Y,3,0,1,2,A,-,08,22107,,N,E,I,A,A,H,-,C,D,0,,,,,Y,,A,01,0,1,0,0,0,0,0,0,0,"- ","- ",36.933330535888672,-121.73497772216797,"SANTA CRUZ",UNINCORPORATED,-121.73501586914062,36.933364868164062
91922539,2022,2022-11-21,9720,2022-11-12,1350,022901,,6,1,9,4400,0,1,3,,1,014,SR-9,"OLD MILL ROAD",8448.00,N,N,A,-,Y,SCR,,9,,,22.632,H,,R,Y,3,0,1,1,A,-,08,22107,,N,E,I,A,A,H,-,A,D,0,,,,,Y,,A,01,0,1,0,0,0,0,0,0,0,"- ","- ",37.2276611328125,-122.14946746826172,"SANTA CRUZ",UNINCORPORATED,-122.14938354492188,37.227657318115234
91922542,2022,2022-11-21,9720,2022-11-13,0530,022471,,7,3,9,4400,0,2,4,,1,022,"SOQUEL SAN JOSE RD","LOS ROBLES RD",1584.00,S,N,A,-,N,,,,,,,,,,Y,4,0,2,1,A,-,01,23152,A,N,E,J,A,A,H,-,D,D,0,,,,,Y,Y,A,01,0,0,2,0,0,0,0,0,0,"- ","- ",37.012908935546875,-121.95263671875,"SANTA CRUZ",UNINCORPORATED,-121.95256805419922,37.013313293457031
91922554,2022,2022-11-21,9720,2022-11-10,0640,021304,,4,1,9,4400,0,2,4,,1,031,"FREEDOM BLVD","MCDONALD ROAD",1584.00,E,N,A,-,N,,,,,,,,,,Y,2,0,1,2,A,-,09,21804,A,N,D,C,A,A,H,-,A,D,0,,,,,Y,,A,01,1,0,0,0,0,0,0,0,0,"- ","- ",36.986438751220703,-121.85450744628906,"SANTA CRUZ",UNINCORPORATED,-121.85468292236328,36.986385345458984
91922573,2022,2022-11-21,9720,2022-11-11,1050,021304,,5,1,9,4400,0,1,3,,2,030,"SR-1 N/B","LARKIN VALLEY RD",528.00,N,N,A,-,Y,SCR,,1,,R,7.804,H,,R,N,4,0,3,2,A,-,03,22350,,N,C,C,A,A,H,-,A,D,0,,,,,Y,,A,01,0,0,3,0,0,0,0,0,0,"- ","- ",36.962181091308594,-121.86393737792969,"SANTA CRUZ",UNINCORPORATED,-121.86390686035156,36.962200164794922
91922819,2022,2022-11-21,9720,2022-09-23,2500,021248,,5,4,9,4400,0,3,5,,2,200,"CABRILLO COLLEGE DR","ROSEMARIE CT",1200.00,E,N,A,-,N,,,,,,,,,,Y,2,0,1,1,A,-,08,22107,,N,E,I,A,A,H,-,D,A,0,,,,,Y,,A,01,1,0,0,0,0,0,0,0,0,"- ","- ",36.983631134033203,-121.92800140380859,"SANTA CRUZ",UNINCORPORATED,-121.92778778076172,36.983699798583984
91923504,2022,2022-11-21,9720,2022-11-10,1410,022976,,4,2,9,4400,0,3,5,,2,300,"CORRALITOS ROAD","SKYLARK LANE",360.00,S,N,A,-,N,,,,,,,,,,N,4,0,2,2,A,-,09,21801,A,N,A,C,A,A,H,-,A,D,0,,,,,Y,,A,01,0,0,2,0,0,0,0,0,0,"- ","- ",36.975971221923828,-121.80637359619141,"SANTA CRUZ",UNINCORPORATED,-121.80634307861328,36.975894927978516
91923638,2022,2022-11-21,9720,2022-11-15,0758,021211,,2,1,9,4400,0,3,5,,2,300,"CASSERLY RD","HUGHES RD",230.00,S,N,A,-,N,,,,,,,,,,N,4,0,1,2,A,-,09,21804,A,N,D,C,A,A,H,-,A,D,0,,,,,Y,,D,22,0,0,1,0,0,0,0,0,0,"- ","- ",36.960868835449219,-121.73088836669922,"SANTA CRUZ",UNINCORPORATED,-121.73091888427734,36.960918426513672
91924680,2022,2022-11-22,9720,2022-11-11,1355,022907,,5,1,9,4400,0,2,4,,1,023,"CAPITOLA RD","7TH AVE",0.00,,Y,A,-,N,,,,,,,,,,Y,4,0,1,1,C,-,18,,,N,E,I,A,A,H,-,A,A,0,,,,,Y,,-,"- ",0,0,1,0,0,0,0,0,0,"- ","- ",36.979198455810547,-121.99167633056641,"SANTA CRUZ",UNINCORPORATED,-121.9918212890625,36.979290008544922
91925241,2022,2022-11-23,9720,2022-11-20,1425,022293,,7,2,9,4400,0,1,3,,2,020,"N/B SR-1 TO N/B SR-17","EMELINE AVE",850.00,N,N,A,-,Y,,,,,,,,,,Y,4,0,1,1,A,-,08,22107,,N,E,I,A,A,H,-,A,D,0,,,,,Y,,A,01,0,0,1,0,0,0,0,0,0,"- ","- ",36.990200042724609,-122.02072143554688,"SANTA CRUZ",UNINCORPORATED,-122.02072143554688,36.990200042724609
91926208,2022,2022-11-24,9720,2022-11-10,0810,015699,,4,1,9,4400,0,1,3,,2,020,"STATE ROUTE 1 N/B","CAPITOLA AVE. O/C",30.00,N,N,A,-,Y,SCR,,1,,,12.944,H,,R,N,4,0,1,2,A,-,03,22350,,N,C,C,A,A,H,-,A,D,0,,,Y,,Y,,A,01,0,0,1,0,0,0,0,0,1,"- ","- ",36.983699798583984,-121.95234680175781,"SANTA CRUZ",UNINCORPORATED,-121.95235443115234,36.983715057373047
91926263,2022,2022-11-24,9720,2022-11-23,1525,021833,,3,2,9,4400,0,2,4,,1,031,"FREEDOM BOULEVARD","CORRALITOS ROAD",0.00,,Y,A,-,N,,,,,,,,,,N,4,0,1,2,A,-,08,22107,,N,B,C,A,A,H,-,A,A,0,,,,,Y,,A,07,0,0,1,0,0,0,0,0,0,"- ","- ",36.963489532470703,-121.80944061279297,"SANTA CRUZ",UNINCORPORATED,-121.80949401855469,36.96343994140625
91928183,2022,2022-11-28,9720,2022-11-13,1915,022976,,7,2,9,4400,0,2,4,,1,032,"GREEN VALLEY ROAD","HOLOHAN ROAD",92.00,N,N,A,-,N,,,,,,,,,,N,4,0,2,5,A,-,01,23153,A,N,C,C,A,A,H,-,C,A,0,,,,,Y,Y,A,01,0,0,2,0,0,0,0,0,0,"- ","- ",36.941341400146484,-121.76931762695312,"SANTA CRUZ",UNINCORPORATED,-121.76934051513672,36.941287994384766
91928211,2022,2022-11-28,9720,2022-11-13,1115,021304,,7,1,9,4400,0,1,3,,1,034,SR-152,"FALLOWFIELD LN",100.00,E,N,A,-,Y,SCR,,152,,,4.191,H,,R,Y,4,0,1,1,A,-,08,22107,,N,E,I,A,A,H,-,A,D,0,,,,,Y,,A,01,0,0,1,0,0,0,0,0,0,"- ","- ",36.961738586425781,-121.72203063964844,"SANTA CRUZ",UNINCORPORATED,-121.72216033935547,36.961719512939453
91928251,2022,2022-11-28,9720,2022-11-15,1520,022044,,2,2,9,4400,0,1,3,,1,034,SR-152,"2350 E LAKE AVE.",0.00,,Y,A,-,Y,SCR,,152,,,2.232,H,,R,Y,4,0,1,2,A,-,09,21804,A,N,D,C,A,A,H,-,A,A,0,,,,,Y,,A,07,0,0,1,0,0,0,0,0,0,"- ","- ",36.939121246337891,-121.74208068847656,"SANTA CRUZ",UNINCORPORATED,-121.74210357666016,36.939128875732422
91928291,2022,2022-11-28,9720,2022-11-18,1300,022162,,5,1,9,4400,0,1,3,,1,015,"SR-9 N/B","PLEASANT WAY",140.00,S,N,A,-,Y,,,,,,,,,,N,4,0,2,2,A,-,03,22350,,N,C,C,A,A,H,-,A,D,0,,,,,Y,,A,01,0,0,2,0,0,0,0,0,0,"- ","- ",37.151130676269531,-121.13643646240234,"SANTA CRUZ",UNINCORPORATED,-122.13631439208984,37.151233673095703
91928965,2022,2022-11-29,9720,2022-11-18,1421,021918,,5,2,9,4400,0,1,3,,2,020,"SR-1 S/B FROM STATE PARK DR.","STATE PARK DR.",68.00,N,N,A,-,Y,SCR,,1,,,10.553,H,,L,Y,3,0,1,1,A,-,01,23152,A,N,E,I,A,A,H,-,A,D,0,,,,,Y,Y,A,07,0,1,0,0,0,0,0,0,0,"- ","- ",36.977958679199219,-121.91084289550781,"SANTA CRUZ",UNINCORPORATED,-121.91074371337891,36.978076934814453
91929096,2022,2022-11-29,9720,2022-09-11,2206,019100,,7,3,9,4400,0,2,4,,1,024,"CAPITOLA RD","HARBORVIEW COURT",285.00,E,N,A,-,N,,,,,,,,,,N,1,1,0,2,A,-,03,22350,,F,G,B,E,A,H,-,D,D,0,Y,,,,Y,,A,01,0,0,0,1,0,0,0,0,0,"- ","- ",36.979698181152344,-121.99449920654297,"SANTA CRUZ",UNINCORPORATED,-121.99429321289062,36.979610443115234
91929175,2022,2022-11-29,9720,2022-07-23,1515,022545,,6,2,9,4400,0,3,5,,2,100,"ALBA RD","STODDARD RD",2640.00,E,N,A,-,N,,,,,,,,,,Y,1,1,1,2,A,-,05,21460,A,N,A,C,A,A,H,-,A,D,0,,,Y,,Y,,C,02,0,1,0,0,0,0,0,1,0,"- ","- ",37.096569061279297,-122.12364196777344,"SANTA CRUZ",UNINCORPORATED,-122.12335968017578,37.096611022949219
91929299,2022,2022-11-29,9720,2022-11-22,1420,022293,,2,2,9,4400,0,2,4,,1,024,"BROMMER STREET","17TH AVE",150.00,E,N,A,-,N,,,,,,,,,,Y,4,0,2,3,A,-,09,21804,A,N,D,C,A,A,H,-,A,D,0,,,,,Y,,A,01,0,0,2,0,0,0,0,0,0,"- ","- ",36.970939636230469,-121.98385620117188,"SANTA CRUZ",UNINCORPORATED,-121.98399353027344,36.970989227294922
91929426,2022,2022-11-29,9720,2022-11-21,1800,022349,,1,2,9,4400,0,3,5,,2,200,"BRANCIFORTE DR","MILL RD",2904.00,N,N,A,-,N,,,,,,,,,,N,3,0,1,1,A,-,08,22107,,N,E,I,A,A,H,-,D,D,0,,,,,Y,,A,01,0,1,0,0,0,0,0,0,0,"- ","- ",37.007339477539062,-121.00187683105469,"SANTA CRUZ",UNINCORPORATED,-122.00183868408203,37.006694793701172
91930355,2022,2022-11-30,9720,2022-06-23,1050,021540,,4,1,9,4400,0,1,3,,2,020,"SR-1 N/B","CAPITOLA AVE",20.00,S,N,A,-,Y,SCR,,1,,,12.926,H,,R,Y,3,0,1,2,A,-,03,22350,,F,C,C,A,A,H,-,A,D,0,,,,,Y,,A,01,0,1,0,0,0,0,0,0,0,"- ","- ",36.983741760253906,-121.9520263671875,"SANTA CRUZ",UNINCORPORATED,-121.95203399658203,36.983745574951172
91931316,2022,2022-12-01,9720,2022-11-21,1939,021714,,1,2,9,4400,0,3,5,,2,100,"FELTON EMPIRE RD","KRAZY ACRES LN",44.00,W,N,A,-,N,,,,,,,,,,N,3,0,1,1,A,-,01,23152,A,N,E,I,A,A,H,-,D,D,0,,,,,Y,Y,D,22,0,1,0,0,0,0,0,0,0,"- ","- ",37.052730560302734,-122.09346008300781,"SANTA CRUZ",UNINCORPORATED,-122.09344482421875,37.052680969238281
91931363,2022,2022-12-01,9720,2022-11-28,0710,022901,,1,1,9,4400,0,1,3,,2,030,"SR-1 N/B","MAR MONTE AVENUE",1267.00,S,N,B,-,Y,SCR,,1,,R,6.380,H,,R,Y,3,0,2,4,A,-,03,22350,,N,C,C,A,A,H,-,A,D,0,,,,,Y,,A,01,0,1,1,0,0,0,0,0,0,"- ","- ",36.946689605712891,-121.84706878662109,"SANTA CRUZ",UNINCORPORATED,-121.8470458984375,36.946712493896484
91931426,2022,2022-12-01,9720,2022-11-28,1130,020562,,1,1,9,4400,0,2,4,,1,021,"SOQUEL DR","DAUBENBISS AVE.",50.00,E,N,A,-,N,,,,,,,,,,N,3,0,1,2,A,-,09,21804,A,N,D,G,A,A,H,-,A,D,0,,Y,,,Y,,A,01,0,1,0,0,0,0,1,0,0,"- ","- ",36.987918853759766,-121.95818328857422,"SANTA CRUZ",UNINCORPORATED,-121.95818328857422,36.987865447998047
91931895,2022,2022-12-01,9720,2022-11-25,2030,022545,,5,2,9,4400,0,1,3,,1,015,SR-9,"GLENGARRY RD",35.00,S,N,A,-,Y,SCR,,9,,,4.734,H,,R,N,4,0,1,1,A,-,08,22107,,N,E,I,A,A,H,-,C,D,0,,,,,Y,,A,01,0,0,1,0,0,0,0,0,0,"- ","- ",37.031581878662109,-122.06517791748047,"SANTA CRUZ",UNINCORPORATED,-122.06524658203125,37.031578063964844
91933369,2022,2022-12-05,9720,2022-10-18,2305,022329,,2,3,9,4400,0,3,5,,2,100,"BEAR CREEK RD",1,22.00,N,N,A,-,N,,,,,,,,,,Y,3,0,1,1,A,-,01,23152,A,N,F,I,A,A,H,-,D,D,0,,,,,Y,Y,D,22,0,1,0,0,0,0,0,0,0,"- ","- ",37.171291351318359,-122.05169677734375,"SANTA CRUZ",UNINCORPORATED,,
91933423,2022,2023-03-15,9720,2022-12-02,1530,022293,,5,2,9,4400,0,2,4,,1,024,"CAPITOLA ROAD","MACIEL AVENUE",480.00,E,N,A,-,N,,,,,,,,,,N,3,0,1,2,A,-,09,21804,A,N,D,G,A,A,H,-,A,D,0,,Y,,,Y,,A,07,0,1,0,0,0,0,1,0,0,"- ","- ",36.974288940429688,-121.97512054443359,"SANTA CRUZ",UNINCORPORATED,-121.97499847412109,36.974311828613281
91934053,2022,2022-12-05,9720,2022-11-08,1130,018171,,2,1,9,4400,0,2,4,,1,021,"SOQUEL DR","APTOS CREEK RD",0.00,,Y,A,-,N,,,,,,,,,,N,3,0,1,2,A,-,10,21950,A,F,G,B,D,A,H,-,A,D,0,Y,,,,Y,,-,99,0,1,0,0,1,0,0,0,0,"- ","- ",36.977058410644531,-121.90249633789062,"SANTA CRUZ",UNINCORPORATED,-121.90232849121094,36.977077484130859
91934359,2022,2022-12-05,9720,2022-12-04,1045,021548,,7,1,9,4400,0,2,4,,1,022,"SOQUEL SAN JOSE RD.","MILLER CUT OFF RD.",528.00,S,N,B,-,N,,,,,,,,,,Y,4,0,1,1,A,-,03,22350,,N,E,I,A,B,H,-,A,D,0,,,,,Y,,A,01,0,0,1,0,0,0,0,0,0,"- ","- ",37.116230010986328,-121.93520355224609,"SANTA CRUZ",UNINCORPORATED,-121.93531799316406,37.116199493408203
91934465,2022,2022-12-05,9720,2022-10-27,0628,015699,,4,1,9,4400,0,1,3,,2,030,"STATE ROUTE 1 (SR-1) SOUTHBOUND (S/B)","FREEDOM BOULEVARD OVERCROSSING",950.00,S,N,A,-,Y,SCR,,1,,,8.210,H,,L,N,1,1,0,2,A,-,11,21950,B,N,G,B,E,A,H,-,C,D,0,Y,,,,Y,,N,60,0,0,0,1,0,0,0,0,0,"- ","- ",36.968868255615234,-121.87132263183594,"SANTA CRUZ",UNINCORPORATED,-121.87130737304688,36.968875885009766