CASE_ID,ACCIDENT_YEAR,PROC_DATE,JURIS,COLLISION_DATE,COLLISION_TIME,OFFICER_ID,REPORTING_DISTRICT,DAY_OF_WEEK,CHP_SHIFT,POPULATION,CNTY_CITY_LOC,SPECIAL_COND,BEAT_TYPE,CHP_BEAT_TYPE,CITY_DIVISION_LAPD,CHP_BEAT_CLASS,BEAT_NUMBER,PRIMARY_RD,SECONDARY_RD,DISTANCE,DIRECTION,INTERSECTION,WEATHER_1,WEATHER_2,STATE_HWY_IND,CALTRANS_COUNTY,CALTRANS_DISTRICT,STATE_ROUTE,ROUTE_SUFFIX,POSTMILE_PREFIX,POSTMILE,LOCATION_TYPE,RAMP_INTERSECTION,SIDE_OF_HWY,TOW_AWAY,COLLISION_SEVERITY,NUMBER_KILLED,NUMBER_INJURED,PARTY_COUNT,PRIMARY_COLL_FACTOR,PCF_CODE_OF_VIOL,PCF_VIOL_CATEGORY,PCF_VIOLATION,PCF_VIOL_SUBSECTION,HIT_AND_RUN,TYPE_OF_COLLISION,MVIW,PED_ACTION,ROAD_SURFACE,ROAD_COND_1,ROAD_COND_2,LIGHTING,CONTROL_DEVICE,CHP_ROAD_TYPE,PEDESTRIAN_ACCIDENT,BICYCLE_ACCIDENT,MOTORCYCLE_ACCIDENT,TRUCK_ACCIDENT,NOT_PRIVATE_PROPERTY,ALCOHOL_INVOLVED,STWD_VEHTYPE_AT_FAULT,CHP_VEHTYPE_AT_FAULT,COUNT_SEVERE_INJ,COUNT_VISIBLE_INJ,COUNT_COMPLAINT_PAIN,COUNT_PED_KILLED,COUNT_PED_INJURED,COUNT_BICYCLIST_KILLED,COUNT_BICYCLIST_INJURED,COUNT_MC_KILLED,COUNT_MC_INJURED,PRIMARY_RAMP,SECONDARY_RAMP,LATITUDE,LONGITUDE,COUNTY,CITY,POINT_X,POINT_Y
91934491,2022,2023-06-19,9720,2022-11-22,1750,022349,,2,2,9,4400,0,2,4,,1,021,"SOQUEL DR.","MONROE AVE.",3696.00,W,N,A,-,N,,,,,,,,,,Y,3,0,2,2,A,-,09,21804,A,N,D,C,A,A,H,-,C,D,0,,,,,Y,,A,07,0,2,0,0,0,0,0,0,0,"- ","- ",36.975639343261719,-121.89093780517578,"SANTA CRUZ",UNINCORPORATED,-121.89729309082031,36.975589752197266
91934568,2022,2022-12-05,9720,2022-07-17,0228,022399,,7,3,9,4400,0,1,3,,1,015,SR-9,"CALIFORNIA DR",1584.00,N,N,A,-,Y,SCR,,9,,,10.381,H,,R,Y,1,1,0,1,A,-,01,23152,G,N,E,8,A,A,H,-,D,D,0,,,,,Y,Y,D,22,0,0,0,0,0,0,0,0,0,"- ","- ",37.098339080810547,-122.09786224365234,"SANTA CRUZ",UNINCORPORATED,-122.09792327880859,37.098289489746094
91934974,2022,2022-12-06,9720,2022-11-23,0148,023026,,3,3,9,4400,0,2,4,,1,021,"SOQUEL AVE","BOSTWICK LN",200.00,W,N,A,-,N,,,,,,,,,,N,2,0,1,1,A,-,17,21200,,N,F,A,A,A,H,-,C,D,0,,Y,,,Y,Y,M,91,1,0,0,0,0,0,1,0,0,"- ","- ",36.984611511230469,-121.99150085449219,"SANTA CRUZ",UNINCORPORATED,-121.99120330810547,36.98480224609375
91935642,2022,2022-12-06,9720,2022-11-23,1150,015699,,3,1,9,4400,0,2,4,,1,021,"SOQUEL DR.","MAIN ST.",40.00,E,N,A,-,N,,,,,,,,,,N,4,0,1,3,A,-,21,22106,,N,C,C,A,A,H,-,A,A,0,,,,,Y,,A,07,0,0,1,0,0,0,0,0,0,"- ","- ",36.988800048828125,-121.95429992675781,"SANTA CRUZ",UNINCORPORATED,-121.95449829101562,36.988815307617188
91935651,2022,2022-12-06,9720,2022-10-09,0303,022542,,7,3,9,4400,0,3,5,,2,100,"EMPIRE GRADE","MCGIVERN WAY",500.00,S,N,A,-,N,,,,,,,,,,Y,1,1,0,1,A,-,08,22107,,N,E,I,A,A,H,-,D,D,0,,,,,Y,,A,07,0,0,0,0,0,0,0,0,0,"- ","- ",37.053260803222656,-122.11538696289062,"SANTA CRUZ",UNINCORPORATED,-122.11543273925781,37.053371429443359
91936470,2022,2022-12-07,9720,2022-11-17,2240,021940,,4,3,9,4400,0,1,3,,2,020,SR-1,"MORRISSEY BLVD",100.00,S,N,A,-,Y,SCR,,1,,,15.795,H,,R,Y,3,0,1,1,A,-,01,23152,F,N,B,I,A,A,H,-,C,D,0,,,,,Y,,A,01,0,1,0,0,0,0,0,0,0,"- ","- ",36.988311767578125,-122.00285339355469,"SANTA CRUZ",UNINCORPORATED,-122.00284576416016,36.988372802734375
91937429,2022,2022-12-08,9720,2022-11-26,1920,022879,,6,2,9,4400,0,3,5,,2,200,"MATTISON LN.","CHANTICLEER AVE.",58.00,E,N,A,-,N,,,,,,,,,,N,3,0,1,2,A,-,05,21460,A,N,A,C,A,A,H,-,C,D,0,,,,,Y,,A,01,0,1,0,0,0,0,0,0,0,"- ","- ",36.980461120605469,-121.97921752929688,"SANTA CRUZ",UNINCORPORATED,-121.97919464111328,36.980461120605469
91937439,2022,2022-12-08,9720,2022-11-26,1141,021548,,6,1,9,4400,0,2,4,,1,031,"FREEDOM BLVD.","HAMES RD.",1584.00,E,N,A,-,N,,,,,,,,,,Y,3,0,1,1,A,-,01,23152,A,M,E,I,A,A,H,-,A,D,0,,,,,Y,Y,A,08,0,1,0,0,0,0,0,0,0,"- ","- ",36.984809875488281,-121.83171844482422,"SANTA CRUZ",UNINCORPORATED,-121.83199310302734,36.985111236572266
91937596,2022,2022-12-08,9720,2022-11-30,1625,021833,,3,2,9,4400,0,3,5,,2,300,"CARLTON ROAD","KEER ROAD",430.00,E,N,A,-,N,,,,,,,,,,Y,4,0,1,2,A,-,01,23152,A,N,B,C,A,A,H,-,B,D,0,,,,,Y,Y,A,01,0,0,1,0,0,0,0,0,0,"- ","- ",36.950450897216797,-121.72080993652344,"SANTA CRUZ",UNINCORPORATED,-121.71150970458984,36.941921234130859
91939495,2022,2022-12-12,9720,2022-11-29,1235,022901,,2,1,9,4400,0,2,4,,1,032,"GREEN VALLEY ROAD","HASTINGS LANE",25.00,N,N,A,-,N,,,,,,,,,,Y,3,0,1,2,A,-,03,22350,,N,C,C,A,A,H,-,A,D,0,,,,,Y,,A,01,0,1,0,0,0,0,0,0,0,"- ","- ",36.953350067138672,-121.76490783691406,"SANTA CRUZ",UNINCORPORATED,-121.76492309570312,36.953239440917969
91939584,2022,2022-12-12,9720,2022-11-30,1855,021540,,3,2,9,4400,0,1,3,,2,020,"SR-1 N/B","PARK AV",3854.00,S,N,A,-,Y,SCR,,1,,,11.348,H,,R,N,2,0,1,2,A,-,00,21960,A,N,G,B,E,A,H,-,D,D,0,Y,,,,Y,,N,60,1,0,0,0,1,0,0,0,0,"- ","- ",36.982799530029297,-121.92355346679688,"SANTA CRUZ",UNINCORPORATED,-121.92354583740234,36.982818603515625
91940006,2022,2022-12-12,9720,2022-12-02,1741,021833,,5,2,9,4400,0,1,3,,1,017,"SR-17 N/B","CRESCENT DRIVE",528.00,N,N,A,-,Y,SCR,,17,,,6.555,H,,R,Y,4,0,1,3,A,-,03,22350,,N,C,C,A,B,H,-,D,D,0,,,,,Y,,A,01,0,0,1,0,0,0,0,0,0,"- ","- ",37.071811676025391,-121.99101257324219,"SANTA CRUZ",UNINCORPORATED,-121.99104309082031,37.071830749511719
91940014,2022,2022-12-12,9720,2022-12-03,1710,022907,,6,2,9,4400,0,1,3,,2,030,"NB SR-1","BUENA VISTA DR",2112.00,S,N,C,-,Y,SCR,,1,,R,3.778,H,,R,N,4,0,1,1,A,-,03,22350,,N,E,I,A,B,H,-,D,D,0,,,,,Y,,D,22,0,0,1,0,0,0,0,0,0,"- ","- ",36.929721832275391,-121.80557250976562,"SANTA CRUZ",UNINCORPORATED,-121.80551910400391,36.929782867431641
91941078,2022,2022-12-13,9720,2022-12-09,0745,022293,,5,1,9,4400,0,1,3,,1,017,"S/B SR-17","LAUREL ROAD",1320.00,N,N,B,-,Y,SCR,,17,,,9.688,H,,R,Y,4,0,1,1,A,-,08,22107,,N,E,I,A,B,H,-,A,D,0,,,,,Y,,A,01,0,0,1,0,0,0,0,0,0,"- ","- ",37.107208251953125,-121.97686767578125,"SANTA CRUZ",UNINCORPORATED,-121.97681427001953,37.107234954833984
91941297,2022,2022-12-13,9720,2022-12-10,2355,022471,,6,3,9,4400,0,1,3,,1,017,SR-17,"PASATIEMPO DR",2640.00,N,N,C,-,Y,SCR,,17,,,2.195,H,,R,Y,4,0,1,1,A,-,08,22107,,N,E,I,A,B,H,-,C,D,0,,,,,Y,,A,01,0,0,1,0,0,0,0,0,0,"- ","- ",37.019199371337891,-122.02751159667969,"SANTA CRUZ",UNINCORPORATED,-122.02763366699219,37.019214630126953
91942119,2022,2022-12-14,9720,2022-12-05,2123,022976,,1,2,9,4400,0,1,3,,1,034,SR-152,"RED HAWK PL",3960.00,E,N,A,-,Y,SCR,,152,,,6.186,H,,R,N,3,0,1,1,A,-,03,22350,,N,F,A,A,B,H,-,D,D,0,,,Y,,Y,,C,02,0,1,0,0,0,0,0,0,1,"- ","- ",36.979488372802734,-121.71434783935547,"SANTA CRUZ",UNINCORPORATED,-121.71433258056641,36.979507446289062
91942359,2022,2022-12-14,9720,2022-12-13,1607,022458,,2,2,9,4400,0,1,3,,2,020,"SR-1 S/B","N BRANCIFORTE OVERCROSSING",200.00,S,N,B,-,Y,SCR,,1,,,16.174,H,,L,N,4,0,1,2,A,-,03,22350,,N,C,C,A,A,H,-,B,D,0,,,,,Y,,A,01,0,0,1,0,0,0,0,0,0,"- ","- ",36.988468170166016,-122.00978851318359,"SANTA CRUZ",UNINCORPORATED,-122.00978851318359,36.988437652587891
91942601,2022,2022-12-14,9720,2022-12-09,1410,022140,,5,2,9,4400,0,3,5,,2,200,"GLEN CANYON RD","KISMET LN",15.00,S,N,B,-,N,,,,,,,,,,Y,4,0,1,1,C,-,18,,,N,E,I,A,B,H,-,A,D,0,,,,,Y,,-,"- ",0,0,1,0,0,0,0,0,0,"- ","- ",37.026439666748047,-122.02044677734375,"SANTA CRUZ",UNINCORPORATED,,
91943143,2022,2022-12-15,9720,2022-12-06,1035,020562,,2,1,9,4400,0,1,3,,1,017,"SR-17 S/B","LA MADRONA DR",159.00,S,N,B,-,Y,SCR,,17,,,2.146,H,,L,Y,3,0,1,1,A,-,08,22107,,N,E,J,A,B,H,-,A,D,0,,,,,Y,,A,01,0,1,0,0,0,0,0,0,0,"- ","- ",37.018478393554688,-122.02809906005859,"SANTA CRUZ",UNINCORPORATED,-122.02799987792969,37.018478393554688
91943622,2022,2022-12-15,9720,2022-12-15,0905,014653,,4,1,3,4401,0,1,3,,2,020,"SR-1 N/B","PARK AVE",1584.00,N,N,A,-,Y,SCR,,1,,,12.436,H,,R,N,3,0,1,4,A,-,03,22350,,N,C,C,A,A,H,-,A,D,0,,,,,Y,,A,01,0,1,0,0,0,0,0,0,0,"- ","- ",36.984111785888672,-121.94313812255859,"SANTA CRUZ",CAPITOLA,-121.94313812255859,36.984092712402344
91943777,2022,2022-12-15,9720,2022-12-04,1310,021248,,7,1,9,4400,0,1,3,,1,017,"SR-17 S/B","MT HERMON",1400.00,S,N,B,C,Y,SCR,,17,,,3.135,H,,L,N,4,0,1,1,A,-,03,22350,,N,F,A,A,B,H,-,A,D,0,,,,,Y,,A,01,0,0,1,0,0,0,0,0,0,"- ","- ",37.031711578369141,-122.02287292480469,"SANTA CRUZ",UNINCORPORATED,-122.02287292480469,37.031711578369141
91943804,2022,2022-12-15,9720,2022-12-04,1315,021248,,7,1,9,4400,0,1,3,,1,017,"SR-17 S/B","MT HERMON",1584.00,S,N,B,C,Y,SCR,,17,,,3.149,H,,L,N,3,0,1,2,A,-,03,22350,,N,C,C,A,B,H,-,A,D,0,,,,,Y,,A,01,0,1,0,0,0,0,0,0,0,"- ","- ",37.031898498535156,-122.02275085449219,"SANTA CRUZ",UNINCORPORATED,-122.02283477783203,37.031909942626953
91944337,2022,2023-01-12,9730,2022-12-10,1518,022140,,6,2,9,4400,0,1,3,,1,074,"SR-1 S/B","TRAFTON RD",1584.00,N,N,B,C,Y,MON,,1,,R,101.851,H,,L,Y,4,0,2,2,A,-,03,22350,,N,B,C,A,B,H,-,A,D,0,,,,,Y,,A,01,0,0,2,0,0,0,0,0,0,"- ","- ",36.881481170654297,-121.77217864990234,"SANTA CRUZ",UNINCORPORATED,-121.77217102050781,36.881481170654297
91945577,2022,2022-12-19,9720,2022-11-30,2130,022044,,3,2,9,4400,0,3,5,,2,200,"30TH AVE.","LEWIS CIR",50.00,W,N,A,-,N,,,,,,,,,,N,2,0,1,1,A,-,01,23152,A,N,F,A,A,A,H,-,C,D,0,,,Y,,Y,Y,C,02,1,0,0,0,0,0,0,0,1,"- ","- ",36.966091156005859,-121.97396850585938,"SANTA CRUZ",UNINCORPORATED,-121.97402954101562,36.965988159179688
91945915,2022,2022-12-19,9730,2022-12-11,1050,022349,,7,1,9,4400,0,3,5,,2,006,"RESERVATION RD.","PANZIERA RD.",250.00,W,N,A,-,N,,,,,,,,,,N,4,0,1,1,A,-,03,22350,,N,E,I,A,B,H,-,A,D,0,,,,,Y,,A,01,0,0,1,0,0,0,0,0,0,"- ","- ",36.654560089111328,-121.72766876220703,"SANTA CRUZ",UNINCORPORATED,-121.72707366943359,36.654167175292969
91946149,2022,2022-12-19,9720,2022-12-12,1504,022542,,1,2,9,4400,0,3,5,,2,200,"SOQUEL AVE","7TH AVE",125.00,E,N,A,-,N,,,,,,,,,,Y,4,0,1,2,A,-,09,21804,A,N,D,C,A,A,H,-,A,D,0,,,,,Y,,A,07,0,0,1,0,0,0,0,0,0,"- ","- ",36.985591888427734,-121.98889923095703,"SANTA CRUZ",UNINCORPORATED,-121.98944091796875,36.985481262207031
91946230,2022,2022-12-19,9720,2022-12-07,1645,021833,,3,2,9,4400,0,1,3,,2,020,"SR-1 S/B","SOQUEL AVENUE",528.00,N,N,A,-,Y,SCR,,1,,,15.218,H,,L,N,4,0,1,2,A,-,03,22350,,N,C,C,A,A,H,-,D,D,0,,,,,Y,,A,01,0,0,1,0,0,0,0,0,0,"- ","- ",36.987899780273438,-121.9925537109375,"SANTA CRUZ",UNINCORPORATED,-121.99254608154297,36.987907409667969
91946874,2022,2022-12-20,9720,2022-12-11,2115,023026,,7,2,9,4400,0,1,3,,2,020,"SR-1 S/B","MORRISSEY BLVD",150.00,N,N,C,-,Y,SCR,,1,,,16.083,H,,L,N,3,0,1,1,A,-,01,23152,A,N,E,I,A,B,H,-,C,D,0,,,,,Y,Y,A,01,0,1,0,0,0,0,0,0,0,"- ","- ",36.988330841064453,-122.00814819335938,"SANTA CRUZ",UNINCORPORATED,-122.00814819335938,36.988376617431641
91947012,2022,2022-12-20,9720,2022-12-15,1954,022140,,4,2,9,4400,0,2,4,,1,024,"CAPITOLA RD","EASTBROOK CT",0.00,,Y,A,-,N,,,,,,,,,,Y,4,0,1,2,A,-,09,21802,A,N,D,C,A,A,H,-,C,A,0,,,,,Y,,D,22,0,0,1,0,0,0,0,0,0,"- ","- ",36.977680206298828,-121.98858642578125,"SANTA CRUZ",UNINCORPORATED,-121.98859405517578,36.977615356445312
91947930,2022,2022-12-21,9720,2022-11-30,1510,022044,,3,2,9,4400,0,2,4,,1,021,"SOQUEL DR.","WILLOWBROOK LN.",300.00,S,N,A,-,N,,,,,,,,,,N,4,0,1,2,A,-,09,21804,A,N,D,G,A,A,H,-,A,D,0,,Y,,,Y,,A,08,0,0,1,0,0,0,1,0,0,"- ","- ",36.990230560302734,-121.93179321289062,"SANTA CRUZ",UNINCORPORATED,-121.93389129638672,36.989738464355469
91948122,2022,2022-12-21,9720,2022-12-15,1215,022293,,4,1,9,4400,0,2,4,,1,021,"SOQUEL DRIVE","41ST AVENUE",330.00,W,N,A,-,N,,,,,,,,,,N,2,0,1,2,A,-,08,22107,,N,E,I,F,A,H,-,A,D,0,Y,,,,Y,,A,07,1,0,0,0,1,0,0,0,0,"- ","- ",36.987319946289062,-121.96624755859375,"SANTA CRUZ",UNINCORPORATED,-121.96608734130859,36.987224578857422
91948497,2022,2022-12-21,9720,2022-12-14,0805,022349,,3,1,5,4402,0,2,4,,1,032,"GREEN VALLEY RD","AMESTI RD",30.00,S,N,A,-,N,,,,,,,,,,N,3,0,2,2,A,-,03,22350,,N,C,C,A,A,H,-,A,D,0,,,,,Y,,A,07,0,2,0,0,0,0,0,0,0,"- ","- ",36.945518493652344,-121.76686859130859,"SANTA CRUZ","SANTA CRUZ",-121.76691436767578,36.945545196533203
91949002,2022,2022-12-22,9720,2022-12-11,1345,022907,,7,1,9,4400,0,1,3,,1,014,SR-9,"LAUREL DRIVE",62.00,S,N,A,-,Y,SCR,,9,,,18.286,H,,R,Y,3,0,1,1,A,-,08,22107,,N,E,I,A,B,H,-,A,D,0,,,,,Y,,A,08,0,1,0,0,0,0,0,0,0,"- ","- ",37.194171905517578,-122.14566040039062,"SANTA CRUZ",UNINCORPORATED,-122.14557647705078,37.194164276123047
91949024,2022,2022-12-22,9720,2022-12-13,1900,022044,,2,2,9,4400,0,3,5,,2,200,"GRANITE CREEK RD","BLAIR RANCH RD",300.00,E,N,A,-,N,,,,,,,,,,Y,3,0,3,1,A,-,03,22350,,N,E,I,A,B,H,-,D,D,0,,,,,Y,,A,01,0,3,0,0,0,0,0,0,0,"- ","- ",37.047920227050781,-121.9986572265625,"SANTA CRUZ",UNINCORPORATED,-121.99753570556641,37.050975799560547
91949146,2022,2022-12-22,9720,2022-12-18,1640,023026,,7,2,9,4400,0,3,5,,2,300,"CASSERLY RD","N/OF DIAS LN",75.00,N,N,A,-,N,,,,,,,,,,Y,3,0,1,1,A,-,01,23152,A,N,E,I,A,A,H,-,A,D,0,,,,,Y,Y,A,07,0,1,0,0,0,0,0,0,0,"- ","- ",36.967189788818359,-121.74311065673828,"SANTA CRUZ",UNINCORPORATED,-121.73416137695312,36.964611053466797
91949533,2022,2022-12-22,9720,2022-12-14,1810,022044,,3,2,9,4400,0,1,3,,1,015,SR-9,"OLD COUNTY RD.",225.00,S,N,A,-,Y,SCR,,9,,,9.789,H,,R,Y,4,0,1,1,A,-,01,23152,A,N,F,A,A,A,H,-,D,D,0,,,,,Y,Y,A,01,0,0,1,0,0,0,0,0,0,"- ","- ",37.090629577636719,-122.0943603515625,"SANTA CRUZ",UNINCORPORATED,-122.09438323974609,37.090618133544922
91949656,2022,2022-12-22,9720,2022-12-21,1710,022044,,3,2,9,4400,0,3,5,,2,100,"BONNY DOON RD.","SMITH GRADE RD.",2640.00,W,N,A,-,N,,,,,,,,,,Y,3,0,1,1,A,-,08,22107,,N,E,I,A,A,H,-,D,D,0,,,,,Y,,A,07,0,1,0,0,0,0,0,0,0,"- ","- ",37.031009674072266,-122.15872192382812,"SANTA CRUZ",UNINCORPORATED,-122.15125274658203,37.043357849121094
91949699,2022,2022-12-22,9720,2022-12-11,1350,021248,,7,1,9,4400,0,1,3,,1,017,"SR-17 S/B","SUMMIT RD",300.00,S,N,B,C,Y,SCL,,17,,,0.041,H,,L,Y,4,0,1,3,A,-,03,22350,,N,C,C,A,B,H,-,A,D,0,,,,,Y,,D,22,0,0,1,0,0,0,0,0,0,"- ","- ",37.144630432128906,-121.98465728759766,"SANTA CRUZ",UNINCORPORATED,-121.98466491699219,37.144630432128906
91949715,2022,2022-12-22,9720,2022-12-10,1155,021248,,6,1,9,4400,0,1,3,,1,017,"SR-17 N/B","CRESCENT DR",528.00,S,N,B,C,Y,SCR,,17,,,6.599,H,,R,N,3,0,1,1,A,-,01,23152,A,N,E,I,A,B,H,-,A,D,0,,,,,Y,Y,A,01,0,1,0,0,0,0,0,0,0,"- ","- ",37.072349548339844,-121.99059295654297,"SANTA CRUZ",UNINCORPORATED,-121.99056243896484,37.072334289550781
91952361,2022,2022-12-26,9720,2022-12-19,1335,022162,,1,1,9,4400,0,2,4,,1,021,"SOQUEL DR","THURBER LANE",0.00,,Y,A,-,N,,,,,,,,,,Y,3,0,3,2,A,-,12,21453,A,N,D,C,A,A,H,-,A,A,0,,,,Y,Y,,A,01,0,1,2,0,0,0,0,0,0,"- ","- ",36.988811492919922,-121.97914123535156,"SANTA CRUZ",UNINCORPORATED,-121.97917938232422,36.988758087158203
91952956,2022,2022-12-27,9720,2022-12-17,2009,022725,,6,2,9,4400,0,2,S,,2,904,"FREEDOM BOULEVARD","MCDONALD ROAD",25.00,E,N,A,-,N,,,,,,,,,,Y,3,0,1,2,A,-,01,23152,A,N,E,I,A,A,H,-,C,D,0,,,,,Y,Y,A,01,0,1,0,0,0,0,0,0,0,"- ","- ",36.986579895019531,-121.85994720458984,"SANTA CRUZ",UNINCORPORATED,-121.85997009277344,36.986415863037109
91953014,2022,2022-12-27,9720,2022-12-20,1505,022542,,2,2,9,4400,0,3,5,,2,200,"RODRIGUEZ ST","BURR CT",25.00,W,N,A,-,N,,,,,,,,,,N,3,0,2,2,A,-,17,22517,,N,D,G,A,A,H,-,A,D,0,,Y,,Y,Y,,F,26,0,2,0,0,0,0,2,0,0,"- ","- ",36.98236083984375,-121.98269653320312,"SANTA CRUZ",UNINCORPORATED,-121.9825439453125,36.982372283935547
91954083,2022,2022-12-28,9720,2022-12-22,1745,021860,,4,2,9,4400,0,1,3,,1,015,SR-9,"GRAHAM HILL ROAD",200.00,S,N,A,-,Y,SCR,,9,,,6.409,H,,R,N,3,0,1,2,A,-,03,22350,,N,C,C,A,A,H,-,C,A,0,,,,,Y,Y,A,07,0,1,0,0,0,0,0,0,0,"- ","- ",37.052280426025391,-122.07319641113281,"SANTA CRUZ",UNINCORPORATED,-122.07323455810547,37.052280426025391
91954666,2022,2022-12-28,9720,2022-12-15,1140,015699,,4,1,9,4400,0,2,4,,1,024,"BROMMER ST.","DARLENE DR.",425.00,E,N,A,-,N,,,,,,,,,,N,2,0,1,1,A,-,17,21200,,N,F,A,A,A,H,-,A,D,0,,Y,,,Y,Y,L,04,1,0,0,0,0,0,1,0,0,"- ","- ",36.969791412353516,-121.97644805908203,"SANTA CRUZ",UNINCORPORATED,-121.97650146484375,36.969799041748047
91954688,2022,2022-12-28,9720,2022-12-16,1445,022976,,5,2,9,4400,0,1,3,,2,030,"SR-1 N/B","LARKIN VALLEY ROAD",250.00,N,N,A,-,Y,SCR,,1,,R,7.762,H,,R,Y,3,0,1,1,C,-,18,,,N,E,I,A,A,H,-,A,D,0,,,,,Y,,-,"- ",0,1,0,0,0,0,0,0,0,"- ","- ",36.96173095703125,-121.86341857910156,"SANTA CRUZ",UNINCORPORATED,-121.86341857910156,36.96173095703125
91955890,2022,2022-12-29,9720,2022-12-21,1740,022907,,3,2,9,4400,0,2,4,,1,022,"SOQUEL SAN JOSE RD","SHAUNA CT",157.00,N,N,A,-,N,,,,,,,,,,Y,2,0,1,1,A,-,01,23152,A,N,E,I,A,A,H,-,C,D,0,,,,,Y,Y,A,01,1,0,0,0,0,0,0,0,0,"- ","- ",37.001190185546875,-121.95543670654297,"SANTA CRUZ",UNINCORPORATED,-121.95540618896484,37.001152038574219
91955913,2022,2022-12-29,9720,2022-12-23,0935,022293,,5,1,9,4400,0,2,4,,1,022,"SOQUEL SAN JOSE ROAD","MILLER CUTOFF ROAD",307.00,S,N,A,-,N,,,,,,,,,,Y,3,0,1,1,A,-,08,22107,,N,E,I,A,A,H,-,A,D,0,,,,,Y,,D,22,0,1,0,0,0,0,0,0,0,"- ","- ",37.116138458251953,-121.9349365234375,"SANTA CRUZ",UNINCORPORATED,-121.93458557128906,37.116073608398438
91958420,2022,2023-01-03,9720,2022-12-20,0710,021940,,2,1,9,4400,0,2,4,,1,032,"GREEN VALLEY RD.","ARROYO DR.",50.00,E,N,A,-,N,,,,,,,,,,Y,3,0,1,1,A,-,12,22450,A,N,E,I,A,A,H,-,E,D,0,,,,,Y,,D,22,0,1,0,0,0,0,0,0,0,"- ","- ",36.964481353759766,-121.76506805419922,"SANTA CRUZ",UNINCORPORATED,-121.76499176025391,36.964328765869141
91958483,2022,2023-06-01,9720,2022-12-21,1629,021833,,3,2,9,4400,0,3,5,,2,300,"SAN ANDREAS RD.","W. BEACH ST.",199.00,W,N,A,-,N,,,,,,,,,,Y,3,0,4,2,A,-,01,23152,A,N,A,C,A,A,H,-,B,D,0,,,,,Y,Y,A,01,0,4,0,0,0,0,0,0,0,"- ","- ",36.883251190185547,-121.79840087890625,"SANTA CRUZ",UNINCORPORATED,-121.79812622070312,36.883193969726562
91958567,2022,2023-01-03,9720,2022-12-30,1946,021833,,5,2,9,4400,0,1,3,,2,020,"S/B SR-1","MORRISSEY BLVD",528.00,N,N,B,C,Y,SCR,,1,,,16.159,H,,R,Y,4,0,1,1,A,-,08,22107,,N,E,I,A,B,H,-,C,D,0,,,,,Y,,A,07,0,0,1,0,0,0,0,0,0,"- ","- ",36.988491058349609,-122.00946044921875,"SANTA CRUZ",UNINCORPORATED,-122.00945281982422,36.988548278808594
91959077,2022,2023-01-03,9720,2022-12-22,2149,022879,,4,2,9,4400,0,1,3,,1,017,"SR-17 S/B","GLENWOOD DR.",200.00,S,N,A,-,Y,SCR,,17,,,10.573,H,,L,Y,2,0,1,1,A,-,03,22350,,N,B,I,A,B,H,-,D,D,0,,,,,Y,,A,07,1,0,0,0,0,0,0,0,0,"- ","- ",37.118999481201172,-121.97550964355469,"SANTA CRUZ",UNINCORPORATED,-121.97555541992188,37.118976593017578
91959089,2022,2023-01-03,9720,2022-12-26,1520,023026,,1,2,9,4400,0,3,5,,2,100,"BEAR CREEK RD","DEER CREEK RD",1056.00,W,N,A,-,N,,,,,,,,,,Y,4,0,2,1,A,-,03,22350,,N,E,I,A,B,H,-,A,D,0,,,,,Y,,A,01,0,0,2,0,0,0,0,0,0,"- ","- ",37.165081024169922,-122.07469940185547,"SANTA CRUZ",UNINCORPORATED,-122.07371520996094,37.169757843017578
91959092,2022,2023-01-03,9720,2022-12-27,2130,022545,,2,2,9,4400,0,3,5,,2,200,"DAY VALLEY RD","MCDONALD RD",528.00,W,N,C,-,N,,,,,,,,,,Y,3,0,2,1,A,-,01,23152,A,N,E,I,A,B,H,-,D,D,0,,,,,Y,Y,A,07,0,1,1,0,0,0,0,0,0,"- ","- ",36.993480682373047,-121.85990142822266,"SANTA CRUZ",UNINCORPORATED,-121.85850524902344,36.993274688720703
91961167,2022,2023-01-05,9720,2022-12-24,1710,022907,,6,2,9,4400,0,3,5,,2,300,"CASSERLY RD","GREEN VALLEY RD",739.00,N,N,A,-,N,,,,,,,,,,Y,3,0,1,1,A,-,01,23152,A,N,E,I,A,A,H,-,D,D,0,,,,,Y,Y,A,07,0,1,0,0,0,0,0,0,0,"- ","- ",36.971248626708984,-121.76509857177734,"SANTA CRUZ",UNINCORPORATED,-121.76505279541016,36.971244812011719
91963163,2022,2023-01-09,9720,2022-12-25,0835,021940,,7,1,9,4400,0,1,3,,1,034,SR-152,"GAFFEY RD.",70.00,W,N,A,-,Y,SCR,,152,,,6.416,H,,R,Y,3,0,1,1,A,-,03,22350,,N,E,I,A,A,H,-,A,D,0,,,,,Y,,D,22,0,1,0,0,0,0,0,0,0,"- ","- ",36.980541229248047,-121.71788024902344,"SANTA CRUZ",UNINCORPORATED,-121.71782684326172,36.980571746826172