CASE_ID,ACCIDENT_YEAR,PROC_DATE,JURIS,COLLISION_DATE,COLLISION_TIME,OFFICER_ID,REPORTING_DISTRICT,DAY_OF_WEEK,CHP_SHIFT,POPULATION,CNTY_CITY_LOC,SPECIAL_COND,BEAT_TYPE,CHP_BEAT_TYPE,CITY_DIVISION_LAPD,CHP_BEAT_CLASS,BEAT_NUMBER,PRIMARY_RD,SECONDARY_RD,DISTANCE,DIRECTION,INTERSECTION,WEATHER_1,WEATHER_2,STATE_HWY_IND,CALTRANS_COUNTY,CALTRANS_DISTRICT,STATE_ROUTE,ROUTE_SUFFIX,POSTMILE_PREFIX,POSTMILE,LOCATION_TYPE,RAMP_INTERSECTION,SIDE_OF_HWY,TOW_AWAY,COLLISION_SEVERITY,NUMBER_KILLED,NUMBER_INJURED,PARTY_COUNT,PRIMARY_COLL_FACTOR,PCF_CODE_OF_VIOL,PCF_VIOL_CATEGORY,PCF_VIOLATION,PCF_VIOL_SUBSECTION,HIT_AND_RUN,TYPE_OF_COLLISION,MVIW,PED_ACTION,ROAD_SURFACE,ROAD_COND_1,ROAD_COND_2,LIGHTING,CONTROL_DEVICE,CHP_ROAD_TYPE,PEDESTRIAN_ACCIDENT,BICYCLE_ACCIDENT,MOTORCYCLE_ACCIDENT,TRUCK_ACCIDENT,NOT_PRIVATE_PROPERTY,ALCOHOL_INVOLVED,STWD_VEHTYPE_AT_FAULT,CHP_VEHTYPE_AT_FAULT,COUNT_SEVERE_INJ,COUNT_VISIBLE_INJ,COUNT_COMPLAINT_PAIN,COUNT_PED_KILLED,COUNT_PED_INJURED,COUNT_BICYCLIST_KILLED,COUNT_BICYCLIST_INJURED,COUNT_MC_KILLED,COUNT_MC_INJURED,PRIMARY_RAMP,SECONDARY_RAMP,LATITUDE,LONGITUDE,COUNTY,CITY,POINT_X,POINT_Y
91963434,2022,2023-01-09,9720,2022-12-31,1748,022542,,6,2,9,4400,0,2,4,,1,021,"SOQUEL DR","41ST AVE",15.00,E,N,B,C,N,,,,,,,,,,Y,3,0,2,2,A,-,08,22107,,N,A,C,A,B,H,-,C,A,0,,,,,Y,,A,01,0,1,1,0,0,0,0,0,0,"- ","- ",36.987468719482422,-121.96481323242188,"SANTA CRUZ",UNINCORPORATED,-121.96492767333984,36.987411499023438
91963772,2022,2023-01-09,9720,2022-12-27,1230,021248,,2,1,9,4400,0,1,3,,1,017,"SR-17 S/B","MT HERMON RD.",1320.00,N,N,B,-,Y,SCR,,17,,,3.757,H,,L,Y,4,0,1,1,A,-,03,22350,,N,E,8,A,B,H,-,A,D,0,,,,,Y,,A,07,0,0,1,0,0,0,0,0,0,"- ","- ",37.039070129394531,-122.01747131347656,"SANTA CRUZ",UNINCORPORATED,-122.01750946044922,37.039081573486328
91964964,2022,2023-01-10,9720,2022-12-28,0615,021248,,3,1,9,4400,0,1,3,,1,017,"SR-17 S/B","PASATIEMPO DR",1056.00,N,N,A,-,Y,SCR,,17,,,0.960,H,,L,Y,3,0,1,1,A,-,03,22350,,N,F,0,A,B,H,-,C,D,0,,,,,Y,,A,07,0,1,0,0,0,0,0,0,0,"- ","- ",37.002468109130859,-122.020751953125,"SANTA CRUZ",UNINCORPORATED,-122.02078247070312,37.002475738525391
91965978,2022,2023-01-11,9720,2022-12-29,2320,021053,,4,3,9,4400,0,1,3,,1,014,SR-9,SR-35,800.00,S,N,B,C,Y,SCR,,9,,,26.844,H,,R,Y,3,0,1,1,A,-,03,22350,,N,E,I,A,B,H,-,D,D,0,,,,,Y,,A,01,0,1,0,0,0,0,0,0,0,"- ","- ",37.25640869140625,-122.1256103515625,"SANTA CRUZ",UNINCORPORATED,-122.12557983398438,37.256389617919922
91966575,2023,2023-01-12,9720,2023-01-01,2500,020977,,7,4,9,4400,0,1,3,,1,035,"STATE ROUTE 129","MURPHY ROAD",2388.00,E,N,B,-,Y,SCR,,129," "," ",5.196,H,,R,Y,3,0,1,1,A,-,01,23152,A,M,E,I,A,A,H,-,D,D,0,,,,,Y,Y,D,22,0,1,0,0,0,0,0,0,0,"- ","- ",36.914180755615234,-121.668701171875,"SANTA CRUZ",UNINCORPORATED,-121.66871643066406,36.914249420166016
91967031,2022,2023-01-12,9720,2022-12-30,0935,022349,,5,1,9,4400,0,1,3,,1,034,SR-152,"PACIFIC VIEW TERR",555.00,W,N,C,-,Y,SCR,,152,,,7.124,H,,R,N,3,0,1,1,A,-,08,22107,,N,E,I,A,B,H,-,A,D,0,,,,,Y,,A,01,0,1,0,0,0,0,0,0,0,"- ","- ",36.984600067138672,-121.71791839599609,"SANTA CRUZ",UNINCORPORATED,-121.71791076660156,36.984611511230469
91967287,2022,2023-01-13,9720,2022-12-31,1339,022140,,6,1,9,4400,0,1,3,,2,030,"SR-1 N/B","AIRPORT BLVD",1056.00,N,N,B,C,Y,SCR,,1,,R,3.388,H,,R,Y,4,0,1,2,A,-,07,21658,A,F,B,2,A,B,H,-,A,D,0,,,,,Y,,D,22,0,0,1,0,0,0,0,0,0,"- ","- ",36.926418304443359,-121.79991912841797,"SANTA CRUZ",UNINCORPORATED,-121.79989624023438,36.926445007324219
91968314,2023,2023-01-13,9720,2023-01-01,1620,022140,,7,2,9,4400,0,3,5,,2,200,"HAMES RD","ENOS LN",60.00,E,N,A,-,N,,,,,,,,,,N,4,0,1,2,A,-,03,22350,,N,H,G,A,B,H,-,A,D,0,,Y,,,Y,,L,04,0,0,1,0,0,0,1,0,0,"- ","- ",36.994281768798828,-121.81590270996094,"SANTA CRUZ",UNINCORPORATED,-121.81581878662109,36.994213104248047
91968740,2023,2023-01-16,9720,2023-01-06,"750 ",023166,,5,1,9,4400,0,1,3,,1,017,"SR-17 S/B","LA MADRONA DR.",1056.00,S,N,B,-,Y,SCR,,17," "," ",2.005,H,,L,Y,3,0,1,1,A,-,08,22107,,N,E,I,A,B,H,-,A,D,0,,,,,Y,,A,07,0,1,0,0,0,0,0,0,0,"- ","- ",37.01654052734375,-122.02706909179688,"SANTA CRUZ",UNINCORPORATED,-122.02708435058594,37.016532897949219
91968753,2023,2023-01-16,9720,2023-01-07,1935,022140,,6,2,9,4400,0,3,5,,2,200,"STATE PARD DR","OFF RAMP FROM SR-1 N/B",25.00,S,N,B,C,Y,,,,,,,,,,N,4,0,1,2,A,-,01,23152,A,F,C,C,A,B,H,-,C,A,0,,,,,Y,Y,D,22,0,0,1,0,0,0,0,0,0,"- ","- ",36.978630065917969,-121.90975189208984,"SANTA CRUZ",UNINCORPORATED,-121.91011047363281,36.977947235107422
91968920,2023,2023-01-16,9720,2023-01-06,1732,022879,,5,2,9,4400,0,1,3,,1,015,SR-9,"LOMOND ST.",0.00,,Y,A,-,Y,SCR,,9," "," ",12.870,H,,R,N,2,0,1,2,A,-,11,21954,A,N,G,B,D,A,H,-,D,D,0,Y,,,,Y,,N,60,1,0,0,0,1,0,0,0,0,"- ","- ",37.123329162597656,-122.12174224853516,"SANTA CRUZ",UNINCORPORATED,-122.12164306640625,37.123348236083984
91970054,2023,2023-01-17,9720,2023-01-02,1053,022976,,1,1,9,4400,0,1,3,,2,020,"SR-1 N/B","EMELINE AVENUE",3960.00,N,N,C,-,Y,SCR,,1," "," ",16.578,H,,R,Y,2,0,3,5,A,-,03,22350,,N,C,C,A,B,H,-,A,D,0,,,,,Y,,D,22,1,0,2,0,0,0,0,0,0,"- ","- ",36.988971710205078,-122.01690673828125,"SANTA CRUZ",UNINCORPORATED,-122.01690673828125,36.988986968994141
91972326,2023,2023-01-19,9720,2023-01-06,2349,022329,,5,3,9,4400,0,1,3,,2,020,"SR-1 N/B","PORTER ST",250.00,S,N,A,-,Y,SCR,,1," "," ",13.020,H,,R,Y,2,0,1,2,A,-,03,22350,,N,D,C,A,A,H,-,C,D,0,,,,,Y,,A,07,1,0,0,0,0,0,0,0,0,"- ","- ",36.983570098876953,-121.95372772216797,"SANTA CRUZ",UNINCORPORATED,-121.9537353515625,36.983592987060547
91975081,2023,2023-01-24,9720,2023-01-10,"240 ",022293,,2,3,9,4400,0,3,5,,2,100,"MOUNT HERMON ROAD","CONFERENCE DRIVE",440.00,W,N,B,C,N,,,,,,,,,,Y,3,0,1,1,A,-,03,22350,,N,E,J,A,B,C,-,D,D,0,,,,,Y,,D,22,0,1,0,0,0,0,0,0,0,"- ","- ",37.054630279541016,-122.04061889648438,"SANTA CRUZ",UNINCORPORATED,-122.04090881347656,37.05474853515625
91975530,2022,2023-01-24,9720,2022-12-27,1120,015699,,2,1,9,4400,0,1,3,,2,020,"STATE ROUTE 1 (SR-1) SB","BRANCIFORTE AVE",528.00,N,N,B,C,Y,SCR,,1,,,16.343,H,,L,N,4,0,1,2,A,-,03,22350,,N,D,C,A,B,H,-,A,D,0,,,,,Y,,A,01,0,0,1,0,0,0,0,0,0,"- ","- ",36.988498687744141,-122.01274871826172,"SANTA CRUZ",UNINCORPORATED,-122.01274871826172,36.988544464111328
91975543,2022,2023-01-24,9720,2022-12-29,0205,022901,,4,3,9,4400,0,1,3,,1,015,SR-9,"GLEN ARBOR",0.00,,Y,C,-,Y,SCR,,9,,,8.111,H,,R,Y,3,0,1,1,A,-,01,23152,A,M,E,I,A,A,H,-,C,A,0,,,,,Y,Y,D,22,0,1,0,0,0,0,0,0,0,"- ","- ",37.07427978515625,-122.08458709716797,"SANTA CRUZ",UNINCORPORATED,-122.08452606201172,37.074275970458984
91975566,2022,2023-01-24,9720,2022-12-30,0830,015699,,5,1,9,4400,0,1,3,,2,020,"STATE ROUTE 1 (SR-1) NB","FREEDOM BLVD",20.00,N,N,B,C,Y,SCR,,1,,,8.374,H,,R,N,3,0,1,1,A,-,08,22107,,N,E,I,A,B,H,-,A,D,0,,,,,Y,,A,01,0,1,0,0,0,0,0,0,0,"- ","- ",36.970481872558594,-121.87342834472656,"SANTA CRUZ",UNINCORPORATED,-121.87335205078125,36.970573425292969
91975611,2023,2023-01-24,9720,2023-01-03,1145,021548,,2,1,9,4400,0,1,3,,1,015,"SR-9 N/B","BRACKNEY LN.",142.00,S,N,B,-,Y,SCR,,9," "," ",7.802,H,,R,N,3,0,1,1,A,-,03,22350,,N,F,A,A,B,H,-,A,D,0,,Y,,,Y,,L,04,0,1,0,0,0,0,1,0,0,"- ","- ",37.068649291992188,-122.08329010009766,"SANTA CRUZ",UNINCORPORATED,-122.08331298828125,37.068637847900391
91976089,2023,2023-03-06,9720,2023-01-09,1150,023146,,1,1,9,4400,0,3,5,,2,300,"VARNI ROAD","CORRALITOS ROAD",1056.00,E,N,B,-,N,,,,,,,,,,Y,3,0,1,1,A,-,03,22350,,N,E,I,A,B,H,-,A,D,0,,,,,Y,,A,07,0,1,0,0,0,0,0,0,0,"- ","- ",36.967708587646484,-121.80193328857422,"SANTA CRUZ",UNINCORPORATED,-121.80399322509766,36.967929840087891
91976133,2023,2023-01-24,9720,2023-01-10,1850,023186,,2,2,9,4400,0,2,4,,1,021,"SOQUEL DR","DAUBENBISS AVE",15.00,W,N,A,-,N,,,,,,,,,,N,3,0,1,1,A,-,17,21200,,N,E,I,A,A,H,-,C,D,0,,Y,,,Y,Y,L,04,0,1,0,0,0,0,1,0,0,"- ","- ",36.987598419189453,-121.95883178710938,"SANTA CRUZ",UNINCORPORATED,-121.95838928222656,36.98779296875
91976249,2023,2023-01-24,9720,2023-01-16,"700 ",021248,,1,1,9,4400,0,1,3,,1,017,"SR-17 S/B","MT HERMON RD",845.00,N,N,B,C,Y,SCR,,17," "," ",3.606,H,,L,N,3,0,3,1,A,-,03,22350,,N,E,I,A,B,H,-,B,D,0,,,,,Y,,A,01,0,3,0,0,0,0,0,0,0,"- ","- ",37.037189483642578,-122.018798828125,"SANTA CRUZ",UNINCORPORATED,-122.01877593994141,37.037166595458984
91976685,2023,2023-01-25,9720,2023-01-13,2157,022542,,5,2,9,4400,0,1,3,,1,017,"SR-17 S/B","LAUREL RD",500.00,N,N,C,-,Y,SCR,,17," "," ",9.646,H,,L,Y,3,0,1,2,A,-,07,21658,A,N,B,C,A,B,H,-,C,D,0,,,,,Y,,A,01,0,1,0,0,0,0,0,0,0,"- ","- ",37.106769561767578,-121.97635650634766,"SANTA CRUZ",UNINCORPORATED,-121.97637176513672,37.106754302978516
91976873,2023,2023-01-25,9720,2023-01-14,1350,019100,,6,1,9,4400,0,1,3,,1,034,"SR-152 (E. LAKE AVENUE)","LEVEE PATH",10.00,W,N,B,-,Y,SCR,,152," "," ",1.926,H,,R,Y,3,0,1,2,A,-,09,21804,A,N,B,G,A,B,H,-,A,D,0,,Y,,,Y,Y,L,04,0,1,0,0,0,0,1,0,0,"- ","- ",36.934959411621094,-121.74327850341797,"SANTA CRUZ",UNINCORPORATED,-121.74327850341797,36.934959411621094
91977370,2023,2023-01-25,9720,2023-01-17,"740 ",023026,,2,1,9,4400,0,1,3,,2,020,"SR-1 N/B","SOQUEL DR",528.00,S,N,A,-,Y,SCR,,1," "," ",14.593,H,,R,N,4,0,1,2,A,-,03,22350,,N,C,C,A,A,H,-,A,D,0,,,,,Y,,A,01,0,0,1,0,0,0,0,0,0,"- ","- ",36.985988616943359,-121.98153686523438,"SANTA CRUZ",UNINCORPORATED,-121.98153686523438,36.986007690429688
91979860,2023,2023-01-26,9720,2023-01-19,"937 ",021304,,4,1,9,4400,0,3,5,,2,200,"EATON ST","LAKE AVE",50.00,S,N,A,-,N,,,,,,,,,,Y,4,0,2,2,A,-,03,22350,,N,C,C,A,A,H,-,A,D,0,,,,,Y,,A,01,0,0,2,0,0,0,0,0,0,"- ","- ",36.967941284179688,-122.00102996826172,"SANTA CRUZ",UNINCORPORATED,-122.00118255615234,36.967910766601562
91980591,2023,2023-01-27,9720,2023-01-17,1953,022545,,2,2,9,4400,0,3,5,,2,100,"EAST ZAYANTE RD",LAUREL,85.00,S,N,A,-,N,,,,,,,,,,Y,3,0,1,1,A,-,01,23152,A,N,E,8,A,A,H,-,D,D,0,,,,,Y,Y,A,01,0,1,0,0,0,0,0,0,0,"- ","- ",37.088489532470703,-122.04435729980469,"SANTA CRUZ",UNINCORPORATED,-122.04426574707031,37.088314056396484
91981306,2023,2023-03-07,9720,2023-01-09,1330,023146,,1,1,4,4403,0,1,A,,2,730,"90 ALTA VISTA AVE","ALTA VISTA AVE",50.00,N,N,B,-,N,,,,,,,,,,N,4,0,1,2,B,-,22,,,N,H,E,A,B,H,-,A,D,0,,,,,Y,,D,22,0,0,1,0,0,0,0,0,0,"- ","- ",36.927291870117188,-121.76815795898438,"SANTA CRUZ",WATSONVILLE,,
91981320,2023,2023-01-30,9720,2023-01-19,1240,021304,,4,1,9,4400,0,2,4,,1,024,"E. CLIFF DR","BLACKPOINT LANE",528.00,W,N,A,-,N,,,,,,,,,,N,4,0,1,2,A,-,08,22107,,N,H,G,A,A,H,-,A,D,0,,Y,,,Y,,D,22,0,0,1,0,0,0,1,0,0,"- ","- ",36.963348388671875,-121.99050903320312,"SANTA CRUZ",UNINCORPORATED,-121.99174499511719,36.963836669921875
91981374,2023,2023-01-30,9720,2023-01-24,1000,019100,,2,1,9,4400,0,1,3,,2,030,"SR-1 NORTHBOUND","LARKIN VALLEY ROAD",528.00,S,N,A,-,Y,SCR,,1," ",R,7.413,H,,R,N,3,0,1,2,A,-,03,22350,,N,C,C,A,A,H,-,A,D,0,,,,,Y,,A,01,0,1,0,0,0,0,0,0,0,"- ","- ",36.957809448242188,-121.85945129394531,"SANTA CRUZ",UNINCORPORATED,-121.85942840576172,36.957828521728516
91981376,2023,2023-01-30,9720,2023-01-27,1149,019898,,5,1,9,4400,0,3,5,,2,100,"GLEN ARBOR RD",SR-9,20.00,E,N,A,-,N,,,,,,,,,,N,4,0,1,2,A,-,21,22106,,M,H,C,A,A,H,-,A,D,0,,,,,Y,,-,99,0,0,1,0,0,0,0,0,0,"- ","- ",37.073440551757812,-122.08448028564453,"SANTA CRUZ",UNINCORPORATED,-122.08443450927734,37.074260711669922
91981606,2023,2023-01-30,9720,2023-01-24,"320 ",022400,,2,3,9,4400,0,3,5,,2,100,"QUAIL HOLLOW RD","LARITA DR",180.00,W,N,A,-,Y,,,,,,,,,,N,2,0,1,1,A,-,03,22350,,N,E,J,A,A,H,-,C,D,0,,,Y,,Y,,C,02,1,0,0,0,0,0,0,0,1,"- ","- ",37.078678131103516,-122.07805633544922,"SANTA CRUZ",UNINCORPORATED,-122.07809448242188,37.078762054443359
91981643,2023,2023-01-30,9720,2023-01-22,2357,022400,,7,3,9,4400,0,1,3,,2,020,"NB SR-1","N BRANCIFORTE AVE OVERCROSS",158.00,N,N,A,-,Y,SCR,,1," "," ",16.263,H,,R,Y,3,0,1,1,A,-,01,23152,A,N,E,I,A,A,H,-,C,D,0,,,,,Y,Y,A,01,0,1,0,0,0,0,0,0,0,"- ","- ",36.988559722900391,-122.01132202148438,"SANTA CRUZ",UNINCORPORATED,-122.01131439208984,36.988620758056641
91982875,2023,2023-01-31,9720,2023-01-22,2030,023103,,7,2,9,4400,0,1,3,,1,034,SR-152,"BEVERLY DR",0.00,,Y,A,-,Y,SCR,,152," "," ",1.835,H,,R,Y,3,0,2,2,A,-,01,23152,A,N,A,C,A,A,H,-,C,A,0,,,,,Y,Y,A,01,0,2,0,0,0,0,0,0,0,"- ","- ",36.933521270751953,-121.74346160888672,"SANTA CRUZ",UNINCORPORATED,-121.74349212646484,36.933525085449219
91983310,2023,2023-01-31,9720,2023-01-12,1320,015699,,4,1,9,4400,0,2,4,,1,022,"SOQUEL SAN JOSE RD","SOQUEL CREEK RD",250.00,S,N,B,-,N,,,,,,,,,,Y,3,0,1,1,A,-,08,22107,,N,E,I,A,B,H,-,A,D,0,,,,Y,Y,,F,26,0,1,0,0,0,0,0,0,0,"- ","- ",37.038860321044922,-121.94361877441406,"SANTA CRUZ",UNINCORPORATED,-121.94322967529297,37.039207458496094
91983424,2023,2023-01-31,9720,2023-01-19,1240,023110,,4,1,9,4400,0,2,4,,1,016,"GRAHAM HILL RD","LOCKEWOOD LN",200.00,S,N,A,-,N,,,,,,,,,,N,4,0,1,2,A,-,03,22350,,N,C,C,A,A,H,-,A,D,0,,,,,Y,,D,22,0,0,1,0,0,0,0,0,0,"- ","- ",37.034721374511719,-122.04161071777344,"SANTA CRUZ",UNINCORPORATED,-122.04207611083984,37.036354064941406
91983490,2023,2023-01-31,9720,2023-01-23,1220,015699,,1,1,9,4400,0,1,3,,1,010,"RT 1","DAVENPORT AVE",180.00,N,N,A,-,Y,SCR,,1," "," ",28.660,H,,R,Y,3,0,3,2,A,-,09,21801,A,N,A,C,A,A,H,-,A,D,0,,,,,Y,,A,01,0,1,2,0,0,0,0,0,0,"- ","- ",37.010898590087891,-122.19439697265625,"SANTA CRUZ",UNINCORPORATED,-122.19439697265625,37.010898590087891
91984701,2023,2023-02-02,9720,2023-01-22,"800 ",023146,,7,1,9,4400,0,2,4,,1,021,"SOQUEL AVE","SOQUEL DR",20.00,W,N,A,-,N,,,,,,,,,,Y,3,0,2,2,A,-,03,22350,,N,C,C,A,A,H,-,A,A,0,,,,,Y,,A,01,0,1,1,0,0,0,0,0,0,"- ","- ",36.985858917236328,-121.98776245117188,"SANTA CRUZ",UNINCORPORATED,-121.98762512207031,36.985931396484375
91985059,2023,2023-02-02,9720,2023-01-25,1557,022140,,3,2,9,4400,0,3,5,,2,200,"SOQUEL AVE","GROSS RD",40.00,N,N,A,-,N,,,,,,,,,,N,4,0,1,2,A,-,21,22106,,N,C,C,A,A,H,-,A,A,0,,,,,Y,,A,08,0,0,1,0,0,0,0,0,0,"- ","- ",36.981258392333984,-121.96604156494141,"SANTA CRUZ",UNINCORPORATED,-121.96600341796875,36.981231689453125
91987016,2023,2023-02-06,9720,2023-01-21,"700 ",023110,,6,1,9,4400,0,2,4,,1,031,"FREEDOM BLVD","OWL RIDGE RD",300.00,S,N,A,-,Y,,,,,,,,,,Y,3,0,1,1,A,-,03,22350,,N,E,I,A,C,H,-,B,D,0,,,,,Y,,D,22,0,1,0,0,0,0,0,0,0,"- ","- ",36.986320495605469,-121.85167694091797,"SANTA CRUZ",UNINCORPORATED,-121.85270690917969,36.986339569091797
91987018,2023,2023-02-06,9720,2023-01-25,"955 ",023026,,3,1,9,4400,0,1,3,,1,014,SR-9,"PLEASANT WAY",20.00,S,N,A,-,Y,SCR,,9," "," ",15.103,H,,R,N,3,0,1,2,A,-,09,21802,,N,D,C,A,B,H,-,A,A,0,,,,,Y,,D,22,0,1,0,0,0,0,0,0,0,"- ","- ",37.151451110839844,-122.13616180419922,"SANTA CRUZ",UNINCORPORATED,-122.13614654541016,37.151439666748047
91987035,2023,2023-02-06,9720,2023-01-25,1430,023103,,3,2,9,4400,0,2,4,,1,032,"GREEN VALLEY RD","HOLOHAN RD",30.00,W,N,A,-,N,,,,,,,,,,N,3,0,1,2,A,-,03,22350,,N,C,C,A,A,H,-,A,A,0,,,,,Y,,A,01,0,1,0,0,0,0,0,0,0,"- ","- ",36.936000823974609,-121.74331665039062,"SANTA CRUZ",UNINCORPORATED,-121.76950836181641,36.940982818603516
91987767,2023,2023-02-06,9720,2023-01-27,1550,022140,,5,2,9,4400,0,1,3,,2,020,"SR-1 S/B","PARK AVE",528.00,N,N,A,-,Y,SCR,,1," "," ",12.215,H,,L,Y,4,0,1,3,A,-,04,21703,,N,C,C,A,A,H,-,A,D,0,,,,,Y,,D,22,0,0,1,0,0,0,0,0,0,"- ","- ",36.983928680419922,-121.93914794921875,"SANTA CRUZ",UNINCORPORATED,-121.93914794921875,36.983921051025391
91988003,2023,2023-02-06,9720,2023-01-27,1023,023166,,5,1,9,4400,0,1,3,,1,015,"SR-9 N/B","SAN LORENZO WAY",210.00,N,N,A,-,Y,SCR,,9," "," ",6.821,H,,R,Y,3,0,2,2,A,-,01,23152,F,N,A,C,A,A,H,-,A,D,0,,,,Y,Y,,A,07,0,2,0,0,0,0,0,0,0,"- ","- ",37.057521820068359,-122.07636260986328,"SANTA CRUZ",UNINCORPORATED,-122.07633972167969,37.057533264160156
91988986,2023,2023-02-07,9720,2023-01-30,2010,023180,,1,2,9,4400,0,1,3,,1,034,SR-152,"HOLOHAN RD",2112.00,E,N,A,-,Y,SCR,,152," "," ",2.427,H,,R,N,3,0,1,2,A,-,08,22107,,F,G,B,E,A,H,-,D,D,0,Y,,,,Y,,-,99,0,1,0,0,1,0,0,0,0,"- ","- ",36.941520690917969,-121.74034881591797,"SANTA CRUZ",UNINCORPORATED,-121.74028015136719,36.941486358642578
91989527,2023,2023-02-08,9720,2023-01-28,"303 ",022976,,6,3,9,4400,0,3,5,,2,300,"W BEACH STREET","CLEARWATER LANE",500.00,E,N,A,-,N,,,,,,,,,,N,4,0,1,1,A,-,01,23152,A,N,F,A,A,A,H,-,D,D,0,,,,,Y,Y,A,01,0,0,1,0,0,0,0,0,0,"- ","- ",36.8931884765625,-121.78399658203125,"SANTA CRUZ",UNINCORPORATED,-121.783935546875,36.893112182617188
91989778,2023,2023-02-08,9720,2023-01-29,1543,023103,,7,2,9,4400,0,3,5,,2,200,"SEACLIFF DR","STATE PARK DRIVE",30.00,W,N,A,-,N,,,,,,,,,,N,3,0,1,1,C,-,18,,,N,E,I,A,A,H,-,A,D,0,,,,,Y,,-,"- ",0,1,0,0,0,0,0,0,0,"- ","- ",36.974388122558594,-121.91264343261719,"SANTA CRUZ",UNINCORPORATED,-121.91244506835938,36.974369049072266
91989805,2023,2023-02-08,9720,2023-01-30,1921,023103,,1,2,9,4400,0,1,3,,1,034,"SR-152 (E. LAKE AVE)","BRIDGE ST",0.00,,Y,A,-,Y,SCR,,152," "," ",1.616,H,,R,Y,3,0,1,2,A,-,09,21802,A,F,D,C,A,A,H,-,C,A,0,,,,,Y,,A,01,0,1,0,0,0,0,0,0,0,"- ","- ",36.930469512939453,-121.74429321289062,"SANTA CRUZ",UNINCORPORATED,-121.74435424804688,36.93048095703125
91990565,2023,2023-02-09,9720,2023-01-29,1925,022545,,7,2,9,4400,0,1,3,,1,017,SR-17,"VINE HILL RD",0.00,,Y,A,-,Y,SCR,,17," "," ",7.665,H,,R,Y,4,0,2,2,A,-,09,21802,A,N,D,C,A,A,H,-,C,A,0,,,,,Y,,D,22,0,0,2,0,0,0,0,0,0,"- ","- ",37.078960418701172,-121.97956848144531,"SANTA CRUZ",UNINCORPORATED,-121.97950744628906,37.07891845703125
91990809,2023,2023-02-09,9720,2023-01-26,"710 ",015170,,4,1,9,4400,0,1,3,,1,017,SR-17,"SANTA CRUZ RIDGE",1056.00,N,N,A,-,Y,SCR,,17," "," ",11.669,H,,R,Y,3,0,1,3,A,-,07,21658,A,N,B,C,A,A,H,-,A,D,0,,,,,Y,,A,01,0,1,0,0,0,0,0,0,0,"- ","- ",37.132049560546875,-121.98020935058594,"SANTA CRUZ",UNINCORPORATED,-121.98014068603516,37.132102966308594
91991170,2023,2023-02-10,9720,2023-02-04,"740 ",019956,,6,1,9,4400,0,1,3,,1,017,"SR-17 S/B","SUMMIT RD",528.00,S,N,B,C,Y,SCR,,17," "," ",12.551,H,,L,Y,4,0,1,1,A,-,03,22350,,N,E,I,A,B,H,-,A,D,0,,,,,Y,,D,22,0,0,1,0,0,0,0,0,0,"- ","- ",37.144039154052734,-121.98477935791016,"SANTA CRUZ",UNINCORPORATED,-121.98480224609375,37.144046783447266
91992531,2023,2023-02-13,9720,2023-02-03,1335,023146,,5,1,9,4400,0,3,5,,2,200,"SOQUEL AVE","PAUL MINNIE AVE",70.00,W,N,C,-,N,,,,,,,,,,N,3,0,2,2,A,-,03,22350,,N,C,C,A,B,H,-,A,D,0,,,,,Y,,A,01,0,1,1,0,0,0,0,0,0,"- ","- ",36.986320495605469,-121.98436737060547,"SANTA CRUZ",UNINCORPORATED,-121.98416137695312,36.986278533935547
91992532,2023,2023-02-13,9720,2023-02-03,2238,022545,,5,3,9,4400,0,3,5,,2,100,"EMPIRE GRADE","HELLER DR",1584.00,N,N,B,-,N,,,,,,,,,,Y,4,0,1,1,A,-,08,22107,,N,E,I,A,B,H,-,E,D,0,,,,,Y,,A,01,0,0,1,0,0,0,0,0,0,"- ","- ",36.992321014404297,-122.06993865966797,"SANTA CRUZ",UNINCORPORATED,-122.06980895996094,36.992073059082031
91992541,2023,2023-02-13,9720,2023-02-09,1100,021248,,4,1,9,4400,0,1,3,,2,020,"SR-1 N/B","PORTER ST.",1056.00,S,N,A,-,Y,SCR,,1," "," ",13.000,H,,R,N,4,0,1,2,A,-,03,22350,,N,C,C,A,A,H,-,A,D,0,,,,,Y,,A,07,0,0,1,0,0,0,0,0,0,"- ","- ",36.983600616455078,-121.953369140625,"SANTA CRUZ",UNINCORPORATED,-121.95337677001953,36.983627319335938
91992548,2023,2023-02-13,9720,2023-02-02,"825 ",019956,,4,1,9,4400,0,1,3,,2,020,"SR-1 N/B","FREEDOM BLVD",1056.00,N,N,B,-,Y,SCR,,1," "," ",8.550,H,,R,N,4,0,2,2,A,-,07,21658,A,M,C,C,A,A,H,-,A,D,0,,,,Y,Y,,A,01,0,0,2,0,0,0,0,0,0,"- ","- ",36.971721649169922,-121.87619018554688,"SANTA CRUZ",UNINCORPORATED,-121.87621307373047,36.971675872802734