CASE_ID,ACCIDENT_YEAR,PROC_DATE,JURIS,COLLISION_DATE,COLLISION_TIME,OFFICER_ID,REPORTING_DISTRICT,DAY_OF_WEEK,CHP_SHIFT,POPULATION,CNTY_CITY_LOC,SPECIAL_COND,BEAT_TYPE,CHP_BEAT_TYPE,CITY_DIVISION_LAPD,CHP_BEAT_CLASS,BEAT_NUMBER,PRIMARY_RD,SECONDARY_RD,DISTANCE,DIRECTION,INTERSECTION,WEATHER_1,WEATHER_2,STATE_HWY_IND,CALTRANS_COUNTY,CALTRANS_DISTRICT,STATE_ROUTE,ROUTE_SUFFIX,POSTMILE_PREFIX,POSTMILE,LOCATION_TYPE,RAMP_INTERSECTION,SIDE_OF_HWY,TOW_AWAY,COLLISION_SEVERITY,NUMBER_KILLED,NUMBER_INJURED,PARTY_COUNT,PRIMARY_COLL_FACTOR,PCF_CODE_OF_VIOL,PCF_VIOL_CATEGORY,PCF_VIOLATION,PCF_VIOL_SUBSECTION,HIT_AND_RUN,TYPE_OF_COLLISION,MVIW,PED_ACTION,ROAD_SURFACE,ROAD_COND_1,ROAD_COND_2,LIGHTING,CONTROL_DEVICE,CHP_ROAD_TYPE,PEDESTRIAN_ACCIDENT,BICYCLE_ACCIDENT,MOTORCYCLE_ACCIDENT,TRUCK_ACCIDENT,NOT_PRIVATE_PROPERTY,ALCOHOL_INVOLVED,STWD_VEHTYPE_AT_FAULT,CHP_VEHTYPE_AT_FAULT,COUNT_SEVERE_INJ,COUNT_VISIBLE_INJ,COUNT_COMPLAINT_PAIN,COUNT_PED_KILLED,COUNT_PED_INJURED,COUNT_BICYCLIST_KILLED,COUNT_BICYCLIST_INJURED,COUNT_MC_KILLED,COUNT_MC_INJURED,PRIMARY_RAMP,SECONDARY_RAMP,LATITUDE,LONGITUDE,COUNTY,CITY,POINT_X,POINT_Y
91992551,2023,2023-02-13,9720,2023-02-05,"810 ",019956,,7,1,9,4400,0,1,3,,1,017,"SR-17 S/B","SUMMIT RD",528.00,S,N,B,C,Y,SCL,,17," "," ",0.018,H,,L,Y,4,0,1,2,A,-,03,22350,,N,E,I,A,B,H,-,A,D,0,,,,,Y,,A,01,0,0,1,0,0,0,0,0,0,"- ","- ",37.144321441650391,-121.98471832275391,"SANTA CRUZ",UNINCORPORATED,-121.98472595214844,37.144321441650391
91992553,2023,2023-02-13,9720,2023-02-03,1855,023186,,5,2,9,4400,0,1,3,,1,017,"NB SR-17","EL RANCHO DRIVE",2418.00,N,N,A,-,Y,SCR,,17," "," ",2.678,H,,R,Y,3,0,2,1,A,-,03,22350,,N,E,I,A,B,H,-,C,D,0,,,,,Y,,D,22,0,1,1,0,0,0,0,0,0,"- ","- ",37.025859832763672,-122.02613830566406,"SANTA CRUZ",UNINCORPORATED,-122.02621459960938,37.025897979736328
91992980,2022,2023-02-14,9720,2022-12-31,1335,021248,,6,1,9,4400,0,1,3,,1,017,"SR-17 N/B","JARVIS RD.",1500.00,N,N,B,C,Y,SCR,,17,,,8.189,H,,R,Y,3,0,1,2,A,-,01,23152,A,N,C,C,A,B,H,-,A,D,0,,,,,Y,Y,D,22,0,1,0,0,0,0,0,0,0,"- ","- ",37.086959838867188,-121.97885131835938,"SANTA CRUZ",UNINCORPORATED,-121.9788818359375,37.086963653564453
91993403,2023,2023-02-13,9720,2023-02-10,1555,022140,,5,2,9,4400,0,2,4,,1,021,"SOQUEL DR","SPRECKLES DR",500.00,W,N,A,-,N,,,,,,,,,,Y,4,0,3,3,A,-,03,22350,,N,C,C,A,A,H,-,A,D,0,,,,,Y,,A,01,0,0,3,0,0,0,0,0,0,"- ","- ",36.977508544921875,-121.90628051757812,"SANTA CRUZ",UNINCORPORATED,-121.90567016601562,36.977001190185547
91993962,2023,2023-02-14,9720,2023-02-05,1958,023103,,7,2,9,4400,0,1,3,,1,017,"SR-17 S/B","MT. HERMON ROAD",2640.00,S,N,A,-,Y,SCR,,17," "," ",2.599,H,,L,Y,3,0,1,1,A,-,08,22107,,N,E,8,A,A,H,-,D,D,0,,,,,Y,,A,01,0,1,0,0,0,0,0,0,0,"- ","- ",37.024909973144531,-122.02699279785156,"SANTA CRUZ",UNINCORPORATED,-122.02690887451172,37.024890899658203
91994186,2023,2023-02-14,9720,2023-02-06,2335,022976,,1,3,9,4400,0,1,3,,1,010,"SR-1 N/B","SWANTON ROAD",2640.00,N,N,A,-,Y,SCR,,1," "," ",30.987,H,,R,N,4,0,1,1,C,-,18,,,N,E,I,A,A,H,-,D,D,0,,,,,Y,,-,"- ",0,0,1,0,0,0,0,0,0,"- ","- ",37.033489227294922,-122.22402191162109,"SANTA CRUZ",UNINCORPORATED,-122.22411346435547,37.033405303955078
91994219,2023,2023-02-14,9720,2023-02-07,1817,023186,,2,2,9,4400,0,1,3,,2,020,"S/B SR 1","41ST AVE",836.00,S,N,A,-,Y,SCR,,1," "," ",13.440,H,,R,Y,4,0,1,3,A,-,03,22350,,N,C,C,A,A,H,-,C,D,0,,,,Y,Y,,A,07,0,0,1,0,0,0,0,0,0,"- ","- ",36.982818603515625,-121.96121978759766,"SANTA CRUZ",UNINCORPORATED,-121.96122741699219,36.982879638671875
91995075,2023,2023-02-15,9720,2023-02-04,"915 ",023110,,6,1,9,4400,0,3,5,,2,300,"PIONEER RD","GREEN VALLEY",150.00,W,N,A,-,N,,,,,,,,,,Y,3,0,1,1,A,-,03,22350,,N,E,I,A,B,H,-,A,D,0,,,,,Y,,A,01,0,1,0,0,0,0,0,0,0,"- ","- ",36.971088409423828,-121.77255249023438,"SANTA CRUZ",UNINCORPORATED,-121.77245330810547,36.97119140625
91995161,2023,2023-02-15,9720,2023-02-05,1645,023103,,7,2,9,4400,0,2,4,,1,016,"GRAHAM HILL ROAD","DEER PATH ROAD",0.00,,Y,A,-,N,,,,,,,,,,Y,3,0,1,1,A,-,01,23152,A,N,E,I,A,B,H,-,A,D,0,,,,,Y,Y,A,01,0,1,0,0,0,0,0,0,0,"- ","- ",37.006698608398438,-122.03412628173828,"SANTA CRUZ",UNINCORPORATED,-122.03410339355469,37.006622314453125
91995199,2023,2023-02-15,9720,2023-02-06,"908 ",023110,,1,1,9,4400,0,2,4,,1,021,"SOQUEL DR","SPRECKELS DRIVE",150.00,W,N,A,-,Y,,,,,,,,,,N,3,0,1,3,A,-,01,23152,F,N,C,C,A,A,H,-,A,D,0,,,,,Y,,D,22,0,1,0,0,0,0,0,0,0,"- ","- ",36.977199554443359,-121.9058837890625,"SANTA CRUZ",UNINCORPORATED,-121.90467071533203,36.976486206054688
91995283,2023,2023-02-15,9720,2023-02-06,1647,023103,,1,2,9,4400,0,3,5,,2,200,"GLEN HAVEN ROAD","CHERRYVALE AVENUE",0.00,,Y,A,-,N,,,,,,,,,,Y,2,0,1,2,A,-,01,23153,G,N,A,C,A,A,H,-,A,A,0,,,,,Y,,A,07,1,0,0,0,0,0,0,0,0,"- ","- ",36.997859954833984,-121.95062255859375,"SANTA CRUZ",UNINCORPORATED,-121.95066833496094,36.997882843017578
91995298,2023,2023-02-15,9720,2023-02-06,1835,021833,,1,2,9,4400,0,2,4,,1,031,"FREEDOM BLVD","OWL RIDGE WAY",6.00,W,N,A,-,N,,,,,,,,,,Y,2,0,2,2,A,-,01,23152,A,N,A,C,A,A,H,-,A,D,0,,,,,Y,Y,A,07,1,1,0,0,0,0,0,0,0,"- ","- ",36.986351013183594,-121.85282135009766,"SANTA CRUZ",UNINCORPORATED,-121.85272979736328,36.986339569091797
91996305,2023,2023-02-16,9720,2023-02-07,1330,021833,,2,1,9,4400,0,3,5,,2,300,"SAN ANDREAS RD.","HEATHER POINT LN.",531.00,W,N,A,-,N,,,,,,,,,,Y,3,0,1,1,A,-,05,21460,A,N,E,I,A,A,H,-,A,D,0,,,,,Y,,A,07,0,1,0,0,0,0,0,0,0,"- ","- ",36.928829193115234,-121.85372924804688,"SANTA CRUZ",UNINCORPORATED,-121.85368347167969,36.928741455078125
91998245,2023,2023-02-20,9720,2023-02-08,1705,021248,,3,2,9,4400,0,1,3,,2,020,"SR-1 S/B","SOQUEL DR",1056.00,N,N,A,-,Y,SCR,,1," "," ",15.197,H,,L,N,4,0,1,2,A,-,03,22350,,N,C,C,A,A,H,-,A,D,0,,,,,Y,,A,08,0,0,1,0,0,0,0,0,0,"- ","- ",36.987800598144531,-121.99217987060547,"SANTA CRUZ",UNINCORPORATED,-121.99217224121094,36.987865447998047
91998899,2023,2023-02-21,9720,2023-02-10,1028,021918,,5,1,9,4400,0,2,4,,1,023,"41ST AVE","CORDELIA LN",240.00,E,N,A,-,N,,,,,,,,,,Y,3,0,1,2,A,-,09,21801,A,N,D,C,A,A,H,-,A,D,0,,,,,Y,,A,01,0,1,0,0,0,0,0,0,0,"- ","- ",36.985950469970703,-121.96486663818359,"SANTA CRUZ",UNINCORPORATED,-121.96475982666016,36.984062194824219
91999145,2023,2023-02-21,9720,2023-02-14,"647 ",023180,,2,1,9,4400,0,1,3,,2,020,"N/B SR-1","STATE PARD DR",700.00,S,N,A,-,Y,SCR,,1," "," ",10.251,H,,R,N,3,0,1,2,A,-,03,22350,,N,C,C,A,A,H,-,A,D,0,,,,,Y,,A,01,0,1,0,0,0,0,0,0,0,"- ","- ",36.975849151611328,-121.90596008300781,"SANTA CRUZ",UNINCORPORATED,-121.90596008300781,36.975852966308594
91999261,2023,2023-02-21,9720,2023-02-08,"745 ",021248,,3,1,9,4400,0,3,5,,2,200,"VINE HILL RD.","JARVIS RD.",0.00,,Y,A,-,N,,,,,,,,,,Y,3,0,3,2,A,-,09,21802,A,N,A,2,A,A,H,-,A,A,0,,,,,Y,,A,01,0,1,2,0,0,0,0,0,0,"- ","- ",37.057830810546875,-121.98030090332031,"SANTA CRUZ",UNINCORPORATED,-121.9803466796875,37.057842254638672
91999784,2023,2023-02-22,9720,2023-02-19,1503,022458,,7,2,9,4400,0,1,3,,1,017,"SR-17 N/B","SUGARLOAF ROAD",250.00,S,N,A,-,Y,SCR,,17," "," ",8.653,H,,R,Y,3,0,1,1,A,-,03,22350,,N,F,A,A,A,H,-,A,D,0,,,Y,,Y,,C,02,0,1,0,0,0,0,0,0,1,"- ","- ",37.094478607177734,-121.97724914550781,"SANTA CRUZ",UNINCORPORATED,-121.97727203369141,37.094490051269531
92000374,2023,2023-02-22,9720,2023-01-11,"830 ",015699,,3,1,9,4400,0,2,4,,1,024,"14TH AVE.","E. CLIFF DR.",0.00,,Y,B,C,N,,,,,,,,,,Y,2,0,3,2,A,-,09,21802,A,N,D,C,A,B,H,-,A,A,0,,,,,Y,,A,01,1,0,2,0,0,0,0,0,0,"- ","- ",36.963809967041016,-121.99169921875,"SANTA CRUZ",UNINCORPORATED,-121.99167633056641,36.963809967041016
92001059,2023,2023-02-23,9720,2023-02-22,1640,021540,,3,2,9,4400,0,1,3,,2,020,"S/B SR-1","41ST AVE",300.00,N,N,A,-,Y,SCR,,1," "," ",13.760,H,,R,N,4,0,1,2,A,-,03,22350,,N,C,C,A,A,H,-,A,D,0,,,,,Y,,D,22,0,0,1,0,0,0,0,0,0,"- ","- ",36.982791900634766,-121.96694946289062,"SANTA CRUZ",UNINCORPORATED,-121.96693420410156,36.982978820800781
92001075,2023,2023-02-23,9720,2023-02-22,1833,021540,,3,2,9,4400,0,2,4,,1,023,"41ST AVE","GLADYS AVE",100.00,N,N,A,-,N,,,,,,,,,,Y,4,0,2,2,A,-,09,21801,A,N,A,C,A,A,H,-,C,D,0,,,,,Y,,A,01,0,0,2,0,0,0,0,0,0,"- ","- ",36.966690063476562,-121.96488952636719,"SANTA CRUZ",UNINCORPORATED,-121.96492004394531,36.966663360595703
92001700,2023,2023-03-27,9720,2023-02-12,1311,021304,,7,1,9,4400,0,3,5,,2,300,"CASSERLY RD","DIAS LANE",528.00,N,N,A,-,N,,,,,,,,,,Y,3,0,1,2,A,-,03,22350,,N,F,0,A,A,H,-,A,D,0,,,Y,,Y,,C,02,0,1,0,0,0,0,0,0,1,"- ","- ",36.967128753662109,-121.74299621582031,"SANTA CRUZ",UNINCORPORATED,-121.73416137695312,36.964611053466797
92003950,2023,2023-02-27,9720,2023-01-28,1053,021548,,6,1,9,4400,0,1,3,,1,017,"SR-17 NB","PASATIEMPO DR. OVERCROSSING",3696.00,N,N,A,-,Y,SCR,,17," "," ",1.427,H,,R,Y,3,0,3,2,A,-,01,23152,A,F,D,C,A,A,H,-,A,D,0,,,,,Y,Y,A,01,0,2,1,0,0,0,0,0,0,"- ","- ",37.009029388427734,-122.02172088623047,"SANTA CRUZ",UNINCORPORATED,-122.021728515625,37.009029388427734
92003966,2023,2023-02-27,9720,2023-02-13,"540 ",022976,,1,3,9,4400,0,3,5,,2,200,"BRANCIFORTE DRIVE","GRANITE CREEK ROAD",500.00,N,N,B,-,N,,,,,,,,,,Y,3,0,1,1,A,-,03,22350,,M,E,I,A,B,H,-,B,D,0,,,,,Y,,A,01,0,1,0,0,0,0,0,0,0,"- ","- ",37.017940521240234,-121.99478912353516,"SANTA CRUZ",UNINCORPORATED,-121.99561309814453,37.017974853515625
92005156,2023,2023-02-28,9720,2023-02-18,2100,021717,,6,2,9,4400,0,3,5,,2,300,"PAULSEN RD","DIAS LN.",2640.00,W,N,A,-,N,,,,,,,,,,Y,2,0,4,2,A,-,01,23152,A,N,A,2,A,A,H,-,D,D,0,,,,,Y,Y,A,01,2,2,0,0,0,0,0,0,0,"- ","- ",36.955478668212891,-121.75581359863281,"SANTA CRUZ",UNINCORPORATED,,
92005306,2023,2023-02-28,9720,2023-02-20,1007,023180,,1,1,9,4400,0,2,4,,1,024,"EAST CLIFF DR","26TH AVE",120.00,E,N,A,-,N,,,,,,,,,,N,3,0,1,1,A,-,03,22350,,N,F,A,A,A,C,-,A,D,0,,Y,,,Y,,M,91,0,1,0,0,0,0,1,0,0,"- ","- ",36.958469390869141,-121.98030853271484,"SANTA CRUZ",UNINCORPORATED,-121.98044586181641,36.958488464355469
92005624,2023,2023-03-01,9720,2023-02-16,1610,023110,,4,2,9,4400,0,3,5,,2,200,"SR-1 S/B","LA FONDA AVE",924.00,N,N,A,-,Y,SCR,,1," "," ",15.414,H,,L,Y,2,0,2,3,A,-,03,22350,,N,C,C,A,A,H,-,A,D,0,,,,,Y,,D,22,2,0,0,0,0,0,0,0,0,"- ","- ",36.988128662109375,-121.99606323242188,"SANTA CRUZ",UNINCORPORATED,-121.99606323242188,36.988105773925781
92005625,2023,2023-03-01,9720,2023-02-21,"130 ",023146,,2,3,9,4400,0,1,3,,1,012,SR-236,"FIRST ST",49.00,N,N,A,-,Y,SCR,,236," "," ",1.153,H,,R,Y,3,0,1,1,A,-,01,23152,A,N,E,I,A,A,H,-,D,D,0,,,,,Y,Y,D,22,0,1,0,0,0,0,0,0,0,"- ","- ",37.133819580078125,-122.13931274414062,"SANTA CRUZ",UNINCORPORATED,-122.13925933837891,37.133876800537109
92005629,2022,2023-03-01,9720,2022-11-25,1239,020562,,5,1,9,4400,0,1,3,,2,030,"SR-1 S/B TO SR-129",SR-129,345.00,N,N,A,-,Y,,,,,,,,,,Y,1,1,0,1,A,-,01,23152,A,N,F,A,A,A,H,-,A,D,0,,,Y,,Y,Y,C,02,0,0,0,0,0,0,0,1,0,"- ","- ",36.894969940185547,-121.77522277832031,"SANTA CRUZ",UNINCORPORATED,-121.77522277832031,36.894969940185547
92006770,2023,2023-03-01,9720,2023-01-26,1710,022044,,4,2,9,4400,0,2,4,,1,023,"7TH AVE","CAPITOLA RD.",50.00,W,N,A,-,N,,,,,,,,,,N,4,0,1,2,A,-,08,22107,,N,H,G,A,A,H,-,A,D,0,,Y,,,Y,,A,01,0,0,1,0,0,0,1,0,0,"- ","- ",36.979061126708984,-121.99205017089844,"SANTA CRUZ",UNINCORPORATED,-121.99188995361328,36.979164123535156
92007280,2023,2023-03-01,9720,2023-01-25,1700,022044,,3,2,9,4400,0,1,3,,1,017,"SR-17 S/B","SUMMIT RD.",800.00,S,N,A,-,Y,SCR,,17," "," ",12.474,H,,L,Y,3,0,1,2,A,-,03,22350,,N,C,C,A,A,H,-,A,D,0,,,,,Y,,A,01,0,1,0,0,0,0,0,0,0,"- ","- ",37.142910003662109,-121.98509979248047,"SANTA CRUZ",UNINCORPORATED,-121.98515319824219,37.142917633056641
92007980,2023,2023-03-02,9720,2023-02-21,"710 ",023180,,2,1,9,4400,0,1,3,,1,035,SR-129,"SILLIMAN RD",0.00,,Y,A,-,Y,SCR,,129," "," ",4.002,H,,R,Y,3,0,4,2,A,-,09,21801,A,F,D,C,A,A,H,-,A,D,0,,,,,Y,,A,01,0,4,0,0,0,0,0,0,0,"- ","- ",36.919521331787109,-121.68756103515625,"SANTA CRUZ",UNINCORPORATED,-121.68762969970703,36.919429779052734
92008417,2023,2023-03-02,9720,2023-02-22,1836,022140,,3,2,9,4400,0,2,4,,1,021,"SOQUEL DR","TWIN PALMS DR",45.00,W,N,B,-,N,,,,,,,,,,Y,3,0,1,2,A,-,07,21658,A,N,B,C,A,A,H,-,D,D,0,,,,,Y,,A,07,0,1,0,0,0,0,0,0,0,"- ","- ",36.984180450439453,-121.91465759277344,"SANTA CRUZ",UNINCORPORATED,-121.91457366943359,36.984142303466797
92009916,2023,2023-03-06,9720,2023-02-23,1850,023186,,4,2,9,4400,0,1,3,,1,017,"S/B SR-17","MT. HERMON RD",740.00,N,N,A,-,Y,SCR,,17," "," ",3.584,H,,R,Y,3,0,1,1,A,-,03,22350,,N,E,I,A,B,H,-,C,D,0,,,,,Y,,A,01,0,1,0,0,0,0,0,0,0,"- ","- ",37.036918640136719,-122.01907348632812,"SANTA CRUZ",UNINCORPORATED,-122.01898193359375,37.036846160888672
92009936,2023,2023-03-06,9720,2023-02-24,1200,021304,,5,1,9,4400,0,3,5,,2,200,"S. MAIN ST","PORTER ST",180.00,N,N,A,-,N,,,,,,,,,,Y,4,0,1,2,A,-,09,21804,A,N,B,C,A,A,H,-,A,D,0,,,,,Y,,A,07,0,0,1,0,0,0,0,0,0,"- ","- ",36.98419189453125,-121.95645141601562,"SANTA CRUZ",UNINCORPORATED,-121.95720672607422,36.984161376953125
92010948,2023,2023-03-06,9720,2023-03-01,1245,021304,,3,1,9,4400,0,2,4,,1,023,"17TH AVENUE","RODRIGUEZ ST",528.00,W,N,A,-,N,,,,,,,,,,Y,3,0,2,2,A,-,09,21804,A,N,B,C,A,A,H,-,A,D,0,,,,,Y,,A,07,0,1,1,0,0,0,0,0,0,"- ","- ",36.981651306152344,-121.98143005371094,"SANTA CRUZ",UNINCORPORATED,-121.98194885253906,36.983692169189453
92011926,2023,2023-03-07,9720,2023-02-27,1911,022458,,1,2,9,4400,0,1,3,,1,017,"SR-17 N/B","MT. HERMON ROAD",1056.00,S,N,B,-,Y,SCR,,17," "," ",2.935,H,,R,Y,2,0,1,1,A,-,03,22350,,N,E,8,A,B,H,-,D,D,0,,,,,Y,,A,01,1,0,0,0,0,0,0,0,0,"- ","- ",37.028759002685547,-122.02332305908203,"SANTA CRUZ",UNINCORPORATED,-122.02338409423828,37.028789520263672
92012019,2023,2023-03-07,9720,2023-02-24,"555 ",021714,,5,3,9,4400,0,2,4,,1,016,"GRAHAM HILL RD","LOCKEWOOD LN",528.00,W,N,B,C,N,,,,,,,,,,Y,3,0,1,1,A,-,03,22350,,N,E,I,A,C,H,-,D,D,0,,,,,Y,,D,22,0,1,0,0,0,0,0,0,0,"- ","- ",37.038120269775391,-122.04309844970703,"SANTA CRUZ",UNINCORPORATED,-122.04315948486328,37.03814697265625
92012943,2023,2023-03-08,9720,2023-02-24,"600 ",023186,,5,1,9,4400,0,2,4,,1,016,"GRAHAM HILL RD","QUARRY RD",845.00,N,N,D,-,N,,,,,,,,,,Y,2,0,1,1,A,-,03,22350,,N,E,I,A,C,H,-,A,D,0,,,,,Y,,A,01,1,0,0,0,0,0,0,0,0,"- ","- ",37.042610168457031,-122.05059814453125,"SANTA CRUZ",UNINCORPORATED,,
92012998,2023,2023-03-08,9720,2023-02-25,2238,022399,,6,3,9,4400,0,1,3,,2,020,"NB SR-1","SOQUEL DRIVE",3696.00,S,N,A,-,Y,SCR,,1," "," ",14.159,H,,R,Y,3,0,1,1,A,-,01,23152,A,N,E,I,A,A,H,-,D,D,0,,,,,Y,Y,A,01,0,1,0,0,0,0,0,0,0,"- ","- ",36.984058380126953,-121.97403717041016,"SANTA CRUZ",UNINCORPORATED,-121.97400665283203,36.984149932861328
92013015,2023,2023-03-08,9720,2023-02-27,1610,023180,,1,2,9,4400,0,1,3,,1,017,"SR-17 N/B","PASATIEMPO DR.",170.00,N,N,A,-,Y,SCR,,17," "," ",0.700,H,,R,N,3,0,1,1,A,-,03,22350,,N,E,I,A,B,H,-,A,D,0,,,,,Y,,A,01,0,1,0,0,0,0,0,0,0,"- ","- ",36.998920440673828,-122.02146148681641,"SANTA CRUZ",UNINCORPORATED,-122.02140045166016,36.998924255371094
92013032,2023,2023-03-08,9720,2023-01-20,2120,022044,,5,2,9,4400,0,1,3,,2,030,"CARLTON RD.","PECKHAM RD.",50.00,S,N,A,-,N,,,,,,,,,,N,3,0,1,2,A,-,11,21954,A,N,G,B,E,A,H,-,D,D,0,Y,,,,Y,,N,60,0,1,0,0,1,0,0,0,0,"- ","- ",36.944129943847656,-121.714599609375,"SANTA CRUZ",UNINCORPORATED,-121.71453094482422,36.944087982177734
92014043,2023,2023-03-09,9720,2023-02-26,2027,019956,,7,2,9,4400,0,1,3,,1,017,"SR-17 N/B","EL RANCHO DR",150.00,S,N,B,C,Y,SCR,,17," "," ",2.146,H,,R,Y,2,0,1,1,A,-,01,23152,A,N,E,I,A,B,H,-,C,D,0,,,,,Y,Y,A,01,1,0,0,0,0,0,0,0,0,"- ","- ",37.018489837646484,-122.02770233154297,"SANTA CRUZ",UNINCORPORATED,-122.02763366699219,37.018497467041016
92014113,2023,2023-03-09,9720,2023-02-28,1445,023180,,2,2,9,4400,0,2,4,,1,022,"SOQUEL SAN JOSE RD","LITTLE CREEK RD",600.00,S,N,B,-,N,,,,,,,,,,Y,3,0,1,1,A,-,08,22107,,N,E,I,A,B,H,-,A,D,0,,,,,Y,,A,01,0,1,0,0,0,0,0,0,0,"- ","- ",37.001808166503906,-121.95503997802734,"SANTA CRUZ",UNINCORPORATED,-121.95503234863281,37.001865386962891
92014119,2023,2023-03-09,9720,2023-02-28,1535,023180,,2,2,9,4400,0,1,3,,1,017,"N/B SR-17","OLD SANTA CRUZ HWY",739.00,S,N,C,-,Y,SCR,,17," "," ",11.152,H,,R,Y,2,0,1,1,A,-,08,22107,,N,E,I,A,B,H,-,A,D,0,,,,,Y,,A,01,1,0,0,0,0,0,0,0,0,"- ","- ",37.126338958740234,-121.97360992431641,"SANTA CRUZ",UNINCORPORATED,-121.97374725341797,37.126255035400391
92014150,2023,2023-03-09,9720,2023-03-02,"740 ",021248,,4,1,9,4400,0,1,3,,1,017,"SR-17 S/B","MT HERMON RD.",1056.00,S,N,A,-,Y,SCR,,17," "," ",3.211,H,,L,Y,4,0,1,1,A,-,03,22350,,N,F,A,A,A,H,-,A,D,0,,,,,Y,,A,07,0,0,1,0,0,0,0,0,0,"- ","- ",37.032798767089844,-122.02272033691406,"SANTA CRUZ",UNINCORPORATED,-122.02268218994141,37.032794952392578
92014271,2022,2023-03-10,9720,2022-11-27,0200,021717,,7,3,9,4400,0,2,4,,1,032,"AIRPORT BOULEVARD","PAJARO LANE",425.73,E,N,A,-,N,,,,,,,,,,Y,1,1,0,1,A,-,01,23152,A,N,E,I,A,A,H,-,D,D,0,,,,,Y,Y,A,01,0,0,0,0,0,0,0,0,0,"- ","- ",36.941459655761719,-121.77298736572266,"SANTA CRUZ",UNINCORPORATED,-121.77305603027344,36.941505432128906
92014272,2022,2023-03-10,9720,2022-11-20,1627,021860,,7,2,9,4400,0,3,5,,2,100,"MOUNT HERMON ROAD","COVENANT LANE",593.50,S,N,A,-,N,,,,,,,,,,Y,1,1,1,2,A,-,05,21460,A,N,A,C,A,A,H,-,A,D,0,,,,,Y,,A,07,1,0,0,0,0,0,0,0,0,"- ","- ",37.054351806640625,-122.0628662109375,"SANTA CRUZ",UNINCORPORATED,-122.06283569335938,37.054401397705078
92015895,2023,2023-03-13,9720,2023-02-28,1220,015699,,2,1,9,4400,0,2,4,,1,031,"FREEDOM BLVD","LA VIDA DR.",1056.00,N,N,B,C,N,,,,,,,,,,Y,4,0,1,1,A,-,08,22107,,N,E,I,A,B,H,-,A,D,0,,,,,Y,,A,07,0,0,1,0,0,0,0,0,0,"- ","- ",36.982578277587891,-121.82975769042969,"SANTA CRUZ",UNINCORPORATED,-121.82986450195312,36.982711791992188
92016208,2023,2023-03-13,9720,2023-03-03,1309,021304,,5,1,9,4400,0,2,4,,1,021,"SOQUEL DR","APTOS RANCHO RD",330.00,S,N,A,-,N,,,,,,,,,,Y,4,0,1,2,A,-,09,21804,A,N,D,C,A,A,H,-,A,D,0,,,,,Y,,D,22,0,0,1,0,0,0,0,0,0,"- ","- ",36.978000640869141,-121.90666961669922,"SANTA CRUZ",UNINCORPORATED,-121.90676879882812,36.978012084960938
92017527,2023,2023-03-14,9720,2023-03-03,2220,023166,,5,3,9,4400,0,2,4,,1,024,"E CLIFF DR.","JOHANS BEACH DR",103.00,W,N,A,-,N,,,,,,,,,,Y,2,0,2,2,A,-,01,23152,A,F,C,E,A,A,D,-,C,D,0,,,,,Y,Y,A,01,1,1,0,0,0,0,0,0,0,"- ","- ",36.962959289550781,-121.98906707763672,"SANTA CRUZ",UNINCORPORATED,-121.98903656005859,36.962963104248047
92017649,2023,2023-03-14,9720,2023-03-04,"300 ",022901,,6,3,9,4400,0,3,5,,2,100,"EMPIRE GRADE RD","CAVE GULCH ROAD",2640.00,S,N,A,-,N,,,,,,,,,,Y,4,0,1,1,A,-,08,22107,,N,E,8,A,A,H,-,D,D,0,,,,,Y,,A,01,0,0,1,0,0,0,0,0,0,"- ","- ",37.001480102539062,-122.07103729248047,"SANTA CRUZ",UNINCORPORATED,-122.07052612304688,37.001502990722656
92018392,2023,2023-03-15,9720,2023-03-03,"814 ",021304,,5,1,9,4400,0,2,4,,1,022,"SOQUEL SAN JOSE RD","HILLTOP RD",0.00,,Y,A,-,N,,,,,,,,,,Y,3,0,2,2,A,-,01,23152,A,N,B,2,A,A,H,-,A,D,0,,,,,Y,Y,A,07,0,2,0,0,0,0,0,0,0,"- ","- ",36.997669219970703,-121.95609283447266,"SANTA CRUZ",UNINCORPORATED,-121.95613861083984,36.997505187988281
92018401,2023,2023-03-15,9720,2023-03-05,"749 ",021304,,7,1,9,4400,0,1,3,,1,035,SR-129,"LEE ROAD",1056.00,E,N,C,-,Y,SCR,,129," ",L,0.051,H,,R,Y,2,0,2,2,A,-,05,21460,A,N,A,C,A,B,H,-,A,D,0,,,,,Y,,A,01,1,1,0,0,0,0,0,0,0,"- ","- ",36.894630432128906,-121.77333068847656,"SANTA CRUZ",UNINCORPORATED,-121.7733154296875,36.894603729248047
92018408,2023,2023-03-15,9720,2023-03-10,1545,023026,,5,2,9,4400,0,1,3,,1,017,"SR-17 S/B","MT. HERMON RD",200.00,N,N,C,-,Y,SCR,,17," "," ",3.614,H,,L,Y,4,0,1,2,A,-,08,22107,,N,B,C,A,B,H,-,A,D,0,,,,,Y,,A,07,0,0,1,0,0,0,0,0,0,"- ","- ",37.037220001220703,-122.01860809326172,"SANTA CRUZ",UNINCORPORATED,-122.01866912841797,37.037254333496094