CASE_ID,ACCIDENT_YEAR,PROC_DATE,JURIS,COLLISION_DATE,COLLISION_TIME,OFFICER_ID,REPORTING_DISTRICT,DAY_OF_WEEK,CHP_SHIFT,POPULATION,CNTY_CITY_LOC,SPECIAL_COND,BEAT_TYPE,CHP_BEAT_TYPE,CITY_DIVISION_LAPD,CHP_BEAT_CLASS,BEAT_NUMBER,PRIMARY_RD,SECONDARY_RD,DISTANCE,DIRECTION,INTERSECTION,WEATHER_1,WEATHER_2,STATE_HWY_IND,CALTRANS_COUNTY,CALTRANS_DISTRICT,STATE_ROUTE,ROUTE_SUFFIX,POSTMILE_PREFIX,POSTMILE,LOCATION_TYPE,RAMP_INTERSECTION,SIDE_OF_HWY,TOW_AWAY,COLLISION_SEVERITY,NUMBER_KILLED,NUMBER_INJURED,PARTY_COUNT,PRIMARY_COLL_FACTOR,PCF_CODE_OF_VIOL,PCF_VIOL_CATEGORY,PCF_VIOLATION,PCF_VIOL_SUBSECTION,HIT_AND_RUN,TYPE_OF_COLLISION,MVIW,PED_ACTION,ROAD_SURFACE,ROAD_COND_1,ROAD_COND_2,LIGHTING,CONTROL_DEVICE,CHP_ROAD_TYPE,PEDESTRIAN_ACCIDENT,BICYCLE_ACCIDENT,MOTORCYCLE_ACCIDENT,TRUCK_ACCIDENT,NOT_PRIVATE_PROPERTY,ALCOHOL_INVOLVED,STWD_VEHTYPE_AT_FAULT,CHP_VEHTYPE_AT_FAULT,COUNT_SEVERE_INJ,COUNT_VISIBLE_INJ,COUNT_COMPLAINT_PAIN,COUNT_PED_KILLED,COUNT_PED_INJURED,COUNT_BICYCLIST_KILLED,COUNT_BICYCLIST_INJURED,COUNT_MC_KILLED,COUNT_MC_INJURED,PRIMARY_RAMP,SECONDARY_RAMP,LATITUDE,LONGITUDE,COUNTY,CITY,POINT_X,POINT_Y
92018433,2023,2023-03-15,9720,2023-02-21,1209,015170,,2,1,9,4400,0,1,3,,1,017,SR-17,"GLENWOOD DR",528.00,S,N,A,G,Y,SCR,,17," "," ",10.450,H,,R,Y,3,0,1,1,A,-,08,22107,,N,E,I,A,A,H,-,A,D,0,,,,,Y,,A,01,0,1,0,0,0,0,0,0,0,"- ","- ",37.117378234863281,-121.97543334960938,"SANTA CRUZ",UNINCORPORATED,-121.97533416748047,37.117336273193359
92019506,2023,2023-03-16,9720,2023-03-11,1400,023110,,6,2,9,4400,0,2,4,,1,032,"HOLOHAN ROAD","GRIMMER ROAD",518.00,W,N,A,-,Y,,,,,,,,,,Y,3,0,1,1,A,-,03,22350,,N,E,I,A,B,H,-,A,D,0,,,,,Y,,A,07,0,1,0,0,0,0,0,0,0,"- ","- ",36.938808441162109,-121.760009765625,"SANTA CRUZ",UNINCORPORATED,-121.75746154785156,36.939132690429688
92021459,2023,2023-03-20,9720,2023-03-07,1747,023180,,2,2,9,4400,0,1,3,,2,020,"S/B SR-1","STATE PARD DR",100.00,N,N,A,-,Y,SCR,,1," "," ",10.557,H,,R,N,3,0,1,2,A,-,07,21658,A,N,C,C,A,A,H,-,A,D,0,,,Y,,Y,Y,A,07,0,1,0,0,0,0,0,0,1,"- ","- ",36.97808837890625,-121.91079711914062,"SANTA CRUZ",UNINCORPORATED,-121.91067504882812,36.978244781494141
92022140,2023,2023-03-20,9720,2023-03-08,1000,020977,,3,1,9,4400,0,2,4,,1,021,"SOQUEL DRIVE","THURBER LANE",150.00,N,N,A,-,N,,,,,,,,,,N,4,0,1,2,A,-,08,22107,,N,D,G,A,B,H,-,A,D,0,,Y,,,Y,,A,01,0,0,1,0,0,0,1,0,0,"- ","- ",36.988971710205078,-121.97972869873047,"SANTA CRUZ",UNINCORPORATED,-121.97966766357422,36.988887786865234
92022176,2023,2023-03-20,9720,2023-03-08,1400,020977,,3,2,9,4400,0,1,3,,2,020,"RT 1","OCEAN STREET",500.00,S,N,A,-,Y,SCR,,1," "," ",17.369,H,,R,Y,4,0,2,3,A,-,03,22350,,N,C,C,A,A,H,-,A,D,0,,,,,Y,,A,01,0,0,2,0,0,0,0,0,0,"- ","- ",36.985450744628906,-122.02667236328125,"SANTA CRUZ",UNINCORPORATED,-122.02666473388672,36.985439300537109
92022859,2023,2023-03-20,9720,2023-03-15,"930 ",018171,,3,1,9,4400,0,2,4,,1,024,"BROMMER ST","ODYSSEY CT",10.00,N,N,A,-,N,,,,,,,,,,N,4,0,1,2,A,-,03,22350,,N,C,C,A,A,H,-,A,D,0,,,,,Y,,A,01,0,0,1,0,0,0,0,0,0,"- ","- ",36.972019195556641,-121.99047088623047,"SANTA CRUZ",UNINCORPORATED,-121.99034881591797,36.972049713134766
92025272,2023,2023-03-22,9720,2023-03-13,1445,023146,,1,2,9,4400,0,1,3,,1,015,SR-9,"FALL CREEK RD",333.00,N,N,B,-,Y,SCR,,9," "," ",7.124,H,,R,Y,4,0,1,2,A,-,09,21801,A,N,F,A,A,A,H,-,A,D,0,,,Y,,Y,,A,07,0,0,1,0,0,0,0,0,1,"- ","- ",37.060489654541016,-122.0797119140625,"SANTA CRUZ",UNINCORPORATED,-122.07970428466797,37.060489654541016
92025865,2023,2023-12-11,9720,2023-03-10,1005,021304,,5,1,9,4400,0,2,4,,1,031,"FREEDOM BLVD","WHITE RD",0.00,,Y,B,C,N,,,,,,,,,,Y,3,0,3,2,A,-,09,21802,A,N,D,C,A,B,H,-,A,A,0,,,,,Y,,A,01,0,2,1,0,0,0,0,0,0,"- ","- ",36.971450805664062,-121.81958770751953,"SANTA CRUZ",UNINCORPORATED,-121.819580078125,36.971450805664062
92025866,2023,2023-03-22,9720,2023-03-10,2130,023245,,5,2,9,4400,0,1,3,,1,014,"RT 9","BEEKHUIS ROAD",3168.00,S,N,C,-,Y,SCR,,9," "," ",22.669,H,,R,Y,3,0,1,1,A,-,08,22107,,N,E,I,A,B,H,-,D,D,0,,,,,Y,,A,01,0,1,0,0,0,0,0,0,0,"- ","- ",37.22821044921875,-122.14942932128906,"SANTA CRUZ",UNINCORPORATED,-122.14931488037109,37.228191375732422
92028792,2023,2023-03-27,9720,2023-03-10,1538,020977,,5,2,9,4400,0,3,5,,2,200,"STATE PARK DRIVE","N/B SR-1 TO STATE PARK DRIVE",0.00,,Y,B,-,Y,,,,,,,,,,N,4,0,1,2,A,-,09,21453,B,N,G,B,B,A,H,-,A,D,0,Y,,,,Y,,A,07,0,0,1,0,1,0,0,0,0,"- ","- ",36.979000091552734,-121.90934753417969,"SANTA CRUZ",UNINCORPORATED,,
92028812,2023,2023-03-27,9720,2023-03-17,1055,023214,,5,1,9,4400,0,2,S,,2,900,"HUNTINGTON DR.","VALENCIA RD.",0.00,,Y,A,-,N,,,,,,,,,,N,3,0,1,2,A,-,09,21802,A,N,D,G,A,A,H,-,A,A,0,,Y,,,Y,,A,01,0,1,0,0,0,0,1,0,0,"- ","- ",36.985248565673828,-121.86543273925781,"SANTA CRUZ",UNINCORPORATED,-121.86540222167969,36.985202789306641
92028824,2023,2023-03-27,9720,2023-03-18,1125,021248,,6,1,9,4400,0,1,3,,1,012,SR-236,"KINGS HWY",400.00,N,N,A,-,Y,SCR,,236," "," ",3.573,H,,R,N,3,0,1,1,A,-,03,22350,,N,F,A,A,B,H,-,A,D,0,,Y,,,Y,,L,04,0,1,0,0,0,0,1,0,0,"- ","- ",37.157440185546875,-122.16187286376953,"SANTA CRUZ",UNINCORPORATED,-122.16183471679688,37.157444000244141
92028843,2023,2023-03-27,9720,2023-03-20,"655 ",019100,,1,1,9,4400,0,3,5,,2,300,"BUENA VISTA DR","MILLER AVE",0.00,,Y,B,-,N,,,,,,,,,,N,2,0,1,2,A,-,10,21950,A,N,G,B,B,B,H,-,A,A,0,Y,,,,Y,,A,07,1,0,0,0,1,0,0,0,0,"- ","- ",36.941581726074219,-121.78520965576172,"SANTA CRUZ",UNINCORPORATED,-121.78507232666016,36.941596984863281
92028860,2023,2023-03-27,9720,2023-03-16,2105,022907,,4,2,9,4400,0,1,3,,1,035,SR-129,"ROGGE LN",3696.00,E,N,A,-,Y,SCR,,129," "," ",7.969,H,,R,Y,2,0,1,1,A,-,01,23152,A,N,E,I,A,B,H,-,C,D,0,,,,,Y,Y,D,22,1,0,0,0,0,0,0,0,0,"- ","- ",36.912078857421875,-121.6298828125,"SANTA CRUZ",UNINCORPORATED,-121.62984466552734,36.912052154541016
92028861,2023,2023-03-27,9720,2023-03-18,1000,023245,,6,1,9,4400,0,3,5,,2,200,"SANTA MARGUARITA DR","CLUBHOUSE DR",210.00,N,N,A,-,N,,,,,,,,,,Y,3,0,1,1,A,-,08,22107,,N,E,8,A,A,H,-,A,D,0,,,,,Y,,A,01,0,1,0,0,0,0,0,0,0,"- ","- ",36.966011047363281,-121.88169860839844,"SANTA CRUZ",UNINCORPORATED,-121.88175201416016,36.965946197509766
92029549,2023,2023-03-27,9720,2023-03-21,1418,019956,,2,2,9,4400,0,1,3,,2,030,"SR-1 S/B","AIRPORT BLVD",2112.00,N,N,B,C,Y,SCR,,1," ",R,3.619,H,,L,N,4,0,2,2,A,-,03,22350,,N,E,I,A,B,H,-,A,D,0,,,,,Y,,D,22,0,0,2,0,0,0,0,0,0,"- ","- ",36.928188323974609,-121.80342864990234,"SANTA CRUZ",UNINCORPORATED,-121.80339050292969,36.928226470947266
92030339,2023,2023-03-28,9720,2023-03-17,"645 ",023214,,5,1,9,4400,0,1,S,,2,900,"SR-1 N/B","RIO DEL MAR BLVD.",320.00,S,N,A,-,Y,SCR,,1," "," ",9.086,H,,R,Y,3,0,1,2,A,-,03,22350,,N,C,C,A,A,H,-,A,D,0,,,,,Y,,A,01,0,1,0,0,0,0,0,0,0,"- ","- ",36.974758148193359,-121.88510894775391,"SANTA CRUZ",UNINCORPORATED,-121.88510131835938,36.974784851074219
92030481,2023,2023-03-28,9720,2023-03-17,1655,018171,,5,2,9,4400,0,2,4,,1,016,"GRAHAM HILL ROAD","SUMMIT AVE",1690.00,S,N,A,-,N,,,,,,,,,,Y,3,0,3,2,A,-,08,22107,,N,A,C,A,A,H,-,A,D,0,,,,,Y,,A,07,0,3,0,0,0,0,0,0,0,"- ","- ",37.043460845947266,-122.05239105224609,"SANTA CRUZ",UNINCORPORATED,-122.06416320800781,37.047760009765625
92030960,2023,2023-03-28,9720,2023-03-18,1212,023103,,6,1,9,4400,0,1,3,,2,020,"SOUTHBOUND SR-1","SOQUEL DRIVE",10.00,N,N,A,-,Y,SCR,,1," "," ",14.888,H,,R,N,4,0,3,3,A,-,03,22350,,N,C,C,A,A,H,-,A,D,0,,,,,Y,,D,22,0,0,3,0,0,0,0,0,0,"- ","- ",36.987148284912109,-121.98668670654297,"SANTA CRUZ",UNINCORPORATED,-121.98665618896484,36.987251281738281
92034091,2023,2023-03-30,9720,2023-03-23,1421,022140,,4,2,9,4400,0,1,3,,1,010,"SR-1 S/B","LA FONDA AVE",370.00,N,N,A,-,Y,SCR,,1," "," ",15.320,H,,L,Y,2,0,1,2,A,-,03,22350,,N,C,2,A,A,H,-,A,D,0,,,Y,,Y,,C,02,1,0,0,0,0,0,0,0,1,"- ","- ",36.98809814453125,-121.99436187744141,"SANTA CRUZ",UNINCORPORATED,-121.99436187744141,36.988071441650391
92035655,2023,2023-04-03,9720,2023-03-23,"810 ",023245,,4,1,9,4400,0,1,3,,2,020,"SR-1 S/B","SOQUEL AVE",1320.00,N,N,A,-,Y,SCR,,1," "," ",15.135,H,,L,Y,4,0,3,3,A,-,03,22350,,N,C,C,A,A,H,-,A,D,0,,,,,Y,,A,01,0,0,3,0,0,0,0,0,0,"- ","- ",36.9876708984375,-121.9910888671875,"SANTA CRUZ",UNINCORPORATED,-121.99107360839844,36.987747192382812
92035674,2023,2023-04-03,9720,2023-03-23,1304,023245,,4,1,9,4400,0,1,3,,2,030,"SR-1 S/B OFF RAMP",SR-129,200.00,S,N,A,-,Y,,,,,,,,,,N,4,0,1,2,A,-,03,22350,,N,C,C,A,A,H,-,A,D,0,,,,,Y,,A,01,0,0,1,0,0,0,0,0,0,"- ","- ",36.894390106201172,-121.77562713623047,"SANTA CRUZ",UNINCORPORATED,-121.77562713623047,36.894390106201172
92035693,2023,2023-04-03,9720,2023-03-23,1530,021248,,4,2,9,4400,0,1,3,,1,015,"NEWELL CREEK RD","RANCHO RIO AVE",125.00,N,N,B,-,N,,,,,,,,,,N,3,0,3,1,A,-,08,22107,,N,E,8,A,A,H,-,A,D,0,,,,,Y,,D,22,0,1,2,0,0,0,0,0,0,"- ","- ",37.08837890625,-122.07795715332031,"SANTA CRUZ",UNINCORPORATED,-122.07802581787109,37.088359832763672
92036673,2023,2023-04-04,9720,2023-03-25,1810,022140,,6,2,9,4400,0,3,5,,2,300,"SAN ANDREAS RD","ESTRELLA AVE",85.00,N,N,A,-,N,,,,,,,,,,Y,2,0,2,1,A,-,08,22107,,N,E,I,A,A,H,-,A,D,0,,,,,Y,,D,22,2,0,0,0,0,0,0,0,0,"- ","- ",36.935070037841797,-121.85984039306641,"SANTA CRUZ",UNINCORPORATED,-121.85973358154297,36.935081481933594
92037638,2023,2023-04-05,9720,2023-03-23,2300,023026,,4,3,9,4400,0,1,3,,1,014,"SR-9 S/B","STAPP RD",100.00,N,N,B,-,Y,SCR,,9," "," ",17.848,H,,L,Y,3,0,1,1,A,-,01,23152,A,N,E,J,A,B,H,-,D,D,0,,,,,Y,Y,D,22,0,1,0,0,0,0,0,0,0,"- ","- ",37.189170837402344,-122.14369201660156,"SANTA CRUZ",UNINCORPORATED,-122.14369964599609,37.189163208007812
92039909,2023,2023-04-07,9720,2023-03-27,1601,023103,,1,2,9,4400,0,3,5,,2,300,"CALABASAS ROAD","BOWKER ROAD",0.00,,Y,A,-,N,,,,,,,,,,Y,4,0,1,2,A,-,12,22450,A,N,D,C,A,A,H,-,A,A,0,,,,,Y,,A,07,0,0,1,0,0,0,0,0,0,"- ","- ",36.942169189453125,-121.79046630859375,"SANTA CRUZ",UNINCORPORATED,-121.79041290283203,36.942184448242188
92039914,2023,2023-04-07,9720,2023-03-25,1749,023166,,6,2,9,4400,0,3,5,,2,300,"CELIA DR.","GREEN VALLEY RD.",17.00,W,N,A,-,N,,,,,,,,,,Y,2,0,3,2,D,-,00,,,F,C,C,A,A,H,-,A,A,0,,,,,Y,,-,"- ",2,1,0,0,0,0,0,0,0,"- ","- ",36.953891754150391,-121.76481628417969,"SANTA CRUZ",UNINCORPORATED,-121.76492309570312,36.953838348388672
92039937,2023,2023-04-10,9720,2023-03-29,"0   ",023186,,3,3,9,4400,0,1,3,,1,014,SR-9,"MCGAFFINGAN MILL ROAD",158.00,S,N,B,-,Y,SCR,,9," "," ",18.451,H,,R,Y,3,0,1,1,A,-,01,23152,A,N,E,I,A,B,H,-,D,D,0,,,,,Y,Y,A,07,0,1,0,0,0,0,0,0,0,"- ","- ",37.196670532226562,-122.14608001708984,"SANTA CRUZ",UNINCORPORATED,-122.14604187011719,37.196670532226562
92040171,2023,2023-04-10,9720,2023-03-29,1450,021717,,3,2,9,4400,0,2,4,,1,024,"EAST CLIFF DR","PROSPECT ST",528.00,W,N,B,-,N,,,,,,,,,,Y,3,0,1,1,A,-,08,22107,,N,E,8,A,A,H,-,A,D,0,,,,,Y,,A,07,0,1,0,0,0,0,0,0,0,"- ","- ",36.961868286132812,-121.99597930908203,"SANTA CRUZ",UNINCORPORATED,-121.99590301513672,36.962051391601562
92040173,2023,2023-04-10,9720,2023-04-08,1150,022293,,6,1,9,4400,0,1,3,,1,015,SR-9,"EXIT RD",3960.00,N,N,A,-,Y,SCR,,9," "," ",2.044,H,,R,Y,3,0,1,1,C,-,18,,,N,E,J,A,A,H,-,A,D,0,,,,,Y,,-,"- ",0,1,0,0,0,0,0,0,0,"- ","- ",37.007419586181641,-122.04515838623047,"SANTA CRUZ",UNINCORPORATED,-122.04515075683594,37.007427215576172
92040180,2023,2023-04-10,9720,2023-03-30,1520,021717,,4,2,9,4400,0,2,4,,1,022,"SOQUEL SAN JOSE RD.","ONEIL LN",387.00,S,N,A,-,N,,,,,,,,,,N,4,0,3,2,A,-,04,21703,,N,C,C,A,A,H,-,A,D,0,,,,,Y,,A,01,0,0,3,0,0,0,0,0,0,"- ","- ",36.991710662841797,-121.95729064941406,"SANTA CRUZ",UNINCORPORATED,-121.95726013183594,36.991748809814453
92041735,2023,2023-04-11,9720,2023-03-29,1115,020562,,3,1,9,4400,0,1,3,,1,017,"SR-17 S/B","LA MADRONA DR",132.00,S,N,B,-,Y,SCR,,17," "," ",2.150,H,,L,N,3,0,1,1,A,-,03,22350,,N,E,I,A,B,H,-,A,D,0,,,,,Y,,A,01,0,1,0,0,0,0,0,0,0,"- ","- ",37.018539428710938,-122.02810668945312,"SANTA CRUZ",UNINCORPORATED,-122.02799987792969,37.018539428710938
92041757,2023,2023-06-19,9720,2023-03-13,"919 ",015170,,1,1,9,4400,0,1,3,,1,017,SR-17,"MT HERMON RD",1056.00,N,N,B,-,Y,SCR,,17," "," ",3.605,H,,R,Y,3,0,1,2,A,-,08,22107,,N,E,I,A,B,H,-,A,D,0,,,,,Y,,A,01,0,1,0,0,0,0,0,0,0,"- ","- ",37.037139892578125,-122.018798828125,"SANTA CRUZ",UNINCORPORATED,-122.01870727539062,37.037063598632812
92041849,2023,2023-04-11,9720,2023-03-31,1915,023146,,5,2,9,4400,0,2,4,,1,023,"41ST AVE","SOQUEL DR",550.00,S,N,A,-,N,,,,,,,,,,Y,4,0,1,2,A,-,09,21801,A,N,A,C,A,A,H,-,A,D,0,,,,,Y,,A,07,0,0,1,0,0,0,0,0,0,"- ","- ",36.985858917236328,-121.96488952636719,"SANTA CRUZ",UNINCORPORATED,-121.96494293212891,36.985889434814453
92044617,2023,2023-04-13,9720,2023-03-30,1531,023103,,4,2,9,4400,0,1,3,,2,030,"SR-1 S/B","GREEN VALLEY ROAD",1056.00,W,N,A,-,N,,,,,,,,,,Y,4,0,1,3,A,-,04,21703,,N,C,C,A,A,H,-,A,D,0,,,,,Y,,A,01,0,0,1,0,0,0,0,0,0,"- ","- ",36.91925048828125,-121.78781127929688,"SANTA CRUZ",UNINCORPORATED,-122.03147888183594,36.97711181640625
92044932,2023,2023-04-14,9720,2023-03-23,1055,015699,,4,1,9,4400,0,3,5,,2,300,"CORRALITOS RD","SKYLARK LN",1056.00,N,N,B,-,N,,,,,,,,,,N,3,0,1,1,A,-,08,22107,,N,E,I,A,A,H,-,A,D,0,,,,,Y,,D,22,0,1,0,0,0,0,0,0,0,"- ","- ",36.979610443115234,-121.80612182617188,"SANTA CRUZ",UNINCORPORATED,-121.80603790283203,36.979774475097656
92045136,2023,2023-04-14,9720,2023-04-04,2206,023186,,2,3,9,4400,0,1,3,,1,034,SR-152,"RED HAWK PLACE",1584.00,E,N,A,-,Y,SCR,,152," "," ",5.624,H,,R,Y,3,0,1,1,A,-,01,23152,A,N,E,8,A,A,H,-,D,D,0,,,,,Y,Y,D,22,0,1,0,0,0,0,0,0,0,"- ","- ",36.975658416748047,-121.71485137939453,"SANTA CRUZ",UNINCORPORATED,-121.71487426757812,36.975643157958984
92045908,2023,2023-04-17,9720,2023-04-04,2150,023110,,2,2,9,4400,0,3,5,,2,200,"LAUREL GLEN RD","PEREGRINE LN",50.00,E,N,A,-,N,,,,,,,,,,Y,3,0,1,1,A,-,01,23152,A,N,E,I,A,A,H,-,D,D,0,,,,,Y,Y,A,01,0,1,0,0,0,0,0,0,0,"- ","- ",37.038040161132812,-121.94873046875,"SANTA CRUZ",UNINCORPORATED,-121.94878387451172,37.038169860839844
92046891,2023,2023-04-17,9720,2023-04-07,1530,023245,,5,2,9,4400,0,2,4,,1,021,"SOQUEL DRIVE","41ST AVENUE",500.00,W,N,B,C,N,,,,,,,,,,N,4,0,1,2,A,-,03,22350,,N,C,C,A,B,H,-,A,D,0,,,,,Y,,D,22,0,0,1,0,0,0,0,0,0,"- ","- ",36.98712158203125,-121.96685791015625,"SANTA CRUZ",UNINCORPORATED,-121.96666717529297,36.987155914306641
92046984,2023,2023-04-17,9720,2023-04-10,2146,023180,,1,2,9,4400,0,1,3,,2,020,"CHAMINADE LANE","PAUL SWEET RD",288.00,N,N,A,-,N,,,,,,,,,,N,3,0,1,1,A,-,03,22350,,N,F,A,A,A,H,-,D,D,0,,Y,,,Y,,-,"- ",0,1,0,0,0,0,1,0,0,"- ","- ",36.995231628417969,-121.98426055908203,"SANTA CRUZ",UNINCORPORATED,-121.98391723632812,36.994152069091797
92047030,2023,2023-06-15,9720,2023-04-10,1620,023103,,1,2,9,4400,0,2,4,,1,031,"FREEDOM BLVD","PETERY LN",150.00,W,N,A,-,N,,,,,,,,,,N,4,0,1,2,A,-,03,22350,,N,C,C,A,A,H,-,A,D,0,,,,,Y,,A,07,0,0,1,0,0,0,0,0,0,"- ","- ",36.986991882324219,-121.84548950195312,"SANTA CRUZ",UNINCORPORATED,-121.84532928466797,36.987030029296875
92047654,2023,2023-04-18,9720,2023-04-06,1525,023245,,4,2,9,4400,0,1,3,,1,034,SR-152,"FALLOWFIELD LANE",1584.00,E,N,B,-,Y,SCR,,152," "," ",4.373,H,,R,Y,3,0,1,1,A,-,08,22107,,N,F,A,A,A,H,-,A,D,0,,,,,Y,,A,01,0,1,0,0,0,0,0,0,0,"- ","- ",36.964069366455078,-121.72090911865234,"SANTA CRUZ",UNINCORPORATED,-121.72101593017578,36.964088439941406
92048785,2023,2023-04-19,9720,2023-04-09,"14  ",022545,,7,3,9,4400,0,1,3,,2,020,"SR-1 N/B TO STATE PARK DR","STATE PARD DR",528.00,S,N,A,-,Y,,,,,,,,,,Y,3,0,1,1,A,-,01,23152,A,N,E,I,A,A,H,-,D,D,0,,,,,Y,Y,-,"- ",0,1,0,0,0,0,0,0,0,"- ","- ",36.977508544921875,-121.90863037109375,"SANTA CRUZ",UNINCORPORATED,-121.90863037109375,36.977508544921875
92048890,2023,2023-04-19,9720,2023-04-08,"810 ",022879,,6,1,9,4400,0,3,5,,2,200,"LOMA PRIETA WAY","SUMMIT RD.",1742.00,S,N,A,-,N,,,,,,,,,,Y,3,0,1,1,A,-,08,22107,,N,F,A,A,A,H,-,D,D,0,,,,,Y,,D,22,0,1,0,0,0,0,0,0,0,"- ","- ",37.098888397216797,-121.85163879394531,"SANTA CRUZ",UNINCORPORATED,-121.85115814208984,37.0987548828125
92048951,2023,2023-04-19,9720,2023-04-10,1627,023166,,1,2,9,4400,0,1,3,,2,020,"SR-1 S/B","PARK AVE",2640.00,S,N,A,-,Y,SCR,,1," "," ",11.658,H,,L,N,4,0,2,3,A,-,03,22350,,N,C,C,A,A,H,-,A,D,0,,,,,Y,,A,07,0,0,2,0,0,0,0,0,0,"- ","- ",36.983451843261719,-121.92915344238281,"SANTA CRUZ",UNINCORPORATED,-121.92915344238281,36.983436584472656
92048960,2023,2023-04-19,9720,2023-04-09,2330,021211,,7,3,9,4400,0,1,3,,1,010,SR-1,"SWANTON RD",1056.00,N,N,A,-,Y,,,,,,,,,,N,4,0,1,1,A,-,03,22350,,N,E,J,A,A,H,-,D,D,0,,,,,Y,,A,01,0,0,1,0,0,0,0,0,0,"- ","- ",37.030570983886719,-122.22032928466797,"SANTA CRUZ",UNINCORPORATED,-122.22011566162109,37.030902862548828
92048964,2023,2023-04-20,9720,2023-04-05,2046,023103,,3,2,9,4400,0,3,5,,2,200,"CATHEDRAL DRIVE","TROUT GULCH ROAD",100.00,N,N,A,-,N,,,,,,,,,,Y,4,0,1,2,A,-,09,21804,A,N,A,C,A,A,H,-,D,D,0,,,,,Y,,A,01,0,0,1,0,0,0,0,0,0,"- ","- ",36.978988647460938,-121.89936828613281,"SANTA CRUZ",UNINCORPORATED,-121.89929962158203,36.978958129882812
92049746,2023,2023-04-20,9720,2023-04-10,1035,015699,,1,1,9,4400,0,1,3,,2,030,"STATE HIGHWAY 1 (SOUTHBOUND)","BEACH ST",150.00,S,N,A,-,Y,SCR,,1," ",R,0.989,H,,R,Y,4,0,1,2,A,-,03,22350,,N,C,C,A,A,D,-,A,A,0,,,,,Y,,A,01,0,0,1,0,0,0,0,0,0,"- ","- ",36.897811889648438,-121.77638244628906,"SANTA CRUZ",UNINCORPORATED,-121.77617645263672,36.897891998291016
92049895,2023,2023-04-20,9720,2023-04-10,"245 ",022879,,1,3,9,4400,0,1,3,,1,017,"SR-17 N/B","LAUREL RD.",845.00,N,N,A,-,Y,SCR,,17," "," ",9.602,H,,R,N,3,0,1,1,A,-,01,23152,F,N,E,I,A,A,H,-,D,D,0,,,,,Y,,A,01,0,1,0,0,0,0,0,0,0,"- ","- ",37.106410980224609,-121.97566223144531,"SANTA CRUZ",UNINCORPORATED,-121.97565460205078,37.106410980224609
92049948,2023,2023-04-20,9720,2023-04-08,1403,023166,,6,2,9,4400,0,1,3,,1,017,"SR-17 S/B","SPANISH OAKS RD.",400.00,S,N,A,-,Y,SCR,,17," "," ",10.003,H,,L,Y,4,0,3,2,A,-,04,21703,,N,C,C,A,A,H,-,A,D,0,,,,,Y,,A,01,0,0,3,0,0,0,0,0,0,"- ","- ",37.111579895019531,-121.97622680664062,"SANTA CRUZ",UNINCORPORATED,-121.97623443603516,37.111579895019531
92050441,2023,2023-05-24,9720,2023-04-11,2245,023110,,2,3,9,4400,0,1,3,,2,030,"SR-1 N/B","MAR MONTE",7920.00,S,N,A,-,Y,SCR,,1," ",R,5.306,H,,R,Y,3,0,2,2,A,-,03,22350,,N,C,C,A,A,H,-,D,D,0,,,,,Y,,A,01,0,2,0,0,0,0,0,0,0,"- ","- ",36.938091278076172,-121.83110046386719,"SANTA CRUZ",UNINCORPORATED,-121.83108520507812,36.938125610351562
9205058,2021,2021-03-12,4402,2021-02-01,1536,335,1-07,1,5,5,4402,0,0,0,,0,001,"MAIN ST","FREEDOM BL",50.00,N,N,A,B,Y,SCR,5,152,-,T,2.490,H,-,W,N,3,0,1,2,A,-,06,21755,,N,H,G,A,A,H,-,A,A,0,,Y,,Y,Y,,L,04,0,1,0,0,0,0,1,0,0,"- ","- ",,,"SANTA CRUZ","SANTA CRUZ",-121.76168060302734,36.9151611328125
92050792,2023,2023-04-21,9720,2023-04-13,"938 ",020977,,4,1,9,4400,0,1,3,,2,020,"SR-1 N/B","SPRECKELS DRIVE",1584.00,S,N,A,-,Y,SCR,,1," "," ",9.725,H,,R,Y,4,0,1,4,A,-,03,22350,,N,C,C,A,A,H,-,A,D,0,,,,,Y,,D,22,0,0,1,0,0,0,0,0,0,"- ","- ",36.975109100341797,-121.89668273925781,"SANTA CRUZ",UNINCORPORATED,-121.89667510986328,36.975059509277344
92051889,2023,2023-04-24,9720,2023-04-12,1240,021211,,3,1,9,4400,0,1,3,,1,014,SR-9,"ROMONA DR.",150.00,S,N,A,-,Y,SCR,,9," "," ",17.503,H,,R,Y,3,0,1,1,A,-,08,22107,,N,E,8,A,A,H,-,A,D,0,,,,,Y,,A,01,0,1,0,0,0,0,0,0,0,"- ","- ",37.185081481933594,-122.14158630371094,"SANTA CRUZ",UNINCORPORATED,-122.14145660400391,37.185138702392578