CASE_ID,ACCIDENT_YEAR,PROC_DATE,JURIS,COLLISION_DATE,COLLISION_TIME,OFFICER_ID,REPORTING_DISTRICT,DAY_OF_WEEK,CHP_SHIFT,POPULATION,CNTY_CITY_LOC,SPECIAL_COND,BEAT_TYPE,CHP_BEAT_TYPE,CITY_DIVISION_LAPD,CHP_BEAT_CLASS,BEAT_NUMBER,PRIMARY_RD,SECONDARY_RD,DISTANCE,DIRECTION,INTERSECTION,WEATHER_1,WEATHER_2,STATE_HWY_IND,CALTRANS_COUNTY,CALTRANS_DISTRICT,STATE_ROUTE,ROUTE_SUFFIX,POSTMILE_PREFIX,POSTMILE,LOCATION_TYPE,RAMP_INTERSECTION,SIDE_OF_HWY,TOW_AWAY,COLLISION_SEVERITY,NUMBER_KILLED,NUMBER_INJURED,PARTY_COUNT,PRIMARY_COLL_FACTOR,PCF_CODE_OF_VIOL,PCF_VIOL_CATEGORY,PCF_VIOLATION,PCF_VIOL_SUBSECTION,HIT_AND_RUN,TYPE_OF_COLLISION,MVIW,PED_ACTION,ROAD_SURFACE,ROAD_COND_1,ROAD_COND_2,LIGHTING,CONTROL_DEVICE,CHP_ROAD_TYPE,PEDESTRIAN_ACCIDENT,BICYCLE_ACCIDENT,MOTORCYCLE_ACCIDENT,TRUCK_ACCIDENT,NOT_PRIVATE_PROPERTY,ALCOHOL_INVOLVED,STWD_VEHTYPE_AT_FAULT,CHP_VEHTYPE_AT_FAULT,COUNT_SEVERE_INJ,COUNT_VISIBLE_INJ,COUNT_COMPLAINT_PAIN,COUNT_PED_KILLED,COUNT_PED_INJURED,COUNT_BICYCLIST_KILLED,COUNT_BICYCLIST_INJURED,COUNT_MC_KILLED,COUNT_MC_INJURED,PRIMARY_RAMP,SECONDARY_RAMP,LATITUDE,LONGITUDE,COUNTY,CITY,POINT_X,POINT_Y
92051911,2023,2023-04-24,9720,2023-03-28,1330,015699,,2,1,9,4400,0,2,4,,1,024,"BROMMER ST","LIVE OAK AVE",40.00,E,N,B,-,N,,,,,,,,,,N,3,0,2,3,A,-,03,22350,,N,C,C,A,B,H,-,A,D,0,,,,,Y,,A,07,0,1,1,0,0,0,0,0,0,"- ","- ",36.972049713134766,-121.99127960205078,"SANTA CRUZ",UNINCORPORATED,-121.99136352539062,36.972049713134766
92052125,2023,2023-04-24,9720,2023-04-13,1250,020977,,4,1,9,4400,0,2,4,,1,021,"SOQUEL DRIVE","STATE PARK DRIVE",40.00,S,N,A,-,N,,,,,,,,,,Y,3,0,1,3,A,-,03,22350,,N,C,C,A,A,H,-,A,A,0,,,,,Y,,A,01,0,1,0,0,0,0,0,0,0,"- ","- ",36.979690551757812,-121.90815734863281,"SANTA CRUZ",UNINCORPORATED,-121.90836334228516,36.979766845703125
92052189,2023,2023-04-25,9720,2023-04-15,1222,023166,,6,1,9,4400,0,3,5,,2,300,"HOLOHAN RD.",SR-152,1584.00,W,N,A,-,N,,,,,,,,,,Y,4,0,1,2,A,-,09,21804,A,N,D,C,A,A,H,-,A,D,0,,,,,Y,,A,08,0,0,1,0,0,0,0,0,0,"- ","- ",36.937038421630859,-121.74777221679688,"SANTA CRUZ",UNINCORPORATED,-121.74853515625,36.937217712402344
92052193,2023,2023-04-25,9720,2023-04-15,1530,022901,,6,2,9,4400,0,1,3,,2,020,"SR1 S/B","PARK AVENUE",350.00,N,N,A,-,Y,SCR,,1," "," ",12.202,H,,L,Y,4,0,1,2,A,-,03,22350,,N,C,C,A,A,H,-,A,D,0,,,,,Y,,A,01,0,0,1,0,0,0,0,0,0,"- ","- ",36.983909606933594,-121.93891906738281,"SANTA CRUZ",UNINCORPORATED,-121.93891906738281,36.983921051025391
9205230,2021,2021-03-11,4403,2021-01-11,1135,335,5-27,1,5,4,4403,0,0,0,,0,005,"FREEDOM BL","COMPTON TER",0.00,,Y,A,-,,,,,,,,,,,Y,4,0,1,2,A,-,09,21802,A,N,D,C,A,A,H,-,A,A,0,,,,,Y,,D,22,0,0,1,0,0,0,0,0,0,"- ","- ",,,"SANTA CRUZ",WATSONVILLE,-121.78102874755859,36.940032958984375
92053070,2023,2023-04-25,9720,2023-04-16,1627,022458,,7,2,9,4400,0,1,3,,2,020,"SR-1 N/B","PORTER STREET",1320.00,S,N,A,-,Y,SCR,,1," "," ",12.938,H,,R,N,4,0,2,2,A,-,03,22350,,N,C,C,A,A,H,-,A,D,0,,,,,Y,,A,07,0,0,2,0,0,0,0,0,0,"- ","- ",36.983711242675781,-121.95223999023438,"SANTA CRUZ",UNINCORPORATED,-121.95223999023438,36.983726501464844
92053122,2023,2023-04-25,9720,2023-04-13,1515,021717,,4,2,9,4400,0,1,3,,1,034,SR-152,"GAFFEY RD.",2006.00,W,N,A,-,Y,SCR,,152," "," ",5.956,H,,R,Y,3,0,2,1,A,-,08,22107,,N,F,A,A,A,H,-,A,D,0,,,,Y,Y,,G,25,0,1,1,0,0,0,0,0,0,"- ","- ",36.978748321533203,-121.71114349365234,"SANTA CRUZ",UNINCORPORATED,-121.71106719970703,36.978679656982422
92053229,2023,2023-04-26,9720,2023-04-16,1920,022458,,7,2,9,4400,0,1,3,,2,020,"SR-1 N/B","STATE PARK DRIVE",80.00,N,N,A,-,Y,SCR,,1," "," ",10.559,H,,R,Y,4,0,1,2,A,-,03,22350,,N,C,C,A,A,H,-,B,D,0,,,,,Y,,A,01,0,0,1,0,0,0,0,0,0,"- ","- ",36.978279113769531,-121.91069030761719,"SANTA CRUZ",UNINCORPORATED,-121.91070556640625,36.978260040283203
92053773,2023,2023-04-26,9720,2023-04-15,"742 ",021714,,6,1,9,4400,0,3,5,,2,100,"EMPIRE GRADE RD","ICE CREAM GRD",528.00,W,N,A,-,N,,,,,,,,,,Y,3,0,1,1,A,-,08,22107,,N,E,8,A,A,H,-,A,D,0,,,,,Y,,-,"- ",0,1,0,0,0,0,0,0,0,"- ","- ",37.059131622314453,-122.12438201904297,"SANTA CRUZ",UNINCORPORATED,,
92053793,2023,2023-04-26,9720,2023-04-15,2256,023245,,6,3,9,4400,0,3,5,,2,300,"LAKEVIEW RD","CRESTWOOD DRIVE",1056.00,S,N,B,-,N,,,,,,,,,,Y,3,0,2,1,A,-,01,23152,A,N,E,I,A,A,H,-,D,D,0,,,,,Y,Y,A,01,0,2,0,0,0,0,0,0,0,"- ","- ",36.9263916015625,-121.73342132568359,"SANTA CRUZ",UNINCORPORATED,-121.73291015625,36.925884246826172
92054107,2023,2023-04-26,9720,2023-04-14,1859,023103,,5,2,9,4400,0,1,3,,2,030,"SOUTHBOUND SR-1","AIRPORT BLVD",1584.00,S,N,A,-,Y,SCR,,1," ",R,2.989,H,,R,Y,4,0,1,2,A,-,07,21658,A,N,B,C,A,A,H,-,A,D,0,,,,,Y,,A,07,0,0,1,0,0,0,0,0,0,"- ","- ",36.922760009765625,-121.79421997070312,"SANTA CRUZ",UNINCORPORATED,-121.7940673828125,36.922920227050781
92054206,2023,2023-04-27,9720,2023-04-18,1915,021717,,2,2,9,4400,0,2,4,,1,032,"GREEN VALLEY RD","PAULSEN RD.",102.00,N,N,A,-,N,,,,,,,,,,N,4,0,1,2,A,-,03,22350,,M,C,C,A,A,H,-,A,D,0,,,,,Y,,-,99,0,0,1,0,0,0,0,0,0,"- ","- ",36.956180572509766,-121.76493835449219,"SANTA CRUZ",UNINCORPORATED,-121.76495361328125,36.956058502197266
92054935,2023,2023-04-27,9720,2023-04-16,"512 ",022545,,7,3,9,4400,0,1,3,,1,017,"SR-17 N/B","VINE HILL RD",1056.00,S,N,A,-,Y,SCR,,17," "," ",7.461,H,,R,Y,3,0,1,1,A,-,01,23152,A,N,F,A,A,A,H,-,D,D,0,,,,,Y,Y,A,07,0,1,0,0,0,0,0,0,0,"- ","- ",37.076881408691406,-121.98320770263672,"SANTA CRUZ",UNINCORPORATED,-121.98320770263672,37.076873779296875
92055048,2023,2023-08-10,9720,2023-03-04,2220,021717,,6,3,9,4400,0,2,4,,1,032,"HOLOHAN RD.","GRIMMER RD.",1056.00,N,N,B,-,N,,,,,,,,,,Y,1,1,3,2,A,-,01,23152,A,N,A,C,A,A,H,-,D,D,0,,,,,Y,Y,A,07,3,0,0,0,0,0,0,0,0,"- ","- ",36.938819885253906,-121.75901031494141,"SANTA CRUZ",UNINCORPORATED,-121.75925445556641,36.938808441162109
92055054,2022,2023-07-03,9720,2022-11-10,1628,018171,,4,2,9,4400,0,1,3,,1,017,"SR-17 N/B",SR-1,255.00,S,N,A,-,Y,SCR,,1,,,17.063,H,,R,Y,1,1,1,1,A,-,08,22107,,N,E,I,A,A,H,-,A,D,0,,,,,Y,,A,01,0,1,0,0,0,0,0,0,0,"- ","- ",36.989139556884766,-122.02246856689453,"SANTA CRUZ",UNINCORPORATED,-122.02257537841797,36.98919677734375
92055066,2023,2023-04-27,9720,2023-04-16,1335,020977,,7,1,9,4400,0,3,5,,2,300,"CORRALITOS RD","VARNI RD",0.00,,Y,A,-,N,,,,,,,,,,Y,4,0,1,2,A,-,09,21802,A,N,D,C,A,A,H,-,A,A,0,,,,,Y,,A,01,0,0,1,0,0,0,0,0,0,"- ","- ",36.967151641845703,-121.80725860595703,"SANTA CRUZ",UNINCORPORATED,-121.80734252929688,36.966949462890625
92055082,2023,2023-04-27,9720,2023-03-30,1210,015699,,4,1,9,4400,0,2,4,,1,031,"FREEDOM BLVD","DAY VALLEY RD.",200.00,N,N,B,-,N,,,,,,,,,,Y,4,0,3,2,A,-,03,22350,,N,C,C,A,A,H,-,A,D,0,,,,,Y,,A,01,0,0,3,0,0,0,0,0,0,"- ","- ",36.987808227539062,-121.83859252929688,"SANTA CRUZ",UNINCORPORATED,-121.83831024169922,36.987808227539062
92057365,2023,2023-05-01,9720,2023-04-19,1218,015170,,3,1,9,4400,0,1,3,,1,017,"SR-17 N/B","SUMMIT RD",3696.00,S,N,A,-,Y,SCR,,17," "," ",11.814,H,,R,Y,4,0,1,3,A,-,03,22350,,N,C,C,A,A,H,-,A,A,0,,,,,Y,,A,08,0,0,1,0,0,0,0,0,0,"- ","- ",37.133720397949219,-121.98197937011719,"SANTA CRUZ",UNINCORPORATED,-121.98193359375,37.133750915527344
92057366,2023,2023-05-01,9720,2023-04-19,1540,021717,,3,2,9,4400,0,1,3,,2,030,"NB SR-1","GREEN VALLEY RD OVERCROSSING",65.00,S,N,A,-,Y,SCR,,1," ",R,2.227,H,,R,Y,4,0,1,2,A,-,04,21703,,N,C,2,A,A,H,-,A,D,0,,,,,Y,,D,22,0,0,1,0,0,0,0,0,0,"- ","- ",36.913909912109375,-121.7864990234375,"SANTA CRUZ",UNINCORPORATED,-121.78645324707031,36.913928985595703
92057369,2023,2023-05-01,9720,2023-04-19,1602,022907,,3,2,9,4400,0,1,3,,2,020,"SR-1 S/B","MORRISSEY BLVD",1584.00,N,N,A,-,Y,SCR,,1," "," ",16.278,H,,L,Y,4,0,1,2,A,-,03,22350,,N,C,C,A,A,H,-,A,D,0,,,,,Y,,A,07,0,0,1,0,0,0,0,0,0,"- ","- ",36.988418579101562,-122.01161956787109,"SANTA CRUZ",UNINCORPORATED,-122.01161193847656,36.988502502441406
92057398,2023,2023-05-01,9720,2023-04-19,1625,023146,,3,2,9,4400,0,1,3,,1,015,SR-9,"GLENGARRY RD",1056.00,S,N,A,-,Y,SCR,,9," "," ",4.592,H,,R,Y,4,0,1,2,A,-,03,22350,,N,B,C,A,A,H,-,A,D,0,,,,,Y,,A,01,0,0,1,0,0,0,0,0,0,"- ","- ",37.030769348144531,-122.06314086914062,"SANTA CRUZ",UNINCORPORATED,-122.06313323974609,37.030773162841797
92058827,2023,2023-05-02,9330,2023-04-27,1710,022244,,4,2,9,4400,0,1,1,,2,074,"I-280 SOUTHBOUND","MAGDALENA AVENUE",1584.00,S,N,A,-,Y,SCL,,280," "," ",13.743,H,,L,N,4,0,1,2,A,-,03,22350,,N,C,C,A,A,H,-,A,D,0,,,,,Y,,A,07,0,0,1,0,0,0,0,0,0,"- ","- ",37.348560333251953,-122.10350036621094,"SANTA CRUZ",UNINCORPORATED,-122.10354614257812,37.348529815673828
92058914,2023,2023-05-02,9720,2023-04-24,1715,022901,,1,2,9,4400,0,1,3,,2,020,"SR-1 S/B","41ST AVENUE",2112.00,N,N,A,-,Y,SCR,,1," "," ",14.333,H,,L,N,4,0,1,2,A,-,04,21703,,N,C,C,A,A,H,-,A,D,0,,,,,Y,,D,22,0,0,1,0,0,0,0,0,0,"- ","- ",36.984790802001953,-121.97708129882812,"SANTA CRUZ",UNINCORPORATED,-121.97710418701172,36.984737396240234
92061036,2023,2023-05-04,9720,2023-04-20,1610,022901,,4,2,9,4400,0,1,3,,2,020,"SR-1 S/B","MORRISSEY BLVD",1584.00,S,N,A,-,Y,SCR,,1," "," ",15.496,H,,L,Y,2,0,1,2,A,-,03,22350,,N,C,C,A,A,H,-,A,D,0,,,Y,,Y,,C,02,1,0,0,0,0,0,0,0,1,"- ","- ",36.988170623779297,-121.99755859375,"SANTA CRUZ",UNINCORPORATED,-121.99755859375,36.988128662109375
92061084,2023,2023-05-04,9720,2023-04-21,1735,022907,,5,2,9,4400,0,1,3,,1,017,"SR-17 N/B","VINE HILL RD",68.00,N,N,A,-,Y,SCR,,17," "," ",7.683,H,,R,Y,3,0,2,2,A,-,09,21802,A,N,C,C,A,A,H,-,A,D,0,,,,,Y,,A,08,0,1,1,0,0,0,0,0,0,"- ","- ",37.079109191894531,-121.97917938232422,"SANTA CRUZ",UNINCORPORATED,-121.97923278808594,37.079151153564453
92061141,2023,2023-05-04,9720,2023-04-22,1530,022901,,6,2,9,4400,0,2,4,,1,024,"EAST CLIFF DRIVE","24TH AVENUE",0.00,,Y,A,-,N,,,,,,,,,,Y,3,0,1,2,A,-,06,21755,,N,D,C,A,A,H,-,A,D,0,,,Y,,Y,,C,02,0,1,0,0,0,0,0,0,1,"- ","- ",36.959629058837891,-121.98210906982422,"SANTA CRUZ",UNINCORPORATED,-121.98203277587891,36.959598541259766
92061157,2023,2023-05-04,9720,2023-04-23,1600,023214,,7,2,9,4400,0,2,4,,1,021,"SOQUEL DR.","S RODEO GULCH RD.",0.00,,Y,A,-,N,,,,,,,,,,Y,3,0,2,2,A,-,09,21801,A,N,D,C,A,A,H,-,A,A,0,,,,,Y,,A,01,0,2,0,0,0,0,0,0,0,"- ","- ",36.987571716308594,-121.96959686279297,"SANTA CRUZ",UNINCORPORATED,-121.96955871582031,36.987606048583984
92061180,2023,2023-05-04,9720,2023-04-23,1957,022458,,7,2,9,4400,0,2,4,,1,022,"SOQUEL SAN JOSE ROAD","AMAYA RIDGE ROAD",792.00,S,N,A,-,N,,,,,,,,,,Y,3,0,1,1,A,-,08,22107,,N,F,A,A,A,H,-,D,D,0,,,,,Y,,A,01,0,1,0,0,0,0,0,0,0,"- ","- ",37.069900512695312,-121.93868255615234,"SANTA CRUZ",UNINCORPORATED,-121.93863677978516,37.069198608398438
92061489,2023,2023-05-04,9720,2023-04-25,2153,020977,,2,2,9,4400,0,2,4,,1,024,"EAST CLIFF DRIVE","17TH AVENUE",390.00,W,N,A,-,N,,,,,,,,,,Y,3,0,2,1,C,-,18,,,N,E,J,A,A,D,-,C,A,0,,,,,Y,,-,"- ",0,1,1,0,0,0,0,0,0,"- ","- ",36.963119506835938,-121.98946380615234,"SANTA CRUZ",UNINCORPORATED,-121.98936462402344,36.963058471679688
92061616,2023,2023-05-04,9720,2023-04-25,1320,021248,,2,1,9,4400,0,2,4,,1,021,"SOQUEL DR","APTOS ST",528.00,E,N,A,-,N,,,,,,,,,,Y,2,0,1,2,A,-,09,21804,A,N,C,C,A,A,H,-,A,D,0,,,Y,,Y,,A,01,1,0,0,0,0,0,0,0,1,"- ","- ",36.975589752197266,-121.89430236816406,"SANTA CRUZ",UNINCORPORATED,-121.89673614501953,36.975601196289062
92061755,2023,2023-05-04,9720,2023-04-27,1540,022044,,4,2,9,4400,0,2,4,,1,016,"GRAHAM HILL RD.","SIMS RD.",200.00,S,N,A,-,N,,,,,,,,,,Y,4,0,1,2,A,-,03,22350,,N,C,C,A,A,H,-,A,D,0,,,,,Y,,A,07,0,0,1,0,0,0,0,0,0,"- ","- ",37.01129150390625,-122.03408813476562,"SANTA CRUZ",UNINCORPORATED,-122.03417205810547,37.01123046875
92062575,2023,2023-05-05,9720,2023-05-02,1325,021714,,2,1,9,4400,0,2,4,,1,031,"FREEDOM BLVD.","SABINA WAY",20.00,W,N,A,-,N,,,,,,,,,,N,4,0,1,2,A,-,21,22106,,F,H,C,A,A,H,-,A,A,0,,,,,Y,,D,22,0,0,1,0,0,0,0,0,0,"- ","- ",36.972469329833984,-121.87129974365234,"SANTA CRUZ",UNINCORPORATED,-121.87131500244141,36.972488403320312
92063164,2023,2023-05-08,9720,2023-04-15,2325,022976,,6,3,9,4400,0,1,3,,1,015,SR-9,"OLD BIG TREES ROAD",5280.00,S,N,A,-,Y,SCR,,9," "," ",3.863,H,,R,N,4,0,1,1,A,-,01,23152,A,M,E,8,A,A,H,-,D,D,0,,,,,Y,Y,A,01,0,0,1,0,0,0,0,0,0,"- ","- ",37.024021148681641,-122.06076812744141,"SANTA CRUZ",UNINCORPORATED,-122.06074523925781,37.023994445800781
92063168,2023,2023-05-08,9720,2023-04-26,2013,022879,,3,2,9,4400,0,2,4,,1,021,"SOQUEL DR.","COMMERCIAL CROSSING",154.00,E,N,A,-,N,,,,,,,,,,N,3,0,1,1,C,-,18,,,N,F,A,A,A,H,-,C,D,0,,Y,,,Y,,-,"- ",0,1,0,0,0,0,1,0,0,"- ","- ",36.988780975341797,-121.98235321044922,"SANTA CRUZ",UNINCORPORATED,-121.98243713378906,36.988826751708984
92063171,2023,2023-05-08,9720,2023-04-29,"59  ",019100,,6,3,9,4400,0,2,4,,1,032,"HOLOHAN ROAD","GREEN VALLEY RD",1584.00,S,N,B,-,N,,,,,,,,,,Y,3,0,2,1,A,-,01,23152,A,N,F,A,A,A,H,-,D,D,0,,,,,Y,Y,A,01,0,2,0,0,0,0,0,0,0,"- ","- ",36.939529418945312,-121.76329040527344,"SANTA CRUZ",UNINCORPORATED,-121.76425933837891,36.939868927001953
92063173,2023,2023-05-08,9720,2023-04-27,"30  ",023110,,4,3,9,4400,0,1,3,,1,017,"N/B SR-17","W VINE HILL ROAD",792.00,S,N,A,-,Y,SCR,,17," "," ",7.121,H,,R,Y,3,0,1,1,A,-,01,23152,A,N,E,I,A,A,H,-,D,D,0,,,,,Y,Y,A,01,0,1,0,0,0,0,0,0,0,"- ","- ",37.075969696044922,-121.98683929443359,"SANTA CRUZ",UNINCORPORATED,-121.98679351806641,37.075923919677734
92063176,2023,2023-05-08,9720,2023-05-01,"0   ",022545,,1,3,9,4400,0,1,3,,1,017,SR-17,"CRESCENT DR",700.00,N,N,A,-,Y,SCR,,17," "," ",6.934,H,,R,Y,3,0,1,1,A,-,08,22107,,N,E,I,A,A,H,-,D,D,0,,,,,Y,,A,01,0,1,0,0,0,0,0,0,0,"- ","- ",37.074909210205078,-121.98799133300781,"SANTA CRUZ",UNINCORPORATED,-121.988037109375,37.074943542480469
92063394,2023,2023-05-08,9720,2023-04-26,"700 ",023103,,3,1,9,4400,0,1,3,,2,030,"NORTHBOUND SR-1","MAR MONTE AVE",2112.00,S,N,A,-,Y,SCR,,1," ",R,6.378,H,,R,Y,3,0,1,2,A,-,07,21658,A,N,B,C,A,A,H,-,A,D,0,,,Y,,Y,,A,07,0,1,0,0,0,0,0,0,1,"- ","- ",36.946670532226562,-121.84706115722656,"SANTA CRUZ",UNINCORPORATED,-121.84702301025391,36.946701049804688
92063431,2023,2023-05-08,9720,2023-04-18,2200,023110,,2,3,9,4400,0,2,4,,1,032,"GREEN VALLEY RD","HOLOHAN RD",0.00,,Y,A,-,N,,,,,,,,,,Y,3,0,1,2,A,-,12,21453,A,F,D,C,A,A,H,-,C,A,0,,,,,Y,,A,01,0,1,0,0,0,0,0,0,0,"- ","- ",36.9410400390625,-121.76956939697266,"SANTA CRUZ",UNINCORPORATED,-121.76947021484375,36.941059112548828
92063499,2023,2023-05-08,9720,2023-05-01,1630,022901,,1,2,9,4400,0,1,3,,2,020,"SR-1 S/B","PARK AVENUE",1056.00,S,N,B,-,Y,SCR,,1," "," ",11.879,H,,L,N,4,0,1,2,A,-,03,22350,,N,C,C,A,A,H,-,A,D,0,,,,,Y,,A,01,0,0,1,0,0,0,0,0,0,"- ","- ",36.983860015869141,-121.93309020996094,"SANTA CRUZ",UNINCORPORATED,-121.93309020996094,36.983882904052734
92064156,2023,2023-05-08,9720,2023-05-07,"919 ",019956,,7,1,9,4400,0,1,3,,1,017,"SR-17 S/B","SUMMIT RD",528.00,S,N,B,-,Y,SCR,,17," "," ",12.550,H,,L,Y,4,0,1,1,A,-,03,22350,,N,E,I,A,B,H,-,A,D,0,,,,,Y,,D,22,0,0,1,0,0,0,0,0,0,"- ","- ",37.144031524658203,-121.98478698730469,"SANTA CRUZ",UNINCORPORATED,-121.98480987548828,37.144035339355469
92064222,2023,2023-05-08,9720,2023-04-27,1445,022044,,4,2,9,4400,0,1,3,,1,013,SR-35,"UPPER ZAYANTE RD.",1214.00,S,N,A,-,Y,SCR,,35," "," ",2.385,H,,R,Y,4,0,1,2,A,-,05,21650,,N,A,C,A,A,H,-,A,D,0,,,,,Y,,A,07,0,0,1,0,0,0,0,0,0,"- ","- ",37.160678863525391,-122.01109313964844,"SANTA CRUZ",UNINCORPORATED,-122.01095581054688,37.160877227783203
92064233,2023,2023-05-08,9720,2023-04-27,1450,022044,,4,2,9,4400,0,1,3,,1,013,SR-35,"UPPER ZAYANTE RD.",1214.00,S,N,A,-,Y,SCR,,35," "," ",2.479,H,,R,Y,4,0,1,1,A,-,08,22107,,N,E,I,A,A,H,-,A,D,0,,,,,Y,,A,01,0,0,1,0,0,0,0,0,0,"- ","- ",37.162071228027344,-122.01165008544922,"SANTA CRUZ",UNINCORPORATED,-122.01165008544922,37.162067413330078
92065797,2023,2023-06-21,9720,2023-04-27,2114,021304,,4,2,9,4400,0,1,3,,1,035,SR-129,"CARLTON RD",0.00,,Y,A,-,Y,SCR,,129," "," ",3.268,H,,R,Y,3,0,6,2,A,-,09,21802,A,N,D,C,A,A,H,-,D,A,0,,,,,Y,,A,07,0,1,5,0,0,0,0,0,0,"- ","- ",36.924388885498047,-121.69921112060547,"SANTA CRUZ",UNINCORPORATED,-121.69921112060547,36.924308776855469
92065799,2023,2023-05-10,9720,2023-04-24,1140,020562,,1,1,9,4400,0,1,3,,2,020,SR-1,BAY/PORTER,1250.00,S,N,A,-,Y,SCR,,1," "," ",12.968,H,,R,N,3,0,1,3,A,-,07,21658,A,N,B,C,A,A,H,-,A,D,0,,,Y,,Y,,C,02,0,1,0,0,0,0,0,0,1,"- ","- ",36.983669281005859,-121.95278930664062,"SANTA CRUZ",UNINCORPORATED,-121.95278930664062,36.983676910400391
92065951,2023,2023-05-10,9720,2023-04-29,1739,023146,,6,2,9,4400,0,2,4,,1,016,"GRAHAM HILL RD","EAST ZAYANTE RD",320.00,W,N,A,-,N,,,,,,,,,,Y,4,0,2,2,A,-,03,22350,,N,C,C,A,A,H,-,A,D,0,,,,,Y,,A,01,0,0,2,0,0,0,0,0,0,"- ","- ",37.050361633300781,-122.06684112548828,"SANTA CRUZ",UNINCORPORATED,-122.06671905517578,37.050338745117188
92066027,2023,2023-05-10,9720,2023-04-29,1045,021248,,6,1,9,4400,0,1,3,,2,020,"SR-1 S/B","BAY AVE",2112.00,S,N,A,-,Y,SCR,,1," "," ",12.765,H,,L,Y,3,0,2,3,A,-,03,22350,,N,C,C,A,A,H,-,A,D,0,,,,,Y,,A,07,0,2,0,0,0,0,0,0,0,"- ","- ",36.983871459960938,-121.94911956787109,"SANTA CRUZ",UNINCORPORATED,-121.94911956787109,36.98388671875
92066496,2023,2023-05-11,9720,2023-04-29,1401,023026,,6,2,9,4400,0,1,3,,2,020,"SR-1 S/B FROM SR-17 S/B","SR-17 S/B",50.00,S,N,A,-,Y,SCR,,17," "," ",0.169,H,,L,N,3,0,2,2,A,-,03,22350,,N,C,C,A,A,H,-,A,D,0,,,Y,,Y,,C,02,0,2,0,0,0,0,0,0,2,"- ","- ",36.991928100585938,-122.02037811279297,"SANTA CRUZ",UNINCORPORATED,-122.02029418945312,36.99188232421875
92066544,2023,2023-05-11,9720,2023-04-29,2123,023245,,6,2,9,4400,0,3,5,,2,100,"E. ZAYANTE ROAD","OLYMPIA STATION ROAD",2270.00,S,N,A,-,N,,,,,,,,,,Y,4,0,1,5,A,-,01,23152,A,M,D,E,A,A,H,-,C,D,0,,,,,Y,Y,D,22,0,0,1,0,0,0,0,0,0,"- ","- ",37.067619323730469,-122.05721282958984,"SANTA CRUZ",UNINCORPORATED,-122.05720520019531,37.067863464355469
92066552,2023,2023-05-11,9720,2023-04-29,2125,023245,,6,2,9,4400,0,3,5,,2,100,"EAST ZAYANTE ROAD","VALLEY VIEW AVE",300.00,S,N,A,-,N,,,,,,,,,,Y,4,0,1,1,A,-,01,23152,A,N,E,8,A,A,H,-,D,D,0,,,,,Y,Y,D,22,0,0,1,0,0,0,0,0,0,"- ","- ",37.085151672363281,-122.048828125,"SANTA CRUZ",UNINCORPORATED,-122.04882049560547,37.085155487060547
92066578,2023,2023-05-11,9720,2023-04-30,"25  ",023245,,7,3,9,4400,0,1,3,,1,014,SR-9,"TIN CAN RANCH RD",250.00,S,N,B,-,Y,SCR,,9," "," ",23.717,H,,R,Y,3,0,1,1,A,-,01,23152,A,N,E,I,A,A,H,-,D,D,0,,,,,Y,Y,D,22,0,1,0,0,0,0,0,0,0,"- ","- ",37.239990234375,-122.14988708496094,"SANTA CRUZ",UNINCORPORATED,-122.14994049072266,37.239948272705078
92066804,2023,2023-05-11,9720,2023-05-02,1540,022901,,2,2,9,4400,0,2,4,,1,022,"SOQUEL SAN JOSE ROAD","OLSON ROAD",3062.00,N,N,B,-,N,,,,,,,,,,Y,3,0,1,1,A,-,01,23152,A,N,E,I,A,A,H,-,A,D,0,,,,,Y,Y,A,01,0,1,0,0,0,0,0,0,0,"- ","- ",37.065170288085938,-121.94091796875,"SANTA CRUZ",UNINCORPORATED,-121.94081878662109,37.065166473388672
92066887,2023,2023-05-11,9720,2023-04-28,"530 ",022976,,5,3,9,4400,0,1,3,,1,014,SR-9,"OLD MILL RD",0.38,S,N,A,-,Y,SCR,,9," "," ",20.308,H,,R,Y,4,0,1,1,A,-,03,22350,,N,E,I,A,A,H,-,A,D,0,,,,,Y,,D,22,0,0,1,0,0,0,0,0,0,"- ","- ",37.210849761962891,-122.14888763427734,"SANTA CRUZ",UNINCORPORATED,-122.14896392822266,37.210929870605469
92067039,2023,2023-05-11,9720,2023-04-29,1654,023026,,6,2,9,4400,0,1,3,,1,017,"SR-17 S/B","GLENWOOD DR",10.00,S,N,A,-,Y,SCR,,17," "," ",10.636,H,,L,N,4,0,2,2,A,-,09,21802,A,N,C,C,A,A,H,-,A,D,0,,,,,Y,,A,01,0,0,2,0,0,0,0,0,0,"- ","- ",37.119770050048828,-121.97602844238281,"SANTA CRUZ",UNINCORPORATED,-121.97607421875,37.119766235351562