CASE_ID,ACCIDENT_YEAR,PROC_DATE,JURIS,COLLISION_DATE,COLLISION_TIME,OFFICER_ID,REPORTING_DISTRICT,DAY_OF_WEEK,CHP_SHIFT,POPULATION,CNTY_CITY_LOC,SPECIAL_COND,BEAT_TYPE,CHP_BEAT_TYPE,CITY_DIVISION_LAPD,CHP_BEAT_CLASS,BEAT_NUMBER,PRIMARY_RD,SECONDARY_RD,DISTANCE,DIRECTION,INTERSECTION,WEATHER_1,WEATHER_2,STATE_HWY_IND,CALTRANS_COUNTY,CALTRANS_DISTRICT,STATE_ROUTE,ROUTE_SUFFIX,POSTMILE_PREFIX,POSTMILE,LOCATION_TYPE,RAMP_INTERSECTION,SIDE_OF_HWY,TOW_AWAY,COLLISION_SEVERITY,NUMBER_KILLED,NUMBER_INJURED,PARTY_COUNT,PRIMARY_COLL_FACTOR,PCF_CODE_OF_VIOL,PCF_VIOL_CATEGORY,PCF_VIOLATION,PCF_VIOL_SUBSECTION,HIT_AND_RUN,TYPE_OF_COLLISION,MVIW,PED_ACTION,ROAD_SURFACE,ROAD_COND_1,ROAD_COND_2,LIGHTING,CONTROL_DEVICE,CHP_ROAD_TYPE,PEDESTRIAN_ACCIDENT,BICYCLE_ACCIDENT,MOTORCYCLE_ACCIDENT,TRUCK_ACCIDENT,NOT_PRIVATE_PROPERTY,ALCOHOL_INVOLVED,STWD_VEHTYPE_AT_FAULT,CHP_VEHTYPE_AT_FAULT,COUNT_SEVERE_INJ,COUNT_VISIBLE_INJ,COUNT_COMPLAINT_PAIN,COUNT_PED_KILLED,COUNT_PED_INJURED,COUNT_BICYCLIST_KILLED,COUNT_BICYCLIST_INJURED,COUNT_MC_KILLED,COUNT_MC_INJURED,PRIMARY_RAMP,SECONDARY_RAMP,LATITUDE,LONGITUDE,COUNTY,CITY,POINT_X,POINT_Y
92067056,2023,2023-05-11,9720,2023-05-03,"615 ",023214,,3,1,9,4400,0,3,5,,2,300,"PIONEER RD.","AMESTI RD.",528.00,E,N,C,-,N,,,,,,,,,,Y,4,0,1,1,A,-,08,22107,,N,E,8,A,B,H,-,A,D,0,,,,,Y,,A,07,0,0,1,0,0,0,0,0,0,"- ","- ",36.971218109130859,-121.79258728027344,"SANTA CRUZ",UNINCORPORATED,-121.79340362548828,36.971218109130859
92067207,2023,2023-05-12,9720,2023-05-01,"255 ",020977,,1,3,9,4400,0,1,3,,2,030,"RT 1","SR-152 (MAIN STREET)",322.00,S,N,A,-,Y,SCR,,1," ",R,2.760,H,,R,Y,3,0,1,1,A,-,01,23152,A,N,E,I,A,A,H,-,A,D,0,,,,,Y,Y,A,01,0,1,0,0,0,0,0,0,0,"- ","- ",36.92047119140625,-121.79116821289062,"SANTA CRUZ",UNINCORPORATED,-121.79091644287109,36.920627593994141
92069732,2023,2023-05-16,9720,2023-04-28,"655 ",015699,,5,1,9,4400,0,3,5,,2,200,"DOLPHIN DR","SEASCAPE BLVD",0.00,,Y,E,-,N,,,,,,,,,,N,4,0,1,2,A,-,09,21800,C,N,D,G,A,A,H,-,A,A,0,,Y,,,Y,,L,04,0,0,1,0,0,0,1,0,0,"- ","- ",36.951740264892578,-121.86945343017578,"SANTA CRUZ",UNINCORPORATED,-121.86940002441406,36.951694488525391
92069858,2023,2023-05-16,9720,2023-05-07,1435,023103,,7,2,9,4400,0,1,3,,1,010,SR-1,"BONNY DOON ROAD",2640.00,N,N,A,-,Y,SCR,,1," "," ",28.080,H,,R,Y,4,0,2,2,A,-,09,21804,A,N,B,C,A,A,H,-,A,D,0,,,,,Y,,D,22,0,0,2,0,0,0,0,0,0,"- ","- ",37.006141662597656,-122.18579864501953,"SANTA CRUZ",UNINCORPORATED,-122.18583679199219,37.006114959716797
92070773,2023,2023-05-17,9720,2023-05-04,1729,023214,,4,2,9,4400,0,1,3,,1,035,SR-129,"CARLTON RD.",50.00,W,N,A,-,Y,SCR,,129," "," ",3.257,H,,R,Y,2,0,1,3,A,-,09,21802,A,F,F,A,A,A,H,-,A,A,0,,,Y,,Y,,D,22,1,0,0,0,0,0,0,0,1,"- ","- ",36.924350738525391,-121.69941711425781,"SANTA CRUZ",UNINCORPORATED,-121.69941711425781,36.924308776855469
92071443,2023,2023-05-17,9720,2023-05-07,1358,021211,,7,1,9,4400,0,1,3,,1,010,SR-1,"BOONY DOON RD.",2640.00,S,N,A,-,Y,SCR,,1," "," ",27.122,H,,R,Y,3,0,4,3,A,-,03,22350,,N,C,C,A,A,H,-,A,D,0,,,,,Y,,A,01,0,1,3,0,0,0,0,0,0,"- ","- ",36.996089935302734,-122.17349243164062,"SANTA CRUZ",UNINCORPORATED,-122.17349243164062,36.996089935302734
92071456,2023,2023-05-17,9720,2023-05-06,1205,021211,,6,1,3,4404,0,1,3,,1,017,"SR-17 N/B","MOUNT HERMON RD.",1584.00,N,N,B,C,Y,SCR,,17," "," ",3.747,H,,R,Y,3,0,1,1,A,-,03,22350,,N,F,A,A,B,H,-,A,D,0,,,,,Y,,D,22,0,1,0,0,0,0,0,0,0,"- ","- ",37.038810729980469,-122.01738739013672,"SANTA CRUZ","SCOTTS VALLEY",-122.01744842529297,37.038825988769531
92071457,2023,2023-05-17,9720,2023-05-08,1636,023103,,1,2,9,4400,0,2,4,,1,016,"GRAHAM HILL ROAD","LOCKEWOOD LN",528.00,S,N,A,-,N,,,,,,,,,,N,4,0,1,2,A,-,03,22350,,N,C,C,A,A,H,-,A,A,0,,,,,Y,,A,01,0,0,1,0,0,0,0,0,0,"- ","- ",37.035221099853516,-122.04167175292969,"SANTA CRUZ",UNINCORPORATED,-122.04176330566406,37.035488128662109
92071464,2023,2023-05-18,9720,2023-05-13,"710 ",022349,,6,1,9,4400,0,3,5,,2,100,"BEAR CREEK RD.","BEAR MOUNTAIN RD.",5.00,S,N,A,-,N,,,,,,,,,,Y,3,0,1,1,A,-,08,22107,,N,E,8,A,A,H,-,A,D,0,,,,,Y,,A,07,0,1,0,0,0,0,0,0,0,"- ","- ",37.166538238525391,-122.026611328125,"SANTA CRUZ",UNINCORPORATED,-122.03047180175781,37.166042327880859
92071694,2023,2023-05-18,9720,2023-05-06,1415,023103,,6,2,9,4400,0,1,3,,1,017,"N/B SR-17","MT HERMON RD",1584.00,S,N,B,-,Y,SCR,,17," "," ",3.138,H,,R,N,4,0,1,2,A,-,07,21658,A,N,B,C,A,B,H,-,A,D,0,,,Y,,Y,,A,01,0,0,1,0,0,0,0,0,1,"- ","- ",37.031620025634766,-122.02265167236328,"SANTA CRUZ",UNINCORPORATED,-122.02264404296875,37.031620025634766
92071737,2023,2023-05-18,9720,2023-05-10,1926,023103,,3,2,9,4400,0,2,4,,1,024,"CAPITOLA ROAD","SOQUEL AVENUE",400.00,S,N,A,-,N,,,,,,,,,,Y,4,0,1,1,C,-,18,,,N,E,I,A,A,H,-,A,D,0,,,,,Y,,-,"- ",0,0,1,0,0,0,0,0,0,"- ","- ",36.98114013671875,-121.99620819091797,"SANTA CRUZ",UNINCORPORATED,-121.99741363525391,36.981929779052734
92072259,2023,2023-05-18,9720,2023-05-07,2000,023103,,7,2,9,4400,0,3,5,,2,100,"EMPIRE GRADE ROAD","KAMAUR LANE",0.00,,Y,A,-,N,,,,,,,,,,Y,4,0,1,2,A,-,09,21801,A,M,D,C,A,A,H,-,D,D,0,,,,,Y,,A,01,0,0,1,0,0,0,0,0,0,"- ","- ",37.009010314941406,-122.07563781738281,"SANTA CRUZ",UNINCORPORATED,-122.07562255859375,37.009044647216797
92073718,2023,2023-05-22,9720,2023-05-07,1430,023186,,7,2,9,4400,0,2,4,,1,021,"THURBER LN","BOBWHTE LANE",105.00,S,N,A,-,N,,,,,,,,,,Y,3,0,1,1,A,-,01,23152,A,N,E,I,A,A,H,-,A,D,0,,,,,Y,Y,A,01,0,1,0,0,0,0,0,0,0,"- ","- ",36.990859985351562,-121.97853088378906,"SANTA CRUZ",UNINCORPORATED,-121.97853851318359,36.990959167480469
92073722,2023,2023-05-29,9720,2023-05-11,"900 ",023166,,4,1,9,4400,0,2,4,,1,021,"SOQUEL DR.","STATE PARK DR.",328.00,E,N,A,-,N,,,,,,,,,,Y,3,0,1,2,A,-,09,21801,A,N,D,C,A,A,H,-,A,D,0,,,Y,,Y,,A,01,0,1,0,0,0,0,0,0,1,"- ","- ",36.978008270263672,-121.90669250488281,"SANTA CRUZ",UNINCORPORATED,-121.90779876708984,36.979122161865234
92073760,2023,2023-05-22,9720,2023-05-12,2208,022400,,5,3,9,4400,0,1,3,,1,014,"SR-9 S/B","SARATOGA TOLL ROAD",3168.00,N,N,A,-,Y,SCR,,9," "," ",19.832,H,,L,Y,3,0,1,1,A,-,01,23152,A,N,E,I,A,A,H,-,D,D,0,,,,,Y,Y,A,01,0,1,0,0,0,0,0,0,0,"- ","- ",37.213420867919922,-122.14708709716797,"SANTA CRUZ",UNINCORPORATED,-122.14701843261719,37.213420867919922
92073771,2023,2023-05-22,9720,2023-05-12,2240,022976,,5,3,9,4400,0,1,3,,2,030,"SR-1 S/B TO AIRPORT BLVD","AIRPORT BLVD",500.00,N,N,A,-,Y,SCR,,1," ",R,3.356,H,,L,Y,4,0,1,1,A,-,08,22107,,N,F,A,A,A,H,-,D,D,0,,,,,Y,,A,01,0,0,1,0,0,0,0,0,0,"- ","- ",36.925861358642578,-121.79966735839844,"SANTA CRUZ",UNINCORPORATED,-121.79958343505859,36.925960540771484
92073775,2023,2023-05-22,9720,2023-05-14,1543,022901,,7,2,9,4400,0,3,5,,2,200,"VINE HILL ROAD","JARVIS ROAD",868.00,N,N,B,-,N,,,,,,,,,,N,4,0,1,1,A,-,08,22107,,N,E,I,A,A,H,-,A,D,0,,,,,Y,,A,07,0,0,1,0,0,0,0,0,0,"- ","- ",37.059638977050781,-121.98126983642578,"SANTA CRUZ",UNINCORPORATED,-121.98137664794922,37.05999755859375
92074040,2023,2023-05-22,9720,2023-05-14,2320,023245,,7,3,9,4400,0,3,5,,2,200,"SOQUEL AVE","SR-1 S/B EXIT RAMP TO SOQUEL AVE",5.00,E,N,B,-,Y,,,,,,,,,,N,4,0,1,2,A,-,03,22350,,N,C,C,A,B,H,-,D,A,0,,,,,Y,,A,01,0,0,1,0,0,0,0,0,0,"- ","- ",36.986480712890625,-121.98562622070312,"SANTA CRUZ",UNINCORPORATED,-121.987548828125,36.985958099365234
92074200,2023,2023-05-22,9720,2023-05-17,1440,023214,,3,2,9,4400,0,1,3,,1,035,SR-129,"ROGGE LN.",4752.00,E,N,A,-,Y,SCR,,129," "," ",8.069,H,,R,Y,3,0,1,1,A,-,08,22107,,N,E,I,A,A,H,-,A,D,0,,,,Y,Y,,G,27,0,1,0,0,0,0,0,0,0,"- ","- ",36.912689208984375,-121.62824249267578,"SANTA CRUZ",UNINCORPORATED,-121.62823486328125,36.912635803222656
92074494,2023,2023-05-22,9720,2023-05-18,"923 ",014653,,4,1,9,4400,0,1,3,,1,035,"SR-129 (RIVERSIDE DR)","SR-1 N/B",500.00,E,N,B,-,Y,SCR,,129," ",L,0.095,H,,R,Y,3,0,1,2,A,-,03,22350,,N,C,C,A,A,H,-,A,A,0,,,,,Y,,A,01,0,1,0,0,0,0,0,0,0,"- ","- ",36.894989013671875,-121.77256774902344,"SANTA CRUZ",UNINCORPORATED,-121.77250671386719,36.894901275634766
92074553,2023,2023-05-22,9720,2023-05-19,1230,021717,,5,1,9,4400,0,2,4,,1,021,"SOQUEL DR","PORTER ST",0.00,,Y,A,-,N,,,,,,,,,,Y,4,0,1,2,A,-,09,21453,C,N,D,C,A,A,H,-,A,A,0,,,,,Y,,A,01,0,0,1,0,0,0,0,0,0,"- ","- ",36.988109588623047,-121.95742034912109,"SANTA CRUZ",UNINCORPORATED,-121.95737457275391,36.988117218017578
92075039,2023,2023-05-23,9720,2023-05-16,"810 ",021211,,2,1,9,4400,0,2,4,,1,032,"GREEN VALLEY RD","AMESTI RD",0.00,,Y,B,-,N,,,,,,,,,,N,4,0,1,2,A,-,03,22350,,N,C,C,A,A,H,-,A,D,0,,,,,Y,,A,07,0,0,1,0,0,0,0,0,0,"- ","- ",36.945758819580078,-121.76685333251953,"SANTA CRUZ",UNINCORPORATED,-121.76686859130859,36.945621490478516
92075155,2023,2023-05-23,9720,2023-05-18,1605,023214,,4,2,9,4400,0,3,5,,2,200,"HARKLEROAD AVE.","RODRIGUEZ ST.",20.00,S,N,A,-,N,,,,,,,,,,N,4,0,1,2,A,-,05,21460,A,N,B,C,A,A,H,-,A,A,0,,,,,Y,,A,01,0,0,1,0,0,0,0,0,0,"- ","- ",36.982208251953125,-121.98323059082031,"SANTA CRUZ",UNINCORPORATED,-121.98316955566406,36.982246398925781
92075162,2023,2023-05-23,9720,2023-05-19,1140,021717,,5,1,9,4400,0,1,3,,2,020,"SR-1 N/B","41ST AVE.",1056.00,S,N,A,-,Y,SCR,,1," "," ",13.368,H,,R,Y,4,0,1,2,A,-,03,22350,,N,C,C,A,A,H,-,A,D,0,,,,,Y,,A,01,0,0,1,0,0,0,0,0,0,"- ","- ",36.982978820800781,-121.9599609375,"SANTA CRUZ",UNINCORPORATED,-121.9599609375,36.982990264892578
92075306,2023,2023-05-23,9720,2023-05-22,1720,021540,,1,2,9,4400,0,1,3,,2,020,"SR-1 S/B","STATE PARD DR",1000.00,N,N,A,-,Y,SCR,,1," "," ",10.882,H,,L,N,4,0,2,2,A,-,03,22350,,N,C,C,A,A,H,-,A,D,0,,,,,Y,,D,22,0,0,2,0,0,0,0,0,0,"- ","- ",36.980690002441406,-121.91568756103516,"SANTA CRUZ",UNINCORPORATED,-121.91570281982422,36.980674743652344
92076093,2023,2023-05-24,9720,2023-05-12,1525,023026,,5,2,9,4400,0,1,3,,1,035,SR-129,"ROGGE LN",528.00,W,N,A,-,Y,SCR,,129," "," ",7.052,H,,R,Y,4,0,2,4,A,-,01,23152,A,N,A,C,A,A,H,-,A,D,0,,,,,Y,Y,A,01,0,0,2,0,0,0,0,0,0,"- ","- ",36.903949737548828,-121.64186859130859,"SANTA CRUZ",UNINCORPORATED,-121.64187622070312,36.903911590576172
92076122,2023,2023-05-24,9720,2023-05-13,1120,022349,,6,1,9,4400,0,2,4,,1,016,"GRAHAM HILL RD","LYLE WAY",50.00,S,N,A,-,N,,,,,,,,,,Y,3,0,1,2,A,-,03,22350,,N,C,C,A,A,H,-,A,D,0,,,,,Y,,A,01,0,1,0,0,0,0,0,0,0,"- ","- ",36.999069213867188,-122.02996063232422,"SANTA CRUZ",UNINCORPORATED,-122.03000640869141,36.999107360839844
92076240,2023,2023-05-24,9720,2023-05-16,1534,023186,,2,2,9,4400,0,1,3,,1,015,"RT 9","PACIFIC STREET",658.00,N,N,A,-,Y,SCR,,9," "," ",11.559,H,,R,Y,3,0,1,1,A,-,08,22107,,N,E,I,A,A,H,-,A,D,0,,,,,Y,,A,07,0,1,0,0,0,0,0,0,0,"- ","- ",37.107589721679688,-122.11212158203125,"SANTA CRUZ",UNINCORPORATED,-122.11212158203125,37.107612609863281
92076292,2023,2023-05-24,9720,2023-05-18,1646,023214,,4,2,9,4400,0,1,3,,2,020,"SR-1 S/B","RIVER ST.",1056.00,S,N,A,-,Y,SCR,,1," "," ",17.313,H,,L,Y,3,0,2,4,A,-,03,22350,,N,C,C,A,A,H,-,A,D,0,,,,,Y,,D,22,0,2,0,0,0,0,0,0,0,"- ","- ",36.985561370849609,-122.02572631835938,"SANTA CRUZ",UNINCORPORATED,-122.02572631835938,36.985549926757812
92076391,2023,2023-05-24,9720,2023-05-21,"610 ",021211,,7,1,9,4400,0,1,3,,1,010,SR-1,"DAVENPORT AVE",400.00,S,N,B,-,Y,SCR,,1," "," ",28.546,H,,R,Y,4,0,1,1,A,-,08,22107,,N,E,I,A,A,H,-,A,A,0,,,,,Y,,A,01,0,0,1,0,0,0,0,0,0,"- ","- ",37.009998321533203,-122.19268798828125,"SANTA CRUZ",UNINCORPORATED,-122.19265747070312,37.010047912597656
92077652,2023,2023-05-25,9720,2023-05-15,1125,021248,,1,1,9,4400,0,1,3,,2,020,"SR-1 N/B","41ST AVE.",528.00,S,N,A,-,Y,SCR,,1," "," ",13.338,H,,R,Y,4,0,2,3,A,-,03,22350,,N,B,C,A,A,H,-,A,D,0,,,,,Y,,A,07,0,0,2,0,0,0,0,0,0,"- ","- ",36.983009338378906,-121.95942687988281,"SANTA CRUZ",UNINCORPORATED,-121.95942687988281,36.983039855957031
92079629,2023,2023-05-26,9720,2023-05-16,2230,021940,,2,3,9,4400,0,1,3,,1,035,SR-129,"ROGGE LN.",500.00,E,N,A,-,Y,SCR,,129," "," ",7.290,H,,R,N,3,0,1,1,A,-,03,22350,,N,E,J,A,A,H,-,D,D,0,,,,,Y,,A,01,0,1,0,0,0,0,0,0,0,"- ","- ",36.904399871826172,-121.63768005371094,"SANTA CRUZ",UNINCORPORATED,-121.63767242431641,36.904392242431641
92080115,2023,2023-05-29,9720,2023-05-12,1720,022907,,5,2,9,4400,0,1,3,,1,034,SR-152,"CASSERLY RD",2112.00,E,N,A,-,Y,SCR,,152," "," ",4.194,H,,R,Y,3,0,2,2,A,-,01,23152,A,N,A,C,A,A,H,-,A,D,0,,,,,Y,Y,D,22,0,1,1,0,0,0,0,0,0,"- ","- ",36.961769104003906,-121.72215270996094,"SANTA CRUZ",UNINCORPORATED,-121.72217559814453,36.961765289306641
92080144,2023,2023-05-29,9720,2023-05-20,2311,022545,,6,3,9,4400,0,2,4,,1,031,"FREEDOM BLVD","HAMES RD",528.00,S,N,A,-,N,,,,,,,,,,Y,3,0,1,1,A,-,01,23152,A,N,E,8,A,A,H,-,D,D,0,,,,,Y,Y,A,01,0,1,0,0,0,0,0,0,0,"- ","- ",36.986141204833984,-121.83358764648438,"SANTA CRUZ",UNINCORPORATED,-121.83470916748047,36.986980438232422
92080158,2023,2023-05-29,9720,2023-05-23,1230,021211,,2,1,9,4400,0,3,5,,2,300,"EUREKA CANYON RD.","GERONIMO WAY",400.00,S,N,B,-,N,,,,,,,,,,N,4,0,1,1,C,-,18,,,N,E,I,A,A,H,-,A,D,0,,,,,Y,,-,"- ",0,0,1,0,0,0,0,0,0,"- ","- ",36.995540618896484,-121.80494689941406,"SANTA CRUZ",UNINCORPORATED,-121.80485534667969,36.995613098144531
92080169,2023,2023-05-29,9720,2023-05-24,1050,021717,,3,1,9,4400,0,2,4,,1,021,"SOQUEL DR","CHANTICLEER AVE",0.00,,Y,A,-,N,,,,,,,,,,N,4,0,1,2,A,-,09,21802,A,N,D,C,A,A,H,-,A,A,0,,,,,Y,,A,01,0,0,1,0,0,0,0,0,0,"- ","- ",36.988498687744141,-121.97796630859375,"SANTA CRUZ",UNINCORPORATED,-121.97798919677734,36.988506317138672
92080174,2023,2023-05-29,9720,2023-05-19,"758 ",023146,,5,1,9,4400,0,1,3,,1,015,SR-9,"CLEAR CREEK RD",0.00,,Y,A,-,Y,SCR,,9," "," ",11.409,H,,R,Y,3,0,2,2,A,-,09,21802,A,N,D,C,A,A,H,-,A,D,0,,,,,Y,,A,01,0,1,1,0,0,0,0,0,0,"- ","- ",37.107769012451172,-122.10961151123047,"SANTA CRUZ",UNINCORPORATED,-122.109619140625,37.107822418212891
92080337,2023,2023-05-29,9720,2023-05-14,2227,020977,,7,3,9,4400,0,1,3,,2,030,"RT 1","BUENA VISTA DR",1320.00,S,N,B,C,Y,SCR,,1," ",R,3.842,H,,R,Y,4,0,1,1,A,-,01,23152,A,N,E,I,A,B,H,-,D,D,0,,,,,Y,Y,A,01,0,0,1,0,0,0,0,0,0,"- ","- ",36.930068969726562,-121.806640625,"SANTA CRUZ",UNINCORPORATED,-121.80650329589844,36.930259704589844
92080360,2023,2023-05-29,9720,2023-05-25,1150,014653,,4,1,9,4400,0,1,3,,2,020,"SR-1 N/B","RIO DEL MAR BLVD",2112.00,N,N,B,-,Y,SCR,,1," "," ",9.705,H,,R,Y,3,0,2,3,A,-,03,22350,,N,C,C,A,A,H,-,A,D,0,,,,,Y,,A,01,0,2,0,0,0,0,0,0,0,"- ","- ",36.975070953369141,-121.89630126953125,"SANTA CRUZ",UNINCORPORATED,-121.89630126953125,36.975086212158203
92080404,2023,2023-05-29,9720,2023-05-26,1222,022458,,5,1,9,4400,0,1,3,,2,020,"S/B SR-1 FROM S/B SR-17","N. BRANCIFORTE AVE.",2112.00,N,N,B,-,Y,SCR,,1," "," ",16.669,H,,R,N,4,0,1,2,A,-,03,22350,,N,C,C,A,A,H,-,A,D,0,,,,,Y,,D,22,0,0,1,0,0,0,0,0,0,"- ","- ",36.989109039306641,-122.01857757568359,"SANTA CRUZ",UNINCORPORATED,-122.0185546875,36.989223480224609
92080530,2023,2023-05-29,9720,2023-05-17,1226,023166,,3,1,9,4400,0,2,4,,1,016,"GRAHAM HILL RD.","MICHAEL LN.",451.00,S,N,A,-,N,,,,,,,,,,Y,2,0,1,1,A,-,08,22107,,N,E,8,A,A,H,-,A,D,0,,,Y,,Y,,C,02,1,0,0,0,0,0,0,0,1,"- ","- ",36.997821807861328,-122.02874755859375,"SANTA CRUZ",UNINCORPORATED,-122.02876281738281,36.997577667236328
92080683,2023,2023-05-29,9720,2023-05-21,1700,022044,,7,2,9,4400,0,1,3,,1,014,SR-9,SR-236,2640.00,N,N,A,-,Y,SCR,,9," "," ",22.077,H,,R,Y,4,0,1,1,A,-,08,22107,,N,E,I,A,A,H,-,A,D,0,,,Y,,Y,,C,02,0,0,1,0,0,0,0,0,1,"- ","- ",37.225238800048828,-122.152099609375,"SANTA CRUZ",UNINCORPORATED,-122.15206909179688,37.225208282470703
92080684,2023,2023-05-29,9720,2023-05-22,1505,022044,,1,2,9,4400,0,1,3,,1,017,"SR-17 S/B",SR-1,500.00,N,N,A,-,Y,SCR,,17," "," ",0.147,H,,L,Y,4,0,1,2,A,-,07,21658,A,N,B,C,A,A,H,-,A,D,0,,,,,Y,,D,22,0,0,1,0,0,0,0,0,0,"- ","- ",36.991580963134766,-122.02046203613281,"SANTA CRUZ",UNINCORPORATED,-122.02051544189453,36.991611480712891
92080686,2023,2023-05-30,9720,2023-05-26,1515,023166,,5,2,9,4400,0,2,4,,1,022,"SOQUEL SAN JOSE RD","DAWN LN",49.00,S,N,B,-,N,,,,,,,,,,Y,4,0,4,2,A,-,03,22350,,N,C,C,A,A,H,-,A,D,0,,,,,Y,,A,01,0,0,4,0,0,0,0,0,0,"- ","- ",36.995498657226562,-121.95668029785156,"SANTA CRUZ",UNINCORPORATED,-121.95664978027344,36.995609283447266
92080687,2023,2023-05-30,9720,2023-05-21,2500,023166,,7,4,9,4400,0,1,3,,1,012,SR-236,"ACORN DR",1.00,S,N,A,-,Y,SCR,,236," "," ",2.167,H,,R,Y,3,0,1,1,A,-,08,22107,,M,E,8,A,A,H,-,D,D,0,,,,,Y,,A,07,0,1,0,0,0,0,0,0,0,"- ","- ",37.140018463134766,-122.15242004394531,"SANTA CRUZ",UNINCORPORATED,-122.15240478515625,37.140029907226562
92081591,2023,2023-05-30,9720,2023-05-24,"223 ",023214,,3,3,9,4400,0,1,3,,1,015,SR-9,"GRAHAM HILL RD.",320.00,S,N,A,-,Y,SCR,,9," "," ",6.394,H,,R,Y,3,0,1,2,A,-,01,23152,A,N,E,8,A,A,H,-,C,D,0,,,,,Y,Y,A,07,0,1,0,0,0,0,0,0,0,"- ","- ",37.052040100097656,-122.07333374023438,"SANTA CRUZ",UNINCORPORATED,-122.07323455810547,37.052040100097656
92081629,2023,2023-05-30,9720,2023-05-28,2030,023166,,7,2,9,4400,0,2,4,,1,031,"FREEDOM BLVD","HAMES RD",528.00,E,N,A,-,N,,,,,,,,,,Y,4,0,1,1,C,-,18,,,N,D,H,A,A,H,-,D,D,0,,,,,Y,,-,"- ",0,0,1,0,0,0,0,0,0,"- ","- ",36.986900329589844,-121.83463287353516,"SANTA CRUZ",UNINCORPORATED,-121.83470916748047,36.986980438232422
92083319,2023,2023-06-01,9720,2023-05-19,2000,022907,,5,2,9,4400,0,3,5,,2,100,"QUAIL HOLLOW RD","VISTA ROBLES DR.",295.00,E,N,A,-,N,,,,,,,,,,Y,3,0,1,1,A,-,08,22107,,N,E,8,A,A,H,-,D,D,0,,,,,Y,,A,07,0,1,0,0,0,0,0,0,0,"- ","- ",37.085758209228516,-122.06758880615234,"SANTA CRUZ",UNINCORPORATED,-122.06769561767578,37.085681915283203
92083842,2023,2023-06-01,9720,2023-05-27,1945,023166,,6,2,9,4400,0,1,3,,1,012,SR-236,"LITTLE BASIN RD",2640.00,S,N,A,-,Y,SCR,,236," "," ",6.052,H,,R,Y,2,0,1,1,C,-,18,,,N,H,H,A,A,H,-,B,D,0,,Y,,,Y,,-,"- ",1,0,0,0,0,0,1,0,0,"- ","- ",37.170658111572266,-122.18379211425781,"SANTA CRUZ",UNINCORPORATED,-122.18378448486328,37.170650482177734
92083844,2023,2023-06-01,9720,2023-05-31,"930 ",020562,,3,1,9,4400,0,2,4,,1,021,"SOQUEL DR","MAIN ST",165.00,W,N,B,-,N,,,,,,,,,,N,3,0,1,2,A,-,03,22350,,N,C,C,A,A,H,-,A,D,0,,,Y,,Y,,D,22,0,1,0,0,0,0,0,0,1,"- ","- ",36.98876953125,-121.95532989501953,"SANTA CRUZ",UNINCORPORATED,-121.95519256591797,36.988845825195312
92083922,2023,2023-06-01,9720,2023-05-25,1826,023245,,4,2,9,4400,0,2,4,,1,032,"GREEN VALLEY RD","LITA LANE",179.00,W,N,B,-,N,,,,,,,,,,Y,3,0,1,1,A,-,08,22107,,N,E,8,A,A,H,-,A,D,0,,,,,Y,,A,01,0,1,0,0,0,0,0,0,0,"- ","- ",36.954280853271484,-121.764892578125,"SANTA CRUZ",UNINCORPORATED,-121.76493835449219,36.954868316650391
92085913,2023,2023-06-05,9720,2023-03-03,"800 ",015699,,5,1,9,4400,0,3,5,,2,300,"SAN ANDREAS RD","DAIRY RD",18.00,S,N,A,-,N,,,,,,,,,,Y,2,0,1,1,A,-,03,22350,,N,F,A,A,A,H,-,A,D,0,,,,,Y,,A,01,1,0,0,0,0,0,0,0,0,"- ","- ",36.888050079345703,-121.80651092529297,"SANTA CRUZ",UNINCORPORATED,-121.80657958984375,36.888134002685547
92085973,2023,2023-06-05,9720,2023-04-12,"920 ",015699,,3,1,9,4400,0,1,3,,2,030,"STATE HIGHWAY 1 N/B","FREEDOM BLVD O/C",300.00,S,N,A,-,Y,SCR,,1," "," ",8.318,H,,R,N,4,0,1,3,A,-,07,21658,A,N,B,C,A,A,H,-,A,D,0,,,Y,,Y,,I,09,0,0,1,0,0,0,0,0,1,"- ","- ",36.970100402832031,-121.87252044677734,"SANTA CRUZ",UNINCORPORATED,-121.87251281738281,36.970108032226562
92086157,2023,2023-06-05,9720,2023-05-24,"737 ",023103,,3,1,9,4400,0,1,3,,2,030,"NORTHBOUND SR-1","MAR MONTE AVENUE",0.00,,Y,B,-,Y,SCR,,1," ",R,6.695,H,,R,Y,4,0,1,2,A,-,09,21802,A,N,C,C,A,A,H,-,A,A,0,,,,,Y,,A,07,0,0,1,0,0,0,0,0,0,"- ","- ",36.950038909912109,-121.85090637207031,"SANTA CRUZ",UNINCORPORATED,-121.85108947753906,36.949909210205078
92086306,2023,2023-06-05,9720,2023-05-25,2219,023214,,4,3,9,4400,0,1,3,,1,017,"SR-17 S/B","GRANITE CREEK RD.",2640.00,S,N,A,-,Y,SCR,,17," "," ",4.965,H,,L,Y,4,0,3,2,A,-,01,23152,A,N,C,C,A,A,D,-,D,D,0,,,,,Y,Y,A,01,0,0,3,0,0,0,0,0,0,"- ","- ",37.054729461669922,-122.00801849365234,"SANTA CRUZ",UNINCORPORATED,-122.00804138183594,37.054737091064453