CASE_ID,ACCIDENT_YEAR,PROC_DATE,JURIS,COLLISION_DATE,COLLISION_TIME,OFFICER_ID,REPORTING_DISTRICT,DAY_OF_WEEK,CHP_SHIFT,POPULATION,CNTY_CITY_LOC,SPECIAL_COND,BEAT_TYPE,CHP_BEAT_TYPE,CITY_DIVISION_LAPD,CHP_BEAT_CLASS,BEAT_NUMBER,PRIMARY_RD,SECONDARY_RD,DISTANCE,DIRECTION,INTERSECTION,WEATHER_1,WEATHER_2,STATE_HWY_IND,CALTRANS_COUNTY,CALTRANS_DISTRICT,STATE_ROUTE,ROUTE_SUFFIX,POSTMILE_PREFIX,POSTMILE,LOCATION_TYPE,RAMP_INTERSECTION,SIDE_OF_HWY,TOW_AWAY,COLLISION_SEVERITY,NUMBER_KILLED,NUMBER_INJURED,PARTY_COUNT,PRIMARY_COLL_FACTOR,PCF_CODE_OF_VIOL,PCF_VIOL_CATEGORY,PCF_VIOLATION,PCF_VIOL_SUBSECTION,HIT_AND_RUN,TYPE_OF_COLLISION,MVIW,PED_ACTION,ROAD_SURFACE,ROAD_COND_1,ROAD_COND_2,LIGHTING,CONTROL_DEVICE,CHP_ROAD_TYPE,PEDESTRIAN_ACCIDENT,BICYCLE_ACCIDENT,MOTORCYCLE_ACCIDENT,TRUCK_ACCIDENT,NOT_PRIVATE_PROPERTY,ALCOHOL_INVOLVED,STWD_VEHTYPE_AT_FAULT,CHP_VEHTYPE_AT_FAULT,COUNT_SEVERE_INJ,COUNT_VISIBLE_INJ,COUNT_COMPLAINT_PAIN,COUNT_PED_KILLED,COUNT_PED_INJURED,COUNT_BICYCLIST_KILLED,COUNT_BICYCLIST_INJURED,COUNT_MC_KILLED,COUNT_MC_INJURED,PRIMARY_RAMP,SECONDARY_RAMP,LATITUDE,LONGITUDE,COUNTY,CITY,POINT_X,POINT_Y
92086755,2023,2023-06-06,9720,2023-05-27,1920,023146,,6,2,9,4400,0,3,5,,2,100,"PINE ST","LOMOND ST",0.00,,Y,A,-,N,,,,,,,,,,N,4,0,1,2,A,-,12,22450,A,N,D,C,A,A,H,-,A,A,0,,,,,Y,,A,01,0,0,1,0,0,0,0,0,0,"- ","- ",37.123210906982422,-122.12235260009766,"SANTA CRUZ",UNINCORPORATED,-122.12232208251953,37.123191833496094
92086802,2023,2023-06-06,9720,2023-05-28,1258,021211,,7,1,9,4400,0,1,3,,1,017,"SR-17 S/B","GLENWOOD DR",0.00,,Y,B,-,Y,SCR,,17," "," ",10.642,H,,L,Y,4,0,1,2,A,-,09,21802,A,N,D,C,A,A,H,-,A,D,0,,,,,Y,,A,07,0,0,1,0,0,0,0,0,0,"- ","- ",37.119861602783203,-121.97605895996094,"SANTA CRUZ",UNINCORPORATED,-121.97608947753906,37.119857788085938
92087345,2023,2023-06-06,9720,2023-06-03,1250,022458,,6,1,9,4400,0,3,5,,2,100,"MARTIN ROAD","QUAIL DRIVE",528.00,N,N,A,-,N,,,,,,,,,,N,2,0,1,1,A,-,08,22107,,N,F,A,A,A,H,-,A,D,0,,,Y,,Y,,C,02,1,0,0,0,0,0,0,0,1,"- ","- ",37.046669006347656,-122.14740753173828,"SANTA CRUZ",UNINCORPORATED,-122.14736938476562,37.046100616455078
92087391,2023,2023-06-06,9720,2023-06-06,"959 ",020562,,2,1,9,4400,0,3,5,,2,200,"SIESTA DR","PALO VERDE DR",260.00,E,N,B,C,N,,,,,,,,,,Y,3,0,1,3,A,-,08,22107,,N,C,E,A,B,H,-,A,D,0,,,,,Y,,D,22,0,1,0,0,0,0,0,0,0,"- ","- ",36.9788818359375,-121.89047241210938,"SANTA CRUZ",UNINCORPORATED,-121.89048767089844,36.978923797607422
92088531,2023,2023-06-07,9720,2023-05-25,"10  ",020977,,4,3,9,4400,0,1,3,,1,035,"STATE ROUTE 129","ROGGE LANE",374.00,E,N,B,C,N,,,,,,,,,,Y,3,0,1,2,A,-,01,23152,A,N,E,I,A,B,H,-,D,D,0,,,,,Y,Y,A,01,0,1,0,0,0,0,0,0,0,"- ","- ",36.904170989990234,-121.64373779296875,"SANTA CRUZ",UNINCORPORATED,-121.64374542236328,36.904155731201172
92088544,2023,2023-06-07,9720,2023-05-27,1720,022901,,6,2,9,4400,0,2,4,,1,023,"7TH AVENUE","EATON STREET",0.00,,Y,A,-,N,,,,,,,,,,N,3,0,1,2,A,-,08,22107,,F,H,G,A,A,H,-,A,A,0,,Y,,,Y,,-,99,0,1,0,0,0,0,1,0,0,"- ","- ",36.967739105224609,-121.99783325195312,"SANTA CRUZ",UNINCORPORATED,-121.99800109863281,36.967670440673828
92088556,2023,2023-06-07,9720,2023-05-27,1820,021940,,6,2,9,4400,0,1,3,,2,030,"BUENA VISTA DR.","SB SR-1 TO BUENA VISTA DR.",0.00,,Y,B,-,N,,,,,,,,,,Y,3,0,1,2,A,-,09,21802,A,N,D,C,A,B,H,-,A,A,0,,,,,Y,,A,01,0,1,0,0,0,0,0,0,0,"- ","- ",36.930950164794922,-121.81127166748047,"SANTA CRUZ",UNINCORPORATED,,
92089183,2023,2023-06-08,9720,2023-05-31,1440,021940,,3,2,9,4400,0,1,3,,1,017,"SR-17 S/B","MT. HERMON RD.",2112.00,N,N,A,-,Y,SCR,,17," "," ",3.859,H,,L,Y,3,0,1,2,A,-,07,21658,A,N,B,C,A,A,H,-,A,D,0,,,,,Y,,A,01,0,1,0,0,0,0,0,0,0,"- ","- ",37.040458679199219,-122.01686859130859,"SANTA CRUZ",UNINCORPORATED,-122.01689147949219,37.04046630859375
92089397,2023,2023-06-08,9720,2023-05-18,"710 ",015699,,4,1,9,4400,0,2,4,,1,032,"GREEN VALLEY RD","MINTO RD",190.00,N,N,A,-,N,,,,,,,,,,Y,3,0,2,2,A,-,09,21804,A,N,D,C,A,A,H,-,A,D,0,,,,,Y,,A,01,0,1,1,0,0,0,0,0,0,"- ","- ",36.951858520507812,-121.76493835449219,"SANTA CRUZ",UNINCORPORATED,-121.76490783691406,36.951881408691406
92089525,2023,2023-06-08,9720,2023-06-04,"930 ",021940,,7,1,9,4400,0,3,5,,2,300,"PLEASANT VALLEY RD.","HAMES RD.",792.00,W,N,A,-,N,,,,,,,,,,Y,3,0,1,1,A,-,08,22107,,N,E,I,A,A,H,-,A,D,0,,,,,Y,,D,22,0,1,0,0,0,0,0,0,0,"- ","- ",36.992538452148438,-121.82884216308594,"SANTA CRUZ",UNINCORPORATED,-121.82872009277344,36.992511749267578
92089648,2023,2023-06-08,9720,2023-05-27,1745,022901,,6,2,9,4400,0,2,4,,1,024,"EAST CLIFF DRIVE","36TH AVENUE",152.00,E,N,A,-,N,,,,,,,,,,N,3,0,1,2,A,-,08,22107,,N,H,G,A,A,H,-,A,D,0,,Y,,,Y,,A,01,0,1,0,0,0,0,1,0,0,"- ","- ",36.958099365234375,-121.96913909912109,"SANTA CRUZ",UNINCORPORATED,-121.96926116943359,36.957965850830078
92090511,2023,2023-06-09,9720,2023-05-27,"938 ",023103,,6,1,9,4400,0,3,5,,2,100,"PINE FLAT ROAD","KELLY LN",3696.00,N,N,A,-,N,,,,,,,,,,Y,4,0,1,1,A,-,08,22107,,N,E,I,A,A,H,-,A,D,0,,,,,Y,,A,07,0,0,1,0,0,0,0,0,0,"- ","- ",37.071128845214844,-122.14357757568359,"SANTA CRUZ",UNINCORPORATED,-122.14237976074219,37.076587677001953
92090517,2023,2023-06-09,9720,2023-05-28,1210,023103,,7,1,9,4400,0,1,3,,1,015,SR-9,"HILLSIDE AVE",50.00,S,N,B,-,Y,SCR,,9," "," ",9.302,H,,R,Y,4,0,1,2,A,-,03,22350,,N,C,C,A,A,H,-,A,D,0,,,,,Y,,A,01,0,0,1,0,0,0,0,0,0,"- ","- ",37.087600708007812,-122.08865356445312,"SANTA CRUZ",UNINCORPORATED,-122.08866119384766,37.087600708007812
92090938,2023,2023-06-12,9720,2023-06-01,1755,023245,,4,2,9,4400,0,1,3,,2,020,"SR-1 S/B FROM 41ST AVENUE","41ST AVENUE",50.00,S,N,B,-,Y,,,,,,,,,,Y,3,0,1,1,A,-,01,23152,A,M,E,8,A,A,H,-,A,D,0,,,,,Y,Y,A,08,0,1,0,0,0,0,0,0,0,"- ","- ",36.982051849365234,-121.96421813964844,"SANTA CRUZ",UNINCORPORATED,-121.96421813964844,36.982051849365234
92090943,2023,2023-06-12,9720,2023-06-01,1905,023166,,4,2,9,4400,0,1,3,,1,012,SR-236,"PARK ST",266.00,S,N,A,-,Y,SCR,,236," "," ",1.040,H,,R,Y,2,0,1,1,A,-,08,22107,,N,E,I,A,A,H,-,A,D,0,,,,,Y,,A,07,1,0,0,0,0,0,0,0,0,"- ","- ",37.132480621337891,-122.13780975341797,"SANTA CRUZ",UNINCORPORATED,-122.13780975341797,37.132480621337891
92090946,2023,2023-06-12,9720,2023-06-01,1940,023166,,4,2,9,4400,0,3,5,,2,100,"EMPIRE GRADE RD","ALBA RD",215.00,N,N,A,-,N,,,,,,,,,,Y,2,0,2,1,A,-,08,22107,,N,E,I,A,A,H,-,A,D,0,,,,,Y,,D,22,1,0,1,0,0,0,0,0,0,"- ","- ",37.104709625244141,-122.14144134521484,"SANTA CRUZ",UNINCORPORATED,-122.14140319824219,37.104637145996094
92090957,2023,2023-06-12,9720,2023-06-03,1559,023166,,6,2,9,4400,0,3,5,,2,300,"SR-129 W/B","ROGGE LN",5280.00,E,N,A,-,Y,SCR,,129," "," ",8.148,H,,L,Y,4,0,1,1,A,-,08,22107,,N,E,8,A,A,H,-,A,D,0,,,,,Y,,A,07,0,0,1,0,0,0,0,0,0,"- ","- ",36.912300109863281,-121.62686157226562,"SANTA CRUZ",UNINCORPORATED,-121.62688446044922,36.912261962890625
92091754,2023,2023-06-12,9720,2023-06-06,"735 ",021248,,2,1,9,4400,0,3,5,,2,200,"MOUNTAIN VIEW RD.","BLUE JAY LN",400.00,E,N,A,-,N,,,,,,,,,,N,4,0,1,1,A,-,03,22350,,N,E,I,A,A,H,-,A,D,0,,,,,Y,,A,01,0,0,1,0,0,0,0,0,0,"- ","- ",37.056140899658203,-121.96690368652344,"SANTA CRUZ",UNINCORPORATED,-121.966796875,37.056083679199219
92091765,2023,2023-06-12,9720,2023-06-06,1450,023245,,2,2,9,4400,0,2,4,,1,021,"SOQUEL DR","ROBERTSON ST",25.00,W,N,B,-,N,,,,,,,,,,Y,3,0,2,3,A,-,07,21658,A,N,B,C,A,A,H,-,A,A,0,,,,,Y,,A,01,0,2,0,0,0,0,0,0,0,"- ","- ",36.987770080566406,-121.96083831787109,"SANTA CRUZ",UNINCORPORATED,-121.96065521240234,36.987773895263672
92091825,2023,2023-06-12,9720,2023-06-08,1920,018171,,4,2,9,4400,0,1,3,,1,017,"SR-17 S/B","SANTA CRUZ RIDGE",650.00,N,N,A,-,Y,SCR,,17," "," ",11.534,H,,L,N,4,0,1,2,A,-,03,22350,,N,C,C,A,A,D,-,A,D,0,,,,,Y,,A,01,0,0,1,0,0,0,0,0,0,"- ","- ",37.130508422851562,-121.97862243652344,"SANTA CRUZ",UNINCORPORATED,-121.97864532470703,37.130496978759766
92091873,2023,2023-06-12,9720,2023-06-09,1147,022458,,5,1,9,4400,0,2,4,,1,024,"BROMMER STREET","CAPTAINS CT",100.00,W,N,A,-,N,,,,,,,,,,N,3,0,1,1,A,-,16,24002,A,N,F,A,A,A,H,-,A,D,0,,Y,,,Y,,M,91,0,1,0,0,0,0,1,0,0,"- ","- ",36.972080230712891,-121.99375915527344,"SANTA CRUZ",UNINCORPORATED,-121.99393463134766,36.972030639648438
92091900,2023,2023-06-12,9720,2023-06-12,"605 ",022399,,1,1,9,4400,0,1,3,,2,030,"SB SR-1","BUENA VISTA DR",1056.00,S,N,B,-,Y,SCR,,1," ",R,3.853,H,,L,Y,2,0,1,1,A,-,08,22107,,N,E,I,A,A,H,-,A,D,0,,,,,Y,,D,22,1,0,0,0,0,0,0,0,0,"- ","- ",36.930030822753906,-121.80693054199219,"SANTA CRUZ",UNINCORPORATED,-121.80686950683594,36.930122375488281
92092353,2023,2023-06-13,9720,2023-06-03,"18  ",019100,,6,3,9,4400,0,1,3,,2,020,"SR-1 N/B","MORRISSEY BLVD",528.00,S,N,A,-,Y,SCR,,1," "," ",15.714,H,,R,N,3,0,1,1,A,-,01,23152,A,N,E,I,A,A,H,-,D,D,0,,,,,Y,Y,A,01,0,1,0,0,0,0,0,0,0,"- ","- ",36.988449096679688,-122.00137329101562,"SANTA CRUZ",UNINCORPORATED,-122.00137329101562,36.988349914550781
92092377,2023,2023-06-13,9720,2023-06-01,1540,023166,,4,2,9,4400,0,2,4,,1,023,"41ST AVE","BAIN AVE",135.00,S,N,A,-,N,,,,,,,,,,N,3,0,1,2,A,-,08,22107,,N,H,G,A,A,H,-,A,D,0,,Y,,,Y,,A,01,0,1,0,0,0,0,1,0,0,"- ","- ",36.965278625488281,-121.96498107910156,"SANTA CRUZ",UNINCORPORATED,-121.96491241455078,36.965278625488281
92092381,2023,2023-06-13,9720,2023-06-04,"945 ",021211,,7,1,9,4400,0,1,3,,1,017,"SR-17 S/B","SUMMIT RD",4752.00,S,N,A,-,Y,SCR,,17," "," ",11.781,H,,L,Y,4,0,4,5,A,-,03,22350,,N,C,C,A,A,H,-,A,D,0,,,,,Y,,A,01,0,0,4,0,0,0,0,0,0,"- ","- ",37.133338928222656,-121.98168182373047,"SANTA CRUZ",UNINCORPORATED,-121.98165893554688,37.133354187011719
92092387,2023,2023-06-13,9720,2023-06-04,1520,021833,,7,2,9,4400,0,1,3,,1,010,SR-1,"LOWER SWANTON RD",4224.00,N,N,B,-,Y,SCR,,1," "," ",31.499,H,,R,Y,3,0,3,2,A,-,09,21804,A,N,D,2,A,A,H,-,A,D,0,,,,,Y,,A,01,0,3,0,0,0,0,0,0,0,"- ","- ",37.039989471435547,-122.22825622558594,"SANTA CRUZ",UNINCORPORATED,-122.22830200195312,37.039966583251953
92093353,2023,2023-06-14,9720,2023-06-06,"740 ",015170,,2,1,9,4400,0,1,3,,1,017,SR-17,"GLENWOOD DR",0.00,,Y,B,-,Y,SCR,,17," "," ",10.639,H,,R,N,3,0,1,2,A,-,09,21802,A,N,D,C,A,A,H,-,A,A,0,,,Y,,Y,,A,01,0,1,0,0,0,0,0,0,1,"- ","- ",37.119850158691406,-121.97602844238281,"SANTA CRUZ",UNINCORPORATED,-121.97596740722656,37.119857788085938
92093847,2023,2023-06-14,9720,2023-06-05,"705 ",021211,,1,1,9,4400,0,3,5,,2,200,"SEACLIFF DR","SPRECKLES DR",158400.00,W,N,B,-,N,,,,,,,,,,N,3,0,1,1,A,-,03,22350,,N,F,A,A,B,H,-,A,A,0,,Y,,,Y,,L,04,0,1,0,0,0,0,1,0,0,"- ","- ",36.974918365478516,-121.90315246582031,"SANTA CRUZ",UNINCORPORATED,-121.91097259521484,36.973590850830078
92094591,2023,2023-06-15,9720,2023-06-04,2130,022907,,7,2,9,4400,0,1,3,,1,017,"SB SR-17","SUMMIT RD",5280.00,S,N,A,-,Y,SCR,,17," "," ",11.646,H,,R,N,2,0,1,1,A,-,01,23152,A,N,F,A,A,A,H,-,D,D,0,,,Y,,Y,Y,C,02,1,0,0,0,0,0,0,0,1,"- ","- ",37.131740570068359,-121.98001098632812,"SANTA CRUZ",UNINCORPORATED,-121.9798583984375,37.131839752197266
92094613,2023,2023-06-15,9720,2023-06-08,1545,023245,,4,2,9,4400,0,3,5,,2,300,"CALABASAS RD","BOWKER ROAD",0.00,,Y,A,-,N,,,,,,,,,,Y,3,0,1,2,D,-,00,,,N,D,C,A,A,H,-,A,A,0,,,,,Y,,-,"- ",0,1,0,0,0,0,0,0,0,"- ","- ",36.942188262939453,-121.79042053222656,"SANTA CRUZ",UNINCORPORATED,-121.79041290283203,36.942184448242188
92094631,2023,2023-06-15,9720,2023-06-11,1600,023166,,7,2,9,4400,0,1,3,,1,014,SR-9,"BEEKHUIS RD.",50.00,N,N,A,-,Y,SCR,,9," "," ",23.305,H,,R,N,4,0,1,2,A,-,05,21460,A,N,B,C,A,A,H,-,A,D,0,,,Y,,Y,,-,"- ",0,0,1,0,0,0,0,0,1,"- ","- ",37.23529052734375,-122.14534759521484,"SANTA CRUZ",UNINCORPORATED,-122.14546203613281,37.235282897949219
92095032,2023,2023-06-15,9720,2023-06-15,"615 ",020562,,4,1,9,4400,0,1,3,,2,020,"SR-1 S/B","RIO DEL MAR BLVD",3168.00,N,N,B,-,Y,SCR,,1," "," ",9.811,H,,L,Y,4,0,1,1,A,-,08,22107,,N,E,8,A,B,H,-,A,D,0,,,,,Y,,A,01,0,0,1,0,0,0,0,0,0,"- ","- ",36.974811553955078,-121.89820861816406,"SANTA CRUZ",UNINCORPORATED,-121.89821624755859,36.974868774414062
92095050,2023,2023-06-15,9720,2023-06-10,1010,021714,,6,1,9,4400,0,1,3,,1,017,"SR-17 N/B","VINE HILL RD",528.00,S,N,B,-,Y,SCR,,17," "," ",7.014,H,,R,Y,3,0,1,2,A,-,17,23114,A,N,E,J,A,A,H,-,A,D,0,,,,,Y,,D,22,0,1,0,0,0,0,0,0,0,"- ","- ",37.075431823730469,-121.98760223388672,"SANTA CRUZ",UNINCORPORATED,-121.98755645751953,37.075397491455078
92096478,2023,2023-06-19,9720,2023-01-08,"850 ",021248,,7,1,9,4400,0,1,3,,1,017,"SR-17 N/B","EL RANCHO DR",240.00,S,N,B,-,Y,SCR,,17," "," ",2.115,H,,R,Y,1,1,0,1,A,-,03,22350,,N,E,8,A,B,H,-,A,D,0,,,,,Y,,A,01,0,0,0,0,0,0,0,0,0,"- ","- ",37.018070220947266,-122.02744293212891,"SANTA CRUZ",UNINCORPORATED,-122.02751159667969,37.018051147460938
92096494,2023,2023-06-19,9720,2023-06-09,2204,022545,,5,3,9,4400,0,1,3,,1,034,SR-152,"PACIFIC VIEW TERRACE",4224.00,W,N,A,-,Y,SCR,,152," "," ",6.434,H,,R,Y,3,0,4,1,A,-,08,22107,,N,E,I,A,A,H,-,D,D,0,,,,,Y,,A,01,0,4,0,0,0,0,0,0,0,"- ","- ",36.980819702148438,-121.71793365478516,"SANTA CRUZ",UNINCORPORATED,-121.71798706054688,36.980800628662109
92096495,2023,2023-06-19,9720,2023-06-09,1145,023103,,5,1,9,4400,0,1,3,,1,015,SR-9,"LAZY WOODS RD",528.00,S,N,A,-,Y,SCR,,9," "," ",7.331,H,,R,N,4,0,1,2,A,-,09,21804,A,N,B,C,A,A,H,-,A,D,0,,,,,Y,,D,22,0,0,1,0,0,0,0,0,0,"- ","- ",37.063510894775391,-122.07984161376953,"SANTA CRUZ",UNINCORPORATED,-122.07987976074219,37.063518524169922
92096499,2023,2023-06-19,9720,2023-06-14,1200,021714,,3,1,9,4400,0,1,3,,2,020,"SR-1 N/B","PARK AVE.",3696.00,S,N,A,-,Y,SCR,,1," "," ",11.345,H,,R,Y,3,0,1,2,A,-,03,22350,,N,C,2,A,A,H,-,A,D,0,,,,,Y,,A,01,0,1,0,0,0,0,0,0,0,"- ","- ",36.982791900634766,-121.92350006103516,"SANTA CRUZ",UNINCORPORATED,-121.92349243164062,36.982810974121094
92097191,2023,2023-06-19,9720,2023-06-12,1815,022044,,1,2,9,4400,0,1,3,,1,017,"SR-17 S/B","LAUREL RD.",1056.00,N,N,A,-,Y,SCR,,17," "," ",9.703,H,,L,Y,4,0,1,1,A,-,03,22350,,N,E,8,A,A,H,-,A,D,0,,,,,Y,,A,01,0,0,1,0,0,0,0,0,0,"- ","- ",37.107398986816406,-121.97696685791016,"SANTA CRUZ",UNINCORPORATED,-121.97703552246094,37.107372283935547
92098123,2023,2023-06-20,9720,2023-06-16,1426,023245,,5,2,9,4400,0,1,3,,1,035,SR-129,"BLACKBURN ST",1584.00,E,N,A,-,Y,SCR,,129," "," ",0.847,H,,R,N,4,0,1,2,A,-,03,22350,,N,C,C,A,A,H,-,A,D,0,,,,,Y,,A,07,0,0,1,0,0,0,0,0,0,"- ","- ",36.913990020751953,-121.74073791503906,"SANTA CRUZ",UNINCORPORATED,-121.74073028564453,36.913963317871094
92098205,2023,2023-06-20,9720,2023-06-19,1238,020562,,1,1,9,4400,0,1,3,,2,020,"SR-1 N/B","PARK AVE",2640.00,S,N,A,-,Y,SCR,,1," "," ",11.566,H,,R,Y,3,0,1,2,A,-,03,22350,,N,C,C,A,A,H,-,A,D,0,,,,,Y,,A,01,0,1,0,0,0,0,0,0,0,"- ","- ",36.983310699462891,-121.92743682861328,"SANTA CRUZ",UNINCORPORATED,-121.92742919921875,36.983360290527344
92098688,2023,2023-06-21,9720,2023-06-11,"432 ",020977,,7,3,9,4400,0,1,3,,1,034,"STATE ROUTE 152","RED HAWK PL",1584.00,E,N,B,-,Y,SCR,,152," "," ",5.567,H,,R,Y,3,0,1,1,A,-,01,23152,A,N,F,A,A,B,H,-,D,D,0,,,,,Y,Y,A,01,0,1,0,0,0,0,0,0,0,"- ","- ",36.974990844726562,-121.71479034423828,"SANTA CRUZ",UNINCORPORATED,-121.71481323242188,36.975051879882812
92098715,2023,2023-06-21,9720,2023-06-12,1707,022349,,1,2,9,4400,1,3,5,,2,300,"MARK AVE","TRINITY AVE",0.00,,Y,A,-,N,,,,,,,,,,N,2,0,1,2,A,-,12,22450,A,N,H,G,A,A,H,-,A,A,0,,Y,,,Y,,L,04,1,0,0,0,0,0,1,0,0,"- ","- ",36.966079711914062,-121.76315307617188,"SANTA CRUZ",UNINCORPORATED,-121.76317596435547,36.966041564941406
92098735,2023,2023-06-21,9720,2023-06-17,1612,023166,,6,2,9,4400,0,3,5,,2,200,"OPAL CLIFF DR.","CLIFF DR",397.00,W,N,A,-,N,,,,,,,,,,N,2,0,1,1,A,-,03,22350,,N,F,A,A,A,H,-,A,D,0,,Y,,,Y,,M,91,1,0,0,0,0,0,1,0,0,"- ","- ",36.967861175537109,-121.95845794677734,"SANTA CRUZ",UNINCORPORATED,-121.9583740234375,36.967864990234375
92098850,2023,2023-06-21,9720,2023-06-14,1324,021714,,3,1,9,4400,0,1,3,,2,020,"SR-1 N/B","STATE PARK DR.",528.00,N,N,A,-,Y,SCR,,1," "," ",10.775,H,,R,Y,3,0,1,2,A,-,07,21658,A,N,B,C,A,A,H,-,A,D,0,,,Y,,Y,,A,01,0,1,0,0,0,0,0,0,1,"- ","- ",36.97998046875,-121.91396331787109,"SANTA CRUZ",UNINCORPORATED,-121.91397094726562,36.979969024658203
92099270,2023,2023-06-21,9720,2023-06-16,1617,022140,,5,2,9,4400,0,1,3,,2,020,"SR-1 S/B","BAY AVE",900.00,S,N,A,-,Y,SCR,,1," "," ",13.029,H,,L,N,4,0,1,2,A,-,07,21658,A,N,B,C,A,A,H,-,A,D,0,,,Y,,Y,,A,07,0,0,1,0,0,0,0,0,1,"- ","- ",36.983470916748047,-121.95388793945312,"SANTA CRUZ",UNINCORPORATED,-121.95389556884766,36.983486175537109
92099302,2023,2023-06-21,9720,2023-06-17,2100,022044,,6,2,9,4400,0,1,3,,1,017,SR-17,"SUGARLOAF RD.",0.00,,Y,A,-,Y,SCR,,17," "," ",8.697,H,,R,Y,3,0,1,2,A,-,09,21802,A,N,D,C,A,A,H,-,D,D,0,,,,,Y,,A,07,0,1,0,0,0,0,0,0,0,"- ","- ",37.095138549804688,-121.97673034667969,"SANTA CRUZ",UNINCORPORATED,-121.97673034667969,37.095138549804688
92099661,2023,2023-06-22,9720,2023-06-10,1415,023146,,6,2,9,4400,0,3,5,,2,100,"ALBA RD","JIM'S RD",2112.00,W,N,A,-,N,,,,,,,,,,Y,2,0,1,2,A,-,17,23114,A,N,E,J,A,A,H,-,A,D,0,,,Y,,Y,,E,22,1,0,0,0,0,0,0,0,1,"- ","- ",37.096828460693359,-122.12419128417969,"SANTA CRUZ",UNINCORPORATED,-122.12464141845703,37.097003936767578
92099698,2023,2023-06-22,9720,2023-06-15,1548,023245,,4,2,9,4400,0,1,3,,2,020,"SR-1 S/B",SR-17,1000.00,N,N,A,-,Y,SCR,,1," "," ",17.346,H,,L,Y,3,0,1,2,A,-,03,22350,,N,C,C,A,A,H,-,A,D,0,,,,,Y,,A,01,0,1,0,0,0,0,0,0,0,"- ","- ",36.985431671142578,-122.02626800537109,"SANTA CRUZ",UNINCORPORATED,-122.02626037597656,36.985404968261719
92100111,2023,2023-06-22,9720,2023-06-13,"206 ",023186,,2,3,9,4400,0,1,3,,1,010,"RT 1","DAVENPORT AVE",1584.00,S,N,A,-,Y,SCR,,1," "," ",28.329,H,,R,Y,4,0,1,1,A,-,08,22107,,N,E,I,A,A,H,-,D,D,0,,,,Y,Y,,F,26,0,0,1,0,0,0,0,0,0,"- ","- ",37.008419036865234,-122.18929290771484,"SANTA CRUZ",UNINCORPORATED,-122.18926239013672,37.008449554443359
92101555,2023,2023-06-26,9720,2023-05-12,1357,021248,,5,1,9,4400,0,1,3,,1,017,"SR-17 S/B","PASATIEMPO DR",1320.00,S,N,A,-,Y,SCR,,17," "," ",0.389,H,,L,Y,3,0,1,2,A,-,07,21658,A,F,B,C,A,A,H,-,A,D,0,,,Y,,Y,,-,99,0,1,0,0,0,0,0,0,1,"- ","- ",36.994819641113281,-122.01924133300781,"SANTA CRUZ",UNINCORPORATED,-122.01920318603516,36.994827270507812
92101791,2023,2023-06-26,9720,2023-06-16,1632,022140,,5,2,9,4400,0,1,3,,2,020,"SR-1 S/B","41ST AVE",180.00,N,N,A,-,Y,SCR,,1," "," ",13.667,H,,L,Y,2,0,1,3,A,-,07,21658,A,N,B,C,A,A,D,-,A,D,0,,,Y,,Y,,A,07,1,0,0,0,0,0,0,0,1,"- ","- ",36.982719421386719,-121.96530151367188,"SANTA CRUZ",UNINCORPORATED,-121.96530151367188,36.982734680175781
92101827,2023,2023-06-26,9720,2023-06-19,1611,023166,,1,2,9,4400,0,1,3,,1,015,"FELTON EMPIRE RD.","KILN RD.",2640.00,W,N,A,-,N,,,,,,,,,,Y,4,0,2,2,A,-,05,21460,A,N,A,C,A,A,H,-,A,D,0,,,,,Y,Y,D,22,0,0,2,0,0,0,0,0,0,"- ","- ",37.057579040527344,-122.10321807861328,"SANTA CRUZ",UNINCORPORATED,,
92102260,2023,2023-06-26,9720,2023-06-15,"824 ",021714,,4,1,9,4400,0,1,3,,2,020,"SR-1 N/B","41ST AVE.",2112.00,N,N,B,-,Y,SCR,,1," "," ",14.094,H,,R,Y,3,0,1,2,A,-,03,22350,,N,C,C,A,A,D,-,A,D,0,,,,Y,Y,,G,25,0,1,0,0,0,0,0,0,0,"- ","- ",36.983879089355469,-121.97286224365234,"SANTA CRUZ",UNINCORPORATED,-121.97286224365234,36.983867645263672
92102429,2023,2023-06-26,9720,2023-06-21,1419,023245,,3,2,9,4400,0,3,5,,2,300,"AMESTI RD","POPPY HILL RD",1056.00,S,N,A,-,N,,,,,,,,,,Y,4,0,1,1,A,-,03,22350,,N,E,I,A,A,H,-,A,A,0,,,,,Y,,A,01,0,0,1,0,0,0,0,0,0,"- ","- ",36.977939605712891,-121.79878997802734,"SANTA CRUZ",UNINCORPORATED,-121.80009460449219,36.979618072509766