CASE_ID,ACCIDENT_YEAR,PROC_DATE,JURIS,COLLISION_DATE,COLLISION_TIME,OFFICER_ID,REPORTING_DISTRICT,DAY_OF_WEEK,CHP_SHIFT,POPULATION,CNTY_CITY_LOC,SPECIAL_COND,BEAT_TYPE,CHP_BEAT_TYPE,CITY_DIVISION_LAPD,CHP_BEAT_CLASS,BEAT_NUMBER,PRIMARY_RD,SECONDARY_RD,DISTANCE,DIRECTION,INTERSECTION,WEATHER_1,WEATHER_2,STATE_HWY_IND,CALTRANS_COUNTY,CALTRANS_DISTRICT,STATE_ROUTE,ROUTE_SUFFIX,POSTMILE_PREFIX,POSTMILE,LOCATION_TYPE,RAMP_INTERSECTION,SIDE_OF_HWY,TOW_AWAY,COLLISION_SEVERITY,NUMBER_KILLED,NUMBER_INJURED,PARTY_COUNT,PRIMARY_COLL_FACTOR,PCF_CODE_OF_VIOL,PCF_VIOL_CATEGORY,PCF_VIOLATION,PCF_VIOL_SUBSECTION,HIT_AND_RUN,TYPE_OF_COLLISION,MVIW,PED_ACTION,ROAD_SURFACE,ROAD_COND_1,ROAD_COND_2,LIGHTING,CONTROL_DEVICE,CHP_ROAD_TYPE,PEDESTRIAN_ACCIDENT,BICYCLE_ACCIDENT,MOTORCYCLE_ACCIDENT,TRUCK_ACCIDENT,NOT_PRIVATE_PROPERTY,ALCOHOL_INVOLVED,STWD_VEHTYPE_AT_FAULT,CHP_VEHTYPE_AT_FAULT,COUNT_SEVERE_INJ,COUNT_VISIBLE_INJ,COUNT_COMPLAINT_PAIN,COUNT_PED_KILLED,COUNT_PED_INJURED,COUNT_BICYCLIST_KILLED,COUNT_BICYCLIST_INJURED,COUNT_MC_KILLED,COUNT_MC_INJURED,PRIMARY_RAMP,SECONDARY_RAMP,LATITUDE,LONGITUDE,COUNTY,CITY,POINT_X,POINT_Y
92102436,2023,2023-06-26,9720,2023-06-21,1420,023245,,3,2,9,4400,0,3,5,,2,300,"AMESTI RD","POPPY HILL RD",1056.00,S,N,A,-,N,,,,,,,,,,Y,4,0,1,1,A,-,08,22107,,N,E,I,A,A,H,-,A,D,0,,,,,Y,,A,01,0,0,1,0,0,0,0,0,0,"- ","- ",36.977268218994141,-121.79850769042969,"SANTA CRUZ",UNINCORPORATED,-121.80009460449219,36.979618072509766
92102438,2023,2023-06-26,9720,2023-06-21,1732,023245,,3,2,9,4400,0,2,4,,1,021,"SOQUEL DR","MONROE AVE",45.00,E,N,A,-,N,,,,,,,,,,Y,3,0,1,1,A,-,08,22107,,N,E,8,A,A,H,-,A,D,0,,,,,Y,,A,01,0,1,0,0,0,0,0,0,0,"- ","- ",36.976551055908203,-121.88526153564453,"SANTA CRUZ",UNINCORPORATED,-121.88520050048828,36.976463317871094
92103074,2023,2023-06-27,9720,2023-06-18,1650,023146,,7,2,9,4400,0,3,5,,2,100,"GLENWOOD DR","WESTON RD",1056.00,S,N,A,-,N,,,,,,,,,,Y,4,0,1,2,A,-,01,23152,F,N,E,I,A,A,H,-,A,D,0,,,,,Y,,A,07,0,0,1,0,0,0,0,0,0,"- ","- ",37.091178894042969,-122.00492858886719,"SANTA CRUZ",UNINCORPORATED,-122.00507354736328,37.091064453125
92103448,2023,2023-06-27,9720,2023-06-19,1545,022901,,1,2,9,4400,0,3,5,,2,200,"TROUT GULCH ROAD","FERN FLAT ROAD",5386.00,S,N,A,-,N,,,,,,,,,,N,3,0,1,2,A,-,05,21650,,N,H,G,A,A,H,-,A,D,0,,Y,,,Y,,-,"- ",0,1,0,0,0,0,1,0,0,"- ","- ",37.013710021972656,-121.88468933105469,"SANTA CRUZ",UNINCORPORATED,-121.88477325439453,37.014087677001953
92103499,2023,2023-07-20,9720,2023-02-16,"640 ",023026,,4,1,9,4400,0,3,5,,2,100,"BOONY DOON RD",SR-1,7920.00,N,N,A,-,N,,,,,,,,,,Y,1,1,0,1,A,-,03,22350,,N,E,I,A,A,H,-,B,D,0,,,,,Y,,A,01,0,0,0,0,0,0,0,0,0,"- ","- ",37.017791748046875,-122.16763305664062,"SANTA CRUZ",UNINCORPORATED,-122.16855621337891,37.017002105712891
92104065,2023,2023-06-28,9720,2023-06-19,2343,020977,,1,3,9,4400,0,2,4,,1,032,"GREEN VALLEY ROAD","MESA VERDE DR",36.00,N,N,A,-,N,,,,,,,,,,Y,3,0,1,1,A,-,01,23152,A,N,E,8,A,A,H,-,C,A,0,,,,,Y,Y,A,01,0,1,0,0,0,0,0,0,0,"- ","- ",36.96942138671875,-121.76509094238281,"SANTA CRUZ",UNINCORPORATED,-121.76521301269531,36.96929931640625
92104072,2023,2023-06-28,9720,2023-06-20,1225,015170,,2,1,9,4400,0,2,4,,1,016,"GRAHAM HILL RD","MICHAEL'S LANE",50.00,S,N,A,-,N,,,,,,,,,,N,4,0,1,2,A,-,03,22350,,N,C,C,A,A,H,-,A,D,0,,,,,Y,,A,07,0,0,1,0,0,0,0,0,0,"- ","- ",36.998611450195312,-122.02957153320312,"SANTA CRUZ",UNINCORPORATED,-122.02945709228516,36.998512268066406
92104531,2023,2023-06-28,9720,2023-06-19,1648,022044,,1,2,9,4400,0,1,3,,1,012,SR-236,SR-9,5280.00,S,N,A,-,Y,SCR,,236," "," ",17.092,H,,R,Y,4,0,1,1,A,-,01,23152,A,N,F,A,A,A,H,-,A,D,0,,,,,Y,Y,A,01,0,0,1,0,0,0,0,0,0,"- ","- ",37.204788208007812,-122.15786743164062,"SANTA CRUZ",UNINCORPORATED,-122.15790557861328,37.204811096191406
92105558,2023,2023-06-29,9720,2023-06-17,1309,023103,,6,1,9,4400,0,3,5,,2,200,"PORTER STREET","SOQUEL DRIVE",528.00,N,N,A,-,N,,,,,,,,,,Y,4,0,1,2,A,-,09,21804,A,N,D,C,A,A,H,-,A,D,0,,,,,Y,,A,01,0,0,1,0,0,0,0,0,0,"- ","- ",36.989650726318359,-121.95719909667969,"SANTA CRUZ",UNINCORPORATED,-121.95729064941406,36.989566802978516
92108273,2023,2023-07-03,9720,2023-06-19,1328,015170,,1,1,9,4400,0,1,3,,1,017,SR-17,"CRESCENT DR",50.00,S,N,A,-,Y,SCR,,17," "," ",6.734,H,,R,N,4,0,1,2,A,-,07,21658,A,N,B,C,A,A,H,-,A,D,0,,,,,Y,,A,08,0,0,1,0,0,0,0,0,0,"- ","- ",37.073780059814453,-121.98922729492188,"SANTA CRUZ",UNINCORPORATED,-121.98918914794922,37.073753356933594
92108441,2023,2023-07-03,9720,2023-03-21,"545 ",022879,,2,3,9,4400,0,1,3,,1,017,"SR-17 N/B","EL RANCHO DRIVE",328.00,S,N,C,-,Y,SCR,,17," "," ",2.155,H,,R,Y,1,1,0,1,A,-,08,22107,,N,E,8,A,B,H,-,C,D,0,,,,,Y,,A,01,0,0,0,0,0,0,0,0,0,"- ","- ",37.018638610839844,-122.02748870849609,"SANTA CRUZ",UNINCORPORATED,-122.02765655517578,37.018627166748047
92108850,2023,2023-07-03,9720,2023-06-24,2045,023245,,6,2,9,4400,0,1,3,,1,012,"SR-236 (BIG BASIN WAY)","HAZEL AVE",1056.00,N,N,A,-,Y,SCR,,236," "," ",0.508,H,,R,N,3,0,1,2,A,-,06,21760,B,F,B,G,A,A,H,-,B,D,0,,Y,,,Y,,-,99,0,1,0,0,0,0,1,0,0,"- ","- ",37.126640319824219,-122.13092041015625,"SANTA CRUZ",UNINCORPORATED,-122.13088989257812,37.126670837402344
92109291,2023,2023-07-04,9720,2023-06-23,1620,023166,,5,2,9,4400,0,3,5,,2,300,"HOLOHAN RD.","LAKEN DR",38.00,W,N,A,-,N,,,,,,,,,,N,2,0,1,2,A,-,05,21460,A,F,A,C,A,A,H,-,A,D,0,,,Y,,Y,,C,02,1,0,0,0,0,0,0,0,1,"- ","- ",36.936260223388672,-121.74459075927734,"SANTA CRUZ",UNINCORPORATED,-121.74540710449219,36.936485290527344
92109296,2023,2023-07-04,9720,2023-06-25,1635,022901,,7,2,9,4400,0,3,5,,2,200,"CATHEDRAL DRIVE","DON CARLOS DRIVE",600.00,N,N,A,-,N,,,,,,,,,,Y,3,0,2,1,A,-,08,22107,,N,E,8,A,A,H,-,A,D,0,,,,,Y,,A,07,0,2,0,0,0,0,0,0,0,"- ","- ",36.988418579101562,-121.89595031738281,"SANTA CRUZ",UNINCORPORATED,-121.89585876464844,36.992530822753906
92109300,2023,2023-07-04,9720,2023-06-26,1830,023245,,1,2,9,4400,0,2,4,,1,024,"CAPITOLA RD","30TH AVENUE",0.00,,Y,A,-,N,,,,,,,,,,N,4,0,1,2,A,-,10,21950,A,N,G,A,B,A,H,-,A,A,0,Y,,,,Y,,A,08,0,0,1,0,1,0,0,0,0,"- ","- ",36.973739624023438,-121.97334289550781,"SANTA CRUZ",UNINCORPORATED,-121.97322082519531,36.97369384765625
92109333,2023,2023-07-04,9720,2023-06-29,1105,015699,,4,1,9,4400,0,1,3,,2,020,"RT 1","STATE PARD DR",2640.00,S,N,B,-,Y,SCR,,1," "," ",10.090,H,,R,N,4,0,4,2,A,-,03,22350,,N,C,C,A,A,H,-,A,D,0,,,,,Y,,A,01,0,0,4,0,0,0,0,0,0,"- ","- ",36.97528076171875,-121.90318298339844,"SANTA CRUZ",UNINCORPORATED,-121.90317535400391,36.975299835205078
92109621,2023,2023-07-05,9720,2023-06-23,1628,023186,,5,2,9,4400,0,3,5,,2,100,"FELTON EMPIRE ROAD","KRAZY ACRE LANE",35.00,S,N,A,-,N,,,,,,,,,,Y,4,0,1,2,A,-,01,23152,,N,A,C,A,A,H,-,A,D,0,,,,,Y,Y,D,22,0,0,1,0,0,0,0,0,0,"- ","- ",37.052391052246094,-122.09355163574219,"SANTA CRUZ",UNINCORPORATED,-122.09351348876953,37.052478790283203
92109665,2023,2023-07-05,9720,2023-06-23,1900,023166,,5,2,9,4400,0,3,5,,2,200,"WEBSTER ST.","16TH AVE",339.00,W,N,A,-,N,,,,,,,,,,Y,4,0,1,4,A,-,08,22107,,N,A,E,A,A,H,-,A,D,0,,,,,Y,,A,01,0,0,1,0,0,0,0,0,0,"- ","- ",36.979839324951172,-121.98433685302734,"SANTA CRUZ",UNINCORPORATED,-121.98422241210938,36.979774475097656
92109677,2023,2023-07-05,9720,2023-06-24,1927,022140,,6,2,9,4400,0,3,5,,2,200,"RIO DEL MAR BLVD","SUMNER AVE",15.00,E,N,A,-,N,,,,,,,,,,N,4,0,1,2,A,-,03,22350,,M,C,C,A,A,H,-,A,A,0,,,,,Y,,A,01,0,0,1,0,0,0,0,0,0,"- ","- ",36.971210479736328,-121.89601898193359,"SANTA CRUZ",UNINCORPORATED,-121.89620208740234,36.971195220947266
92109691,2023,2023-07-05,9720,2023-06-25,"136 ",022879,,7,3,9,4400,0,2,4,,1,024,"E. CLIFF DR.","33RD AVE.",26.00,E,N,A,-,N,,,,,,,,,,N,2,0,1,1,A,-,01,23152,A,N,E,8,A,A,H,-,C,D,0,,,,,Y,Y,D,22,1,0,0,0,0,0,0,0,0,"- ","- ",36.955848693847656,-121.97165679931641,"SANTA CRUZ",UNINCORPORATED,-121.97168731689453,36.955921173095703
92109704,2023,2023-07-05,9720,2023-06-25,2124,023166,,7,2,9,4400,0,1,3,,1,034,"SR-152 (E LAKE AVE)","DELANEY AVE",2640.00,W,N,A,-,Y,SCR,,152," "," ",2.974,H,,R,N,2,0,1,1,A,-,08,22107,,N,F,A,A,A,H,-,D,D,0,,,Y,,Y,,C,02,1,0,0,0,0,0,0,0,1,"- ","- ",36.948001861572266,-121.73503875732422,"SANTA CRUZ",UNINCORPORATED,-121.73504638671875,36.948001861572266
92109768,2023,2023-07-05,9720,2023-06-28,1320,021833,,3,1,9,4400,0,2,4,,1,021,"SOQUEL DR.","PORTER ST.",200.00,E,N,A,-,N,,,,,,,,,,N,3,0,1,2,A,-,08,22107,,F,D,G,A,A,H,-,A,D,0,,Y,,,Y,,-,99,0,1,0,0,0,0,1,0,0,"- ","- ",36.988658905029297,-121.95620727539062,"SANTA CRUZ",UNINCORPORATED,-121.95673370361328,36.988327026367188
92109794,2023,2023-07-05,9720,2023-06-30,1700,018650,,5,2,9,4400,0,2,4,,1,021,"SOQUEL DR","N RODEO GULCH ROAD",50.00,W,N,A,-,N,,,,,,,,,,Y,3,0,2,2,A,-,04,21703,,N,C,C,A,A,H,-,A,A,0,,,,,Y,,A,01,0,1,1,0,0,0,0,0,0,"- ","- ",36.987659454345703,-121.96987152099609,"SANTA CRUZ",UNINCORPORATED,-121.9697265625,36.987636566162109
92110617,2023,2023-07-06,9720,2023-06-25,"135 ",019100,,7,3,9,4400,0,3,5,,2,300,"AMESTI ROAD","BROWNS VALLEY RD",20.00,S,N,A,-,N,,,,,,,,,,Y,3,0,1,2,A,-,01,23152,A,N,B,4,A,A,H,-,D,D,0,,,,,Y,Y,A,07,0,1,0,0,0,0,0,0,0,"- ","- ",36.988449096679688,-121.80007934570312,"SANTA CRUZ",UNINCORPORATED,-121.80085754394531,36.988773345947266
92110977,2023,2023-07-06,9720,2023-05-08,1535,023186,,1,2,9,4400,0,3,5,,2,300,"CARLTON RD","THOMPSON RD",0.00,,Y,A,-,N,,,,,,,,,,Y,1,1,0,2,A,-,03,22350,,N,F,A,A,A,H,-,A,D,0,,,Y,Y,Y,,C,02,0,0,0,0,0,0,0,1,0,"- ","- ",36.938388824462891,-121.70671844482422,"SANTA CRUZ",UNINCORPORATED,-121.70665740966797,36.938304901123047
92112573,2023,2023-07-10,9720,2023-06-27,"648 ",022400,,2,1,9,4400,0,1,3,,2,030,"SR-1 N/B","BUENA VISTA DR",5280.00,N,N,A,-,Y,SCR,,1," ",R,5.123,H,,R,Y,2,0,2,2,A,-,03,22350,,N,C,C,A,A,H,-,A,D,0,,,,,Y,,A,01,1,0,1,0,0,0,0,0,0,"- ","- ",36.937068939208984,-121.82804870605469,"SANTA CRUZ",UNINCORPORATED,-121.82803344726562,36.937107086181641
92112576,2023,2024-02-20,9720,2023-06-29,1846,023186,,4,2,9,4400,0,1,3,,1,017,"RT 17","CRESCENT DR",200.00,S,N,A,-,Y,SCR,,17," "," ",6.684,H,,R,Y,1,1,1,2,A,-,08,22107,,N,E,I,A,A,H,-,A,D,0,,,,,Y,,A,07,0,1,0,0,0,0,0,0,0,"- ","- ",37.073310852050781,-121.98963928222656,"SANTA CRUZ",UNINCORPORATED,-121.98963165283203,37.07330322265625
92112580,2023,2023-07-10,9720,2023-07-02,1224,021211,,7,1,9,4400,0,1,3,,2,020,"SR-1 N/B","STATE PARD DR",1056.00,N,N,A,-,Y,SCR,,1," "," ",10.729,H,,R,Y,4,0,3,2,A,-,03,22350,,N,C,C,A,A,H,-,A,D,0,,,,,Y,,A,01,0,0,3,0,0,0,0,0,0,"- ","- ",36.979591369628906,-121.91329193115234,"SANTA CRUZ",UNINCORPORATED,-121.91327667236328,36.979606628417969
92112583,2023,2023-07-10,9720,2023-07-02,1259,021211,,7,1,9,4400,0,1,3,,2,020,"SR-1 N/B","RIO DEL MAR BLVD",2112.00,N,N,A,-,Y,SCR,,1," "," ",9.660,H,,R,N,4,0,2,3,A,-,03,22350,,N,C,C,A,A,H,-,A,D,0,,,,,Y,,A,01,0,0,2,0,0,0,0,0,0,"- ","- ",36.97515869140625,-121.89547729492188,"SANTA CRUZ",UNINCORPORATED,-121.89547729492188,36.975139617919922
92113707,2023,2023-07-11,9720,2023-06-29,1640,021833,,4,2,9,4400,0,1,3,,1,010,"SR-1 S/B","COAST ROAD",1056.00,N,N,A,-,Y,SCR,,1," "," ",22.165,H,,L,N,2,0,1,1,A,-,03,22350,,N,F,A,A,A,H,-,A,D,0,,Y,,,Y,,L,04,1,0,0,0,0,0,1,0,0,"- ","- ",36.961639404296875,-122.09602355957031,"SANTA CRUZ",UNINCORPORATED,-122.09599304199219,36.961715698242188
92113814,2023,2023-07-11,9720,2023-07-04,1510,022901,,2,2,9,4400,0,1,3,,1,015,SR-9,"ALAMEDA AVE",350.00,S,N,A,-,Y,SCR,,9," "," ",11.228,H,,R,N,2,0,1,1,D,-,00,,,N,F,A,A,A,H,-,A,D,0,,Y,,,Y,Y,-,"- ",1,0,0,0,0,0,1,0,0,"- ","- ",37.1068115234375,-122.10697937011719,"SANTA CRUZ",UNINCORPORATED,-122.10691070556641,37.106857299804688
92113898,2023,2023-07-11,9720,2023-07-05,1145,021248,,3,1,9,4400,0,1,3,,2,020,"SR-1 N/B","41ST AVE.",150.00,S,N,A,-,Y,SCR,,1," "," ",13.580,H,,R,Y,4,0,1,2,A,-,03,22350,,N,C,C,A,A,E,-,A,D,0,,,,,Y,,A,01,0,0,1,0,0,0,0,0,0,"- ","- ",36.982830047607422,-121.96369171142578,"SANTA CRUZ",UNINCORPORATED,-121.96369171142578,36.982818603515625
92113901,2023,2023-07-11,9720,2023-07-05,1425,021833,,3,2,9,4400,0,2,4,,1,021,"SOQUEL DR.","DOMINICAN WAY",0.00,,Y,A,-,N,,,,,,,,,,N,4,0,1,2,A,-,10,21950,A,N,G,B,B,A,H,-,A,A,0,Y,,,,Y,,A,07,0,0,1,0,1,0,0,0,0,"- ","- ",36.988670349121094,-121.98284149169922,"SANTA CRUZ",UNINCORPORATED,,
92113954,2023,2023-07-11,9720,2023-07-08,2340,022545,,6,3,9,4400,0,1,3,,1,014,SR-9,SR-236,8976.00,N,N,A,-,Y,SCR,,9," "," ",22.841,H,,R,Y,3,0,1,1,A,-,01,23152,A,N,F,A,A,A,H,-,D,D,0,,,,,Y,Y,A,07,0,1,0,0,0,0,0,0,0,"- ","- ",37.229839324951172,-122.14836120605469,"SANTA CRUZ",UNINCORPORATED,-122.14839172363281,37.229804992675781
92114864,2023,2023-07-12,9720,2023-06-13,1402,023245,,2,2,9,4400,0,1,3,,1,015,SR-9,"GLENGARRY RD",7392.00,S,N,A,-,Y,SCR,,9," "," ",3.359,H,,R,Y,3,0,1,2,A,-,06,21760,C,N,C,G,A,A,D,-,A,A,0,,Y,,,Y,,A,08,0,1,0,0,0,0,1,0,0,"- ","- ",37.017250061035156,-122.06311798095703,"SANTA CRUZ",UNINCORPORATED,-122.06312561035156,37.017250061035156
92114877,2023,2023-07-12,9720,2023-06-29,1013,023103,,4,1,9,4400,0,2,4,,1,022,"SOQUEL SAN JOSE ROAD","SUNDANCE HILL",1056.00,S,N,A,-,N,,,,,,,,,,Y,4,0,2,2,A,-,08,22107,,N,A,C,A,A,H,-,A,D,0,,,,,Y,,A,01,0,0,2,0,0,0,0,0,0,"- ","- ",37.037551879882812,-121.94461822509766,"SANTA CRUZ",UNINCORPORATED,-121.94463348388672,37.037757873535156
92114898,2023,2023-07-12,9720,2023-06-29,1715,021304,,4,2,9,4400,0,1,3,,1,035,SR-129,"LAKEVIEW RD",0.00,,Y,A,-,Y,SCR,,129," "," ",1.419,H,,R,Y,4,0,1,2,A,-,08,22107,,N,B,C,A,A,H,-,A,D,0,,,,Y,Y,,G,25,0,0,1,0,0,0,0,0,0,"- ","- ",36.916721343994141,-121.73130035400391,"SANTA CRUZ",UNINCORPORATED,-121.73134613037109,36.916896820068359
92114908,2023,2023-07-12,9720,2023-07-02,1730,023245,,7,2,9,4400,0,1,3,,2,020,"SR-1 S/B TO 41ST AVENUE","41ST AVENUE",25.00,N,N,B,-,Y,,,,,,,,,,N,4,0,1,2,A,-,03,22350,,F,C,C,A,A,H,-,A,A,0,,,,,Y,,D,22,0,0,1,0,0,0,0,0,0,"- ","- ",36.981670379638672,-121.96510314941406,"SANTA CRUZ",UNINCORPORATED,-121.96510314941406,36.981670379638672
92115009,2023,2023-07-12,9720,2023-07-04,1550,021940,,2,2,9,4400,0,1,3,,1,034,SR-152,FALLOWFIELD,100.00,W,N,A,-,Y,SCR,,152," "," ",4.149,H,,R,Y,3,0,2,2,A,-,08,22107,,N,D,C,A,D,H,-,A,D,0,,,,,Y,,A,07,0,2,0,0,0,0,0,0,0,"- ","- ",36.961139678955078,-121.72223663330078,"SANTA CRUZ",UNINCORPORATED,-121.72219848632812,36.961128234863281
92115054,2023,2023-07-12,9720,2023-07-04,2343,023026,,2,3,9,4400,0,1,3,,1,012,SR-236,"EAST HILTON DR",528.00,S,N,A,-,Y,,,,,,,,,,N,4,0,1,2,A,-,01,23152,A,M,C,E,A,A,H,-,D,D,0,,,,,Y,Y,A,01,0,0,1,0,0,0,0,0,0,"- ","- ",37.151828765869141,-122.16078948974609,"SANTA CRUZ",UNINCORPORATED,-122.16049957275391,37.152149200439453
92115068,2023,2023-07-12,9720,2023-07-04,2350,023026,,2,3,9,4400,0,3,5,,2,100,"CROWS NEST DR","EAST HILTON DR",100.00,N,N,A,-,N,,,,,,,,,,N,4,0,1,2,A,-,01,23152,A,M,A,E,A,A,H,-,C,D,0,,,,,Y,Y,A,01,0,0,1,0,0,0,0,0,0,"- ","- ",37.146778106689453,-122.15090179443359,"SANTA CRUZ",UNINCORPORATED,-122.15077972412109,37.146793365478516
92115099,2023,2023-07-12,9720,2023-07-01,1225,023103,,6,1,9,4400,0,3,5,,2,100,"EMPIRE GRADE","CAVE GULCH",1056.00,S,N,A,-,N,,,,,,,,,,N,2,0,1,1,C,-,18,,,N,F,A,A,A,A,-,A,D,0,,Y,,,Y,,-,"- ",1,0,0,0,0,0,1,0,0,"- ","- ",37.005111694335938,-122.07366943359375,"SANTA CRUZ",UNINCORPORATED,-122.07346343994141,37.004573822021484
92115200,2023,2023-07-12,9720,2023-07-10,2355,021717,,1,3,9,4400,0,1,3,,1,035,SR-129,"MURPHY RD",1056.00,E,N,A,-,Y,SCR,,129," "," ",4.957,H,,R,Y,3,0,1,2,A,-,08,22107,,N,D,C,A,A,H,-,D,D,0,,,,,Y,,J,48,0,1,0,0,0,0,0,0,0,"- ","- ",36.914169311523438,-121.67310333251953,"SANTA CRUZ",UNINCORPORATED,-121.67310333251953,36.914188385009766
92115245,2023,2023-07-12,9720,2023-07-11,"703 ",021211,,2,1,9,4400,0,1,3,,1,034,SR-129,"LAKEVIEW RD",0.00,,Y,B,-,Y,SCR,,129," "," ",1.415,H,,R,Y,4,0,2,1,A,-,08,22107,,N,E,I,A,A,H,-,A,D,0,,,,,Y,,A,01,0,0,2,0,0,0,0,0,0,"- ","- ",36.916648864746094,-121.73136901855469,"SANTA CRUZ",UNINCORPORATED,-121.73143005371094,36.916881561279297
9211714,2021,2021-03-11,4403,2021-01-19,1834,281,5-27,2,5,4,4403,0,0,0,,0,005,"AIRPORT BL","FREEDOM BL",425.00,W,N,A,-,N,,,,,,,,,,N,1,1,0,2,A,-,11,21954,A,N,G,B,D,A,H,-,C,D,0,Y,,,,Y,,N,60,0,0,0,1,0,0,0,0,0,"- ","- ",,,"SANTA CRUZ",WATSONVILLE,-121.77857971191406,36.937309265136719
9211741,2021,2023-06-20,4402,2021-02-10,1515,165,4402,3,5,5,4402,0,0,0,,0,000,"RIVER ST S","WATER ST",0.00,,Y,A,-,N,,,,,,,,,,Y,1,1,0,2,A,-,11,21954,A,N,G,B,D,A,H,-,A,A,0,Y,,,Y,Y,,N,60,0,0,0,1,0,0,0,0,0,"- ","- ",,,"SANTA CRUZ","SANTA CRUZ",-122.02536010742188,36.977859497070312
9211743,2021,2021-11-29,4402,2021-02-18,1643,165,4402,4,5,5,4402,0,0,0,,0,000,RT-1,"FAIR AV",0.00,,Y,A,-,Y,SCR,5,1,-,-,19.471,I,5,N,Y,1,1,1,2,A,-,03,22350,,N,D,C,A,A,H,-,A,A,0,,,Y,,Y,,C,02,0,0,1,0,0,0,0,1,0,"- ","- ",,,"SANTA CRUZ","SANTA CRUZ",-122.04654693603516,36.961597442626953
92117831,2023,2023-07-17,9720,2023-07-04,1955,021304,,2,2,9,4400,0,3,5,,2,300,"PLAYA BLVD","SAN ANDREAS RD",528.00,W,N,A,-,N,,,,,,,,,,Y,3,0,1,3,A,-,01,23152,A,N,C,4,A,A,H,-,C,D,0,,,,,Y,Y,A,01,0,1,0,0,0,0,0,0,0,"- ","- ",36.938800811767578,-121.86055755615234,"SANTA CRUZ",UNINCORPORATED,-121.85913848876953,36.940589904785156
92118420,2023,2023-07-17,9720,2023-07-04,1120,023103,,2,1,9,4400,0,3,5,,2,200,"PARK AVENUE","SUBEC LANE",200.00,S,N,A,-,N,,,,,,,,,,Y,3,0,1,1,A,-,01,23152,G,M,E,8,A,A,H,-,A,D,0,,,,,Y,Y,D,22,0,1,0,0,0,0,0,0,0,"- ","- ",36.986381530761719,-121.93666076660156,"SANTA CRUZ",UNINCORPORATED,-121.93657684326172,36.986202239990234
92118440,2023,2023-07-17,9720,2023-07-04,1121,023103,,2,1,9,4400,0,3,5,,2,200,"PARK AVENUE","SUBEC LANE",20.00,S,N,A,-,N,,,,,,,,,,Y,3,0,1,1,A,-,01,23152,G,M,E,8,A,A,H,-,A,D,0,,,,,Y,Y,D,22,0,1,0,0,0,0,0,0,0,"- ","- ",36.986560821533203,-121.93665313720703,"SANTA CRUZ",UNINCORPORATED,-121.93645477294922,36.986686706542969
92118811,2023,2023-07-17,9720,2023-07-05,1250,021248,,3,1,9,4400,0,1,3,,2,020,"SR-1 N/B","STATE PARD DR",75.00,S,N,A,-,Y,SCR,,1," "," ",10.517,H,,R,N,4,0,1,2,D,-,00,,,N,C,C,A,A,H,-,A,D,0,,,,Y,Y,,-,"- ",0,0,1,0,0,0,0,0,0,"- ","- ",36.977901458740234,-121.91008758544922,"SANTA CRUZ",UNINCORPORATED,-121.91007232666016,36.977924346923828
92118895,2023,2023-07-17,9720,2023-07-10,1210,022399,,1,1,9,4400,0,2,4,,1,021,"SOQUEL DR","41ST AVE",210.00,N,N,A,-,N,,,,,,,,,,N,4,0,2,2,A,-,03,22350,,M,C,C,A,A,H,-,A,A,0,,,,,Y,,-,99,0,0,2,0,0,0,0,0,0,"- ","- ",36.987281799316406,-121.96571350097656,"SANTA CRUZ",UNINCORPORATED,-121.96427917480469,36.987529754638672
92119022,2023,2023-07-17,9720,2023-07-11,1620,023245,,2,2,9,4400,0,1,3,,1,012,"SR-236 (BIG BASIN WAY)","ACORN DR",260.00,S,N,A,-,Y,SCR,,236," "," ",1.878,H,,R,N,3,0,1,2,A,-,05,21460,A,N,B,2,A,A,H,-,A,D,0,,,,,Y,,A,01,0,1,0,0,0,0,0,0,0,"- ","- ",37.138771057128906,-122.14762878417969,"SANTA CRUZ",UNINCORPORATED,-122.14765167236328,37.138755798339844
92119578,2023,2023-07-18,9720,2023-07-08,1747,022140,,6,2,9,4400,0,1,3,,2,020,"SR-1 S/B","PARK AVE",1320.00,S,N,A,-,Y,SCR,,1," "," ",11.845,H,,L,Y,3,0,2,1,A,-,01,23152,A,N,E,8,A,A,H,-,A,D,0,,,,,Y,Y,A,07,0,1,1,0,0,0,0,0,0,"- ","- ",36.983741760253906,-121.93247985839844,"SANTA CRUZ",UNINCORPORATED,-121.93246459960938,36.983848571777344
92119695,2023,2023-07-18,9720,2023-07-12,"127 ",021717,,3,3,9,4400,0,2,4,,1,032,"HOLOHAN RD","LAKEN DR",1584.00,W,N,A,-,N,,,,,,,,,,Y,3,0,2,2,A,-,01,23152,A,N,C,C,A,A,D,-,D,A,0,,,,,Y,Y,A,01,0,1,1,0,0,0,0,0,0,"- ","- ",36.937488555908203,-121.74994659423828,"SANTA CRUZ",UNINCORPORATED,-121.75048065185547,36.937679290771484