CASE_ID,ACCIDENT_YEAR,PROC_DATE,JURIS,COLLISION_DATE,COLLISION_TIME,OFFICER_ID,REPORTING_DISTRICT,DAY_OF_WEEK,CHP_SHIFT,POPULATION,CNTY_CITY_LOC,SPECIAL_COND,BEAT_TYPE,CHP_BEAT_TYPE,CITY_DIVISION_LAPD,CHP_BEAT_CLASS,BEAT_NUMBER,PRIMARY_RD,SECONDARY_RD,DISTANCE,DIRECTION,INTERSECTION,WEATHER_1,WEATHER_2,STATE_HWY_IND,CALTRANS_COUNTY,CALTRANS_DISTRICT,STATE_ROUTE,ROUTE_SUFFIX,POSTMILE_PREFIX,POSTMILE,LOCATION_TYPE,RAMP_INTERSECTION,SIDE_OF_HWY,TOW_AWAY,COLLISION_SEVERITY,NUMBER_KILLED,NUMBER_INJURED,PARTY_COUNT,PRIMARY_COLL_FACTOR,PCF_CODE_OF_VIOL,PCF_VIOL_CATEGORY,PCF_VIOLATION,PCF_VIOL_SUBSECTION,HIT_AND_RUN,TYPE_OF_COLLISION,MVIW,PED_ACTION,ROAD_SURFACE,ROAD_COND_1,ROAD_COND_2,LIGHTING,CONTROL_DEVICE,CHP_ROAD_TYPE,PEDESTRIAN_ACCIDENT,BICYCLE_ACCIDENT,MOTORCYCLE_ACCIDENT,TRUCK_ACCIDENT,NOT_PRIVATE_PROPERTY,ALCOHOL_INVOLVED,STWD_VEHTYPE_AT_FAULT,CHP_VEHTYPE_AT_FAULT,COUNT_SEVERE_INJ,COUNT_VISIBLE_INJ,COUNT_COMPLAINT_PAIN,COUNT_PED_KILLED,COUNT_PED_INJURED,COUNT_BICYCLIST_KILLED,COUNT_BICYCLIST_INJURED,COUNT_MC_KILLED,COUNT_MC_INJURED,PRIMARY_RAMP,SECONDARY_RAMP,LATITUDE,LONGITUDE,COUNTY,CITY,POINT_X,POINT_Y
92120069,2023,2023-07-18,9720,2023-07-09,1434,022349,,7,2,9,4400,0,1,3,,2,020,"SR-1 N/B","STATE PARD DR",1584.00,N,N,A,-,Y,SCR,,1," "," ",10.838,H,,R,Y,3,0,1,1,A,-,08,22107,,N,E,I,A,A,H,-,D,D,0,,,,,Y,,A,01,0,1,0,0,0,0,0,0,0,"- ","- ",36.980491638183594,-121.91490173339844,"SANTA CRUZ",UNINCORPORATED,-121.9149169921875,36.980464935302734
92120626,2023,2023-07-19,9720,2023-07-13,1632,023245,,4,2,9,4400,0,2,4,,1,021,"SOQUEL DR","ROBERTSON ST",0.00,,Y,A,-,N,,,,,,,,,,N,3,0,1,2,A,-,12,22450,A,N,D,G,A,A,H,-,A,A,0,,Y,,,Y,,L,04,0,1,0,0,0,0,1,0,0,"- ","- ",36.9876708984375,-121.96050262451172,"SANTA CRUZ",UNINCORPORATED,-121.9605712890625,36.987758636474609
92120765,2023,2023-07-19,9720,2023-07-15,1318,022458,,6,1,9,4400,0,2,4,,1,031,"FREEDOM BLVD.","BOWKER ROAD",0.00,,Y,A,-,N,,,,,,,,,,Y,4,0,1,3,A,-,03,22350,,N,C,C,A,A,H,-,A,D,0,,,,,Y,,D,22,0,0,1,0,0,0,0,0,0,"- ","- ",36.944751739501953,-121.78762817382812,"SANTA CRUZ",UNINCORPORATED,-121.78768920898438,36.944766998291016
92120918,2023,2023-07-19,9720,2023-07-15,2230,022907,,6,3,9,4400,0,2,4,,1,024,"CAPITOLA RD","EL DORADO AVE",72.00,E,N,A,-,N,,,,,,,,,,Y,4,0,2,1,A,-,08,22107,,N,E,I,A,A,H,-,C,D,0,,,,,Y,,A,01,0,0,2,0,0,0,0,0,0,"- ","- ",36.977130889892578,-121.98745727539062,"SANTA CRUZ",UNINCORPORATED,-121.98741912841797,36.977142333984375
92121727,2023,2023-07-20,9720,2023-07-14,"901 ",022458,,5,1,9,4400,0,2,4,,1,021,"SOQUEL DRIVE","APTOS RANCHO ROAD",200.00,S,N,A,-,N,,,,,,,,,,N,3,0,1,2,A,-,08,22107,,N,B,G,A,A,H,-,A,A,0,,Y,,,Y,,A,01,0,1,0,0,0,0,1,0,0,"- ","- ",36.978298187255859,-121.90695190429688,"SANTA CRUZ",UNINCORPORATED,-121.90704345703125,36.978294372558594
92121781,2023,2023-07-20,9720,2023-07-16,1751,023245,,7,2,9,4400,0,3,5,,2,300,"LARKIN VALLEY RD","LARKIN VISTA LANE",50.00,W,N,A,-,N,,,,,,,,,,N,4,0,1,2,A,-,04,21703,,N,C,C,A,A,H,-,A,D,0,,,,,Y,,A,01,0,0,1,0,0,0,0,0,0,"- ","- ",36.950969696044922,-121.83068084716797,"SANTA CRUZ",UNINCORPORATED,-121.83023834228516,36.950855255126953
92124021,2023,2023-07-24,9720,2023-07-02,1917,022044,,7,2,9,4400,0,1,3,,1,017,"SR-17 S/B","GLENWOOD CUTOFF",200.00,S,N,A,-,Y,SCR,,17," "," ",8.994,H,,L,N,3,0,1,1,A,-,01,23152,A,N,E,I,A,A,H,-,A,D,0,,,,,Y,Y,A,01,0,1,0,0,0,0,0,0,0,"- ","- ",37.09906005859375,-121.97586059570312,"SANTA CRUZ",UNINCORPORATED,-121.97592163085938,37.099025726318359
92124286,2023,2023-07-24,9720,2023-07-14,2500,022458,,5,4,9,4400,0,1,3,,1,010,SR-1,"UPPER SWANTON ROAD",5280.00,S,N,A,-,Y,SCR,,1," "," ",34.249,H,,R,Y,2,0,1,1,A,-,21,22106,,N,E,I,A,A,H,-,A,D,0,,,,,Y,,A,01,1,0,0,0,0,0,0,0,0,"- ","- ",37.071521759033203,-122.25891876220703,"SANTA CRUZ",UNINCORPORATED,-122.25873565673828,37.071613311767578
92124297,2023,2023-07-24,9720,2023-07-13,"105 ",022879,,4,3,9,4400,0,3,5,,2,100,"EMPIRE GRADE RD.","HELLER RD.",1400.00,N,N,A,-,N,,,,,,,,,,Y,3,0,1,1,A,-,01,23152,A,N,E,8,A,A,H,-,D,D,0,,,,,Y,Y,A,01,0,1,0,0,0,0,0,0,0,"- ","- ",36.991668701171875,-122.06945037841797,"SANTA CRUZ",UNINCORPORATED,-122.06948089599609,36.991645812988281
92124630,2023,2023-07-24,9720,2023-07-15,2230,022399,,6,3,9,4400,0,1,3,,1,012,SR-236,"WATERMAN GAP LOOP",7392.00,S,N,A,-,Y,SCR,,236," "," ",13.998,H,,R,Y,3,0,1,1,A,-,08,22107,,N,E,I,A,A,H,-,D,D,0,,,,,Y,,A,01,0,1,0,0,0,0,0,0,0,"- ","- ",37.199928283691406,-122.1884765625,"SANTA CRUZ",UNINCORPORATED,-122.18840026855469,37.200008392333984
92124692,2023,2023-07-24,9720,2023-07-16,1718,022140,,7,2,9,4400,0,1,3,,1,010,SR-1,"LAGUNA RD",3168.00,N,N,B,-,Y,SCR,,1," "," ",26.570,H,,R,Y,3,0,4,3,A,-,09,21801,A,N,D,C,A,A,H,-,A,D,0,,,,,Y,,A,01,0,3,1,0,0,0,0,0,0,"- ","- ",36.991420745849609,-122.16490936279297,"SANTA CRUZ",UNINCORPORATED,-122.16490936279297,36.991424560546875
92125135,2023,2023-07-25,9720,2023-07-14,"30  ",020977,,5,3,9,4400,0,1,3,,1,015,"RT 9","LORENZO AVE",89.00,S,N,A,-,Y,SCR,,9," "," ",12.180,H,,R,Y,3,0,1,1,A,-,01,23152,A,N,E,I,A,A,H,-,D,D,0,,,,,Y,Y,A,01,0,1,0,0,0,0,0,0,0,"- ","- ",37.113090515136719,-122.11763000488281,"SANTA CRUZ",UNINCORPORATED,-122.11760711669922,37.113151550292969
92125211,2023,2023-07-25,9720,2023-07-16,"320 ",023026,,7,3,9,4400,0,2,4,,1,031,"FREEDOM BLVD","BUENA VISTA AVE",200.00,N,N,A,-,N,,,,,,,,,,Y,3,0,1,1,A,-,01,23152,A,M,E,I,A,A,H,-,D,D,0,,,,,Y,Y,A,01,0,1,0,0,0,0,0,0,0,"- ","- ",36.941341400146484,-121.78273010253906,"SANTA CRUZ",UNINCORPORATED,-121.78195190429688,36.940692901611328
92125327,2023,2023-07-25,9720,2023-07-19,1645,022293,,3,2,9,4400,0,3,5,,2,100,"SUMMIT DRIVE","844 SUMMIT DRIVE",189.00,N,N,A,-,N,,,,,,,,,,N,2,0,2,1,A,-,03,22350,,N,F,A,A,A,H,-,A,D,0,,,Y,,Y,,C,06,1,1,0,0,0,0,0,0,2,"- ","- ",37.091030120849609,-122.13803100585938,"SANTA CRUZ",UNINCORPORATED,-121.83211517333984,37.089687347412109
92125748,2023,2023-07-25,9720,2023-07-14,1730,021304,,5,2,9,4400,0,1,3,,1,035,SR-129,"CARLTON ROAD",0.00,,Y,A,-,Y,SCR,,129," "," ",3.269,H,,R,Y,2,0,2,2,A,-,09,21802,A,N,D,C,A,A,H,-,A,A,0,,,,Y,Y,,A,01,1,0,1,0,0,0,0,0,0,"- ","- ",36.924339294433594,-121.69918823242188,"SANTA CRUZ",UNINCORPORATED,-121.69918823242188,36.924308776855469
92126442,2023,2023-07-26,9720,2023-07-18,1715,023331,,2,2,9,4400,0,3,5,,2,200,"SUMNER AVE","DRY CREEK RD",25.00,W,N,A,-,N,,,,,,,,,,Y,4,0,1,1,A,-,08,22107,,N,E,I,A,A,H,-,A,D,0,,,,,Y,,A,01,0,0,1,0,0,0,0,0,0,"- ","- ",36.963340759277344,-121.88787841796875,"SANTA CRUZ",UNINCORPORATED,-121.88837432861328,36.963565826416016
92126900,2023,2023-07-26,9720,2023-07-17,1816,023311,,1,2,9,4400,0,2,4,,1,024,"CAPITOLA RD","15TH AVE",0.00,,Y,A,-,N,,,,,,,,,,Y,3,0,5,2,A,-,01,23152,A,N,C,C,A,A,H,-,A,A,0,,,,,Y,Y,A,07,0,2,3,0,0,0,0,0,0,"- ","- ",36.976539611816406,-121.98526000976562,"SANTA CRUZ",UNINCORPORATED,-121.98524475097656,36.97650146484375
92127391,2023,2023-07-27,9720,2023-07-19,1041,023316,,3,1,9,4400,0,1,3,,1,017,"S/B SR-17 FROM MT HERMON RD","MT HERMON RD",528.00,S,N,A,-,Y,,,,,,,,,,Y,3,0,1,1,C,-,18,,,N,H,H,A,A,H,-,A,D,0,,,,,Y,,-,"- ",0,1,0,0,0,0,0,0,0,"- ","- ",,,"SANTA CRUZ",UNINCORPORATED,-122.02165222167969,37.035060882568359
9213064,2021,2021-02-09,4403,2021-01-19,1458,6683,2-23,2,5,4,4403,0,0,0,,0,002,"MAIN ST","RODRIGUEZ ST",530.00,N,N,A,-,Y,SCR,5,152,-,T,2.440,H,-,W,Y,4,0,1,2,A,-,03,22350,,N,C,C,A,A,H,-,A,D,0,,,,,Y,,A,07,0,0,1,0,0,0,0,0,0,"- ","- ",,,"SANTA CRUZ",WATSONVILLE,-121.76254272460938,36.915172576904297
92131524,2023,2023-07-31,9720,2023-07-16,1150,021940,,7,1,9,4400,0,2,4,,1,022,"SOQUEL SAN JOSE RD","HOOVER RD.",200.00,N,N,A,-,N,,,,,,,,,,N,3,0,1,1,A,-,03,22350,,N,F,A,A,A,H,-,A,D,0,,,Y,,Y,,C,02,0,1,0,0,0,0,0,0,1,"- ","- ",37.055950164794922,-121.941650390625,"SANTA CRUZ",UNINCORPORATED,-121.94122314453125,37.055793762207031
92131526,2023,2023-07-31,9720,2023-07-19,1613,023331,,3,2,9,4400,0,2,4,,1,021,"SOQUEL DR","CORTE CABRILLO",25.00,E,N,A,-,N,,,,,,,,,,Y,3,0,2,2,A,-,01,23152,A,F,B,2,A,A,H,-,A,D,0,,,,,Y,Y,D,22,0,2,0,0,0,0,0,0,0,"- ","- ",36.990329742431641,-121.93173980712891,"SANTA CRUZ",UNINCORPORATED,-121.93173980712891,36.9903564453125
92131531,2023,2023-07-31,9720,2023-07-22,"700 ",023316,,6,1,9,4400,0,2,4,,1,031,"FREEDOM BLVD","PARKHURST CIR",423.00,E,N,B,E,N,,,,,,,,,,Y,3,0,1,2,A,-,03,22350,,N,C,C,A,A,H,-,A,D,0,,,,,Y,,A,01,0,1,0,0,0,0,0,0,0,"- ","- ",36.98638916015625,-121.85462951660156,"SANTA CRUZ",UNINCORPORATED,-121.85467529296875,36.986385345458984
92132099,2023,2023-07-31,9720,2023-03-26,2141,022976,,7,2,9,4400,0,1,3,,1,015,SR-9,"FILLMORE AVENUE",150.00,N,N,A,-,Y,SCR,,9," "," ",9.625,H,,R,N,1,1,0,2,D,-,00,,,F,G,B,D,A,H,-,C,D,0,Y,,,,Y,,-,"- ",0,0,0,1,0,0,0,0,0,"- ","- ",37.089431762695312,-122.09201049804688,"SANTA CRUZ",UNINCORPORATED,-122.09200286865234,37.089405059814453
92132773,2023,2023-08-01,9720,2023-07-20,"954 ",015170,,4,1,9,4400,0,1,3,,1,017,SR-17,"GLENWOOD DR",0.00,,Y,A,-,N,,,,,,,,,,Y,3,0,2,2,A,-,09,21802,A,N,D,C,A,A,H,-,A,A,0,,,,,Y,,A,01,0,2,0,0,0,0,0,0,0,"- ","- ",37.119850158691406,-121.97602844238281,"SANTA CRUZ",UNINCORPORATED,-121.97604370117188,37.119960784912109
92133174,2023,2023-08-01,9720,2023-07-23,1530,022293,,7,2,9,4400,0,1,3,,1,017,"N/B SR-17","SPANISH OAKS ROAD",125.00,N,N,A,-,Y,SCR,,17," "," ",10.083,H,,R,Y,4,0,1,3,A,-,07,21658,A,N,C,C,A,A,H,-,A,D,0,,,,,Y,,A,01,0,0,1,0,0,0,0,0,0,"- ","- ",37.112651824951172,-121.97548675537109,"SANTA CRUZ",UNINCORPORATED,-121.97548675537109,37.112648010253906
92133181,2023,2023-08-01,9720,2023-07-23,1750,023245,,7,2,9,4400,0,2,4,,1,024,"EAST CLIFF DRIVE","14TH AVENUE",0.00,,Y,A,-,N,,,,,,,,,,Y,3,0,2,2,A,-,09,21802,A,N,D,2,A,A,H,-,A,A,0,,,,,Y,,A,01,0,1,1,0,0,0,0,0,0,"- ","- ",36.963809967041016,-121.99170684814453,"SANTA CRUZ",UNINCORPORATED,-121.99167633056641,36.963809967041016
92133185,2023,2023-08-01,9720,2023-07-25,"745 ",023316,,2,1,9,4400,0,1,3,,1,015,SR-9,"LOCUST LN",25.00,S,N,A,-,Y,SCR,,9," "," ",8.040,H,,R,Y,3,0,1,2,A,-,05,21460,A,N,D,C,A,A,H,-,A,D,0,,,,,Y,,A,01,0,1,0,0,0,0,0,0,0,"- ","- ",37.072299957275391,-122.08428955078125,"SANTA CRUZ",UNINCORPORATED,-122.08428955078125,37.072299957275391
92133205,2023,2023-08-01,9720,2023-07-27,2150,021717,,4,2,9,4400,0,3,5,,2,100,"BONNY DOON RD","BRISA DEL MAR",463.00,E,N,A,-,N,,,,,,,,,,Y,3,0,1,1,A,-,08,22107,,N,E,I,A,A,H,-,D,D,0,,,,,Y,,A,07,0,1,0,0,0,0,0,0,0,"- ","- ",37.041458129882812,-122.15100860595703,"SANTA CRUZ",UNINCORPORATED,-122.15103149414062,37.041191101074219
92133385,2023,2023-08-01,9720,2023-07-25,1518,021833,,2,2,9,4400,0,3,5,,2,200,"SOQUEL AVE","7TH AVE",260.00,E,N,A,-,N,,,,,,,,,,Y,2,0,1,2,A,-,09,21801,A,N,D,G,A,A,H,-,A,D,0,,Y,,,Y,,A,07,1,0,0,0,0,0,1,0,0,"- ","- ",36.985591888427734,-121.98893737792969,"SANTA CRUZ",UNINCORPORATED,-121.98899841308594,36.985588073730469
9213348,2024,2024-05-17,4401,2024-01-18,1520,532,4401,4,5,3,4401,0,0,0,,0,,"MONTEREY AV","FANMAR WY",180.00,S,N,B,-,N,,,,,,,,,,N,3,0,1,1,A,-,03,22350,,N,F,J,A,A,-,-,A,D,0,,,Y,,Y,,C,02,0,1,0,0,0,0,0,0,1,"- ","- ",,,"SANTA CRUZ",CAPITOLA,-121.95046997070312,36.974422454833984
92133953,2023,2023-08-02,9720,2023-07-21,1628,023311,,5,2,9,4400,0,3,5,,2,200,"PARK AVE","SR-1 S/B",35.00,S,N,A,-,Y,SCR,,1," "," ",12.105,H,,L,N,4,0,1,2,A,-,21,22106,,N,C,C,A,A,H,-,A,A,0,,,,,Y,,D,22,0,0,1,0,0,0,0,0,0,"- ","- ",36.983730316162109,-121.93717193603516,"SANTA CRUZ",UNINCORPORATED,-121.93717193603516,36.983913421630859
92133962,2023,2023-08-02,9720,2023-07-24,1452,023311,,1,2,9,4400,0,3,5,,2,300,"CORRALITOS RD","SKYLARK LN",1320.00,S,N,A,-,N,,,,,,,,,,Y,4,0,1,2,A,-,03,22350,,N,C,C,A,A,H,-,A,D,0,,,,,Y,,A,01,0,0,1,0,0,0,0,0,0,"- ","- ",36.972850799560547,-121.80660247802734,"SANTA CRUZ",UNINCORPORATED,-121.80659484863281,36.973262786865234
92134469,2023,2023-08-02,9720,2023-07-25,1710,021833,,2,2,9,4400,0,2,4,,1,024,"E. CLIFF DRIVE","33RD AVE",0.00,,Y,A,-,N,,,,,,,,,,N,3,0,1,2,A,-,08,22100,B,N,D,G,A,A,H,-,A,D,0,,Y,,,Y,,L,04,0,1,0,0,0,0,1,0,0,"- ","- ",36.955890655517578,-121.97176361083984,"SANTA CRUZ",UNINCORPORATED,-121.97176361083984,36.955879211425781
92135072,2023,2023-08-03,9720,2023-07-23,"910 ",021714,,7,1,9,4400,0,2,4,,1,024,"E. CLIFF DR.","BLACKPOINT LN.",10.00,W,N,A,-,N,,,,,,,,,,N,3,0,1,2,A,-,21,22106,,F,H,B,F,A,H,-,A,D,0,Y,Y,,,Y,,M,91,0,1,0,0,1,0,0,0,0,"- ","- ",36.963260650634766,-121.99011993408203,"SANTA CRUZ",UNINCORPORATED,-121.9901123046875,36.963287353515625
92135469,2023,2023-08-03,9720,2023-07-20,1700,022044,,4,2,9,4400,0,1,3,,1,015,SR-9,SR-236,5280.00,N,N,A,-,Y,SCR,,9," "," ",22.124,H,,R,Y,3,0,1,2,A,-,05,21460,A,N,C,2,A,A,H,-,A,D,0,,,Y,,Y,,C,02,0,1,0,0,0,0,0,0,1,"- ","- ",37.225360870361328,-122.15126037597656,"SANTA CRUZ",UNINCORPORATED,-122.15126037597656,37.225337982177734
92135513,2023,2023-08-03,9720,2023-07-23,1745,022140,,7,2,9,4400,0,1,3,,1,014,SR-9,"BEEKHUIS RD",20.00,S,N,A,-,Y,SCR,,9," "," ",23.295,H,,R,Y,3,0,1,1,A,-,03,22350,,N,F,A,A,A,H,-,A,D,0,,,Y,,Y,,C,02,0,1,0,0,0,0,0,0,1,"- ","- ",37.235141754150391,-122.14544677734375,"SANTA CRUZ",UNINCORPORATED,-122.14546203613281,37.235141754150391
92136979,2023,2023-08-07,9720,2023-07-14,1350,021940,,5,1,9,4400,0,3,5,,2,200,"SUGARLOAF RD.",SR-17,1162.00,E,N,A,-,N,,,,,,,,,,N,3,0,1,1,A,-,01,23152,F,N,F,A,A,A,H,-,A,D,0,,,Y,,Y,,C,02,0,1,0,0,0,0,0,0,1,"- ","- ",37.094699859619141,-121.97261810302734,"SANTA CRUZ",UNINCORPORATED,-121.97505950927734,37.094482421875
92136981,2023,2023-08-07,9720,2023-07-16,2105,022349,,7,2,9,4400,0,1,3,,1,034,SR-152,"BELLA VISTA LN",160.00,E,N,A,-,Y,SCR,,152," "," ",8.206,H,,R,Y,2,0,1,1,A,-,01,23152,A,N,E,I,A,A,H,-,D,D,0,,,,,Y,Y,D,22,1,0,0,0,0,0,0,0,0,"- ","- ",36.994621276855469,-121.71826934814453,"SANTA CRUZ",UNINCORPORATED,-121.71810150146484,36.994655609130859
92136986,2023,2023-08-07,9720,2023-07-26,1025,023316,,3,1,9,4400,0,3,5,,2,200,"SUMMIT ROAD","OLD SANTA CRUZ HIGHWAY",1056.00,E,N,A,-,N,,,,,,,,,,Y,2,0,1,1,A,-,01,23152,F,N,E,I,A,A,H,-,A,D,0,,,,,Y,,A,01,1,0,0,0,0,0,0,0,0,"- ","- ",37.134819030761719,-121.96510314941406,"SANTA CRUZ",UNINCORPORATED,-121.96528625488281,37.134925842285156
92137012,2023,2023-08-07,9720,2023-07-28,"230 ",021940,,5,3,9,4400,0,1,3,,2,020,"SR-1 N/B TO SR-17 N/B","EMELINE AVE.",950.00,N,N,A,-,Y,SCR,,1," "," ",16.773,H,,R,Y,3,0,1,1,A,-,01,23152,A,N,E,I,A,A,H,-,D,D,0,,,,,Y,Y,A,01,0,1,0,0,0,0,0,0,0,"- ","- ",36.989700317382812,-122.02046966552734,"SANTA CRUZ",UNINCORPORATED,-122.02051544189453,36.989490509033203
92137015,2023,2023-08-07,9720,2023-07-28,2210,021940,,5,3,9,4400,0,1,3,,2,020,SR-1,"CAPITOLA AVE.",920.00,S,N,A,-,Y,SCR,,1," "," ",12.748,H,,R,Y,3,0,1,1,A,-,08,22107,,N,E,I,A,B,H,-,D,D,0,,,,,Y,,A,01,0,1,0,0,0,0,0,0,0,"- ","- ",36.984111785888672,-121.94882965087891,"SANTA CRUZ",UNINCORPORATED,-121.94882202148438,36.984035491943359
92137016,2023,2023-08-07,9720,2023-07-30,1029,023345,,7,1,9,4400,0,1,3,,1,017,SR-17,"PASATIEMPO DR OVERCROSSING",2112.00,S,N,A,-,Y,SCR,,17," "," ",0.236,H,,R,Y,2,0,1,2,A,-,07,21658,A,M,F,A,A,A,H,-,A,D,0,,,Y,,Y,,A,07,1,0,0,0,0,0,0,0,1,"- ","- ",36.992729187011719,-122.01962280273438,"SANTA CRUZ",UNINCORPORATED,-122.01947784423828,36.992664337158203
92137018,2023,2023-08-07,9720,2023-07-29,2000,023186,,6,2,9,4400,0,1,3,,2,030,"NB SR-1","BUENA VISTA DR",980.00,N,N,A,-,Y,SCR,,1," ",R,4.317,H,,R,Y,3,0,1,2,A,-,03,22350,,N,C,C,A,A,H,-,A,D,0,,,,,Y,,A,07,0,1,0,0,0,0,0,0,0,"- ","- ",36.932769775390625,-121.81455993652344,"SANTA CRUZ",UNINCORPORATED,-121.81454467773438,36.93280029296875
92137020,2023,2023-08-07,9720,2023-07-27,1520,022140,,4,2,9,4400,0,1,3,,1,015,SR-9,"EL SOLYO HEIGHTS DR",430.00,N,N,A,-,Y,SCR,,9," "," ",7.606,H,,R,N,2,0,1,2,A,-,08,22107,,N,F,A,A,A,H,-,A,D,0,,,Y,,Y,,C,02,1,0,0,0,0,0,0,0,1,"- ","- ",37.067131042480469,-122.08010864257812,"SANTA CRUZ",UNINCORPORATED,-122.08016204833984,37.067081451416016
92137026,2023,2023-08-07,9720,2023-07-28,1753,023245,,5,2,9,4400,0,1,3,,1,014,SR-9,"OLD MILL RD",1584.00,N,N,A,-,Y,SM,,9," "," ",21.261,H,,R,Y,3,0,1,1,A,-,01,23152,A,N,E,I,A,A,H,-,A,D,0,,,,,Y,Y,A,07,0,1,0,0,0,0,0,0,0,"- ","- ",37.215808868408203,-122.15470123291016,"SANTA CRUZ",UNINCORPORATED,-122.15464782714844,37.215755462646484
92137034,2023,2023-08-07,9720,2023-07-31,"918 ",023345,,1,1,9,4400,0,1,3,,1,015,SR-9,"HIHN ST",203.00,N,N,A,-,Y,SCR,,9," "," ",6.266,H,,R,Y,3,0,1,2,A,-,09,21801,A,N,A,C,A,A,H,-,A,D,0,,,,,Y,,D,22,0,1,0,0,0,0,0,0,0,"- ","- ",37.050079345703125,-122.07331085205078,"SANTA CRUZ",UNINCORPORATED,-122.07330322265625,37.050079345703125
92137803,2023,2023-08-07,9720,2023-05-12,1520,021540,,5,2,9,4400,0,1,3,,1,010,SR-1,"SWANTON RD",11616.00,N,N,A,-,Y,SCR,,1," "," ",32.687,H,,R,Y,1,1,0,1,A,-,08,22107,,N,E,I,A,A,H,-,A,D,0,,,,,Y,,A,07,0,0,0,0,0,0,0,0,0,"- ","- ",37.052829742431641,-122.24282073974609,"SANTA CRUZ",UNINCORPORATED,-122.24278259277344,37.052852630615234
92138513,2023,2023-08-08,9720,2023-07-30,2330,022901,,7,3,9,4400,0,3,5,,2,100,"BEAN CREEK ROAD","REDWOOD ROAD",3538.00,N,N,A,-,N,,,,,,,,,,N,3,0,1,1,A,-,01,23152,A,N,E,I,A,A,H,-,D,D,0,,,Y,,Y,Y,C,02,0,1,0,0,0,0,0,0,1,"- ","- ",37.061389923095703,-122.0181884765625,"SANTA CRUZ",UNINCORPORATED,-122.01858520507812,37.060676574707031
92138544,2023,2023-08-08,9720,2023-08-04,1305,023245,,5,1,9,4400,0,3,5,,2,200,"VIA PACIFICA","CABO CT",125.00,W,N,A,-,N,,,,,,,,,,N,4,0,1,2,A,-,09,21804,A,N,D,C,A,A,H,-,A,D,0,,,,,Y,,D,22,0,0,1,0,0,0,0,0,0,"- ","- ",36.948570251464844,-121.86733245849609,"SANTA CRUZ",UNINCORPORATED,-121.86724853515625,36.948623657226562
92138552,2023,2023-08-08,9720,2023-08-05,"420 ",022879,,6,3,9,4400,0,1,3,,1,010,SR-1,"SWANTON RD.",4646.00,N,N,A,-,Y,SCR,,1," "," ",31.330,H,,R,Y,4,0,1,1,A,-,08,22107,,N,E,I,A,A,H,-,D,D,0,,,,,Y,,A,01,0,0,1,0,0,0,0,0,0,"- ","- ",37.037811279296875,-122.22676849365234,"SANTA CRUZ",UNINCORPORATED,-122.22683715820312,37.037796020507812
9213885,2021,2021-03-08,4403,2021-01-07,1555,381,224,4,5,4,4403,0,0,0,,0,002,"BEACH ST","LEE RD",1034.00,E,N,A,-,N,,,,,,,,,,Y,2,0,1,2,A,-,08,22102,,N,D,C,A,A,H,-,A,D,0,,,Y,,Y,,A,07,1,0,0,0,0,0,0,0,1,"- ","- ",,,"SANTA CRUZ",WATSONVILLE,-121.77587890625,36.899074554443359
9213891,2021,2021-03-08,4403,2021-01-03,2106,281,435,7,5,4,4403,0,0,0,,0,004,"HAMMER DR","PENNSYLVANIA DR",0.00,,Y,A,-,N,,,,,,,,,,,4,0,1,2,A,-,09,21802,A,F,H,G,A,A,H,-,D,D,0,,Y,,,Y,,L,04,0,0,1,0,0,0,1,0,0,"- ","- ",,,"SANTA CRUZ",WATSONVILLE,-121.77275085449219,36.920547485351562
92140492,2023,2023-08-10,9720,2023-08-04,2301,022545,,5,3,9,4400,0,3,5,,2,100,"RIVA RIDGE RD","MAJESTIC DR",60.00,S,N,A,-,N,,,,,,,,,,Y,3,0,1,1,A,-,01,23152,A,N,E,I,A,A,H,-,D,D,0,,,,,Y,Y,A,01,0,1,0,0,0,0,0,0,0,"- ","- ",37.140251159667969,-121.99433135986328,"SANTA CRUZ",UNINCORPORATED,-121.99442291259766,37.140541076660156
92143467,2023,2023-08-14,9720,2023-08-02,"536 ",020977,,3,3,9,4400,0,1,3,,1,035,SR-129,"N/B STATE ROUTE 1",0.00,,Y,C,-,Y,SCR,,129," ",L,0.122,H,,R,Y,3,0,1,2,A,-,09,21802,A,N,D,C,A,B,H,-,A,A,0,,,,,Y,,A,08,0,1,0,0,0,0,0,0,0,"- ","- ",36.895259857177734,-121.77216339111328,"SANTA CRUZ",UNINCORPORATED,-121.77205657958984,36.895168304443359
92143478,2023,2023-08-14,9720,2023-08-03,"10  ",022907,,4,3,9,4400,0,3,5,,2,200,"SEACLIFF DR","PARK DRIVE",22.00,E,N,A,-,N,,,,,,,,,,Y,4,0,1,1,A,-,01,23152,A,M,E,8,A,A,H,-,C,D,0,,,,,Y,Y,A,01,0,0,1,0,0,0,0,0,0,"- ","- ",36.974460601806641,-121.91354370117188,"SANTA CRUZ",UNINCORPORATED,-121.91340637207031,36.974491119384766