CASE_ID,ACCIDENT_YEAR,PROC_DATE,JURIS,COLLISION_DATE,COLLISION_TIME,OFFICER_ID,REPORTING_DISTRICT,DAY_OF_WEEK,CHP_SHIFT,POPULATION,CNTY_CITY_LOC,SPECIAL_COND,BEAT_TYPE,CHP_BEAT_TYPE,CITY_DIVISION_LAPD,CHP_BEAT_CLASS,BEAT_NUMBER,PRIMARY_RD,SECONDARY_RD,DISTANCE,DIRECTION,INTERSECTION,WEATHER_1,WEATHER_2,STATE_HWY_IND,CALTRANS_COUNTY,CALTRANS_DISTRICT,STATE_ROUTE,ROUTE_SUFFIX,POSTMILE_PREFIX,POSTMILE,LOCATION_TYPE,RAMP_INTERSECTION,SIDE_OF_HWY,TOW_AWAY,COLLISION_SEVERITY,NUMBER_KILLED,NUMBER_INJURED,PARTY_COUNT,PRIMARY_COLL_FACTOR,PCF_CODE_OF_VIOL,PCF_VIOL_CATEGORY,PCF_VIOLATION,PCF_VIOL_SUBSECTION,HIT_AND_RUN,TYPE_OF_COLLISION,MVIW,PED_ACTION,ROAD_SURFACE,ROAD_COND_1,ROAD_COND_2,LIGHTING,CONTROL_DEVICE,CHP_ROAD_TYPE,PEDESTRIAN_ACCIDENT,BICYCLE_ACCIDENT,MOTORCYCLE_ACCIDENT,TRUCK_ACCIDENT,NOT_PRIVATE_PROPERTY,ALCOHOL_INVOLVED,STWD_VEHTYPE_AT_FAULT,CHP_VEHTYPE_AT_FAULT,COUNT_SEVERE_INJ,COUNT_VISIBLE_INJ,COUNT_COMPLAINT_PAIN,COUNT_PED_KILLED,COUNT_PED_INJURED,COUNT_BICYCLIST_KILLED,COUNT_BICYCLIST_INJURED,COUNT_MC_KILLED,COUNT_MC_INJURED,PRIMARY_RAMP,SECONDARY_RAMP,LATITUDE,LONGITUDE,COUNTY,CITY,POINT_X,POINT_Y
92143934,2023,2023-08-15,9720,2023-08-03,1508,023331,,4,2,9,4400,0,2,4,,1,021,"SOQUEL DR","SOQUEL AVENUE",33.00,E,N,A,-,N,,,,,,,,,,N,3,0,1,2,A,-,12,21453,A,N,B,C,A,A,H,-,A,A,0,,,,,Y,,A,01,0,1,0,0,0,0,0,0,0,"- ","- ",36.986099243164062,-121.98728942871094,"SANTA CRUZ",UNINCORPORATED,-121.98747253417969,36.986007690429688
92144488,2023,2023-08-15,9720,2023-08-08,"905 ",023345,,2,1,9,4400,0,3,5,,2,200,"SR-1 NORTHBOUND TO STATE PARK DR","STATE PARD DR",0.00,,Y,A,-,N,,,,,,,,,,N,3,0,1,2,A,-,10,21950,A,N,G,B,B,A,H,-,A,A,0,Y,,,,Y,,A,01,0,1,0,0,1,0,0,0,0,"- ","- ",36.979000091552734,-121.90936279296875,"SANTA CRUZ",UNINCORPORATED,,
92144494,2023,2023-08-15,9720,2023-08-08,"910 ",023316,,2,1,9,4400,0,3,5,,2,100,"BONNY DOON ROAD","SMITH GRADE ROAD",5280.00,W,N,B,-,N,,,,,,,,,,Y,3,0,1,1,A,-,08,22107,,N,E,I,A,A,H,-,A,D,0,,,,,Y,,A,07,0,1,0,0,0,0,0,0,0,"- ","- ",37.024791717529297,-122.16552734375,"SANTA CRUZ",UNINCORPORATED,-122.15535736083984,37.047447204589844
92145007,2023,2023-08-16,9720,2023-08-03,2235,019100,,4,3,9,4400,0,3,5,,2,300,"BUENA VISTA DR","MANFRE RD",2112.00,W,N,B,-,N,,,,,,,,,,N,3,0,1,1,A,-,01,23152,A,N,E,I,A,A,H,-,D,D,0,,,,,Y,Y,D,22,0,1,0,0,0,0,0,0,0,"- ","- ",36.939281463623047,-121.80339813232422,"SANTA CRUZ",UNINCORPORATED,-121.80386352539062,36.938804626464844
92145021,2023,2023-08-16,9720,2023-08-04,"245 ",021940,,5,3,9,4400,0,1,3,,2,020,SR-1,"STATE PARK DR.",1214.00,N,N,A,-,Y,SCR,,1," "," ",10.773,H,,L,N,3,0,3,1,A,-,08,22107,,N,E,I,A,A,H,-,D,D,0,,,,,Y,,D,22,0,3,0,0,0,0,0,0,0,"- ","- ",36.979721069335938,-121.91413116455078,"SANTA CRUZ",UNINCORPORATED,-121.91405487060547,36.979812622070312
92145365,2023,2023-08-16,9720,2023-08-08,"756 ",023345,,2,1,9,4400,0,1,3,,2,030,"SR-1 N/B","FREEDOM BLVD",1584.00,S,N,B,-,Y,SCR,,1," ",R,8.200,H,,R,N,3,0,2,2,A,-,03,22350,,N,C,C,A,A,H,-,A,D,0,,,,,Y,,A,08,0,2,0,0,0,0,0,0,0,"- ","- ",36.966629028320312,-121.86856079101562,"SANTA CRUZ",UNINCORPORATED,-121.86855316162109,36.966636657714844
92145525,2023,2023-08-16,9720,2023-08-10,1626,023245,,4,2,9,4400,0,2,4,,1,016,"GRAHAM HILL RD","WESTWOOD RD",260.00,S,N,A,-,N,,,,,,,,,,Y,3,0,2,2,A,-,09,21804,A,N,D,C,A,A,H,-,A,D,0,,,,,Y,,A,07,0,1,1,0,0,0,0,0,0,"- ","- ",37.000789642333984,-122.03112030029297,"SANTA CRUZ",UNINCORPORATED,-122.031005859375,37.000545501708984
92146267,2023,2023-08-17,9720,2023-08-04,1402,023311,,5,2,9,4400,0,2,4,,1,024,"BROMMER ST","30TH AVE",0.00,,Y,A,-,N,,,,,,,,,,Y,4,0,1,2,A,-,09,21800,A,N,D,C,A,A,H,-,A,A,0,,,,,Y,,A,07,0,0,1,0,0,0,0,0,0,"- ","- ",36.970211029052734,-121.97331237792969,"SANTA CRUZ",UNINCORPORATED,-121.97325897216797,36.970252990722656
92146277,2023,2023-08-17,9720,2023-08-07,1000,021248,,1,1,9,4400,0,1,3,,2,020,"SR-1 N/B","RIO DEL MAR BLVD",3168.00,N,N,A,-,Y,SCR,,1," "," ",9.742,H,,R,N,4,0,1,2,A,-,03,22350,,N,E,I,A,A,H,-,A,D,0,,,,,Y,,D,22,0,0,1,0,0,0,0,0,0,"- ","- ",36.975040435791016,-121.89697265625,"SANTA CRUZ",UNINCORPORATED,-121.89697265625,36.975040435791016
92146744,2023,2023-08-17,9720,2023-08-08,1230,023316,,2,1,9,4400,0,1,3,,1,010,SR-1,"DIMEO LANE",0.00,,Y,B,-,Y,SCR,,1," "," ",22.707,H,,R,Y,2,0,3,2,A,-,09,21802,A,M,D,C,A,A,H,-,A,A,0,,,,,Y,,A,07,1,2,0,0,0,0,0,0,0,"- ","- ",36.964588165283203,-122.10487365722656,"SANTA CRUZ",UNINCORPORATED,-122.10489654541016,36.964565277099609
92146862,2023,2023-08-17,9720,2023-08-09,1800,023146,,3,2,9,4400,0,2,4,,1,031,"FREEDOM BLVD","WILLOW HEIGHTS",200.00,E,N,B,-,N,,,,,,,,,,Y,3,0,1,1,A,-,03,22350,,N,E,8,A,A,H,-,A,D,0,,,,,Y,,A,01,0,1,0,0,0,0,0,0,0,"- ","- ",36.975898742675781,-121.82498168945312,"SANTA CRUZ",UNINCORPORATED,-121.82485198974609,36.975814819335938
92148637,2023,2023-08-21,9720,2023-08-08,1627,023311,,2,2,9,4400,0,1,3,,1,015,SR-9,"GRAHAM HILL RD",847.00,N,N,A,-,Y,SCR,,9," "," ",6.634,H,,R,N,4,0,1,2,A,-,03,22350,,N,C,C,A,A,H,-,A,D,0,,,,,Y,,A,01,0,0,1,0,0,0,0,0,0,"- ","- ",37.055301666259766,-122.07465362548828,"SANTA CRUZ",UNINCORPORATED,-122.07468414306641,37.055286407470703
92148720,2023,2023-08-21,9720,2023-08-06,"925 ",023322,,7,1,9,4400,0,1,3,,1,035,SR-129,"SILLIMAN RD",1584.00,W,N,A,-,Y,SCR,,129," "," ",3.838,H,,R,N,4,0,1,1,A,-,01,23152,F,N,A,9,A,A,H,-,A,D,0,,,,,Y,,A,01,0,0,1,0,0,0,0,0,0,"- ","- ",36.920669555664062,-121.69013977050781,"SANTA CRUZ",UNINCORPORATED,-121.69014739990234,36.920658111572266
92148865,2023,2023-08-21,9720,2023-08-10,1636,023245,,4,2,9,4400,0,1,3,,1,014,SR-9,"CHESEBROUGH SCOUT RESERVATION RD",1320.00,S,N,A,-,Y,SCR,,9," "," ",24.931,H,,R,Y,3,0,1,1,A,-,08,22107,,N,E,8,A,A,H,-,A,D,0,,,,,Y,,A,01,0,1,0,0,0,0,0,0,0,"- ","- ",37.247211456298828,-122.14959716796875,"SANTA CRUZ",UNINCORPORATED,-122.14958190917969,37.247241973876953
92149003,2023,2023-08-21,9720,2023-08-11,1652,018650,,5,2,9,4400,0,1,3,,2,020,"SR-1 S/B","BAY AVENUE",528.00,N,N,A,-,Y,SCR,,1," "," ",13.400,H,,L,N,4,0,1,2,A,-,03,22350,,N,C,C,A,A,H,-,A,D,0,,,,,Y,,D,22,0,0,1,0,0,0,0,0,0,"- ","- ",36.982860565185547,-121.96053314208984,"SANTA CRUZ",UNINCORPORATED,-121.96053314208984,36.982860565185547
92149022,2023,2023-08-21,9720,2023-08-11,1826,023103,,5,2,9,4400,0,2,4,,1,032,"HOLOHAN RD","GREEN VALLEY RD",50.00,E,N,A,-,N,,,,,,,,,,N,4,0,1,2,A,-,21,22106,,N,C,C,A,A,H,-,A,A,0,,,,,Y,,A,07,0,0,1,0,0,0,0,0,0,"- ","- ",36.9410400390625,-121.76915740966797,"SANTA CRUZ",UNINCORPORATED,-121.76930236816406,36.941020965576172
92149155,2023,2023-08-21,9720,2023-08-12,1240,022349,,6,1,9,4400,0,1,S,,2,904,SR-35,"MISTY RIDGE RD.",250.00,S,N,A,-,Y,SM,,35," "," ",19.990,H,,R,N,2,0,1,1,A,-,08,22107,,N,E,I,A,A,H,-,A,D,0,,,,,Y,,A,01,1,0,0,0,0,0,0,0,0,"- ","- ",37.464031219482422,-122.34600067138672,"SANTA CRUZ",UNINCORPORATED,-122.34593963623047,37.464046478271484
92149214,2023,2023-08-21,9330,2023-08-12,1305,021248,,6,1,9,4400,0,1,S,,2,904,"I-280 N/B","MAGDALENA AVE",2640.00,S,N,A,-,Y,SCL,,280," "," ",13.586,H,,R,N,2,0,1,1,A,-,03,22350,,N,F,A,A,A,H,-,A,D,0,,,Y,,Y,,C,02,1,0,0,0,0,0,0,0,1,"- ","- ",37.34735107421875,-122.10105133056641,"SANTA CRUZ",UNINCORPORATED,-122.10101318359375,37.347400665283203
92149240,2023,2023-08-21,9720,2023-08-05,1820,023103,,6,2,9,4400,0,1,3,,2,020,SR-1,"COAST ROAD",528.00,N,N,A,-,Y,SCR,,1," "," ",25.576,H,,R,N,4,0,4,1,C,-,18,,,N,E,I,A,A,H,-,A,D,0,,,,,Y,,-,"- ",0,0,4,0,0,0,0,0,0,"- ","- ",36.984329223632812,-122.14890289306641,"SANTA CRUZ",UNINCORPORATED,-122.14890289306641,36.98431396484375
92149584,2023,2023-08-22,9720,2023-08-13,"15  ",019100,,7,3,9,4400,0,3,5,,2,300,"CASSERLY RD","WEBB RD",30.00,N,N,B,-,N,,,,,,,,,,N,3,0,1,1,A,-,01,23152,A,N,E,I,A,A,H,-,D,D,0,,,,,Y,Y,A,07,0,1,0,0,0,0,0,0,0,"- ","- ",36.964630126953125,-121.73372650146484,"SANTA CRUZ",UNINCORPORATED,-121.73357391357422,36.964546203613281
92150274,2023,2023-08-22,9720,2023-08-16,1750,021304,,3,2,9,4400,0,1,3,,2,020,"SR-1 N/B","PARK AVE",1056.00,S,N,A,-,Y,SCR,,1," "," ",11.645,H,,R,Y,4,0,1,2,A,-,03,22350,,N,C,C,A,A,H,-,A,D,0,,,,,Y,,A,07,0,0,1,0,0,0,0,0,0,"- ","- ",36.9835205078125,-121.92884063720703,"SANTA CRUZ",UNINCORPORATED,-121.9288330078125,36.983554840087891
92151282,2023,2023-08-23,9720,2023-08-13,"130 ",022907,,7,3,9,4400,0,2,4,,1,021,"SOQUEL DR","SOQUEL AVE",30.00,E,N,A,-,N,,,,,,,,,,Y,4,0,1,1,A,-,01,23152,A,N,E,I,A,A,H,-,C,A,0,,,,,Y,Y,A,01,0,0,1,0,0,0,0,0,0,"- ","- ",36.986011505126953,-121.98726654052734,"SANTA CRUZ",UNINCORPORATED,-121.98748016357422,36.986000061035156
92151357,2023,2023-08-23,9720,2023-08-15,1650,021304,,2,2,9,4400,0,2,4,,1,032,"518 GREEN VALLEY ROAD","MINTO ROAD",45.00,E,N,A,-,N,,,,,,,,,,N,2,0,1,2,A,-,01,23152,A,M,D,E,A,A,D,-,A,D,0,,,,,Y,Y,D,22,1,0,0,0,0,0,0,0,0,"- ","- ",36.951541900634766,-121.76480102539062,"SANTA CRUZ",UNINCORPORATED,-121.76490783691406,36.951358795166016
92151461,2023,2023-08-23,9720,2023-08-18,"125 ",019100,,5,3,9,4400,0,1,3,,2,030,"SR-1 S/B","BUENA VISTA DR",528.00,S,N,B,-,Y,SCR,,1," ",R,3.845,H,,L,Y,2,0,1,1,A,-,01,23152,A,N,E,I,A,A,H,-,D,D,0,,,,,Y,Y,A,01,1,0,0,0,0,0,0,0,0,"- ","- ",36.929939270019531,-121.80683135986328,"SANTA CRUZ",UNINCORPORATED,-121.80673980712891,36.930068969726562
92151597,2023,2023-08-23,9720,2023-08-11,2003,023103,,5,2,9,4400,0,3,5,,2,300,"LAKEVIEW ROAD","CRESTWOOD DRIVE",528.00,S,N,A,-,N,,,,,,,,,,Y,2,0,1,1,A,-,01,23152,A,N,E,I,A,A,H,-,A,D,0,,,,,Y,Y,D,22,1,0,0,0,0,0,0,0,0,"- ","- ",36.926910400390625,-121.73388671875,"SANTA CRUZ",UNINCORPORATED,-121.73391723632812,36.927055358886719
92151665,2023,2023-08-23,9720,2023-08-20,"945 ",021717,,7,1,9,4400,0,2,4,,1,032,"HOLOHAN RD","LAKEN DR",1056.00,W,N,A,-,N,,,,,,,,,,Y,3,0,2,3,A,-,03,22350,,N,C,C,A,A,H,-,A,D,0,,,,,Y,,A,07,0,1,1,0,0,0,0,0,0,"- ","- ",36.937381744384766,-121.74903869628906,"SANTA CRUZ",UNINCORPORATED,-121.74874877929688,36.937267303466797
92151689,2023,2023-08-23,9720,2023-08-18,1450,022140,,5,2,9,4400,0,3,5,,2,200,"SOQUEL AVE","17TH AVE",75.00,W,N,A,-,N,,,,,,,,,,N,4,0,1,2,A,-,03,22350,,F,C,C,A,A,H,-,A,A,0,,,,,Y,,-,99,0,0,1,0,0,0,0,0,0,"- ","- ",36.985721588134766,-121.98200988769531,"SANTA CRUZ",UNINCORPORATED,-121.98190307617188,36.985713958740234
92152088,2023,2023-08-24,9720,2023-08-12,1513,023245,,6,2,9,4400,0,3,5,,2,100,"MOUNT HERMON RD","GRAHAM HILL RD",4752.00,E,N,A,-,N,,,,,,,,,,N,2,0,1,1,B,-,22,,,N,F,A,A,A,H,-,A,D,0,,Y,,,Y,,-,"- ",1,0,0,0,0,0,1,0,0,"- ","- ",37.055561065673828,-122.05734252929688,"SANTA CRUZ",UNINCORPORATED,-122.05711364746094,37.055587768554688
92152093,2023,2023-08-24,9720,2023-08-14,"745 ",023322,,1,1,9,4400,0,1,3,,2,030,"NB SR-1","LARKIN VALLEY RD",1584.00,N,N,B,E,Y,SCR,,1," ",R,7.985,H,,R,Y,4,0,1,3,A,-,03,22350,,N,C,C,A,A,H,-,A,D,0,,,,,Y,,D,22,0,0,1,0,0,0,0,0,0,"- ","- ",36.964199066162109,-121.86607360839844,"SANTA CRUZ",UNINCORPORATED,-121.86602783203125,36.964229583740234
92152118,2023,2023-08-24,9720,2023-08-12,1305,021714,,6,1,9,4400,0,1,3,,1,015,SR-9,"SYLVAN AVE.",0.00,,Y,A,-,Y,SCR,,9," "," ",18.424,H,,R,N,3,0,1,2,A,-,09,21802,A,N,H,G,A,A,H,-,A,A,0,,Y,,,Y,,A,01,0,1,0,0,0,0,1,0,0,"- ","- ",37.195899963378906,-122.14576721191406,"SANTA CRUZ",UNINCORPORATED,-122.14577484130859,37.195899963378906
92152120,2023,2023-08-24,9720,2023-08-16,1645,023214,,3,2,9,4400,0,1,3,,2,020,"SR-1 S/B","N BRANCIFORTE AVE.",150.00,N,N,A,-,Y,SCR,,1," "," ",16.278,H,,L,Y,3,0,1,2,A,-,03,22350,,N,C,C,A,A,H,-,A,D,0,,,,,Y,,A,08,0,1,0,0,0,0,0,0,0,"- ","- ",36.988441467285156,-122.01161956787109,"SANTA CRUZ",UNINCORPORATED,-122.01161956787109,36.988502502441406
92152353,2023,2023-08-24,9720,2023-08-12,1753,023166,,6,2,9,4400,0,3,5,,2,300,"SAN ANDREAS RD.","DAIRY RD.",528.00,E,N,A,-,N,,,,,,,,,,Y,4,0,1,1,A,-,08,22107,,N,E,8,A,A,H,-,A,D,0,,,,,Y,,A,01,0,0,1,0,0,0,0,0,0,"- ","- ",36.887748718261719,-121.80487060546875,"SANTA CRUZ",UNINCORPORATED,-121.80490112304688,36.887809753417969
92152713,2023,2023-08-24,9720,2023-08-15,1652,021304,,2,2,9,4400,0,2,4,,1,032,"518 GREEN VALLEY ROAD","MINTO ROAD",45.00,E,N,A,-,N,,,,,,,,,,N,2,0,1,3,A,-,01,23152,A,M,B,4,A,A,H,-,A,D,0,,,,,Y,Y,D,22,1,0,0,0,0,0,0,0,0,"- ","- ",36.951541900634766,-121.76480865478516,"SANTA CRUZ",UNINCORPORATED,-121.76490783691406,36.951358795166016
92155184,2023,2023-08-28,9720,2023-08-14,1140,015699,,1,1,9,4400,0,1,3,,1,017,"STATE ROUTE 17 S/B","VINE HILL RD",528.00,S,N,A,-,Y,SCR,,17," "," ",7.273,H,,L,Y,4,0,1,1,A,-,08,22107,,N,F,A,A,A,H,-,A,D,0,,,,,Y,,A,01,0,0,1,0,0,0,0,0,0,"- ","- ",37.076549530029297,-121.98562622070312,"SANTA CRUZ",UNINCORPORATED,-121.98561859130859,37.076522827148438
92155188,2023,2023-08-28,9720,2023-08-17,1750,022044,,4,2,9,4400,0,3,5,,2,100,SR-9,"MCGAFFIGAN MILL RD.",1584.00,N,N,A,-,Y,SCR,,9," "," ",18.725,H,,R,Y,3,0,1,1,A,-,03,22350,,N,F,A,A,A,H,-,A,D,0,,,Y,,Y,,C,02,0,1,0,0,0,0,0,0,1,"- ","- ",37.200321197509766,-122.14705657958984,"SANTA CRUZ",UNINCORPORATED,-122.14702606201172,37.200328826904297
92155192,2023,2023-08-28,9720,2023-08-15,1653,021304,,2,2,9,4400,0,2,4,,1,032,"GREEN VALLEY RD","PAULSEN RD",20.00,W,N,A,-,N,,,,,,,,,,Y,2,0,3,2,A,-,01,23152,A,F,C,2,A,A,D,-,A,A,0,,,,,Y,Y,D,22,1,1,1,0,0,0,0,0,0,"- ","- ",36.955608367919922,-121.76492309570312,"SANTA CRUZ",UNINCORPORATED,-121.76495361328125,36.955780029296875
92155193,2023,2023-08-28,9720,2023-08-17,1800,022140,,4,2,9,4400,0,3,5,,2,200,"STATE PARD DR","SANTA CRUZ AVE",180.00,S,N,B,-,N,,,,,,,,,,Y,3,0,1,1,A,-,08,22107,,N,E,I,A,A,H,-,A,D,0,,,,,Y,,D,22,0,1,0,0,0,0,0,0,0,"- ","- ",36.973129272460938,-121.91236114501953,"SANTA CRUZ",UNINCORPORATED,-121.91242980957031,36.973209381103516
92155749,2023,2023-08-28,9720,2023-08-18,"541 ",022545,,5,3,9,4400,0,1,3,,1,017,"SR-17 S/B","PASATIEMPO DR",1584.00,N,N,B,E,Y,SCR,,17," "," ",1.083,H,,L,Y,4,0,1,2,A,-,03,22350,,N,C,E,A,A,H,-,B,A,0,,,,,Y,,A,01,0,0,1,0,0,0,0,0,0,"- ","- ",37.004188537597656,-122.02069091796875,"SANTA CRUZ",UNINCORPORATED,-122.02069091796875,37.004188537597656
92156035,2023,2023-08-28,9720,2023-08-20,1056,021714,,7,1,9,4400,0,1,3,,2,020,"SR-1 N/B","STATE PARK DR.",3168.00,S,N,A,-,Y,SCR,,1," "," ",9.817,H,,R,Y,4,0,1,3,A,-,03,22350,,N,C,C,A,A,H,-,A,D,0,,,,,Y,,A,01,0,0,1,0,0,0,0,0,0,"- ","- ",36.974910736083984,-121.89833831787109,"SANTA CRUZ",UNINCORPORATED,-121.89834594726562,36.974956512451172
92156198,2023,2023-08-28,9720,2023-08-20,1200,021717,,7,1,9,4400,0,1,3,,1,035,SR-129,"INDUSTRIAL RD.",40.00,E,N,A,-,Y,SCR,,129," ",L,0.533,H,,R,Y,4,0,1,4,A,-,01,23152,A,N,B,2,A,A,H,-,A,A,0,,,,,Y,Y,A,01,0,0,1,0,0,0,0,0,0,"- ","- ",36.899009704589844,-121.76682281494141,"SANTA CRUZ",UNINCORPORATED,-121.76670837402344,36.898906707763672
92156311,2023,2023-08-28,9720,2023-08-13,1405,023186,,7,2,9,4400,0,2,4,,1,032,"GREEN VALLEY RD","KLASSEN LN",0.00,,Y,A,-,N,,,,,,,,,,Y,3,0,1,2,A,-,12,22450,A,N,D,C,A,A,H,-,A,D,0,,,,,Y,,A,01,0,1,0,0,0,0,0,0,0,"- ","- ",36.960918426513672,-121.76495361328125,"SANTA CRUZ",UNINCORPORATED,-121.76496887207031,36.960922241210938
92156319,2023,2023-08-28,9720,2023-08-15,1655,021304,,2,2,9,4400,0,2,4,,1,032,"GREEN VALLEY RD","MESA VERDE",10.00,E,N,A,-,N,,,,,,,,,,N,2,0,1,1,A,-,01,23152,A,N,E,8,A,A,D,-,A,D,0,,,,,Y,Y,D,22,1,0,0,0,0,0,0,0,0,"- ","- ",36.969409942626953,-121.76505279541016,"SANTA CRUZ",UNINCORPORATED,-121.76510620117188,36.969207763671875
92157190,2023,2023-08-29,9720,2023-08-18,2300,022293,,5,3,9,4400,0,1,3,,2,020,"N/B SR-1 TO 41ST AVE","41ST AVENUE",0.00,,Y,A,-,Y,,,,,,,,,,N,4,0,1,2,A,-,14,21201,D,N,D,G,A,A,H,-,C,A,0,,Y,,,Y,,L,04,0,0,1,0,0,0,1,0,0,"- ","- ",36.983779907226562,-121.96456909179688,"SANTA CRUZ",UNINCORPORATED,-121.96439361572266,36.982837677001953
92157340,2023,2023-08-29,9720,2023-08-20,2157,023026,,7,2,9,4400,0,1,3,,1,017,"SR-17 N/B","GLENWOOD CUTOFF",100.00,N,N,A,-,Y,SCR,,17," "," ",9.097,H,,R,N,3,0,1,3,A,-,07,21658,A,N,B,C,A,A,H,-,D,D,0,,,,,Y,,D,22,0,1,0,0,0,0,0,0,0,"- ","- ",37.100360870361328,-121.97686004638672,"SANTA CRUZ",UNINCORPORATED,-121.97685241699219,37.100364685058594
92157395,2023,2023-08-29,9720,2023-08-21,1200,023345,,1,1,9,4400,0,1,3,,2,030,"SR-1 S/B","BUENA VISTA DR",4224.00,N,N,A,-,Y,SCR,,1," ",R,4.961,H,,L,Y,3,0,1,1,A,-,08,22107,,N,E,I,A,A,H,-,A,D,0,,,,,Y,,A,01,0,1,0,0,0,0,0,0,0,"- ","- ",36.935779571533203,-121.82570648193359,"SANTA CRUZ",UNINCORPORATED,-121.82566833496094,36.935874938964844
92157511,2023,2023-08-29,9720,2023-08-22,"944 ",023345,,2,1,9,4400,0,2,4,,1,016,"GRAHAM HILL RD","CRESS RD",600.00,S,N,A,-,N,,,,,,,,,,Y,3,0,1,2,A,-,03,22350,,N,C,C,A,A,H,-,A,D,0,,,,,Y,,A,01,0,1,0,0,0,0,0,0,0,"- ","- ",37.0218505859375,-122.03675079345703,"SANTA CRUZ",UNINCORPORATED,-122.03666687011719,37.021308898925781
92157527,2023,2023-08-29,9720,2023-08-22,1355,023345,,2,1,9,4400,0,1,3,,1,015,"N/B SR-9","PROSPECT AVE",30.00,S,N,A,-,Y,SCR,,9," "," ",12.040,H,,R,Y,3,0,1,2,A,-,08,22107,,N,C,4,A,A,H,-,A,D,0,,,,,Y,,A,07,0,1,0,0,0,0,0,0,0,"- ","- ",37.112880706787109,-122.11550140380859,"SANTA CRUZ",UNINCORPORATED,-122.11550903320312,37.112865447998047
92157711,2023,2023-08-29,9720,2023-08-24,"823 ",021714,,4,1,9,4400,0,1,3,,1,017,"SR-17 N/B","PASATIEMPO DR.",1056.00,S,N,B,-,Y,,,,,,,,,,Y,3,0,1,1,A,-,08,22107,,N,E,I,A,B,H,-,A,D,0,,,,,Y,,D,22,0,1,0,0,0,0,0,0,0,"- ","- ",36.995521545410156,-121.01927185058594,"SANTA CRUZ",UNINCORPORATED,-122.021240234375,36.997753143310547
92157773,2023,2023-08-29,9720,2023-08-20,1740,022140,,7,2,9,4400,0,1,3,,1,010,SR-1,"BONNY DOON RD",1162.00,S,N,A,-,Y,SCR,,1," "," ",27.401,H,,R,Y,3,0,3,2,A,-,09,21804,A,N,D,2,A,A,H,-,A,D,0,,,,,Y,,A,01,0,3,0,0,0,0,0,0,0,"- ","- ",36.998600006103516,-122.17768096923828,"SANTA CRUZ",UNINCORPORATED,-122.17766571044922,36.998611450195312
92157779,2023,2023-08-29,9720,2023-08-24,"920 ",021833,,4,1,9,4400,0,1,3,,2,030,"N/B SR-1","MAR MONTE AVE",500.00,N,N,A,-,Y,,,,,,,,,,N,4,0,1,2,A,-,03,22350,,N,C,C,A,A,H,-,A,D,0,,,,Y,Y,,G,25,0,0,1,0,0,0,0,0,0,"- ","- ",36.952659606933594,-121.85047149658203,"SANTA CRUZ",UNINCORPORATED,-121.85182189941406,36.950527191162109
92158184,2023,2023-08-30,9720,2023-08-08,1541,023331,,2,2,9,4400,0,3,5,,2,300,"CASSERLY RD",SR-152,383.00,N,N,A,-,N,,,,,,,,,,N,3,0,1,2,A,-,05,21460,A,F,A,C,A,A,H,-,A,D,0,,,,,Y,,A,01,0,1,0,0,0,0,0,0,0,"- ","- ",36.95697021484375,-121.72840881347656,"SANTA CRUZ",UNINCORPORATED,-121.72835540771484,36.956886291503906
92158190,2023,2023-08-30,9720,2023-08-15,2246,023311,,2,3,9,4400,0,1,3,,2,020,"SR-1 S/B","BRANCIFORTE AVE",258.00,S,N,A,-,Y,SCR,,1," "," ",16.184,H,,L,Y,3,0,3,2,A,-,08,22107,,F,E,I,A,A,H,-,C,D,0,,,,,Y,Y,A,01,0,3,0,0,0,0,0,0,0,"- ","- ",36.988491058349609,-122.00995635986328,"SANTA CRUZ",UNINCORPORATED,-122.00996398925781,36.988445281982422
92158285,2023,2023-08-30,9720,2023-08-18,1605,023331,,5,2,9,4400,0,1,3,,1,035,"SR-129 E/B","LAKEVIEW RD",1365.00,W,N,A,-,Y,SCR,,129," "," ",1.130,H,,R,N,2,0,1,2,A,-,09,21801,A,F,D,C,A,A,H,-,A,D,0,,,Y,,Y,,D,22,1,0,0,0,0,0,0,0,1,"- ","- ",36.915378570556641,-121.73606872558594,"SANTA CRUZ",UNINCORPORATED,-121.736083984375,36.915401458740234
92158931,2023,2023-08-30,9720,2023-08-20,1403,023146,,7,2,9,4400,0,1,3,,1,017,"SR-17 N/B","OLD SANTA CRUZ HWY",300.00,S,N,A,-,Y,SCR,,17," "," ",11.251,H,,R,Y,4,0,1,3,A,-,03,22350,,N,C,C,A,A,H,-,A,D,0,,,,,Y,,A,01,0,0,1,0,0,0,0,0,0,"- ","- ",37.127189636230469,-121.97518157958984,"SANTA CRUZ",UNINCORPORATED,-121.97518157958984,37.127189636230469