CASE_ID,ACCIDENT_YEAR,PROC_DATE,JURIS,COLLISION_DATE,COLLISION_TIME,OFFICER_ID,REPORTING_DISTRICT,DAY_OF_WEEK,CHP_SHIFT,POPULATION,CNTY_CITY_LOC,SPECIAL_COND,BEAT_TYPE,CHP_BEAT_TYPE,CITY_DIVISION_LAPD,CHP_BEAT_CLASS,BEAT_NUMBER,PRIMARY_RD,SECONDARY_RD,DISTANCE,DIRECTION,INTERSECTION,WEATHER_1,WEATHER_2,STATE_HWY_IND,CALTRANS_COUNTY,CALTRANS_DISTRICT,STATE_ROUTE,ROUTE_SUFFIX,POSTMILE_PREFIX,POSTMILE,LOCATION_TYPE,RAMP_INTERSECTION,SIDE_OF_HWY,TOW_AWAY,COLLISION_SEVERITY,NUMBER_KILLED,NUMBER_INJURED,PARTY_COUNT,PRIMARY_COLL_FACTOR,PCF_CODE_OF_VIOL,PCF_VIOL_CATEGORY,PCF_VIOLATION,PCF_VIOL_SUBSECTION,HIT_AND_RUN,TYPE_OF_COLLISION,MVIW,PED_ACTION,ROAD_SURFACE,ROAD_COND_1,ROAD_COND_2,LIGHTING,CONTROL_DEVICE,CHP_ROAD_TYPE,PEDESTRIAN_ACCIDENT,BICYCLE_ACCIDENT,MOTORCYCLE_ACCIDENT,TRUCK_ACCIDENT,NOT_PRIVATE_PROPERTY,ALCOHOL_INVOLVED,STWD_VEHTYPE_AT_FAULT,CHP_VEHTYPE_AT_FAULT,COUNT_SEVERE_INJ,COUNT_VISIBLE_INJ,COUNT_COMPLAINT_PAIN,COUNT_PED_KILLED,COUNT_PED_INJURED,COUNT_BICYCLIST_KILLED,COUNT_BICYCLIST_INJURED,COUNT_MC_KILLED,COUNT_MC_INJURED,PRIMARY_RAMP,SECONDARY_RAMP,LATITUDE,LONGITUDE,COUNTY,CITY,POINT_X,POINT_Y
92158945,2023,2023-08-30,9720,2023-08-16,1625,023103,,3,2,9,4400,0,1,3,,2,020,"NB SR-1","N BRANCIFORTE AVE",160.00,N,N,A,-,Y,SCR,,1," "," ",16.278,H,,R,Y,2,0,2,2,A,-,01,23152,A,N,B,2,A,A,H,-,A,D,0,,,,,Y,Y,A,01,1,0,1,0,0,0,0,0,0,"- ","- ",36.988670349121094,-122.01157379150391,"SANTA CRUZ",UNINCORPORATED,-122.01157379150391,36.988628387451172
92159447,2023,2023-08-31,9720,2023-08-21,1546,023103,,1,2,9,4400,0,2,4,,1,022,"SOQUEL SAN JOSE ROAD","TERRACE GROVE ROAD",350.00,S,N,B,-,N,,,,,,,,,,Y,3,0,2,2,A,-,03,22350,,N,D,C,A,B,H,-,A,D,0,,,,,Y,,D,22,0,1,1,0,0,0,0,0,0,"- ","- ",37.103519439697266,-121.94809722900391,"SANTA CRUZ",UNINCORPORATED,-121.94814300537109,37.103561401367188
92159497,2023,2023-08-31,9720,2023-08-20,1830,023166,,7,2,9,4400,0,1,3,,2,030,"SR-1 S/B",SR-129,2640.00,N,N,A,-,Y,SCR,,1," ",R,1.286,H,,L,Y,3,0,1,2,A,-,03,22350,,N,C,C,A,A,D,-,A,D,0,,,Y,,Y,,C,02,0,1,0,0,0,0,0,0,1,"- ","- ",36.901679992675781,-121.77889251708984,"SANTA CRUZ",UNINCORPORATED,-121.77889251708984,36.901679992675781
92159522,2023,2023-08-31,9720,2023-08-24,1455,023146,,4,2,9,4400,0,2,4,,1,024,"CAPITOLA RD","17TH AVE",5.00,W,N,B,-,N,,,,,,,,,,N,3,0,1,2,A,-,08,22107,,N,H,G,A,A,H,-,A,D,0,,Y,,,Y,,A,08,0,1,0,0,0,0,1,0,0,"- ","- ",36.975780487060547,-121.98317718505859,"SANTA CRUZ",UNINCORPORATED,-121.98303985595703,36.975845336914062
92159670,2023,2023-08-31,9720,2023-08-19,"150 ",020977,,6,3,9,4400,0,1,3,,1,034,SR-152,"RED HAWK PLACE",2112.00,E,N,B,-,Y,SCR,,152," "," ",5.845,H,,R,Y,3,0,1,1,A,-,01,23152,A,N,F,A,A,A,H,-,D,D,0,,,,,Y,Y,A,01,0,1,0,0,0,0,0,0,0,"- ","- ",36.977809906005859,-121.71273040771484,"SANTA CRUZ",UNINCORPORATED,-121.71277618408203,36.977859497070312
92160275,2023,2023-08-31,9720,2023-08-19,1820,023186,,6,2,9,4400,0,3,5,,2,200,"VIENNA DR","VIENNA PINES CT",65.00,E,N,A,-,N,,,,,,,,,,Y,3,0,1,2,A,-,01,23152,A,N,C,E,A,A,H,-,A,D,0,,,,,Y,Y,A,01,0,1,0,0,0,0,0,0,0,"- ","- ",36.987411499023438,-121.91880035400391,"SANTA CRUZ",UNINCORPORATED,-121.91883850097656,36.987407684326172
92160305,2023,2023-09-01,9720,2023-08-22,1820,023316,,2,2,9,4400,0,1,3,,2,020,"SR-1 N/B TO PARK AVE","PARK AVE",0.00,,Y,A,-,Y,,,,,,,,,,N,4,0,1,2,D,-,00,,,N,D,C,A,A,H,-,A,A,0,,,,,Y,Y,-,"- ",0,0,1,0,0,0,0,0,0,"- ","- ",36.984409332275391,-121.93689727783203,"SANTA CRUZ",UNINCORPORATED,-121.93699645996094,36.98406982421875
9216043,2021,2021-02-23,4402,2021-01-11,1905,196,4402,1,5,5,4402,0,0,0,,0,000,"RT 9","VERNON ST",2700.00,N,N,A,-,Y,SCR,5,9,-,-,0.531,H,-,S,N,3,0,1,1,A,-,03,22350,,N,F,A,A,A,H,-,D,D,0,,,,,Y,,D,22,0,1,0,0,0,0,0,0,0,"- ","- ",,,"SANTA CRUZ","SANTA CRUZ",-122.03199005126953,36.990623474121094
9216088,2021,2021-03-01,4403,2021-01-21,1744,358,4-31,4,5,4,4403,0,0,0,,0,004,"MAIN ST","PENNSYLVANIA DR",145.00,S,N,A,-,Y,SCR,5,152,-,T,1.860,H,-,E,N,4,0,1,3,A,-,03,22350,,N,C,C,A,A,H,-,C,A,0,,,,,Y,,D,22,0,0,1,0,0,0,0,0,0,"- ","- ",,,"SANTA CRUZ",WATSONVILLE,-121.77262115478516,36.916702270507812
92161750,2023,2023-09-04,9720,2023-08-25,2045,023166,,5,2,9,4400,0,1,3,,1,034,"SR-152 W/B","DELANEY AVE",400.00,W,N,A,-,N,,,,,,,,,,Y,3,0,1,1,A,-,01,23152,A,N,E,I,A,A,H,-,D,D,0,,,,,Y,Y,A,01,0,1,0,0,0,0,0,0,0,"- ","- ",36.952430725097656,-121.73110961914062,"SANTA CRUZ",UNINCORPORATED,-121.73105621337891,36.952377319335938
92161754,2023,2023-09-04,9720,2023-08-26,"938 ",023345,,6,1,9,4400,0,1,3,,2,020,SR-1,"41ST AVE",1056.00,S,N,B,-,Y,SCR,,1," "," ",13.400,H,,R,Y,3,0,1,3,A,-,07,21658,A,N,D,C,A,A,H,-,A,D,0,,,,,Y,,A,01,0,1,0,0,0,0,0,0,0,"- ","- ",36.982921600341797,-121.96051025390625,"SANTA CRUZ",UNINCORPORATED,-121.96051025390625,36.982940673828125
92161764,2023,2023-09-04,9720,2023-08-27,2500,023345,,7,4,9,4400,0,3,5,,2,100,"EMPIRE GRADE RD","MCGIVERN WAY",1584.00,S,N,A,-,N,,,,,,,,,,Y,3,0,1,1,A,-,08,22107,,N,E,I,A,A,H,-,D,D,0,,,,,Y,,D,22,0,1,0,0,0,0,0,0,0,"- ","- ",37.048431396484375,-122.11495971679688,"SANTA CRUZ",UNINCORPORATED,-122.11550903320312,37.050537109375
92161817,2023,2023-09-04,9720,2023-08-28,1720,023186,,1,2,9,4400,0,1,3,,2,030,"NB SR-1","MAR MONTE AVE",3960.00,S,N,A,-,Y,SCR,,1," ",R,5.854,H,,R,N,4,0,1,1,A,-,08,22107,,N,E,I,A,A,H,-,A,D,0,,,,,Y,,A,07,0,0,1,0,0,0,0,0,0,"- ","- ",36.941860198974609,-121.83975982666016,"SANTA CRUZ",UNINCORPORATED,-121.83968353271484,36.941940307617188
92161833,2023,2023-09-04,9720,2023-08-24,1810,021304,,4,2,9,4400,0,1,3,,1,035,SR-129,"LAKEVIEW RD",15.00,E,N,A,-,Y,SCR,,129," "," ",1.442,H,,R,Y,3,0,2,2,A,-,03,22350,,N,C,C,A,A,H,-,A,A,0,,,,,Y,,A,01,0,1,1,0,0,0,0,0,0,"- ","- ",36.916988372802734,-121.73094177246094,"SANTA CRUZ",UNINCORPORATED,-121.73093414306641,36.916969299316406
92161837,2023,2023-09-04,9720,2023-08-11,"725 ",023322,,5,1,9,4400,0,1,3,,1,017,"SR-17 S/B","CRESCENT DR",1267.00,N,N,B,-,Y,SCR,,17," "," ",7.187,H,,L,Y,4,0,3,6,A,-,07,21658,A,F,E,I,A,A,H,-,A,D,0,,,,,Y,,-,99,0,0,3,0,0,0,0,0,0,"- ","- ",37.076278686523438,-121.98638153076172,"SANTA CRUZ",UNINCORPORATED,-121.98636627197266,37.076255798339844
92163392,2023,2023-09-06,9720,2023-08-27,2255,022879,,7,3,9,4400,0,3,5,,2,300,"LAKEVIEW RD.","KINGSTON DR.",80.00,N,N,A,-,N,,,,,,,,,,Y,2,0,1,3,A,-,01,23152,A,N,E,E,A,A,H,-,C,D,0,,,,,Y,Y,A,01,1,0,0,0,0,0,0,0,0,"- ","- ",36.930599212646484,-121.73281097412109,"SANTA CRUZ",UNINCORPORATED,-121.73280334472656,36.930461883544922
92163560,2023,2023-09-06,9720,2023-08-30,1424,023316,,3,2,9,4400,0,2,4,,1,021,"SOQUEL DR","STATE PARK",700.00,W,N,A,-,N,,,,,,,,,,Y,3,0,1,2,A,-,09,21801,A,N,D,2,A,A,D,-,A,D,0,,,,,Y,,A,01,0,1,0,0,0,0,0,0,0,"- ","- ",36.981998443603516,-121.91045379638672,"SANTA CRUZ",UNINCORPORATED,-121.90973663330078,36.981475830078125
92163586,2023,2023-09-06,9720,2023-08-30,1530,023316,,3,2,9,4400,0,2,4,,1,022,"SOQUEL SAN JOSE RD","HESTER CREEK ROAD",2640.00,S,N,A,-,N,,,,,,,,,,N,3,0,1,1,A,-,08,22107,,N,F,A,A,A,H,-,A,D,0,,Y,,,Y,,L,04,0,1,0,0,0,0,1,0,0,"- ","- ",37.075698852539062,-121.93930816650391,"SANTA CRUZ",UNINCORPORATED,-121.93963623046875,37.076080322265625
92163671,2023,2023-09-06,9720,2023-08-31,"917 ",022399,,4,1,9,4400,0,1,3,,2,030,"SR-1 N/B","FREEDOM BLVD",1584.00,S,N,B,-,Y,SCR,,1," "," ",8.104,H,,R,N,4,0,1,3,A,-,03,22350,,N,C,C,A,A,H,-,A,D,0,,,,,Y,,D,22,0,0,1,0,0,0,0,0,0,"- ","- ",36.967838287353516,-121.86984252929688,"SANTA CRUZ",UNINCORPORATED,-121.86981964111328,36.967853546142578
92163771,2023,2023-09-06,9720,2023-08-28,1725,023316,,1,2,9,4400,0,1,3,,2,020,"SR-1 S/B","SOQUEL AVENUE",680.00,S,N,A,-,Y,SCR,,1," "," ",14.732,H,,L,N,4,0,1,2,A,-,03,22350,,M,C,C,A,A,D,-,A,D,0,,,,,Y,,A,01,0,0,1,0,0,0,0,0,0,"- ","- ",36.986461639404297,-121.98404693603516,"SANTA CRUZ",UNINCORPORATED,-121.98404693603516,36.986476898193359
92163838,2023,2023-09-06,9720,2023-08-27,1654,023146,,7,2,9,4400,0,1,3,,2,020,"SR-1 N/B","PARK AVE",845.00,N,N,A,-,Y,SCR,,1," "," ",12.287,H,,R,Y,3,0,2,2,A,-,03,22350,,N,C,C,A,A,H,-,A,D,0,,,,,Y,,A,01,0,2,0,0,0,0,0,0,0,"- ","- ",36.98406982421875,-121.9404296875,"SANTA CRUZ",UNINCORPORATED,-121.9404296875,36.984081268310547
92164367,2023,2023-09-07,9720,2023-08-20,1801,023103,,7,2,9,4400,0,2,4,,1,023,"41ST AVE","SOQUEL DR",150.00,S,N,A,-,N,,,,,,,,,,N,4,0,1,2,A,-,07,21658,A,N,B,C,A,A,H,-,A,A,0,,,Y,,Y,,D,22,0,0,1,0,0,0,0,0,1,"- ","- ",36.986900329589844,-121.96494293212891,"SANTA CRUZ",UNINCORPORATED,-121.96495819091797,36.986988067626953
92165028,2023,2023-09-07,9720,2023-08-29,1500,023316,,2,2,9,4400,0,1,3,,2,020,"SR-1 S/B","41ST AVENUE",2640.00,N,N,A,-,Y,SCR,,1," "," ",14.234,H,,L,Y,4,0,1,2,A,-,03,22350,,N,C,C,A,A,D,-,A,D,0,,,,,Y,,D,22,0,0,1,0,0,0,0,0,0,"- ","- ",36.984279632568359,-121.97540283203125,"SANTA CRUZ",UNINCORPORATED,-121.97538757324219,36.98431396484375
92165115,2023,2023-09-08,9720,2023-08-27,"359 ",022545,,7,3,9,4400,0,1,3,,2,020,"SR-1 N/B","41ST AVE",3168.00,N,N,B,-,Y,SCR,,1," "," ",14.233,H,,R,Y,3,0,1,1,A,-,01,23152,A,N,E,8,A,A,D,-,D,D,0,,,,,Y,Y,A,01,0,1,0,0,0,0,0,0,0,"- ","- ",36.984489440917969,-121.97527313232422,"SANTA CRUZ",UNINCORPORATED,-121.97528076171875,36.984458923339844
92166890,2023,2023-09-11,9720,2023-09-02,1835,023186,,6,2,9,4400,0,2,4,,1,024,"EAST CLIFF DR","7TH AVE",83.00,S,N,A,-,N,,,,,,,,,,N,3,0,1,1,B,-,22,,,N,F,A,A,A,H,-,A,D,0,,Y,,,Y,,-,"- ",0,1,0,0,0,0,1,0,0,"- ","- ",36.962871551513672,-121.9986572265625,"SANTA CRUZ",UNINCORPORATED,-121.99835205078125,36.963127136230469
92167293,2023,2023-09-11,9720,2023-09-05,"735 ",023322,,2,1,9,4400,0,1,3,,2,020,"SR-1 NB","PARK AVENUE",3749.00,S,N,B,-,Y,SCR,,1," "," ",11.391,H,,R,N,3,0,1,2,A,-,03,22350,,N,C,C,A,A,H,-,A,D,0,,,,,Y,,A,01,0,1,0,0,0,0,0,0,0,"- ","- ",36.982898712158203,-121.92433166503906,"SANTA CRUZ",UNINCORPORATED,-121.92432403564453,36.982925415039062
92167436,2023,2023-09-11,9720,2023-09-02,1355,023146,,6,1,9,4400,0,2,4,,1,021,"SOQUEL DR","APTOS CREEK RD",10.00,W,N,B,-,N,,,,,,,,,,N,3,0,1,2,A,-,08,22100,B,F,H,G,A,A,H,-,A,A,0,,Y,,,Y,,-,99,0,1,0,0,0,0,1,0,0,"- ","- ",36.977920532226562,-121.90248107910156,"SANTA CRUZ",UNINCORPORATED,-121.90235900878906,36.977066040039062
92167928,2023,2023-09-12,9720,2023-09-05,1050,021717,,2,1,9,4400,0,2,4,,1,021,"SOQUEL DR","41ST AVE",0.00,,Y,A,-,N,,,,,,,,,,N,3,0,1,1,A,-,08,22107,,N,E,I,A,A,H,-,A,A,0,,Y,,,Y,,M,91,0,1,0,0,0,0,1,0,0,"- ","- ",36.987518310546875,-121.96495056152344,"SANTA CRUZ",UNINCORPORATED,-121.96498107910156,36.987400054931641
92168509,2023,2023-09-12,9720,2023-09-06,1130,021717,,3,1,9,4400,0,3,5,,2,100,"BEAR CREEK RD","LITTLE BEAR LN.",15.00,W,N,A,-,N,,,,,,,,,,Y,4,0,1,2,A,-,05,21460,A,N,D,C,A,A,H,-,A,D,0,,,Y,,Y,Y,C,02,0,0,1,0,0,0,0,0,1,"- ","- ",37.128551483154297,-122.11811065673828,"SANTA CRUZ",UNINCORPORATED,-122.11811065673828,37.128524780273438
92168579,2023,2023-09-12,9720,2023-09-08,1645,023214,,5,2,9,4400,0,3,5,,2,300,"BROWNS VALLEY RD.","VIA DEL SOL",25.00,N,N,A,-,N,,,,,,,,,,N,4,0,1,2,A,-,08,22107,,F,B,G,A,A,H,-,A,D,0,,Y,,,Y,,-,99,0,0,1,0,0,0,1,0,0,"- ","- ",36.997951507568359,-121.79782867431641,"SANTA CRUZ",UNINCORPORATED,-121.79786682128906,36.997898101806641
92168585,2023,2023-09-12,9720,2023-08-23,"539 ",023311,,3,3,9,4400,0,1,3,,1,035,SR-129,"MURPHY RD",8448.00,E,N,A,-,Y,SCR,,129," "," ",6.331,H,,R,Y,2,0,1,2,A,-,05,21460,A,N,A,C,A,A,H,-,D,D,0,,,,Y,Y,,A,07,1,0,0,0,0,0,0,0,0,"- ","- ",36.909679412841797,-121.65115356445312,"SANTA CRUZ",UNINCORPORATED,-121.65111541748047,36.909687042236328
92169128,2023,2023-09-13,9720,2023-09-11,"935 ",021717,,1,1,9,4400,0,2,4,,1,021,"SOQUEL DR","CARRIKER LN.",0.00,,Y,A,-,N,,,,,,,,,,Y,3,0,1,2,A,-,09,21801,A,N,D,C,A,A,H,-,A,D,0,,,,,Y,,D,22,0,1,0,0,0,0,0,0,0,"- ","- ",36.987369537353516,-121.96819305419922,"SANTA CRUZ",UNINCORPORATED,-121.96810150146484,36.987281799316406
92170065,2023,2023-09-14,9720,2023-09-06,2210,022293,,3,3,9,4400,0,3,5,,2,300,"MANFRE ROAD","LAS PALMAS",25.00,W,N,A,-,N,,,,,,,,,,N,3,0,1,1,A,-,01,23152,A,M,E,I,A,A,H,-,D,D,0,,,,,Y,Y,A,01,0,1,0,0,0,0,0,0,0,"- ","- ",36.933048248291016,-121.79853057861328,"SANTA CRUZ",UNINCORPORATED,-121.79845428466797,36.933086395263672
92170078,2023,2023-09-14,9720,2023-09-09,1230,023345,,6,1,9,4400,0,3,5,,2,100,"EMPIRE GRADE","SMITH GRADE RD",32.00,S,N,A,-,N,,,,,,,,,,Y,3,0,2,1,A,-,03,22350,,N,E,I,A,A,H,-,A,D,0,,,,,Y,,A,01,0,2,0,0,0,0,0,0,0,"- ","- ",37.027370452880859,-122.09963226318359,"SANTA CRUZ",UNINCORPORATED,-122.09960174560547,37.027423858642578
92170351,2023,2023-09-14,9720,2023-09-03,1626,023186,,7,2,9,4400,0,1,3,,1,010,SR-1,"SWANTON RD",4118.00,N,N,A,-,Y,SCR,,1," "," ",31.419,H,,R,N,3,0,1,1,A,-,03,22350,,N,F,A,A,A,H,-,A,D,0,,,Y,,Y,,C,02,0,1,0,0,0,0,0,0,1,"- ","- ",37.039009094238281,-122.22744750976562,"SANTA CRUZ",UNINCORPORATED,-122.22748565673828,37.038993835449219
9217084,2021,2021-03-16,4402,2021-01-16,0137,189,4402,6,5,5,4402,0,0,0,,0,000,"LEE ST","EMELINE AV",460.00,W,N,A,-,N,,,,,,,,,,Y,3,0,1,3,A,-,08,22107,,N,A,E,A,A,H,-,D,D,0,,,,,Y,,A,01,0,1,0,0,0,0,0,0,0,"- ","- ",,,"SANTA CRUZ","SANTA CRUZ",-122.01947784423828,36.989692687988281
92172217,2023,2023-09-18,9720,2023-09-02,"650 ",023345,,6,1,9,4400,0,2,4,,1,022,"SOQUEL SAN JOSE RD","SPRING HOLLOW RD",220.00,N,N,B,-,N,,,,,,,,,,Y,3,0,1,1,A,-,08,22107,,N,E,I,A,A,H,-,A,D,0,,,,,Y,,A,01,0,1,0,0,0,0,0,0,0,"- ","- ",37.116500854492188,-121.93161010742188,"SANTA CRUZ",UNINCORPORATED,-121.93144226074219,37.116596221923828
92172233,2023,2023-09-18,9720,2023-09-04,1518,023146,,1,2,9,4400,0,3,5,,2,100,"ICE CREAM GRADE","WINTER CREEK RD",2006.00,E,N,A,-,N,,,,,,,,,,Y,2,0,2,1,A,-,08,22107,,N,E,8,A,A,H,-,A,D,0,,,,,Y,,A,01,1,1,0,0,0,0,0,0,0,"- ","- ",37.059528350830078,-122.13371276855469,"SANTA CRUZ",UNINCORPORATED,-122.1337890625,37.059494018554688
92172320,2023,2023-09-18,9720,2023-09-07,"810 ",022400,,4,1,9,4400,0,2,4,,1,021,"SOQUEL DR","PAUL SWEET RD",120.00,E,N,A,-,Y,,,,,,,,,,N,3,0,1,2,A,-,08,22107,,N,H,G,A,A,H,-,A,D,0,,Y,,,Y,,D,22,0,1,0,0,0,0,1,0,0,"- ","- ",36.987949371337891,-121.98473358154297,"SANTA CRUZ",UNINCORPORATED,-121.98487854003906,36.987979888916016
92172342,2023,2023-09-18,9720,2023-09-09,"324 ",023026,,6,3,9,4400,0,1,3,,1,017,"N/B SR-17","GLENWOOD DR",100.00,N,N,A,-,Y,SCR,,17," "," ",10.683,H,,R,N,2,0,1,2,A,-,03,22350,,F,G,B,E,A,H,-,D,D,0,Y,,,,Y,,A,01,1,0,0,0,1,0,0,0,0,"- ","- ",37.120479583740234,-121.97582244873047,"SANTA CRUZ",UNINCORPORATED,-121.97594451904297,37.120517730712891
92172358,2023,2023-09-18,9720,2023-09-09,1404,023166,,6,2,9,4400,0,3,5,,2,200,"BRANCIFORTE DR.","MILL RD",286.00,S,N,A,-,N,,,,,,,,,,Y,3,0,1,1,A,-,08,22107,,N,E,I,A,A,H,-,A,D,0,,,,,Y,,D,22,0,1,0,0,0,0,0,0,0,"- ","- ",36.998680114746094,-122.00502777099609,"SANTA CRUZ",UNINCORPORATED,-122.00505065917969,36.998779296875
92172370,2023,2023-09-18,9720,2023-09-09,1457,022140,,6,2,9,4400,0,1,3,,1,014,SR-9,"TIN CAN RANCH RD",3168.00,N,N,A,-,Y,SCR,,9," "," ",24.382,H,,R,Y,4,0,1,1,A,-,03,22350,,N,F,0,A,A,H,-,A,D,0,,,Y,,Y,,C,02,0,0,1,0,0,0,0,0,1,"- ","- ",37.245880126953125,-122.15145874023438,"SANTA CRUZ",UNINCORPORATED,-122.15145874023438,37.245880126953125
92172421,2023,2023-09-18,9720,2023-09-12,"720 ",021717,,2,1,9,4400,0,3,5,,2,300,"CASSERLY RD","DIAS LN",528.00,E,N,A,-,N,,,,,,,,,,Y,3,0,1,2,A,-,09,21804,A,N,D,C,A,A,H,-,A,D,0,,,,,Y,,A,07,0,1,0,0,0,0,0,0,0,"- ","- ",36.964931488037109,-121.74012756347656,"SANTA CRUZ",UNINCORPORATED,-121.73289489746094,36.963764190673828
92172590,2023,2023-09-18,9720,2023-09-14,"707 ",022458,,4,1,9,4400,0,1,3,,2,020,"SR-1 N/B","STATE PARK DRIVE",3696.00,N,N,B,-,Y,SCR,,1," "," ",11.250,H,,R,Y,3,0,1,2,A,-,07,21658,A,N,C,C,A,B,H,-,B,D,0,,,Y,,Y,,A,01,0,1,0,0,0,0,0,0,1,"- ","- ",36.982559204101562,-121.92179870605469,"SANTA CRUZ",UNINCORPORATED,-121.92179870605469,36.982574462890625
92172776,2023,2023-09-18,9720,2023-09-15,"710 ",022399,,5,1,9,4400,0,1,3,,2,030,"SR-1 N/B TO FREEDOM BLVD","FREEDOM BLVD",0.00,,Y,B,-,Y,,,,,,,,,,Y,4,0,1,2,A,-,09,21802,A,N,D,C,A,A,H,-,A,A,0,,,,,Y,,D,22,0,0,1,0,0,0,0,0,0,"- ","- ",36.970638275146484,-121.87277984619141,"SANTA CRUZ",UNINCORPORATED,-121.87303924560547,36.970432281494141
92172785,2023,2023-09-18,9720,2023-08-22,1640,022044,,2,2,9,4400,0,1,3,,1,015,SR-9,"SHADOWBROOK RD.",500.00,S,N,A,-,Y,SCR,,9," "," ",8.758,H,,R,Y,4,0,1,3,A,-,05,21460,A,N,A,C,A,A,H,-,A,D,0,,,,,Y,,D,22,0,0,1,0,0,0,0,0,0,"- ","- ",37.080959320068359,-122.08419799804688,"SANTA CRUZ",UNINCORPORATED,-122.084228515625,37.080944061279297
92173292,2023,2023-09-19,9720,2023-09-07,1648,023166,,4,2,9,4400,0,3,5,,2,300,"CARLTON RD.","LAKEVIEW RD",1584.00,W,N,A,-,N,,,,,,,,,,Y,3,0,1,2,A,-,01,23152,A,N,A,C,A,A,H,-,A,D,0,,,,,Y,Y,A,01,0,1,0,0,0,0,0,0,0,"- ","- ",36.949390411376953,-121.72074890136719,"SANTA CRUZ",UNINCORPORATED,-121.72068786621094,36.949497222900391
92173384,2023,2023-09-19,9720,2023-09-09,1335,023322,,6,1,9,4400,0,1,3,,2,020,"SR-1 N/B","STATE PARK DRIVE",898.00,S,N,A,-,Y,SCR,,1," "," ",10.354,H,,R,N,4,0,1,2,A,-,03,22350,,N,C,C,A,A,H,-,A,D,0,,,,,Y,,A,07,0,0,1,0,0,0,0,0,0,"- ","- ",36.976589202880859,-121.9075927734375,"SANTA CRUZ",UNINCORPORATED,-121.90756988525391,36.976612091064453
92173497,2023,2023-09-19,9720,2023-09-12,"750 ",022400,,2,1,9,4400,0,2,4,,1,021,"SOQUEL DR","COMMERCIAL CROSSING",275.00,W,N,D,-,Y,,,,,,,,,,N,3,0,1,2,A,-,09,21801,A,N,H,G,A,A,H,-,A,D,0,,Y,,,Y,,A,07,0,1,0,0,0,0,1,0,0,"- ","- ",36.988418579101562,-121.98397064208984,"SANTA CRUZ",UNINCORPORATED,-121.98378753662109,36.988361358642578
92175310,2023,2023-09-20,9720,2023-09-06,"418 ",022976,,3,3,9,4400,0,1,3,,2,030,"N/B SR-1","FREEDOM BOULEVARD",1584.00,S,N,A,-,Y,SCR,,1," "," ",8.061,H,,R,Y,4,0,1,2,A,-,03,22350,,N,C,C,A,A,H,-,C,D,0,,,,,Y,,D,22,0,0,1,0,0,0,0,0,0,"- ","- ",36.967411041259766,-121.86927032470703,"SANTA CRUZ",UNINCORPORATED,-121.86932373046875,36.967376708984375
92175338,2023,2023-09-20,9720,2023-09-06,1740,023316,,3,2,9,4400,0,2,4,,1,031,"FREEDOM BLVD","WHITE RD",300.00,S,N,A,-,N,,,,,,,,,,Y,3,0,2,1,A,-,08,22107,,N,E,I,A,A,H,-,A,D,0,,,,,Y,,D,22,0,2,0,0,0,0,0,0,0,"- ","- ",36.970710754394531,-121.81899261474609,"SANTA CRUZ",UNINCORPORATED,-121.81907653808594,36.970729827880859
92178054,2023,2023-09-25,9720,2023-09-06,1444,023146,,3,2,9,4400,0,2,4,,1,024,"BROMMER ST","CAPTIANS CT",135.00,W,N,A,-,N,,,,,,,,,,N,3,0,1,2,A,-,09,21804,A,F,H,G,A,A,H,-,A,D,0,,Y,,,Y,,A,07,0,1,0,0,0,0,1,0,0,"- ","- ",36.972000122070312,-121.99417114257812,"SANTA CRUZ",UNINCORPORATED,-121.99404907226562,36.972030639648438
92180445,2023,2023-09-27,9720,2023-09-20,"830 ",022458,,3,1,9,4400,0,1,3,,2,020,"SR-1 S/B","FREEDOM BLVD",1056.00,N,N,B,-,Y,SCR,,1," "," ",8.570,H,,L,Y,3,0,1,1,A,-,08,22107,,N,F,A,A,A,H,-,A,D,0,,,,,Y,,A,07,0,1,0,0,0,0,0,0,0,"- ","- ",36.97161865234375,-121.87680053710938,"SANTA CRUZ",UNINCORPORATED,-121.87677001953125,36.971683502197266
92181029,2023,2023-09-27,9720,2023-09-13,1100,023322,,3,1,9,4400,0,3,5,,2,200,"HIGHLAND WAY","SOQUEL SAN JOSE RD",4066.00,E,N,A,-,N,,,,,,,,,,N,2,0,1,1,A,-,03,22350,,N,F,A,A,A,H,-,A,D,0,,Y,,,Y,,L,04,1,0,0,0,0,0,1,0,0,"- ","- ",37.11199951171875,-121.91413116455078,"SANTA CRUZ",UNINCORPORATED,-121.91447448730469,37.112148284912109
92181078,2023,2023-09-27,9720,2023-09-17,1135,023245,,7,1,9,4400,0,1,3,,1,014,SR-9,"STAPP ROAD",1056.00,N,N,A,-,Y,SCR,,9," "," ",18.046,H,,R,Y,2,0,1,2,A,-,09,21804,A,N,D,C,A,A,H,-,A,D,0,,,Y,,Y,,A,01,1,0,0,0,0,0,0,0,1,"- ","- ",37.191318511962891,-122.14485931396484,"SANTA CRUZ",UNINCORPORATED,-122.14484405517578,37.191326141357422