CASE_ID,ACCIDENT_YEAR,PROC_DATE,JURIS,COLLISION_DATE,COLLISION_TIME,OFFICER_ID,REPORTING_DISTRICT,DAY_OF_WEEK,CHP_SHIFT,POPULATION,CNTY_CITY_LOC,SPECIAL_COND,BEAT_TYPE,CHP_BEAT_TYPE,CITY_DIVISION_LAPD,CHP_BEAT_CLASS,BEAT_NUMBER,PRIMARY_RD,SECONDARY_RD,DISTANCE,DIRECTION,INTERSECTION,WEATHER_1,WEATHER_2,STATE_HWY_IND,CALTRANS_COUNTY,CALTRANS_DISTRICT,STATE_ROUTE,ROUTE_SUFFIX,POSTMILE_PREFIX,POSTMILE,LOCATION_TYPE,RAMP_INTERSECTION,SIDE_OF_HWY,TOW_AWAY,COLLISION_SEVERITY,NUMBER_KILLED,NUMBER_INJURED,PARTY_COUNT,PRIMARY_COLL_FACTOR,PCF_CODE_OF_VIOL,PCF_VIOL_CATEGORY,PCF_VIOLATION,PCF_VIOL_SUBSECTION,HIT_AND_RUN,TYPE_OF_COLLISION,MVIW,PED_ACTION,ROAD_SURFACE,ROAD_COND_1,ROAD_COND_2,LIGHTING,CONTROL_DEVICE,CHP_ROAD_TYPE,PEDESTRIAN_ACCIDENT,BICYCLE_ACCIDENT,MOTORCYCLE_ACCIDENT,TRUCK_ACCIDENT,NOT_PRIVATE_PROPERTY,ALCOHOL_INVOLVED,STWD_VEHTYPE_AT_FAULT,CHP_VEHTYPE_AT_FAULT,COUNT_SEVERE_INJ,COUNT_VISIBLE_INJ,COUNT_COMPLAINT_PAIN,COUNT_PED_KILLED,COUNT_PED_INJURED,COUNT_BICYCLIST_KILLED,COUNT_BICYCLIST_INJURED,COUNT_MC_KILLED,COUNT_MC_INJURED,PRIMARY_RAMP,SECONDARY_RAMP,LATITUDE,LONGITUDE,COUNTY,CITY,POINT_X,POINT_Y
92181092,2023,2023-09-27,9720,2023-09-17,1140,022400,,7,1,9,4400,0,1,3,,1,017,SR-17,"SUGARLOAF RD",0.00,,Y,A,-,Y,SCR,,17," "," ",8.703,H,,R,Y,2,0,1,2,A,-,03,22350,,N,D,C,A,A,H,-,A,D,0,,,Y,,Y,,C,02,1,0,0,0,0,0,0,0,1,"- ","- ",37.095230102539062,-121.97663116455078,"SANTA CRUZ",UNINCORPORATED,-121.97664642333984,37.095237731933594
92181096,2023,2023-09-27,9720,2023-09-18,"250 ",023146,,1,3,9,4400,0,3,5,,2,100,"MT HERMON RD","GRAHAM HILL RD",528.00,E,N,A,-,N,,,,,,,,,,Y,3,0,2,1,A,-,08,22107,,N,E,I,A,A,H,-,D,D,0,,,,,Y,,A,01,0,1,1,0,0,0,0,0,0,"- ","- ",37.053699493408203,-122.06903076171875,"SANTA CRUZ",UNINCORPORATED,-122.06963348388672,37.053298950195312
92182309,2023,2023-09-28,9720,2023-09-16,2249,022901,,6,3,9,4400,0,3,5,,2,100,"MILL STREET",SR-9,180.00,W,N,A,-,N,,,,,,,,,,N,3,0,1,2,A,-,01,23152,A,M,B,E,A,A,H,-,C,D,0,,,,,Y,Y,A,01,0,1,0,0,0,0,0,0,0,"- ","- ",37.088829040527344,-122.08924102783203,"SANTA CRUZ",UNINCORPORATED,-122.09217071533203,37.089340209960938
92182323,2023,2023-09-28,9720,2023-09-19,1800,022901,,2,2,9,4400,0,3,5,,2,300,"BUENA VISTA DRIVE","WHISKEY HILL ROAD",269.00,E,N,A,-,N,,,,,,,,,,N,3,0,1,1,A,-,08,22107,,N,F,A,A,A,H,-,A,D,0,,,,,Y,,A,01,0,1,0,0,0,0,0,0,0,"- ","- ",36.916629791259766,-121.82170867919922,"SANTA CRUZ",UNINCORPORATED,-121.82444000244141,36.917018890380859
9218304,2021,2021-03-13,4403,2021-01-16,1123,281,224,6,5,4,4403,0,0,0,,0,002,"OHLONE PKWY","EGRET LN",0.00,,Y,A,-,N,,,,,,,,,,N,4,0,1,2,A,-,08,22100,B,N,D,C,A,A,H,-,A,D,0,,,Y,,Y,,A,07,0,0,1,0,0,0,0,0,1,"- ","- ",,,"SANTA CRUZ",WATSONVILLE,-121.77835083007812,36.913780212402344
92183527,2023,2023-10-02,9720,2023-09-23,1640,023387,,6,2,9,4400,0,1,3,,2,020,"SR-1 S/B","SPRECKELS DR",528.00,S,N,A,-,Y,SCR,,1," "," ",9.895,H,,L,Y,3,0,1,1,A,-,08,22107,,N,F,A,A,A,H,-,A,D,0,,,,,Y,Y,A,07,0,1,0,0,0,0,0,0,0,"- ","- ",36.974758148193359,-121.89975738525391,"SANTA CRUZ",UNINCORPORATED,-121.89974975585938,36.974838256835938
92183546,2023,2023-10-02,9720,2023-09-24,1850,023387,,7,2,9,4400,0,1,3,,2,020,"SR-1 N/B","41ST AVE",1056.00,S,N,A,-,Y,SCR,,1," "," ",13.817,H,,R,Y,4,0,1,1,A,-,08,22107,,N,E,I,A,A,D,-,A,D,0,,,,,Y,,A,01,0,0,1,0,0,0,0,0,0,"- ","- ",36.983081817626953,-121.96797180175781,"SANTA CRUZ",UNINCORPORATED,-121.96797180175781,36.983028411865234
92183828,2023,2023-10-02,9720,2023-09-16,1715,023186,,6,2,9,4400,0,1,3,,1,014,SR-9,SR-35,1300.00,S,N,A,-,Y,SCR,,9," "," ",26.852,H,,R,Y,3,0,1,1,A,-,08,22107,,N,E,I,A,A,H,-,A,D,0,,,,,Y,,A,01,0,1,0,0,0,0,0,0,0,"- ","- ",37.256481170654297,-122.12550354003906,"SANTA CRUZ",UNINCORPORATED,-122.12548828125,37.256465911865234
92187515,2023,2023-10-02,9720,2023-09-20,"141 ",022879,,3,3,9,4400,0,1,3,,2,030,"NORTHBOUND SR-1",SR-129,500.00,N,N,A,-,Y,SCR,,1," ",R,0.816,H,,R,Y,3,0,1,1,A,-,01,23152,A,N,E,I,A,A,H,-,C,D,0,,,,,Y,Y,A,07,0,1,0,0,0,0,0,0,0,"- ","- ",36.895721435546875,-121.77468872070312,"SANTA CRUZ",UNINCORPORATED,-121.77477264404297,36.895687103271484
92188176,2023,2023-10-02,9720,2023-09-28,"808 ",019956,,4,1,9,4400,0,3,5,,2,200,"KINSLEY ST","17TH AVE",300.00,E,N,A,-,N,,,,,,,,,,N,3,0,1,2,A,-,08,22107,,N,C,E,A,A,H,-,A,D,0,,Y,,,Y,,L,04,0,1,0,0,0,0,1,0,0,"- ","- ",36.969768524169922,-121.98400115966797,"SANTA CRUZ",UNINCORPORATED,-121.98386383056641,36.969696044921875
92188221,2023,2023-10-02,9720,2023-09-20,"548 ",023166,,3,3,9,4400,0,1,3,,2,020,"SR-1 N/B","CAPITOLA AVE.",885.00,N,N,A,-,Y,SCR,,1," "," ",13.037,H,,R,Y,2,0,1,3,A,-,08,22107,,F,B,C,A,A,H,-,C,D,0,,,Y,Y,Y,,D,22,1,0,0,0,0,0,0,0,1,"- ","- ",36.983551025390625,-121.95403289794922,"SANTA CRUZ",UNINCORPORATED,-121.95403289794922,36.983562469482422
92188854,2023,2023-10-03,9720,2023-08-30,1904,023316,,3,2,9,4400,0,1,3,,1,017,"SR-17 N/B","MT. HERMON ROAD",2640.00,S,N,A,-,Y,SCR,,17," "," ",2.914,H,,R,Y,3,0,1,1,A,-,01,23152,A,N,E,8,A,A,H,-,B,D,0,,,,,Y,Y,A,07,0,1,0,0,0,0,0,0,0,"- ","- ",37.028488159179688,-122.02349853515625,"SANTA CRUZ",UNINCORPORATED,-122.02357482910156,37.028526306152344
92188908,2023,2023-10-03,9720,2023-09-15,"520 ",023345,,5,3,9,4400,0,1,3,,2,030,"SR-1 N/B","SR-152 (MAIN ST)",209.00,N,N,B,-,Y,SCR,,1," ",R,2.701,H,,R,Y,3,0,1,1,A,-,08,22107,,N,E,I,A,B,D,-,B,D,0,,,,,Y,,A,01,0,1,0,0,0,0,0,0,0,"- ","- ",36.919929504394531,-121.79026031494141,"SANTA CRUZ",UNINCORPORATED,-121.79032135009766,36.919902801513672
92189013,2023,2024-04-05,9720,2023-09-16,1445,022976,,6,2,9,4400,0,1,3,,1,035,"MURPHY ROAD",SR-129,50.00,S,N,A,-,Y,SCR,,129," "," ",4.745,H,,R,N,3,0,2,2,A,-,01,23152,A,N,D,C,A,A,H,-,A,D,0,,,,,Y,Y,D,22,0,1,1,0,0,0,0,0,0,"- ","- ",36.914058685302734,-121.67707061767578,"SANTA CRUZ",UNINCORPORATED,-121.67697906494141,36.914299011230469
92189030,2023,2023-10-03,9720,2023-09-17,"130 ",023146,,7,3,9,4400,0,3,5,,2,300,"WHITING RD","DI CICCO TERRACE",260.00,W,N,A,-,N,,,,,,,,,,Y,4,0,1,1,A,-,01,23152,A,N,E,I,A,A,H,-,D,D,0,,,,,Y,Y,D,22,0,0,1,0,0,0,0,0,0,"- ","- ",36.954639434814453,-121.74015045166016,"SANTA CRUZ",UNINCORPORATED,-121.74018096923828,36.954692840576172
92189080,2023,2023-10-03,9720,2023-09-17,1912,022140,,7,2,9,4400,0,1,3,,1,034,SR-152,"DELANEY AVE",1531.00,W,N,A,-,N,,,,,,,,,,Y,3,0,2,2,A,-,09,21801,A,N,D,C,A,A,H,-,B,D,0,,,,,Y,,A,01,0,2,0,0,0,0,0,0,0,"- ","- ",36.949981689453125,-121.73336029052734,"SANTA CRUZ",UNINCORPORATED,-121.73331451416016,36.949935913085938
92190032,2023,2023-10-04,9720,2023-09-22,2302,022545,,5,3,9,4400,0,3,5,,2,300,"PAULSEN RD","DIAS LN",2640.00,W,N,A,-,N,,,,,,,,,,Y,3,0,2,2,A,-,05,21460,A,F,A,2,A,A,H,-,D,D,0,,,,,Y,,A,01,0,1,1,0,0,0,0,0,0,"- ","- ",36.955459594726562,-121.75531005859375,"SANTA CRUZ",UNINCORPORATED,,
92190040,2023,2023-10-04,9720,2023-09-23,"843 ",022400,,6,1,9,4400,0,1,3,,1,017,"SB SR-17","GLENWOOD DR",0.00,,Y,A,-,Y,SCR,,17," "," ",10.639,H,,R,Y,3,0,1,2,A,-,09,21802,A,N,A,C,A,A,H,-,A,A,0,,,,,Y,,A,01,0,1,0,0,0,0,0,0,0,"- ","- ",37.119850158691406,-121.97602844238281,"SANTA CRUZ",UNINCORPORATED,-121.97596740722656,37.119857788085938
92190572,2023,2023-10-04,9720,2023-09-21,1802,023316,,4,2,9,4400,0,2,4,,1,021,"SOQUEL DR","ORCHARD STREET",185.00,W,N,A,-,N,,,,,,,,,,N,4,0,1,2,A,-,08,22107,,M,B,C,A,A,H,-,A,D,0,,,Y,,Y,,C,02,0,0,1,0,0,0,0,0,1,"- ","- ",36.987571716308594,-121.94753265380859,"SANTA CRUZ",UNINCORPORATED,-121.94748687744141,36.987636566162109
92191185,2023,2023-10-04,9720,2023-09-23,2149,023345,,6,2,9,4400,0,2,4,,1,032,"GREEN VALLEY RD","POULTRY LN",147.00,N,N,A,-,N,,,,,,,,,,Y,3,0,1,2,A,-,01,23152,A,N,A,C,A,A,H,-,C,D,0,,,,,Y,Y,A,01,0,1,0,0,0,0,0,0,0,"- ","- ",36.965480804443359,-121.76525115966797,"SANTA CRUZ",UNINCORPORATED,-121.76499938964844,36.965385437011719
92191704,2023,2023-10-05,9720,2023-09-23,"935 ",023322,,6,1,9,4400,0,2,4,,1,021,"SOQUEL DR","WINKLE AVENUE",62.00,N,N,A,-,N,,,,,,,,,,N,3,0,1,2,A,-,08,22107,,N,H,G,A,A,H,-,A,D,0,,Y,,,Y,,D,22,0,1,0,0,0,0,1,0,0,"- ","- ",36.988311767578125,-121.97538757324219,"SANTA CRUZ",UNINCORPORATED,-121.975341796875,36.988231658935547
92191717,2023,2023-10-05,9720,2023-09-24,1410,023214,,7,2,9,4400,0,1,3,,1,014,SR-9,SR-35,5808.00,S,N,A,-,Y,SCR,,9," "," ",25.717,H,,R,Y,2,0,3,2,A,-,05,21460,A,F,A,C,A,A,H,-,A,D,0,,,,,Y,,A,01,3,0,0,0,0,0,0,0,0,"- ","- ",37.2476806640625,-122.13842010498047,"SANTA CRUZ",UNINCORPORATED,-122.13837432861328,37.247657775878906
92191731,2023,2023-10-05,9720,2023-09-24,2246,023345,,7,3,9,4400,0,3,5,,2,100,"GLEN ARBOR RD","LIVE OAK AVE",56.00,N,N,A,-,N,,,,,,,,,,Y,3,0,1,1,A,-,01,23152,A,N,E,9,A,A,H,-,C,D,0,,,,,Y,Y,A,07,0,1,0,0,0,0,0,0,0,"- ","- ",37.088581085205078,-122.08502197265625,"SANTA CRUZ",UNINCORPORATED,-122.08507537841797,37.088520050048828
92191910,2023,2023-10-05,9720,2023-09-26,2155,022293,,2,2,9,4400,0,1,3,,1,014,SR-9,"OLD COUNTY HIGHWAY",220.00,S,N,A,-,Y,SCR,,9," "," ",15.504,H,,R,N,2,0,1,1,A,-,01,23152,A,N,E,I,A,A,H,-,D,D,0,,,Y,,Y,Y,C,02,1,0,0,0,0,0,0,0,1,"- ","- ",37.156589508056641,-122.13394165039062,"SANTA CRUZ",UNINCORPORATED,-122.13394927978516,37.156585693359375
92191944,2023,2023-10-05,9720,2023-09-29,"645 ",020562,,5,1,9,4400,0,1,3,,1,017,"SR-17 N/B","GRANITE CREEK RD",1320.00,S,N,A,-,Y,SCR,,17," "," ",5.180,H,,R,Y,3,0,1,2,A,-,07,21658,A,N,B,C,A,A,H,-,B,D,0,,,Y,,Y,,A,01,0,1,0,0,0,0,0,0,1,"- ","- ",37.057498931884766,-122.00640106201172,"SANTA CRUZ",UNINCORPORATED,-122.00640106201172,37.057498931884766
92192311,2023,2023-10-05,9720,2023-09-27,1339,022458,,3,1,9,4400,0,1,3,,1,017,"SR-17 S/B","SPANISH OAKS ROAD",1056.00,S,N,A,-,Y,SCR,,17," "," ",9.846,H,,L,Y,2,0,1,1,A,-,03,22350,,N,F,A,A,A,H,-,A,D,0,,,Y,,Y,,C,02,1,0,0,0,0,0,0,0,1,"- ","- ",37.109378814697266,-121.97691345214844,"SANTA CRUZ",UNINCORPORATED,-121.97689056396484,37.109375
92193450,2023,2023-10-09,9720,2023-09-26,1500,023387,,2,2,9,4400,0,1,3,,2,020,"SR-1 N/B","41ST AVE",528.00,N,N,A,-,Y,SCR,,1," "," ",13.801,H,,R,Y,3,0,2,2,A,-,04,21703,,N,C,C,A,A,D,-,A,D,0,,,,,Y,,A,08,0,1,1,0,0,0,0,0,0,"- ","- ",36.983028411865234,-121.96768951416016,"SANTA CRUZ",UNINCORPORATED,-121.96768951416016,36.983013153076172
92193451,2023,2023-10-09,9720,2023-09-26,1815,023387,,2,2,9,4400,0,3,5,,2,200,"VALENCIA ST","TROUT GULCH RD",0.00,,Y,A,-,N,,,,,,,,,,N,3,0,2,3,A,-,10,21950,A,N,G,B,B,A,H,-,A,A,0,Y,,,,Y,Y,A,01,0,1,1,0,2,0,0,0,0,"- ","- ",36.977569580078125,-121.89962768554688,"SANTA CRUZ",UNINCORPORATED,-121.89956665039062,36.977588653564453
92193452,2023,2023-10-09,9720,2023-09-26,2007,023387,,2,2,9,4400,0,3,5,,2,200,"RODRIGUEZ ST","CHANTICLEER AVE",0.00,,Y,A,-,N,,,,,,,,,,Y,3,0,1,1,A,-,01,23152,A,N,E,8,A,A,H,-,C,A,0,,,,,Y,Y,A,01,0,1,0,0,0,0,0,0,0,"- ","- ",36.981910705566406,-121.97920227050781,"SANTA CRUZ",UNINCORPORATED,-121.97924041748047,36.981925964355469
92194784,2023,2023-10-09,9720,2023-09-28,"748 ",023245,,4,1,9,4400,0,1,3,,2,020,"SR-1 N/B","RIO DEL MAR BOULEVARD",1056.00,S,N,A,-,Y,SCR,,1," "," ",8.946,H,,R,N,3,0,1,2,A,-,07,21658,A,N,B,C,A,A,H,-,A,D,0,,,Y,,Y,,A,07,0,1,0,0,0,0,0,0,1,"- ","- ",36.973968505859375,-121.88278198242188,"SANTA CRUZ",UNINCORPORATED,-121.88277435302734,36.973979949951172
92194789,2023,2023-10-09,9720,2023-09-20,"950 ",018171,,3,1,9,4400,0,2,4,,1,023,"17TH AVE","SANTINA CT",15.00,S,N,B,-,N,,,,,,,,,,Y,4,0,1,2,A,-,03,22350,,N,C,C,A,A,H,-,A,D,0,,,,,Y,,A,01,0,0,1,0,0,0,0,0,0,"- ","- ",36.971988677978516,-121.98426055908203,"SANTA CRUZ",UNINCORPORATED,-121.98419952392578,36.972011566162109
92194797,2023,2023-10-09,9720,2023-09-24,"110 ",023447,,7,3,9,4400,0,2,4,,1,024,"E. CLIFF DR","PROSPECT ST",270.00,W,N,A,-,N,,,,,,,,,,N,4,0,1,2,A,-,08,22107,,F,G,B,E,A,H,-,C,D,0,Y,,,,Y,,-,99,0,0,1,0,1,0,0,0,0,"- ","- ",36.962638854980469,-121.99553680419922,"SANTA CRUZ",UNINCORPORATED,-121.99553680419922,36.962696075439453
92194806,2023,2023-10-09,9720,2023-09-30,"835 ",023447,,6,1,9,4400,0,1,3,,2,030,"SR-1 N/B","BUENA VISTA DR",25.00,S,N,B,-,Y,SCR,,1," ",R,4.069,H,,R,Y,4,0,1,2,A,-,03,22350,,N,C,C,A,A,D,-,A,D,0,,,,,Y,,D,22,0,0,1,0,0,0,0,0,0,"- ","- ",36.931560516357422,-121.81025695800781,"SANTA CRUZ",UNINCORPORATED,-121.81027221679688,36.931533813476562
92194813,2023,2023-10-10,9720,2023-10-01,1653,023214,,7,2,9,4400,0,3,5,,2,200,"SPRECKLES DR.","MOOSEHEAD DR.",33.00,N,N,A,-,N,,,,,,,,,,Y,3,0,1,2,A,-,01,23152,A,N,B,C,A,A,H,-,A,D,0,,,,,Y,Y,A,07,0,1,0,0,0,0,0,0,0,"- ","- ",36.973529815673828,-121.90390014648438,"SANTA CRUZ",UNINCORPORATED,-121.90391540527344,36.973529815673828
92195096,2023,2023-10-10,9720,2023-10-03,1720,023345,,2,2,9,4400,0,2,4,,1,016,"GRAHAM HILL RD","TREETOP DR",124.00,N,N,A,-,N,,,,,,,,,,Y,3,0,1,2,A,-,03,22350,,N,C,C,A,A,H,-,A,D,0,,,,,Y,,A,01,0,1,0,0,0,0,0,0,0,"- ","- ",37.016258239746094,-122.034912109375,"SANTA CRUZ",UNINCORPORATED,-122.03481292724609,37.016208648681641
92195290,2023,2023-10-10,9720,2023-10-04,1705,023345,,3,2,9,4400,0,1,3,,2,020,"SR-1 N/B","STATE PARD DR",92.00,N,N,A,-,Y,SCR,,1," "," ",10.549,H,,R,Y,3,0,1,2,A,-,03,22350,,N,C,C,A,A,H,-,A,D,0,,,Y,,Y,,C,02,0,1,0,0,0,0,0,0,1,"- ","- ",36.9781494140625,-121.91058349609375,"SANTA CRUZ",UNINCORPORATED,-121.91055297851562,36.978179931640625
92195473,2023,2023-10-10,9720,2023-10-05,1400,022400,,4,2,9,4400,0,1,3,,2,020,"SB SR-1","SOQUEL DR",1056.00,N,N,A,-,Y,SCR,,1," "," ",15.063,H,,R,N,3,0,1,2,A,-,03,22350,,N,C,C,A,A,H,-,A,D,0,,,,,Y,,A,01,0,1,0,0,0,0,0,0,0,"- ","- ",36.987560272216797,-121.98975372314453,"SANTA CRUZ",UNINCORPORATED,-121.98972320556641,36.987701416015625
92195727,2023,2023-10-10,9720,2023-10-06,"815 ",023245,,5,1,9,4400,0,2,4,,1,024,"CAPITOLA RD","7TH AVE",5.00,W,N,A,-,N,,,,,,,,,,N,3,0,4,2,A,-,08,22107,,N,B,C,A,A,H,-,A,A,0,,,,,Y,,A,01,0,1,3,0,0,0,0,0,0,"- ","- ",36.979320526123047,-121.99196624755859,"SANTA CRUZ",UNINCORPORATED,-121.99183654785156,36.979293823242188
92195745,2023,2023-10-10,9720,2023-10-06,1542,023245,,5,2,9,4400,0,2,4,,1,023,"41ST AVENUE","OPAL CLIFF DRIVE",5.00,N,N,A,-,N,,,,,,,,,,N,3,0,1,2,A,-,03,22350,,N,G,B,D,A,H,-,A,A,0,Y,,,,Y,,A,01,0,1,0,0,1,0,0,0,0,"- ","- ",36.961071014404297,-121.96486663818359,"SANTA CRUZ",UNINCORPORATED,-121.96488952636719,36.960994720458984
92196067,2023,2023-10-11,9720,2023-10-02,"803 ",023166,,1,1,9,4400,0,2,4,,1,032,"GREEN VALLEY RD","DICK PHELPS RD",20.00,S,N,A,-,N,,,,,,,,,,Y,4,0,3,2,A,-,03,22350,,N,C,C,A,A,H,-,A,D,0,,,,,Y,,A,07,0,0,3,0,0,0,0,0,0,"- ","- ",36.949359893798828,-121.764892578125,"SANTA CRUZ",UNINCORPORATED,-121.76490020751953,36.949447631835938
92196116,2023,2023-10-11,9720,2023-10-03,1720,022162,,2,2,9,4400,0,3,5,,2,200,"S. MAIN STREET","PORTER STREET",60.00,S,N,A,-,N,,,,,,,,,,Y,4,0,1,2,A,-,05,21460,A,N,B,C,A,A,H,-,A,A,0,,,,,Y,,A,01,0,0,1,0,0,0,0,0,0,"- ","- ",36.984180450439453,-121.95690155029297,"SANTA CRUZ",UNINCORPORATED,-121.95720672607422,36.984161376953125
92196745,2023,2023-10-11,9720,2023-09-29,1140,023447,,5,1,9,4400,0,3,5,,2,200,"SEA RIDGE RD","MCGREGOR DRIVE",0.00,,Y,A,-,N,,,,,,,,,,Y,4,0,1,2,A,-,09,21802,A,N,D,C,A,A,H,-,A,A,0,,,,,Y,,A,01,0,0,1,0,0,0,0,0,0,"- ","- ",36.97576904296875,-121.91207122802734,"SANTA CRUZ",UNINCORPORATED,-121.91206359863281,36.975753784179688
92197385,2023,2023-10-12,9720,2023-10-05,"645 ",022399,,4,1,9,4400,0,1,3,,2,020,"SR-1 N/B","41ST AVE",3168.00,N,N,A,-,Y,SCR,,1," "," ",14.189,H,,R,Y,3,0,1,2,A,-,07,21658,A,N,B,C,A,A,D,-,B,D,0,,,Y,,Y,,A,01,0,1,0,0,0,0,0,0,1,"- ","- ",36.984260559082031,-121.97451782226562,"SANTA CRUZ",UNINCORPORATED,-121.97451019287109,36.984275817871094
92197441,2023,2023-10-12,9720,2023-10-02,1805,023316,,1,2,9,4400,0,3,5,,2,200,"CANTERBURY ROAD","MCGREGOR DRIVE",125.00,W,N,A,-,N,,,,,,,,,,N,3,0,1,2,A,-,11,21954,A,N,G,B,D,A,H,-,A,D,0,Y,,,,Y,,-,"- ",0,1,0,0,1,0,0,0,0,"- ","- ",36.976799011230469,-121.91251373291016,"SANTA CRUZ",UNINCORPORATED,-121.91242218017578,36.976791381835938
92197532,2023,2023-10-12,9720,2023-10-04,"745 ",022162,,3,1,9,4400,0,1,3,,2,020,"SR-1 N/B","SOQUEL DRIVE",2006.00,S,N,A,-,Y,SCR,,1," "," ",14.472,H,,R,Y,3,0,1,3,A,-,03,22350,,N,C,C,A,A,D,-,A,D,0,,,,,Y,,A,01,0,1,0,0,0,0,0,0,0,"- ","- ",36.985488891601562,-121.97942352294922,"SANTA CRUZ",UNINCORPORATED,-121.97942352294922,36.985481262207031
92197722,2023,2023-10-12,9720,2023-06-07,1814,021540,,3,2,9,4400,0,1,3,,1,010,SR-1,"DIMEO LN",2112.00,N,N,A,-,Y,SCR,,1," "," ",23.101,H,,R,Y,1,1,0,2,A,-,05,21460,A,N,D,C,A,A,H,-,A,D,0,,,Y,,Y,,C,02,0,0,0,0,0,0,0,1,0,"- ","- ",36.967018127441406,-122.11122131347656,"SANTA CRUZ",UNINCORPORATED,-122.11122131347656,36.967018127441406
92197770,2023,2023-10-12,9720,2023-10-01,"253 ",022879,,7,3,9,4400,0,3,5,,2,100,"EMPIRE GRADE RD.","HELLER DR.",2112.00,N,N,A,-,N,,,,,,,,,,N,2,0,4,1,A,-,01,23152,A,N,E,I,A,A,H,-,D,D,0,,,,,Y,Y,A,01,3,1,0,0,0,0,0,0,0,"- ","- ",36.992511749267578,-122.06992340087891,"SANTA CRUZ",UNINCORPORATED,-122.07006072998047,36.993484497070312
92197798,2023,2023-10-12,9720,2023-10-01,1245,023419,,7,1,9,4400,0,1,3,,1,012,SR-236,"MEMORY LN",1584.00,S,N,A,-,Y,SCR,,236," "," ",15.178,H,,R,N,3,0,1,1,A,-,03,22350,,N,F,A,A,A,H,-,A,D,0,,,Y,,Y,,-,"- ",0,1,0,0,0,0,0,0,1,"- ","- ",37.193149566650391,-122.1739501953125,"SANTA CRUZ",UNINCORPORATED,-122.17396545410156,37.193164825439453
92197800,2023,2023-10-12,9720,2023-10-02,1417,023387,,1,2,9,4400,0,3,5,,2,300,"LYNWOOD PL","BRIARWOOD DR",200.00,S,N,A,-,N,,,,,,,,,,N,4,0,1,1,A,-,13,22515,A,N,E,I,A,A,H,-,A,D,0,,,,,Y,,A,08,0,0,1,0,0,0,0,0,0,"- ","- ",36.943470001220703,-121.79679107666016,"SANTA CRUZ",UNINCORPORATED,-121.79667663574219,36.943405151367188
92197809,2023,2023-10-12,9720,2023-10-04,1345,022162,,3,1,9,4400,0,2,4,,1,021,"SOQUEL DR","MONTEREY AVE",0.00,,Y,A,-,N,,,,,,,,,,Y,3,0,1,2,A,-,09,21804,A,N,D,C,A,A,H,-,A,A,0,,,,,Y,,A,07,0,1,0,0,0,0,0,0,0,"- ","- ",36.987770080566406,-121.9403076171875,"SANTA CRUZ",UNINCORPORATED,-121.94023895263672,36.987804412841797
92197816,2023,2023-10-12,9720,2023-10-03,1735,023316,,2,2,9,4400,0,1,3,,2,020,"SR-1 S/B","41ST AVENUE",400.00,N,N,A,-,Y,SCR,,1," "," ",13.701,H,,L,N,3,0,1,3,A,-,07,21658,A,N,B,C,A,A,D,-,A,D,0,,,Y,,Y,,C,02,0,1,0,0,0,0,0,0,1,"- ","- ",36.982780456542969,-121.96591949462891,"SANTA CRUZ",UNINCORPORATED,-121.96591949462891,36.982765197753906
92197819,2023,2023-10-12,9720,2023-10-01,"750 ",023447,,7,1,9,4400,0,3,5,,2,300,"HAMES ROAD","BLAKE AVENUE",900.00,N,N,B,-,N,,,,,,,,,,N,2,0,1,1,A,-,03,22350,,N,F,A,A,A,H,-,A,D,0,,Y,,,Y,,-,"- ",1,0,0,0,0,0,1,0,0,"- ","- ",36.991310119628906,-121.81133270263672,"SANTA CRUZ",UNINCORPORATED,-121.81129455566406,36.991260528564453
92197823,2023,2023-10-12,9720,2023-09-19,1725,022976,,2,2,9,4400,0,2,4,,1,024,"CAPITOLA ROAD","16TH AVENUE",55.00,W,N,A,-,N,,,,,,,,,,Y,4,0,2,3,A,-,03,22350,,N,C,C,A,A,H,-,A,D,0,,,,,Y,,A,01,0,0,2,0,0,0,0,0,0,"- ","- ",36.976310729980469,-121.98448944091797,"SANTA CRUZ",UNINCORPORATED,-121.98434448242188,36.976215362548828
92198698,2023,2023-10-13,9720,2023-10-03,1803,021211,,2,2,9,4400,0,2,4,,1,021,"SOQUEL DR","PARK AVE",0.00,,Y,A,-,N,,,,,,,,,,Y,3,0,1,2,A,-,08,22107,,N,B,G,A,A,H,-,A,A,0,,Y,,,Y,,L,04,0,1,0,0,0,0,1,0,0,"- ","- ",36.989208221435547,-121.93562316894531,"SANTA CRUZ",UNINCORPORATED,-121.93574523925781,36.989109039306641
92199912,2023,2023-10-16,9720,2023-10-05,1626,021833,,4,2,9,4400,0,1,3,,2,020,"S/B SR-1","RIO DEL MAR BLVD",528.00,S,N,A,-,Y,SCR,,1," "," ",8.937,H,,R,N,3,0,2,2,A,-,03,22350,,N,C,C,A,A,H,-,A,D,0,,,,,Y,,A,01,0,1,1,0,0,0,0,0,0,"- ","- ",36.973728179931641,-121.88272094726562,"SANTA CRUZ",UNINCORPORATED,-121.88261413574219,36.973922729492188