CASE_ID,ACCIDENT_YEAR,PROC_DATE,JURIS,COLLISION_DATE,COLLISION_TIME,OFFICER_ID,REPORTING_DISTRICT,DAY_OF_WEEK,CHP_SHIFT,POPULATION,CNTY_CITY_LOC,SPECIAL_COND,BEAT_TYPE,CHP_BEAT_TYPE,CITY_DIVISION_LAPD,CHP_BEAT_CLASS,BEAT_NUMBER,PRIMARY_RD,SECONDARY_RD,DISTANCE,DIRECTION,INTERSECTION,WEATHER_1,WEATHER_2,STATE_HWY_IND,CALTRANS_COUNTY,CALTRANS_DISTRICT,STATE_ROUTE,ROUTE_SUFFIX,POSTMILE_PREFIX,POSTMILE,LOCATION_TYPE,RAMP_INTERSECTION,SIDE_OF_HWY,TOW_AWAY,COLLISION_SEVERITY,NUMBER_KILLED,NUMBER_INJURED,PARTY_COUNT,PRIMARY_COLL_FACTOR,PCF_CODE_OF_VIOL,PCF_VIOL_CATEGORY,PCF_VIOLATION,PCF_VIOL_SUBSECTION,HIT_AND_RUN,TYPE_OF_COLLISION,MVIW,PED_ACTION,ROAD_SURFACE,ROAD_COND_1,ROAD_COND_2,LIGHTING,CONTROL_DEVICE,CHP_ROAD_TYPE,PEDESTRIAN_ACCIDENT,BICYCLE_ACCIDENT,MOTORCYCLE_ACCIDENT,TRUCK_ACCIDENT,NOT_PRIVATE_PROPERTY,ALCOHOL_INVOLVED,STWD_VEHTYPE_AT_FAULT,CHP_VEHTYPE_AT_FAULT,COUNT_SEVERE_INJ,COUNT_VISIBLE_INJ,COUNT_COMPLAINT_PAIN,COUNT_PED_KILLED,COUNT_PED_INJURED,COUNT_BICYCLIST_KILLED,COUNT_BICYCLIST_INJURED,COUNT_MC_KILLED,COUNT_MC_INJURED,PRIMARY_RAMP,SECONDARY_RAMP,LATITUDE,LONGITUDE,COUNTY,CITY,POINT_X,POINT_Y
92199982,2023,2023-10-16,9720,2023-10-05,1730,021304,,4,2,9,4400,0,3,5,,2,300,"SAN ANDREAS ROAD","CREST VIEW DR",528.00,S,N,A,-,N,,,,,,,,,,N,2,0,1,2,A,-,08,22107,,F,C,G,A,A,H,-,A,D,0,,Y,,,Y,,-,99,1,0,0,0,0,0,1,0,0,"- ","- ",36.891941070556641,-121.81037902832031,"SANTA CRUZ",UNINCORPORATED,-121.83646392822266,36.920200347900391
92200154,2023,2023-10-16,9720,2023-10-06,"655 ",022162,,5,1,9,4400,0,3,5,,2,300,"BUENA VISTA DR","HARKIN SLOUGH  RD",2640.00,N,N,A,-,N,,,,,,,,,,Y,3,0,1,1,A,-,08,22107,,N,F,A,A,A,H,-,B,D,0,,,,,Y,,A,07,0,1,0,0,0,0,0,0,0,"- ","- ",36.917961120605469,-121.81780242919922,"SANTA CRUZ",UNINCORPORATED,-121.81411743164062,36.927253723144531
92200255,2023,2023-10-16,9720,2023-10-04,1915,021833,,3,2,9,4400,0,1,3,,1,017,"N/B SR-17","VINE HILL RD.",277.00,N,N,A,-,Y,SCR,,17," "," ",7.716,H,,R,Y,2,0,1,3,A,-,01,23152,A,N,E,I,A,A,H,-,D,D,0,,,,,Y,Y,A,07,1,0,0,0,0,0,0,0,0,"- ","- ",37.079578399658203,-121.97872924804688,"SANTA CRUZ",UNINCORPORATED,-121.97871398925781,37.079566955566406
92200324,2023,2023-10-16,9720,2023-10-04,"728 ",023419,,3,1,9,4400,0,1,3,,2,030,SR-1,"MAR MONTE AVE",2112.00,S,N,A,-,Y,SCR,,1," ",R,6.278,H,,R,Y,3,0,1,3,A,-,07,21658,A,N,C,C,A,A,H,-,A,D,0,,,Y,,Y,,-,99,0,1,0,0,0,0,0,0,1,"- ","- ",36.94573974609375,-121.84568023681641,"SANTA CRUZ",UNINCORPORATED,-121.84568786621094,36.945732116699219
92200780,2023,2023-10-17,9720,2023-10-08,1335,022458,,7,1,9,4400,0,1,3,,2,020,"SR-1 N/B","RIO DEL MAR BLVD.",1056.00,S,N,A,-,Y,SCR,,1," "," ",8.936,H,,R,Y,4,0,1,2,A,-,03,22350,,N,C,C,A,A,H,-,A,D,0,,,,,Y,,A,01,0,0,1,0,0,0,0,0,0,"- ","- ",36.973899841308594,-121.88260650634766,"SANTA CRUZ",UNINCORPORATED,-121.88259887695312,36.973918914794922
92201012,2023,2023-10-17,9720,2023-10-06,1807,023103,,5,2,9,4400,0,2,4,,1,023,"41ST AVE","CORDELIA LN",0.00,,Y,A,-,N,,,,,,,,,,N,4,0,1,2,A,-,09,21804,A,N,D,C,A,A,H,-,A,D,0,,,,,Y,,D,22,0,0,1,0,0,0,0,0,0,"- ","- ",36.984691619873047,-121.96492004394531,"SANTA CRUZ",UNINCORPORATED,-121.96492004394531,36.984706878662109
92201113,2023,2023-10-17,9720,2023-09-15,1832,022976,,5,2,9,4400,0,2,4,,1,032,"GREEN VALLEY RD","CELIA DR",0.00,,Y,A,-,N,,,,,,,,,,N,4,0,1,3,A,-,09,21802,A,F,D,C,A,A,H,-,A,D,0,,,,,Y,Y,A,01,0,0,1,0,0,0,0,0,0,"- ","- ",36.953868865966797,-121.76493072509766,"SANTA CRUZ",UNINCORPORATED,-121.76492309570312,36.953838348388672
92201466,2023,2023-10-17,9720,2023-09-21,1340,015699,,4,1,9,4400,0,3,5,,2,100,"SMITH GRADE RD","Y CRK RD",1056.00,W,N,A,-,N,,,,,,,,,,N,3,0,1,1,A,-,08,22107,,N,F,A,A,A,H,-,A,D,0,,Y,,,Y,,L,04,0,1,0,0,0,0,1,0,0,"- ","- ",37.021541595458984,-122.13041687011719,"SANTA CRUZ",UNINCORPORATED,,
92202298,2023,2023-10-18,9720,2023-10-07,"835 ",022458,,6,1,9,4400,0,2,4,,1,021,"SOQUEL DRIVE","PERIMETER ROAD",0.00,,Y,A,-,N,,,,,,,,,,N,4,0,1,2,A,-,12,22450,A,N,D,C,A,A,H,-,A,B,0,,,,,Y,,A,07,0,0,1,0,0,0,0,0,0,"- ","- ",36.989841461181641,-121.92893981933594,"SANTA CRUZ",UNINCORPORATED,-121.928955078125,36.989810943603516
92202837,2023,2023-10-18,9720,2023-10-07,2120,023387,,6,2,9,4400,0,3,5,,2,100,"MILL ST",SR-9,250.00,E,N,A,-,N,,,,,,,,,,N,2,0,1,2,A,-,17,21200,,N,H,E,A,A,H,-,C,D,0,,Y,,,Y,Y,L,04,1,0,0,0,0,0,1,0,0,"- ","- ",37.088871002197266,-122.08969116210938,"SANTA CRUZ",UNINCORPORATED,-122.09152221679688,37.088985443115234
92202881,2023,2023-10-18,9720,2023-10-08,1420,022044,,7,2,9,4400,0,1,3,,1,014,SR-9,"RIVERVIEW RD.",100.00,S,N,A,-,Y,SCR,,9," "," ",15.474,H,,R,Y,3,0,2,2,A,-,05,21460,A,N,A,2,A,A,H,-,A,D,0,,,,,Y,,A,08,0,1,1,0,0,0,0,0,0,"- ","- ",37.156150817871094,-122.13361358642578,"SANTA CRUZ",UNINCORPORATED,-122.13362121582031,37.156143188476562
92203521,2023,2023-10-19,9720,2023-10-10,"630 ",022162,,2,1,9,4400,0,1,3,,2,030,"SR-1 N/B","BUENA VISTA DR",1584.00,S,N,F,-,Y,SCR,,1," ",R,3.770,H,,R,Y,3,0,5,3,A,-,03,22350,,N,C,C,A,A,H,-,B,D,0,,,,,Y,,A,08,0,4,1,0,0,0,0,0,0,"- ","- ",36.929691314697266,-121.80544281005859,"SANTA CRUZ",UNINCORPORATED,-121.80541229248047,36.929725646972656
92203569,2023,2023-10-19,9720,2023-10-09,1640,023387,,1,2,9,4400,0,3,5,,2,300,"THOMPSON RD","CARLTON RD",0.00,,Y,A,-,N,,,,,,,,,,N,4,0,1,3,A,-,09,21802,A,N,D,C,A,A,H,-,A,A,0,,,,,Y,Y,D,22,0,0,1,0,0,0,0,0,0,"- ","- ",36.928668975830078,-121.70606231689453,"SANTA CRUZ",UNINCORPORATED,-121.70665740966797,36.938304901123047
92203840,2023,2023-10-19,9720,2023-10-10,"755 ",021211,,2,1,9,4400,0,1,3,,2,020,"SR-1 S/B","MORRISSEY BLVD",2640.00,S,N,B,-,Y,SCR,,1," "," ",15.390,H,,L,Y,4,0,2,2,A,-,08,22107,,N,C,C,A,B,H,-,A,D,0,,,,,Y,,A,01,0,0,2,0,0,0,0,0,0,"- ","- ",36.988071441650391,-121.99562835693359,"SANTA CRUZ",UNINCORPORATED,-121.99562835693359,36.98809814453125
92204173,2023,2023-10-19,9720,2023-10-11,"845 ",022162,,3,1,9,4400,0,1,3,,1,035,"RIVERSIDE DR","774 W. RIVERSIDE DR",0.00,,Y,A,-,Y,SCR,,129," ",L,0.592,H,,L,Y,3,0,1,2,A,-,09,21804,B,N,D,C,A,A,H,-,A,A,0,,,,Y,Y,,A,01,0,1,0,0,0,0,0,0,0,"- ","- ",36.899589538574219,-121.76602935791016,"SANTA CRUZ",UNINCORPORATED,-121.76601409912109,36.899574279785156
92204629,2023,2023-10-20,9720,2023-10-08,1158,015170,,7,1,9,4400,0,1,3,,1,014,SR-9,"SR-236 (UPPER)",7920.00,N,N,A,-,Y,,,,,,,,,,Y,2,0,1,1,A,-,17,21662,A,N,F,A,A,A,H,-,A,D,0,,,Y,,Y,,C,02,1,0,0,0,0,0,0,0,1,"- ","- ",37.224658966064453,-122.14273834228516,"SANTA CRUZ",UNINCORPORATED,-122.13230133056641,37.144966125488281
92204649,2023,2023-10-20,9720,2023-10-12,"910 ",022458,,4,1,9,4400,0,1,3,,2,020,"SR-1 N/B","PORTER STREET",2112.00,S,N,A,-,Y,SCR,,1," "," ",12.743,H,,R,N,4,0,1,2,A,-,03,22350,,N,C,C,A,A,H,-,A,D,0,,,,,Y,,A,01,0,0,1,0,0,0,0,0,0,"- ","- ",36.983989715576172,-121.94870758056641,"SANTA CRUZ",UNINCORPORATED,-121.94871520996094,36.984043121337891
92204748,2023,2023-10-20,9720,2023-10-11,"610 ",022162,,3,1,9,4400,0,1,3,,2,030,"SR-1 N/B","RIVERSIDE DR",1320.00,S,N,E,-,Y,SCR,,1," ",R,0.264,H,,R,Y,4,0,1,2,A,-,08,22107,,N,B,C,A,A,H,-,B,D,0,,,,,Y,,A,01,0,0,1,0,0,0,0,0,0,"- ","- ",36.887741088867188,-121.77284240722656,"SANTA CRUZ",UNINCORPORATED,-121.77288818359375,36.887733459472656
92204874,2023,2023-10-20,9720,2023-10-11,"710 ",022162,,3,1,9,4400,0,3,5,,2,300,"SAN ANDREAS RD","DAIRY ROAD",410.00,S,N,A,-,N,,,,,,,,,,N,2,0,3,1,A,-,03,22350,,N,F,I,A,A,H,-,A,D,0,,,,,Y,,A,01,2,1,0,0,0,0,0,0,0,"- ","- ",36.887771606445312,-121.80532073974609,"SANTA CRUZ",UNINCORPORATED,-121.80530548095703,36.887840270996094
92204900,2023,2023-10-20,9720,2023-10-14,"232 ",020916,,6,3,9,4400,0,1,S,,2,904,SR-129,"ROGGE LANE",5650.00,E,N,A,-,Y,SCR,,129," "," ",8.463,H,,R,Y,3,0,1,2,A,-,05,21460,A,N,B,C,A,A,H,-,A,D,0,,,,,Y,,-,"- ",0,1,0,0,0,0,0,0,0,"- ","- ",36.910018920898438,-121.62190246582031,"SANTA CRUZ",UNINCORPORATED,-121.62191009521484,36.909984588623047
92204908,2023,2023-10-20,9720,2023-10-14,"853 ",021211,,6,1,9,4400,0,1,3,,2,030,"SR-1 N/B","AIRPORT BLVD",300.00,N,N,A,-,Y,,,,,,,,,,Y,3,0,1,1,A,-,03,22350,,N,E,I,A,A,H,-,A,D,0,,,,,Y,,A,01,0,1,0,0,0,0,0,0,0,"- ","- ",36.925460815429688,-121.79749298095703,"SANTA CRUZ",UNINCORPORATED,-121.79769897460938,36.925113677978516
92204914,2023,2023-10-20,9720,2023-10-12,"635 ",022162,,4,1,9,4400,0,1,3,,2,030,"SR-1 N/B","AIRPORT BLVD",2640.00,N,N,A,-,Y,SCR,,1," ",R,4.130,H,,R,Y,3,0,3,3,A,-,03,22350,,N,C,C,A,A,D,-,B,D,0,,,,,Y,,A,01,0,2,1,0,0,0,0,0,0,"- ","- ",36.931831359863281,-121.81140899658203,"SANTA CRUZ",UNINCORPORATED,-121.81139373779297,36.931865692138672
92204966,2023,2023-10-20,9720,2023-10-10,1425,023146,,2,2,9,4400,0,3,5,,2,100,"HERMOSA AVE","GLEN ARBOR RD",0.00,,Y,B,-,N,,,,,,,,,,Y,3,0,2,3,A,-,12,22450,A,N,D,2,A,A,H,-,A,A,0,,,,,Y,,A,01,0,2,0,0,0,0,0,0,0,"- ","- ",37.074241638183594,-122.08257293701172,"SANTA CRUZ",UNINCORPORATED,-122.08255767822266,37.074249267578125
92205614,2023,2023-10-23,9720,2023-09-28,1445,023186,,4,2,9,4400,0,1,3,,1,010,SR-1,"BONNY DOON RD",2700.00,S,N,A,-,Y,SCR,,1," "," ",27.111,H,,R,Y,3,0,1,2,A,-,03,22350,,N,C,C,A,A,H,-,A,D,0,,,,,Y,,A,01,0,1,0,0,0,0,0,0,0,"- ","- ",36.995998382568359,-122.17330932617188,"SANTA CRUZ",UNINCORPORATED,-122.17331695556641,36.995994567871094
92207014,2023,2023-10-24,9720,2023-10-14,1520,023387,,6,2,9,4400,0,3,5,,2,300,"CARLTON ROAD","KEER RD",250.00,S,N,A,-,N,,,,,,,,,,N,4,0,1,1,A,-,08,22107,,N,F,A,A,A,H,-,A,D,0,,,,,Y,,A,01,0,0,1,0,0,0,0,0,0,"- ","- ",36.950580596923828,-121.72087860107422,"SANTA CRUZ",UNINCORPORATED,,
92207312,2023,2023-10-24,9720,2023-10-17,"915 ",022162,,2,1,9,4400,0,1,3,,2,020,"SR-1 N/B","SOQUEL DR",1320.00,S,N,A,-,Y,SCR,,1," "," ",14.606,H,,R,N,4,0,1,2,A,-,03,22350,,N,C,C,A,A,D,-,A,D,0,,,,Y,Y,,F,26,0,0,1,0,0,0,0,0,0,"- ","- ",36.986061096191406,-121.98175048828125,"SANTA CRUZ",UNINCORPORATED,-121.98175048828125,36.986061096191406
92207451,2023,2023-10-24,9720,2023-10-17,"800 ",023419,,2,1,9,4400,0,2,4,,1,021,"SOQUEL DRIVE","MONROE AVE",417.00,W,N,A,-,N,,,,,,,,,,Y,4,0,1,2,A,-,05,21460,A,N,B,C,A,A,H,-,A,D,0,,,,,Y,,A,01,0,0,1,0,0,0,0,0,0,"- ","- ",36.972278594970703,-121.87727355957031,"SANTA CRUZ",UNINCORPORATED,-121.88625335693359,36.975677490234375
92208510,2023,2023-10-25,9720,2023-10-16,"521 ",022545,,1,3,9,4400,0,2,4,,1,024,"PORTOLA DR","EAST CLIFF DR",50.00,E,N,A,-,N,,,,,,,,,,Y,4,0,1,1,A,-,01,23152,A,N,E,8,A,A,H,-,C,A,0,,,,,Y,Y,A,08,0,0,1,0,0,0,0,0,0,"- ","- ",36.962879180908203,-121.98784637451172,"SANTA CRUZ",UNINCORPORATED,-121.98790740966797,36.962802886962891
92208713,2023,2023-10-25,9720,2023-10-16,"808 ",023419,,1,1,5,4402,0,1,3,,2,020,"N/B SR-1","PARK AVE",2112.00,S,N,A,-,Y,SCR,,1," "," ",11.692,H,,R,N,3,0,1,2,A,-,07,21658,A,N,B,C,A,A,H,-,A,D,0,,,Y,,Y,,D,22,0,1,0,0,0,0,0,0,1,"- ","- ",36.983650207519531,-121.9296875,"SANTA CRUZ","SANTA CRUZ",-121.9296875,36.983669281005859
92208778,2023,2023-10-26,9720,2023-10-16,1513,023387,,1,2,9,4400,0,1,3,,2,020,"SR-1 S/B","MARKET ST",75.00,N,N,A,-,Y,SCR,,1," "," ",16.397,H,,L,Y,2,0,1,1,A,-,03,22350,,N,F,A,A,A,H,-,A,D,0,,,,,Y,,A,07,1,0,0,0,0,0,0,0,0,"- ","- ",36.988571166992188,-122.01368713378906,"SANTA CRUZ",UNINCORPORATED,-122.01368713378906,36.988582611083984
92209153,2023,2023-10-26,9720,2023-10-18,1504,022162,,3,2,9,4400,0,2,4,,1,021,"SOQUEL DR","RESEARCH PARK DR36.987",0.00,,Y,A,-,N,,,,,,,,,,N,3,0,1,2,A,-,09,21801,A,N,D,C,A,A,H,-,A,A,0,,,Y,,Y,Y,C,03,0,1,0,0,0,0,0,0,1,"- ","- ",36.987319946289062,-121.96855163574219,"SANTA CRUZ",UNINCORPORATED,-121.96846771240234,36.987373352050781
9221416,2021,2021-02-23,4403,2021-01-31,2334,419,1-11,7,5,4,4403,0,0,0,,0,001,"RIVERSIDE DR","MARCHANT ST",0.00,,Y,A,-,Y,SCR,5,129,-,-,0.230,I,5,E,Y,4,0,2,2,A,-,09,21802,A,N,D,C,A,A,H,-,C,D,0,,,,,Y,,A,01,0,0,2,0,0,0,0,0,0,"- ","- ",,,"SANTA CRUZ",WATSONVILLE,-121.750244140625,36.909530639648438
9221563,2021,2021-02-18,4401,2021-01-21,1700,526,4401,4,5,3,4401,0,0,0,,0,,"41ST AV","BROMMER ST",0.00,,Y,A,-,N,,,,,,,,,,N,4,0,1,2,A,-,03,22350,,N,C,C,A,A,H,-,B,A,0,,,,Y,Y,,G,25,0,0,1,0,0,0,0,0,0,"- ","- ",,,"SANTA CRUZ",CAPITOLA,-121.96492004394531,36.970199584960938
9221814,2021,2021-03-10,4403,2021-01-29,1442,356,1-09,5,5,4,4403,0,0,0,,0,001,"MAIN ST","5TH ST",243.00,N,N,A,-,Y,SCR,5,152,-,T,2.610,H,-,W,N,4,0,1,2,A,-,05,21650,1,N,D,G,A,A,H,-,A,D,0,,Y,,,Y,,L,04,0,0,1,0,0,0,1,0,0,"- ","- ",,,"SANTA CRUZ",WATSONVILLE,-121.76036071777344,36.913860321044922
9222084,2021,2021-03-23,4402,2021-01-18,1524,191,4402,1,5,5,4402,0,0,0,,0,000,"RT 1","VAN NESS AV",0.00,,Y,A,-,Y,SCR,5,1,-,-,18.800,I,6,N,N,3,0,1,2,A,-,10,21950,A,N,G,B,B,A,H,-,A,A,0,Y,,,,Y,,A,07,0,1,0,0,1,0,0,0,0,"- ","- ",,,"SANTA CRUZ","SANTA CRUZ",-122.03793334960938,36.968658447265625
9222088,2021,2021-03-23,4402,2021-01-29,2050,147,4402,5,5,5,4402,0,0,0,,0,000,"RT 1","RT 9",0.00,,Y,B,-,Y,SCR,5,1,-,-,17.570,H,-,S,Y,3,0,1,3,A,-,01,23153,A,N,A,D,A,A,H,-,C,A,0,,,,,Y,Y,A,07,0,1,0,0,0,0,0,0,0,"- ","- ",,,"SANTA CRUZ","SANTA CRUZ",-122.02992248535156,36.984375
9222116,2021,2021-03-23,4402,2021-02-08,1516,197,4402,1,5,5,4402,0,0,0,,0,000,"RT 1","RIVER ST",0.00,,Y,A,-,Y,SCR,5,1,-,-,17.550,H,-,N,N,4,0,1,2,A,-,11,21954,A,N,G,B,D,A,-,-,A,A,0,Y,,,,Y,,N,60,0,0,1,0,1,0,0,0,0,"- ","- ",,,"SANTA CRUZ","SANTA CRUZ",-122.02967071533203,36.984569549560547
9222262,2021,2021-03-24,4403,2021-03-05,1653,358,2-23,5,5,4,4403,0,0,0,,0,002,"MAIN ST",CROSSROADS,50.00,N,N,A,-,Y,SCR,5,152,-,T,1.360,H,-,E,Y,4,0,1,3,C,-,18,,,N,B,C,A,A,H,-,A,A,0,,,,,Y,,-,"- ",0,0,1,0,0,0,0,0,0,"- ","- ",,,"SANTA CRUZ",WATSONVILLE,-121.78120422363281,36.918197631835938
92223517,2023,2023-10-31,9720,2023-10-18,1520,023447,,3,2,9,4400,0,2,4,,1,021,"SOQUEL DRIVE","PARK AVENUE",0.00,,Y,A,-,N,,,,,,,,,,N,3,0,1,1,A,-,08,22107,,N,E,J,A,A,B,-,B,A,0,,Y,,,Y,,M,91,0,1,0,0,0,0,1,0,0,"- ","- ",36.989181518554688,-121.93589782714844,"SANTA CRUZ",UNINCORPORATED,-121.93574523925781,36.989109039306641
92223573,2023,2023-10-31,9720,2023-10-19,"615 ",023331,,4,1,9,4400,0,3,5,,2,200,"VENETIAN ROAD","MARINA AVE",0.00,,Y,A,-,N,,,,,,,,,,N,3,0,1,2,A,-,10,21950,A,N,G,B,D,A,H,-,C,D,0,Y,,,Y,Y,,F,87,0,1,0,0,1,0,0,0,0,"- ","- ",36.969181060791016,-121.90389251708984,"SANTA CRUZ",UNINCORPORATED,-121.90377044677734,36.969139099121094
9222405,2021,2021-03-05,4403,2021-02-06,2224,418,109,6,5,4,4403,0,0,0,,0,001,"MAIN ST","BEACH ST",0.00,,Y,A,-,Y,SCR,5,152,-,T,2.928,I,5,E,Y,4,0,2,2,A,-,12,21453,A,N,D,C,A,A,H,-,C,A,0,,,,,Y,,A,01,0,0,2,0,0,0,0,0,0,"- ","- ",,,"SANTA CRUZ",WATSONVILLE,-121.75690460205078,36.910259246826172
92224063,2023,2023-10-31,9720,2023-10-19,2300,023322,,4,3,9,4400,0,1,3,,1,017,"SR-17 S/B","GRANITE CREEK RD",2640.00,S,N,A,-,Y,SCR,,17," "," ",4.955,H,,L,Y,3,0,2,2,A,-,01,23152,A,N,D,C,A,A,H,-,D,D,0,,,,,Y,,A,01,0,2,0,0,0,0,0,0,0,"- ","- ",37.054599761962891,-122.00810241699219,"SANTA CRUZ",UNINCORPORATED,-122.00811004638672,37.054603576660156
92224205,2023,2023-10-31,9720,2023-10-12,1530,023447,,4,2,9,4400,0,3,5,,2,200,"SUMNER AVE","DOLPHIN DR",0.00,,Y,A,-,N,,,,,,,,,,N,4,0,1,2,A,-,03,22350,,N,C,C,A,A,H,-,A,A,0,,,,,Y,,D,22,0,0,1,0,0,0,0,0,0,"- ","- ",36.953998565673828,-121.87931060791016,"SANTA CRUZ",UNINCORPORATED,-121.87918853759766,36.953937530517578
92224251,2023,2023-10-31,9720,2023-10-22,"720 ",022901,,7,1,9,4400,0,2,4,,1,021,"SOQUEL DRIVE","ATHERTON DR",25.00,W,N,C,-,N,,,,,,,,,,N,3,0,1,1,A,-,03,22350,,N,E,8,A,B,H,-,A,D,0,,,,,Y,,A,01,0,1,0,0,0,0,0,0,0,"- ","- ",36.990520477294922,-121.93110656738281,"SANTA CRUZ",UNINCORPORATED,-121.93085479736328,36.990474700927734
92224259,2023,2023-10-31,9720,2023-10-23,"44  ",023345,,1,3,9,4400,0,2,4,,1,031,"FREEDOM BLVD","N/B SR-1 ONRAMP",40.00,E,N,A,-,Y,,,,,,,,,,Y,3,0,1,1,A,-,08,22107,,N,E,I,A,B,H,-,C,D,0,,,,,Y,,A,01,0,1,0,0,0,0,0,0,0,"- ","- ",36.970890045166016,-121.87267303466797,"SANTA CRUZ",UNINCORPORATED,,
92224562,2023,2023-10-31,9720,2023-10-23,1525,022140,,1,2,9,4400,0,1,3,,2,020,"SR-1 S/B","PARK AVE",30.00,N,N,A,-,Y,SCR,,1," "," ",12.114,H,,L,Y,4,0,1,1,C,-,18,,,N,E,8,A,A,H,-,A,D,0,,,,Y,Y,,-,"- ",0,0,1,0,0,0,0,0,0,"- ","- ",36.983840942382812,-121.93733215332031,"SANTA CRUZ",UNINCORPORATED,-121.93733215332031,36.983913421630859
92224758,2023,2023-10-31,9720,2023-10-18,1755,022044,,3,2,9,4400,0,2,4,,1,016,"GRAHAM HILL RD","E ZAYANTE RD.",0.00,,Y,A,-,N,,,,,,,,,,N,2,0,1,2,A,-,08,22107,,N,B,2,A,A,H,-,A,D,0,,,Y,,Y,,-,"- ",1,0,0,0,0,0,0,0,1,"- ","- ",37.049831390380859,-122.06588745117188,"SANTA CRUZ",UNINCORPORATED,-122.06584930419922,37.049797058105469
92225797,2023,2023-11-01,9720,2023-10-20,1440,023186,,5,2,9,4400,0,1,3,,1,035,SR-129,"BLACKBURN ST",377.00,E,N,A,-,Y,SCR,,129," "," ",0.592,H,,R,N,3,0,1,2,A,-,03,22350,,N,C,C,A,A,H,-,A,A,0,,,,,Y,,A,01,0,1,0,0,0,0,0,0,0,"- ","- ",36.912681579589844,-121.74491119384766,"SANTA CRUZ",UNINCORPORATED,-121.74489593505859,36.912647247314453
92226852,2023,2023-11-02,9720,2023-10-24,1005,023419,,2,1,9,4400,0,1,3,,2,020,"N/B SR-1","RIO DEL MAR BOULEVARD",3168.00,N,N,A,-,Y,SCR,,1," "," ",9.776,H,,R,Y,3,0,1,1,A,-,03,22350,,N,E,I,A,A,H,-,A,D,0,,,,,Y,,-,"- ",0,1,0,0,0,0,0,0,0,"- ","- ",36.974960327148438,-121.89759063720703,"SANTA CRUZ",UNINCORPORATED,-121.89759063720703,36.975002288818359
92226870,2023,2023-11-02,9720,2023-10-24,"902 ",022162,,2,1,9,4400,0,2,4,,1,032,"HOLOHAN RD","GREEN VALLEY RD",0.00,,Y,A,-,N,,,,,,,,,,Y,3,0,1,2,A,-,03,22350,,N,C,C,A,A,G,-,A,A,0,,,,,Y,,A,01,0,1,0,0,0,0,0,0,0,"- ","- ",36.9410400390625,-121.76921081542969,"SANTA CRUZ",UNINCORPORATED,-121.76947021484375,36.941059112548828
92226873,2023,2023-11-02,9720,2023-10-23,1420,021304,,1,2,9,4400,0,1,3,,2,030,"SR-1 S/B",SR-152,528.00,N,N,A,-,Y,SCR,,1," ",R,2.788,H,,L,N,4,0,1,2,A,-,07,21658,A,N,B,C,A,A,H,-,A,D,0,,,,Y,Y,,G,25,0,0,1,0,0,0,0,0,0,"- ","- ",36.9208984375,-121.79164886474609,"SANTA CRUZ",UNINCORPORATED,-121.79157257080078,36.920955657958984
92226881,2023,2023-11-02,9720,2023-10-23,1501,023447,,1,2,9,4400,0,1,3,,1,010,"SR-1 SB","DIMEO LANE",4460.00,S,N,A,-,Y,SCR,,1," "," ",23.566,H,,L,Y,3,0,1,1,A,-,01,23152,A,F,E,I,A,A,H,-,A,D,0,,,,,Y,Y,A,01,0,1,0,0,0,0,0,0,0,"- ","- ",36.969989776611328,-122.11866760253906,"SANTA CRUZ",UNINCORPORATED,-122.11864471435547,36.970054626464844
92226895,2023,2023-11-03,9720,2023-10-23,"815 ",015170,,1,1,9,4400,0,1,3,,1,015,SR-9,"PIKE RD",10.00,S,N,B,-,Y,SCR,,9," "," ",10.583,H,,R,Y,3,0,1,1,A,-,03,22350,,N,E,8,A,B,H,-,A,A,0,,,,,Y,,A,01,0,1,0,0,0,0,0,0,0,"- ","- ",37.099700927734375,-122.10096740722656,"SANTA CRUZ",UNINCORPORATED,-122.10092163085938,37.099746704101562
92226902,2023,2023-11-03,9720,2023-10-23,2156,022545,,1,2,9,4400,0,3,5,,2,100,"QUAIL HOLLOW RD","VISTA ROBLES CT",528.00,E,N,A,-,N,,,,,,,,,,N,3,0,1,1,A,-,01,23152,A,M,E,I,A,A,H,-,D,D,0,,,,,Y,,A,01,0,1,0,0,0,0,0,0,0,"- ","- ",37.085311889648438,-122.06549072265625,"SANTA CRUZ",UNINCORPORATED,-122.06695556640625,37.085865020751953
92227397,2023,2023-11-03,9720,2023-05-28,1935,023166,,7,2,9,4400,0,1,3,,1,035,SR-129,"MURPHY RD.",5280.00,E,N,A,-,Y,SCR,,129," "," ",5.747,H,,R,Y,1,1,0,2,A,-,09,21804,A,N,D,C,A,A,H,-,A,D,0,,,Y,,Y,Y,C,02,0,0,0,0,0,0,0,1,0,"- ","- ",36.914829254150391,-121.65888214111328,"SANTA CRUZ",UNINCORPORATED,-121.65886688232422,36.914882659912109