CASE_ID,ACCIDENT_YEAR,PROC_DATE,JURIS,COLLISION_DATE,COLLISION_TIME,OFFICER_ID,REPORTING_DISTRICT,DAY_OF_WEEK,CHP_SHIFT,POPULATION,CNTY_CITY_LOC,SPECIAL_COND,BEAT_TYPE,CHP_BEAT_TYPE,CITY_DIVISION_LAPD,CHP_BEAT_CLASS,BEAT_NUMBER,PRIMARY_RD,SECONDARY_RD,DISTANCE,DIRECTION,INTERSECTION,WEATHER_1,WEATHER_2,STATE_HWY_IND,CALTRANS_COUNTY,CALTRANS_DISTRICT,STATE_ROUTE,ROUTE_SUFFIX,POSTMILE_PREFIX,POSTMILE,LOCATION_TYPE,RAMP_INTERSECTION,SIDE_OF_HWY,TOW_AWAY,COLLISION_SEVERITY,NUMBER_KILLED,NUMBER_INJURED,PARTY_COUNT,PRIMARY_COLL_FACTOR,PCF_CODE_OF_VIOL,PCF_VIOL_CATEGORY,PCF_VIOLATION,PCF_VIOL_SUBSECTION,HIT_AND_RUN,TYPE_OF_COLLISION,MVIW,PED_ACTION,ROAD_SURFACE,ROAD_COND_1,ROAD_COND_2,LIGHTING,CONTROL_DEVICE,CHP_ROAD_TYPE,PEDESTRIAN_ACCIDENT,BICYCLE_ACCIDENT,MOTORCYCLE_ACCIDENT,TRUCK_ACCIDENT,NOT_PRIVATE_PROPERTY,ALCOHOL_INVOLVED,STWD_VEHTYPE_AT_FAULT,CHP_VEHTYPE_AT_FAULT,COUNT_SEVERE_INJ,COUNT_VISIBLE_INJ,COUNT_COMPLAINT_PAIN,COUNT_PED_KILLED,COUNT_PED_INJURED,COUNT_BICYCLIST_KILLED,COUNT_BICYCLIST_INJURED,COUNT_MC_KILLED,COUNT_MC_INJURED,PRIMARY_RAMP,SECONDARY_RAMP,LATITUDE,LONGITUDE,COUNTY,CITY,POINT_X,POINT_Y
92227695,2023,2023-11-03,9720,2023-10-25,"850 ",015699,,3,1,9,4400,0,1,3,,2,020,"STATE ROUTE 1 N/B","PARK AVE",1584.00,N,N,A,-,Y,,,,,,,,,,N,4,0,1,1,A,-,08,22107,,N,E,I,A,A,H,-,A,D,0,,,,,Y,,A,01,0,0,1,0,0,0,0,0,0,"- ","- ",36.983589172363281,-121.94200897216797,"SANTA CRUZ",UNINCORPORATED,-121.94200897216797,36.984088897705078
92227921,2023,2023-11-03,9720,2023-10-22,1642,023214,,7,2,9,4400,0,3,5,,2,300,"BUENA VISTA DR.","LARKIN VALLEY RD.",1584.00,E,N,C,-,N,,,,,,,,,,Y,2,0,1,1,A,-,03,22350,,N,E,I,A,B,H,-,A,D,0,,,,,Y,,A,01,1,0,0,0,0,0,0,0,0,"- ","- ",36.939628601074219,-121.80330657958984,"SANTA CRUZ",UNINCORPORATED,-121.80340576171875,36.939296722412109
92228380,2023,2023-11-06,9720,2023-10-29,1735,022140,,7,2,9,4400,0,3,5,,2,100,"EMPIRE GRADE","CAVE GULCH RD",3168.00,S,N,A,-,N,,,,,,,,,,Y,2,0,1,1,A,-,08,22107,,N,F,A,A,A,H,-,A,D,0,,,Y,,Y,,C,02,1,0,0,0,0,0,0,0,1,"- ","- ",37.00115966796875,-122.06977844238281,"SANTA CRUZ",UNINCORPORATED,-122.06941223144531,37.000541687011719
92228709,2023,2023-11-06,9720,2023-10-21,2330,022907,,6,3,9,4400,0,3,5,,2,200,"PORTER GULCH RD","SOQUEL DR",1584.00,E,N,A,-,N,,,,,,,,,,N,2,0,1,1,A,-,01,23152,A,M,F,A,A,B,H,-,D,D,0,,,Y,,Y,Y,C,02,1,0,0,0,0,0,0,0,1,"- ","- ",36.993721008300781,-121.92421722412109,"SANTA CRUZ",UNINCORPORATED,-121.92520904541016,36.992610931396484
92228869,2023,2024-01-10,9720,2023-10-31,1215,022963,,2,1,9,4400,0,1,3,,1,013,"SR-35 (SUMMIT RD)","BAYVIEW DR",403.00,S,N,A,-,Y,SCR,,35," "," ",1.134,H,,R,Y,1,1,0,1,A,-,03,22350,,N,E,I,A,A,H,-,A,D,0,,,,,Y,,A,01,0,0,0,0,0,0,0,0,0,"- ","- ",37.151420593261719,-121.99588775634766,"SANTA CRUZ",UNINCORPORATED,-121.9959716796875,37.151378631591797
92229485,2023,2023-11-06,9720,2023-10-25,1646,015170,,3,2,9,4400,0,1,3,,1,015,SR-9,"GRAHAM HILL RD",200.00,N,N,B,-,Y,SCR,,9," "," ",6.552,H,,R,Y,3,0,1,2,A,-,05,21460,A,N,B,C,A,A,H,-,A,D,0,,,Y,,Y,,C,02,0,1,0,0,0,0,0,0,1,"- ","- ",37.054290771484375,-122.07392883300781,"SANTA CRUZ",UNINCORPORATED,-122.07395935058594,37.054275512695312
92230539,2023,2023-11-07,9720,2023-10-26,1333,022162,,4,1,9,4400,0,1,3,,1,035,"SR-129 W/B","OLD CHITTENDEN RD",285.00,W,N,A,-,N,,,,,,,,,,N,4,0,1,2,A,-,21,22106,,F,H,C,A,A,D,-,A,A,0,,,,Y,Y,,G,25,0,0,1,0,0,0,0,0,0,"- ","- ",36.901279449462891,-121.59880828857422,"SANTA CRUZ",UNINCORPORATED,-121.59889221191406,36.901111602783203
92230945,2023,2023-11-08,9720,2023-10-24,2500,023419,,2,4,9,4400,0,2,4,,1,021,"SOQUEL DR","APTOS HILL LN",40.00,E,N,B,-,N,,,,,,,,,,N,2,0,1,1,A,-,08,22107,,N,C,A,A,A,A,-,A,D,0,,Y,,,Y,,-,"- ",1,0,0,0,0,0,1,0,0,"- ","- ",36.983131408691406,-121.912353515625,"SANTA CRUZ",UNINCORPORATED,-121.91243743896484,36.983051300048828
92231134,2023,2023-11-08,9720,2023-10-29,2327,023245,,7,3,9,4400,0,3,5,,2,300,"BUENA VISTA DR","SAN ANDREAS RD",1003.00,E,N,A,-,N,,,,,,,,,,Y,3,0,2,1,A,-,01,23152,A,N,E,I,A,A,H,-,D,D,0,,,,,Y,Y,A,07,0,2,0,0,0,0,0,0,0,"- ","- ",36.918430328369141,-121.83125305175781,"SANTA CRUZ",UNINCORPORATED,-121.831787109375,36.918376922607422
92231182,2023,2023-11-08,9720,2023-10-31,"44  ",023245,,2,3,9,4400,0,1,3,,2,020,"SR-1 N/B","41ST AVENUE",1320.00,S,N,A,-,Y,SCR,,1," "," ",13.349,H,,R,Y,3,0,1,1,A,-,01,23152,A,M,E,I,A,A,H,-,C,D,0,,,,,Y,Y,A,01,0,1,0,0,0,0,0,0,0,"- ","- ",36.982990264892578,-121.95961761474609,"SANTA CRUZ",UNINCORPORATED,-121.95962524414062,36.983024597167969
92232529,2023,2023-11-09,9720,2023-10-29,1119,023331,,7,1,9,4400,0,3,5,,2,200,"STATE PARK DRIVE","OLD DOMINION CT",375.00,W,N,A,-,N,,,,,,,,,,N,3,0,1,2,A,-,08,22107,,N,B,C,A,A,H,-,A,A,0,,,,,Y,,M,94,0,1,0,0,0,0,0,0,0,"- ","- ",36.978641510009766,-121.90982055664062,"SANTA CRUZ",UNINCORPORATED,-121.90974426269531,36.978660583496094
92234463,2023,2024-02-15,9720,2023-10-18,"625 ",023331,,3,1,9,4400,0,1,3,,2,030,"SR-1 N/B","BUENA VISTA DR",5280.00,N,N,A,-,Y,SCR,,1," ",R,5.109,H,,R,N,4,0,1,2,A,-,03,22350,,F,C,C,A,A,H,-,D,D,0,,,,,Y,,A,01,0,0,1,0,0,0,0,0,0,"- ","- ",36.936981201171875,-121.82782745361328,"SANTA CRUZ",UNINCORPORATED,-121.82780456542969,36.937030792236328
92234852,2023,2023-11-14,9720,2023-11-02,1200,023166,,4,1,9,4400,0,3,5,,2,200,"SOQUEL AVE","17TH AVE",157.00,E,N,A,-,N,,,,,,,,,,Y,3,0,1,1,A,-,08,22107,,N,E,I,A,A,D,-,A,A,0,,,,,Y,,A,01,0,1,0,0,0,0,0,0,0,"- ","- ",36.985538482666016,-121.98110198974609,"SANTA CRUZ",UNINCORPORATED,-121.98114776611328,36.985527038574219
92236782,2023,2023-11-15,9720,2023-10-06,1620,023186,,5,2,9,4400,0,3,5,,2,300,"PAULSEN ROAD","LAPIS DRIVE",380.00,S,N,A,-,N,,,,,,,,,,Y,3,0,1,2,A,-,09,21804,A,N,C,C,A,A,H,-,A,D,0,,,,,Y,Y,D,22,0,1,0,0,0,0,0,0,0,"- ","- ",36.955379486083984,-121.75203704833984,"SANTA CRUZ",UNINCORPORATED,-121.76046752929688,36.955619812011719
92237044,2022,2023-11-15,9720,2022-12-17,0149,019100,,6,3,5,4402,0,2,S,,2,901,"WATER STREET","NORTH BRANCIFORTE AVENUE",160.00,W,N,A,-,N,,,,,,,,,,Y,1,1,0,1,A,-,01,23152,G,N,F,A,A,A,H,-,C,A,0,,,Y,,Y,Y,C,02,0,0,0,0,0,0,0,1,0,"- ","- ",36.981418609619141,-122.01487731933594,"SANTA CRUZ","SANTA CRUZ",-122.01457977294922,36.981372833251953
92237310,2023,2023-11-15,9720,2023-11-05,2300,022901,,7,3,9,4400,0,1,3,,1,017,"SR-17 S/B","MOUNT HERMON ROAD",4171.00,S,N,C,-,Y,SCR,,17," "," ",2.580,H,,L,Y,3,0,1,1,A,-,03,22350,,N,E,I,A,B,H,-,D,D,0,,,,,Y,,A,01,0,1,0,0,0,0,0,0,0,"- ","- ",37.024650573730469,-122.02713012695312,"SANTA CRUZ",UNINCORPORATED,-122.02696228027344,37.024627685546875
92237909,2023,2023-11-16,9720,2023-11-06,1910,023166,,1,2,9,4400,0,1,3,,1,017,SR-17,"LA MADRONA DR",2112.00,N,N,B,-,Y,SCR,,17," "," ",2.551,H,,R,Y,4,0,1,1,A,-,08,22107,,N,E,8,A,B,H,-,D,D,0,,,,,Y,,A,01,0,0,1,0,0,0,0,0,0,"- ","- ",37.024188995361328,-122.02693176269531,"SANTA CRUZ",UNINCORPORATED,-122.02684020996094,37.024188995361328
92237925,2023,2023-11-16,9720,2023-11-08,1835,022293,,3,2,9,4400,0,2,4,,1,023,"17TH AVENUE","CAPITOLA ROAD",40.00,N,N,A,-,N,,,,,,,,,,N,3,0,1,2,A,-,03,22350,,N,C,C,A,A,H,-,C,A,0,,,Y,,Y,,A,01,0,1,0,0,0,0,0,0,1,"- ","- ",36.976051330566406,-121.98300933837891,"SANTA CRUZ",UNINCORPORATED,-121.98298645019531,36.975948333740234
92237950,2023,2023-11-16,9720,2023-11-09,"938 ",021211,,4,1,9,4400,0,1,3,,2,020,"SR-1 N/B","RIO DEL MAR BLVD.",3696.00,N,N,A,-,Y,SCR,,1," "," ",9.850,H,,R,Y,3,0,1,2,A,-,03,22350,,N,C,C,A,A,H,-,A,D,0,,,,,Y,,A,01,0,1,0,0,0,0,0,0,0,"- ","- ",36.974910736083984,-121.89893341064453,"SANTA CRUZ",UNINCORPORATED,-121.89893341064453,36.974925994873047
9223846,2021,2021-03-19,4401,2021-01-18,1050,5215,4401,1,5,3,4401,0,0,0,,0,,"CAPITOLA RD","45TH AV",0.00,,Y,A,-,N,,,,,,,,,,N,4,0,1,2,A,-,10,21950,A,N,G,B,-,A,H,-,A,A,0,Y,,,,Y,,A,01,0,0,1,0,1,0,0,0,0,"- ","- ",,,"SANTA CRUZ",CAPITOLA,-121.95980834960938,36.973720550537109
92239457,2023,2023-11-17,9720,2023-11-03,"23  ",023316,,5,3,5,4402,0,3,5,,2,100,"EAST ZAYANTE RD","WEST ZAYANTE RD",2640.00,N,N,B,-,N,,,,,,,,,,Y,2,0,1,1,A,-,08,22107,,N,E,I,A,A,H,-,D,D,0,,,,,Y,,A,01,1,0,0,0,0,0,0,0,0,"- ","- ",37.067939758300781,-122.05722808837891,"SANTA CRUZ","SANTA CRUZ",-122.05722045898438,37.065658569335938
92240641,2023,2023-11-20,9720,2023-11-10,1626,023103,,5,2,9,4400,0,1,3,,1,012,SR-236,"OLD BASIN RD",100.00,N,N,A,-,Y,SCR,,236," "," ",6.430,H,,R,N,2,0,2,1,C,-,18,,,N,H,H,A,A,H,-,A,D,0,,,Y,,Y,,-,"- ",1,1,0,0,0,0,0,0,2,"- ","- ",37.166458129882812,-122.18765258789062,"SANTA CRUZ",UNINCORPORATED,-122.18764495849609,37.166454315185547
92240651,2023,2023-11-20,9720,2023-11-10,2326,023245,,5,3,9,4400,0,1,3,,2,030,"SR-1 S/B","BUENA VISTA DR",4330.00,N,N,A,-,Y,SCR,,1," ",R,4.932,H,,L,Y,4,0,2,1,A,-,08,22107,,N,E,I,A,A,H,-,D,D,0,,,,,Y,Y,A,07,0,0,2,0,0,0,0,0,0,"- ","- ",36.935638427734375,-121.82523345947266,"SANTA CRUZ",UNINCORPORATED,-121.82518768310547,36.935733795166016
92240740,2023,2023-11-20,9720,2023-11-14,1455,023245,,2,2,9,4400,0,2,4,,1,023,"7TH AVE","RODRIGUEZ ST",0.00,,Y,A,-,N,,,,,,,,,,Y,3,0,2,2,A,-,12,22450,A,N,D,2,A,A,H,-,A,A,0,,,,,Y,,A,07,0,2,0,0,0,0,0,0,0,"- ","- ",36.981521606445312,-121.98964691162109,"SANTA CRUZ",UNINCORPORATED,-121.98966217041016,36.981513977050781
92241848,2023,2023-11-21,9720,2023-11-14,1345,023345,,2,1,9,4400,0,3,5,,2,200,"EATON ST","6TH AVE",5.00,S,N,A,-,N,,,,,,,,,,Y,3,0,2,2,A,-,09,21802,A,N,D,C,A,A,H,-,A,D,0,,,,,Y,,A,01,0,2,0,0,0,0,0,0,0,"- ","- ",36.967811584472656,-121.99912261962891,"SANTA CRUZ",UNINCORPORATED,-121.99904632568359,36.967739105224609
92241879,2023,2023-11-21,9720,2023-11-08,1538,021304,,3,2,9,4400,0,3,5,,2,300,"MOUNT MADONNA RD","HAZEL DELL RD",5280.00,N,N,A,-,N,,,,,,,,,,N,4,0,2,2,A,-,17,21662,A,N,A,C,A,A,H,-,A,D,0,,,,,Y,,A,08,0,0,2,0,0,0,0,0,0,"- ","- ",37.001209259033203,-121.7315673828125,"SANTA CRUZ",UNINCORPORATED,-121.73119354248047,36.999515533447266
92241903,2023,2023-11-21,9720,2023-11-04,1755,023103,,6,2,9,4400,0,3,5,,2,200,"SEASCAPE BLVD","SUMNER AVE",250.00,E,N,A,-,N,,,,,,,,,,N,3,0,1,1,A,-,08,22107,,N,E,I,A,A,H,-,A,D,0,,,,,Y,,D,22,0,1,0,0,0,0,0,0,0,"- ","- ",36.952251434326172,-121.87642669677734,"SANTA CRUZ",UNINCORPORATED,-121.87648773193359,36.952198028564453
92242196,2023,2023-11-21,9720,2023-11-14,2218,023447,,2,3,9,4400,0,1,3,,2,020,"SR-1 S/B","PARK AVE",200.00,N,N,B,-,Y,SCR,,1," "," ",12.144,H,,L,Y,3,0,1,2,A,-,03,22350,,N,C,C,A,A,H,-,D,D,0,,,,,Y,,A,01,0,1,0,0,0,0,0,0,0,"- ","- ",36.983890533447266,-121.9378662109375,"SANTA CRUZ",UNINCORPORATED,-121.9378662109375,36.983917236328125
92245025,2023,2023-11-27,9720,2023-11-16,"553 ",022400,,4,3,9,4400,0,1,3,,2,020,"S/B SR-1","STATE PARK DRIVE",200.00,S,N,C,-,Y,,,,,,,,,,Y,3,0,1,1,A,-,03,22350,,N,E,I,A,B,H,-,B,D,0,,,,,Y,,A,08,0,1,0,0,0,0,0,0,0,"- ","- ",36.978340148925781,-121.9119873046875,"SANTA CRUZ",UNINCORPORATED,-121.91182708740234,36.978645324707031
92245046,2023,2023-11-27,9720,2023-11-19,"930 ",022400,,7,1,9,4400,0,2,4,,1,021,"SOQUEL DR","RIO DEL MAR BLVD",1584.00,W,N,A,-,N,,,,,,,,,,N,3,0,1,2,A,-,08,22107,,N,H,G,A,A,H,-,A,D,0,,Y,,,Y,,A,01,0,1,0,0,0,0,1,0,0,"- ","- ",36.975639343261719,-121.89190673828125,"SANTA CRUZ",UNINCORPORATED,-121.88994598388672,36.975669860839844
92245232,2023,2023-11-27,9720,2023-11-12,1201,023331,,7,1,9,4400,0,1,3,,1,014,SR-9,"MCGAFFIGAN MILL RD",1320.00,N,N,A,-,Y,SCR,,9," "," ",18.774,H,,R,N,2,0,1,2,A,-,03,22350,,N,B,C,A,A,H,-,A,D,0,,,Y,,Y,,C,02,1,0,0,0,0,0,0,0,1,"- ","- ",37.200969696044922,-122.14694213867188,"SANTA CRUZ",UNINCORPORATED,-122.14690399169922,37.200962066650391
92246544,2023,2023-11-28,9720,2023-11-12,1439,023331,,7,2,9,4400,0,1,3,,1,012,SR-236,SR-9,10560.00,S,N,A,-,Y,SCR,,236," "," ",15.116,H,,R,Y,4,0,1,2,A,-,17,21662,A,N,A,C,A,A,H,-,A,D,0,,,,,Y,,A,07,0,0,1,0,0,0,0,0,0,"- ","- ",37.192790985107422,-122.17481994628906,"SANTA CRUZ",UNINCORPORATED,-122.17485809326172,37.192733764648438
92246584,2023,2023-11-28,9720,2023-11-17,2020,023387,,5,2,9,4400,0,3,5,,2,100,"CALIFORNIA DR","MIDDLE RD",200.00,N,N,C,-,N,,,,,,,,,,N,3,0,1,1,A,-,08,22107,,N,E,I,A,B,H,-,D,D,0,,,,,Y,,A,01,0,1,0,0,0,0,0,0,0,"- ","- ",37.096050262451172,-122.09668731689453,"SANTA CRUZ",UNINCORPORATED,-122.09662628173828,37.095909118652344
92246817,2023,2023-11-28,9720,2023-11-18,2049,023245,,6,2,9,4400,0,1,3,,1,017,"SR-17 S/B","GLENWOOD CUTOFF",3168.00,N,N,C,-,Y,SCR,,17," "," ",9.710,H,,L,Y,3,0,1,1,A,-,08,22107,,N,E,I,A,B,H,-,D,D,0,,,,,Y,,A,01,0,1,0,0,0,0,0,0,0,"- ","- ",37.107448577880859,-121.97712707519531,"SANTA CRUZ",UNINCORPORATED,-121.97709655761719,37.107463836669922
92247156,2023,2023-11-28,9720,2023-11-21,1530,021304,,2,2,9,4400,0,1,3,,2,030,"SR-1 S/B TO SAN ANDREAS RD","LARKIN VALLEY RD",10.00,N,N,A,-,Y,,,,,,,,,,N,4,0,2,2,A,-,03,22350,,N,C,C,A,A,H,-,A,A,0,,,,,Y,,A,07,0,0,2,0,0,0,0,0,0,"- ","- ",36.960201263427734,-121.86305999755859,"SANTA CRUZ",UNINCORPORATED,-121.86305999755859,36.960201263427734
92248144,2023,2023-11-29,9720,2023-11-20,1057,021211,,1,1,9,4400,0,1,3,,2,020,"SR-1 N/B","STATE PARK DR.",400.00,N,N,A,-,Y,SCR,,1," "," ",10.600,H,,R,Y,3,0,2,3,A,-,03,22350,,N,C,C,A,A,H,-,A,A,0,,,,,Y,,D,22,0,1,1,0,0,0,0,0,0,"- ","- ",36.978549957275391,-121.91133880615234,"SANTA CRUZ",UNINCORPORATED,-121.91131591796875,36.978580474853516
92248307,2023,2023-11-29,9720,2023-11-19,2100,022907,,7,2,9,4400,0,3,5,,2,200,"MAIN STREET","SEVILLA DR",88.00,S,N,A,-,N,,,,,,,,,,N,3,0,1,1,C,-,18,,,N,F,A,A,A,A,-,C,D,0,,,Y,,Y,,-,"- ",0,1,0,0,0,0,0,0,1,"- ","- ",36.99462890625,-121.95433807373047,"SANTA CRUZ",UNINCORPORATED,-121.95431518554688,36.994705200195312
92248341,2023,2023-11-29,9720,2023-11-22,1440,023447,,3,2,9,4400,0,2,4,,1,021,"SOQUEL DR","STANLEY AVE",150.00,W,N,A,-,N,,,,,,,,,,Y,4,0,1,3,A,-,03,22350,,N,C,C,A,A,H,-,A,D,0,,,,,Y,,A,01,0,0,1,0,0,0,0,0,0,"- ","- ",36.988010406494141,-121.97399139404297,"SANTA CRUZ",UNINCORPORATED,-121.97386932373047,36.988067626953125
92248360,2023,2023-11-30,9720,2023-10-24,1215,015170,,2,1,9,4400,0,1,3,,1,014,SR-9,"CRESTA DR",0.00,,Y,B,-,Y,SCR,,9," "," ",14.119,H,,R,Y,2,0,1,2,A,-,03,22350,,N,B,C,A,A,H,-,A,A,0,,,Y,,Y,,C,02,1,0,0,0,0,0,0,0,1,"- ","- ",37.138401031494141,-122.12935638427734,"SANTA CRUZ",UNINCORPORATED,-122.12938690185547,37.138385772705078
92249035,2023,2023-11-30,9720,2023-11-21,1350,021304,,2,1,9,4400,0,1,3,,1,034,SR-152,"RED HAWK CANYON RD",5280.00,W,N,A,-,Y,SCR,,152," "," ",4.894,H,,R,Y,4,0,1,2,A,-,03,22350,,N,C,C,A,A,H,-,A,D,0,,,,,Y,,A,01,0,0,1,0,0,0,0,0,0,"- ","- ",36.970218658447266,-121.72061920166016,"SANTA CRUZ",UNINCORPORATED,-121.72062683105469,36.970218658447266
92249679,2023,2023-12-01,9720,2023-11-13,1515,023322,,1,2,9,4400,0,3,5,,2,200,"ONEIL LN","SOQUEL SAN JOSE RD.",280.00,W,N,A,-,N,,,,,,,,,,N,3,0,1,2,A,-,09,21804,A,N,H,G,A,A,H,-,A,D,0,,Y,,,Y,,A,01,0,1,0,0,0,0,1,0,0,"- ","- ",36.992538452148438,-121.95825958251953,"SANTA CRUZ",UNINCORPORATED,-121.95723724365234,36.992809295654297
92250234,2023,2023-12-01,9720,2023-11-27,1150,023447,,1,1,9,4400,0,1,3,,1,035,SR-129,"THOMPSON RD",0.00,,Y,A,-,Y,SCR,,129," "," ",2.619,H,,R,Y,3,0,1,2,A,-,03,22350,,F,C,C,A,A,H,-,A,D,0,,,,,Y,,-,99,0,1,0,0,0,0,0,0,0,"- ","- ",36.921951293945312,-121.71051788330078,"SANTA CRUZ",UNINCORPORATED,-121.71051788330078,36.921951293945312
92250236,2023,2023-12-01,9720,2023-11-24,1618,021833,,5,2,9,4400,0,1,3,,1,034,"SR-152 JEO FALLOWFIELD LN","FALLOWFIELD LN.",215.00,E,N,A,-,Y,SCR,,152," "," ",4.183,H,,R,Y,3,0,1,1,A,-,01,23152,A,N,E,I,A,A,H,-,A,D,0,,,,,Y,Y,A,07,0,1,0,0,0,0,0,0,0,"- ","- ",36.961601257324219,-121.72223663330078,"SANTA CRUZ",UNINCORPORATED,-121.72214508056641,36.961605072021484
92251998,2023,2023-12-04,9720,2023-11-04,"210 ",023387,,6,3,9,4400,0,2,4,,1,024,"PORTOLA DR","19TH AVE",0.00,,Y,A,-,N,,,,,,,,,,N,4,0,1,1,A,-,03,22350,,M,E,9,A,A,D,-,C,A,0,,,,,Y,,A,01,0,0,1,0,0,0,0,0,0,"- ","- ",36.962600708007812,-121.98665618896484,"SANTA CRUZ",UNINCORPORATED,-121.986572265625,36.962577819824219
92254549,2023,2023-12-06,9720,2023-11-23,1731,023387,,4,2,9,4400,0,3,5,,2,200,"TROUT GULCH RD","OSPREY LN",223.00,N,N,A,-,N,,,,,,,,,,N,3,0,1,2,A,-,01,23152,A,N,A,C,A,A,H,-,D,D,0,,,,,Y,Y,A,01,0,1,0,0,0,0,0,0,0,"- ","- ",36.979011535644531,-121.89573669433594,"SANTA CRUZ",UNINCORPORATED,-121.89726257324219,36.979270935058594
92254998,2023,2023-12-07,9720,2023-11-29,1500,023502,,3,2,9,4400,0,2,4,,1,021,"SOQUEL DR","COMMERCIAL CROSSING",115.00,E,N,A,-,N,,,,,,,,,,N,3,0,2,3,A,-,03,22350,,N,C,C,A,A,H,-,A,A,0,,,,,Y,,A,08,0,1,1,0,0,0,0,0,0,"- ","- ",36.988838195800781,-121.98261260986328,"SANTA CRUZ",UNINCORPORATED,-121.98255920410156,36.988788604736328
92256518,2023,2023-12-07,9720,2023-11-23,1625,021304,,4,2,9,4400,0,3,5,,2,300,"BUENA VISTA DR","SAN ANDREAS RD",1584.00,E,N,A,-,N,,,,,,,,,,Y,3,0,1,2,A,-,05,21460,A,N,D,C,A,A,H,-,A,D,0,,,,,Y,Y,A,01,0,1,0,0,0,0,0,0,0,"- ","- ",36.918369293212891,-121.83206939697266,"SANTA CRUZ",UNINCORPORATED,-121.82981109619141,36.918220520019531
92256685,2023,2023-12-08,9720,2023-11-27,2306,023419,,1,3,9,4400,0,3,5,,2,300,"CASSERLY RD","SMITH RD",12.00,W,N,A,-,N,,,,,,,,,,Y,4,0,1,1,A,-,03,22350,,N,E,8,A,A,H,-,D,D,0,,,,,Y,,J,48,0,0,1,0,0,0,0,0,0,"- ","- ",36.975620269775391,-121.75093078613281,"SANTA CRUZ",UNINCORPORATED,-121.75078582763672,36.975643157958984
92256734,2023,2023-12-08,9720,2023-11-08,"920 ",023419,,3,1,9,4400,0,1,3,,2,020,"SR-1 N/B","STATE PARK DR.",3696.00,S,N,A,-,Y,SCR,,1," "," ",9.796,H,,R,Y,3,0,1,4,A,-,03,22350,,N,C,C,A,A,H,-,A,D,0,,,,,Y,,D,22,0,1,0,0,0,0,0,0,0,"- ","- ",36.974960327148438,-121.89797210693359,"SANTA CRUZ",UNINCORPORATED,-121.89797210693359,36.974979400634766
92256735,2023,2023-12-08,9720,2023-11-14,1602,023419,,2,2,9,4400,0,1,3,,2,020,"SR-1 N/B","STATE PARK DRIVE",2640.00,S,N,A,-,Y,SCR,,1," "," ",9.984,H,,R,Y,3,0,1,1,A,-,08,22107,,N,E,I,A,A,C,-,A,D,0,,,,,Y,,-,"- ",0,1,0,0,0,0,0,0,0,"- ","- ",36.975120544433594,-121.90129089355469,"SANTA CRUZ",UNINCORPORATED,-121.90129852294922,36.975078582763672
92256969,2023,2023-12-08,9720,2023-11-23,1007,023419,,4,1,9,4400,0,1,3,,2,020,"SR-1 S/B","RIO DEL MAR BOULEVARD",391.00,N,N,A,-,Y,SCR,,1," "," ",9.235,H,,L,N,3,0,1,2,A,-,07,21658,A,N,B,C,A,A,H,-,A,D,0,,,,,Y,,A,01,0,1,0,0,0,0,0,0,0,"- ","- ",36.975250244140625,-121.88787078857422,"SANTA CRUZ",UNINCORPORATED,-121.88787078857422,36.975254058837891
92257129,2023,2023-12-08,9720,2023-11-09,1845,022901,,4,2,9,4400,0,1,3,,2,020,"SR-1 S/B","PARK AVENUE",250.00,N,N,A,-,Y,SCR,,1," "," ",12.298,H,,L,Y,3,0,2,2,A,-,03,22350,,N,C,C,A,A,H,-,C,D,0,,,,,Y,,D,22,0,1,1,0,0,0,0,0,0,"- ","- ",36.983921051025391,-121.94065856933594,"SANTA CRUZ",UNINCORPORATED,-121.94065856933594,36.983928680419922
92258560,2023,2023-12-11,9720,2023-11-30,"952 ",023573,,4,1,9,4400,0,2,4,,1,021,"SOQUEL DRIVE","STATE PARK DRIVE",150.00,E,N,A,-,N,,,,,,,,,,N,3,0,2,2,A,-,09,21804,A,N,D,C,A,A,H,-,A,D,0,,,,,Y,,A,01,0,2,0,0,0,0,0,0,0,"- ","- ",36.979450225830078,-121.90812683105469,"SANTA CRUZ",UNINCORPORATED,-121.90814971923828,36.979522705078125
92258603,2023,2023-12-11,9720,2023-11-30,2100,023387,,4,2,5,4402,0,2,S,,2,901,"CHESTNUT ST","LAUREL ST",74.00,N,N,A,-,N,,,,,,,,,,N,3,0,1,2,A,-,01,23152,A,N,D,C,A,A,H,-,C,D,0,,,,,Y,Y,A,01,0,1,0,0,0,0,0,0,0,"- ","- ",36.968978881835938,-122.02950286865234,"SANTA CRUZ","SANTA CRUZ",-122.02941131591797,36.968906402587891
92258625,2023,2023-12-11,9720,2023-12-01,1030,023103,,5,1,9,4400,0,1,3,,1,035,SR-129,"LAKEVIEW RD",0.00,,Y,A,-,Y,SCR,,129," "," ",1.420,H,,R,N,4,0,1,2,A,-,17,21461,A,N,B,C,A,A,H,-,A,D,0,,,,Y,Y,,G,27,0,0,1,0,0,0,0,0,0,"- ","- ",36.917011260986328,-121.73136138916016,"SANTA CRUZ",UNINCORPORATED,-121.73133087158203,36.916900634765625