CASE_ID,ACCIDENT_YEAR,PROC_DATE,JURIS,COLLISION_DATE,COLLISION_TIME,OFFICER_ID,REPORTING_DISTRICT,DAY_OF_WEEK,CHP_SHIFT,POPULATION,CNTY_CITY_LOC,SPECIAL_COND,BEAT_TYPE,CHP_BEAT_TYPE,CITY_DIVISION_LAPD,CHP_BEAT_CLASS,BEAT_NUMBER,PRIMARY_RD,SECONDARY_RD,DISTANCE,DIRECTION,INTERSECTION,WEATHER_1,WEATHER_2,STATE_HWY_IND,CALTRANS_COUNTY,CALTRANS_DISTRICT,STATE_ROUTE,ROUTE_SUFFIX,POSTMILE_PREFIX,POSTMILE,LOCATION_TYPE,RAMP_INTERSECTION,SIDE_OF_HWY,TOW_AWAY,COLLISION_SEVERITY,NUMBER_KILLED,NUMBER_INJURED,PARTY_COUNT,PRIMARY_COLL_FACTOR,PCF_CODE_OF_VIOL,PCF_VIOL_CATEGORY,PCF_VIOLATION,PCF_VIOL_SUBSECTION,HIT_AND_RUN,TYPE_OF_COLLISION,MVIW,PED_ACTION,ROAD_SURFACE,ROAD_COND_1,ROAD_COND_2,LIGHTING,CONTROL_DEVICE,CHP_ROAD_TYPE,PEDESTRIAN_ACCIDENT,BICYCLE_ACCIDENT,MOTORCYCLE_ACCIDENT,TRUCK_ACCIDENT,NOT_PRIVATE_PROPERTY,ALCOHOL_INVOLVED,STWD_VEHTYPE_AT_FAULT,CHP_VEHTYPE_AT_FAULT,COUNT_SEVERE_INJ,COUNT_VISIBLE_INJ,COUNT_COMPLAINT_PAIN,COUNT_PED_KILLED,COUNT_PED_INJURED,COUNT_BICYCLIST_KILLED,COUNT_BICYCLIST_INJURED,COUNT_MC_KILLED,COUNT_MC_INJURED,PRIMARY_RAMP,SECONDARY_RAMP,LATITUDE,LONGITUDE,COUNTY,CITY,POINT_X,POINT_Y
92258712,2023,2023-12-11,9720,2023-11-18,"100 ",022976,,6,3,9,4400,0,3,5,,2,300,"EUREKA CANYON ROAD","OLD EVANS ROAD",158.00,N,N,C,-,N,,,,,,,,,,Y,3,0,1,1,A,-,01,23152,,N,E,I,A,B,H,-,D,D,0,,,,,Y,Y,A,01,0,1,0,0,0,0,0,0,0,"- ","- ",37.027931213378906,-121.82066345214844,"SANTA CRUZ",UNINCORPORATED,-121.82063293457031,37.024257659912109
92258829,2023,2023-12-11,9720,2023-09-18,1550,023186,,1,2,9,4400,0,1,S,,2,904,SR-1,"MOSS LANDING RD",305.00,N,N,A,-,Y,MON,,1," "," ",95.862,H,,R,Y,2,0,1,2,A,-,03,22350,,N,C,C,A,A,H,-,A,D,0,,,,,Y,,A,01,1,0,0,0,0,0,0,0,0,"- ","- ",36.800689697265625,-121.78334808349609,"SANTA CRUZ",UNINCORPORATED,-121.78337097167969,36.800685882568359
92259049,2023,2023-12-11,9720,2023-12-02,1611,023103,,6,2,9,4400,0,2,4,,1,021,"SOQUEL R","HEATHER TERRACE",0.00,,Y,A,-,N,,,,,,,,,,N,4,0,1,2,A,-,08,22107,,N,H,G,A,A,H,-,A,D,0,,Y,,,Y,,D,22,0,0,1,0,0,0,1,0,0,"- ","- ",36.983070373535156,-121.91269683837891,"SANTA CRUZ",UNINCORPORATED,-121.91255187988281,36.983104705810547
92259087,2023,2023-12-11,9720,2023-11-30,1227,023573,,4,1,9,4400,0,3,5,,2,200,"STATE PARK DRIVE","OLD DOMINION COURT",80.00,S,N,A,-,N,,,,,,,,,,N,3,0,1,2,A,-,03,22350,,N,C,C,A,A,H,-,A,A,0,,,,,Y,,D,22,0,1,0,0,0,0,0,0,0,"- ","- ",36.979240417480469,-121.90927886962891,"SANTA CRUZ",UNINCORPORATED,-121.90914916992188,36.979316711425781
92259685,2023,2023-12-12,9720,2023-11-30,1120,023316,,4,1,9,4400,0,3,5,,2,100,"EMPIRE GRADE RD","BONNYWOOD WAY",1000.00,S,N,A,-,N,,,,,,,,,,Y,4,0,1,1,A,-,03,22350,,N,F,A,A,A,H,-,A,D,0,,,Y,,Y,,C,02,0,0,1,0,0,0,0,0,1,"- ","- ",37.03887939453125,-122.10768890380859,"SANTA CRUZ",UNINCORPORATED,-122.10697174072266,37.039409637451172
92259927,2023,2023-12-12,9720,2023-12-01,"605 ",023316,,5,1,9,4400,0,1,3,,1,015,SR-9,"SAN LORENZO WAY",71.00,N,N,A,-,Y,SCR,,9," "," ",6.844,H,,R,Y,3,0,1,2,A,-,08,22107,,N,A,8,A,A,H,-,D,D,0,,,,,Y,,A,07,0,1,0,0,0,0,0,0,0,"- ","- ",37.05780029296875,-122.07655334472656,"SANTA CRUZ",UNINCORPORATED,-122.07659912109375,37.057758331298828
92260971,2023,2023-12-13,9720,2023-12-04,1112,023502,,1,1,9,4400,0,2,4,,1,023,"17TH AVE W OF KINSLEY","KINSLEY STREET",160.00,S,N,A,-,N,,,,,,,,,,N,3,0,1,2,A,-,08,22107,,N,H,G,A,A,H,-,A,D,0,,Y,,,Y,,L,04,0,1,0,0,0,0,1,0,0,"- ","- ",36.969379425048828,-121.98497772216797,"SANTA CRUZ",UNINCORPORATED,-121.98500061035156,36.969432830810547
92261424,2023,2023-12-13,9720,2023-12-02,1511,021833,,6,2,9,4400,0,1,3,,2,020,"S/B SR-1 JSO RIO DEL MAR BLVD","RIO DEL MAR BLVD",528.00,N,N,A,-,Y,SCR,,1," "," ",9.870,H,,R,Y,3,0,1,1,A,-,01,23152,A,N,E,I,A,A,H,-,A,D,0,,,,,Y,Y,D,22,0,1,0,0,0,0,0,0,0,"- ","- ",36.974769592285156,-121.89927673339844,"SANTA CRUZ",UNINCORPORATED,-121.89928436279297,36.974918365478516
92261455,2023,2023-12-13,9720,2023-12-05,"806 ",023516,,2,1,9,4400,0,1,3,,2,030,"SR-1 S/B","MAR MONTE AVE",4752.00,S,N,A,-,Y,SCR,,1," ",R,5.783,H,,L,Y,4,0,3,3,A,-,03,22350,,N,B,C,A,A,H,-,A,D,0,,,,,Y,,D,22,0,0,3,0,0,0,0,0,0,"- ","- ",36.940898895263672,-121.83898162841797,"SANTA CRUZ",UNINCORPORATED,-121.83897399902344,36.940910339355469
92261465,2023,2023-12-13,9720,2023-12-06,1805,023245,,3,2,9,4400,0,3,5,,2,300,"BUENA VISTA DR","HARKINS SLOUGH RD",300.00,N,N,B,-,N,,,,,,,,,,Y,3,0,1,1,A,-,08,22107,,N,E,I,A,B,H,-,D,D,0,,,,,Y,,D,22,0,1,0,0,0,0,0,0,0,"- ","- ",36.922069549560547,-121.81198883056641,"SANTA CRUZ",UNINCORPORATED,-121.81196594238281,36.921573638916016
92261553,2023,2024-01-08,9720,2023-12-01,"710 ",023316,,5,1,9,4400,0,2,4,,1,016,"GRAHAM HILL RD","ROARING CAMP ROAD",0.00,,Y,A,-,N,,,,,,,,,,N,4,0,1,2,A,-,09,21802,A,N,D,C,A,A,H,-,A,A,0,,,,,Y,,A,07,0,0,1,0,0,0,0,0,0,"- ","- ",37.048019409179688,-122.06427001953125,"SANTA CRUZ",UNINCORPORATED,-122.06410217285156,37.047634124755859
92261559,2023,2023-12-14,9720,2023-12-06,1018,023331,,3,1,9,4400,0,1,3,,1,017,SR-17,"EL RANCHO DR",30.00,N,N,E,-,Y,SCR,,17," "," ",2.197,H,,R,Y,4,0,1,1,A,-,03,22350,,N,E,I,A,B,H,-,C,D,0,,,,,Y,,A,01,0,0,1,0,0,0,0,0,0,"- ","- ",37.019218444824219,-122.02748870849609,"SANTA CRUZ",UNINCORPORATED,-122.02763366699219,37.019237518310547
92262477,2023,2023-12-14,9720,2023-12-04,2048,023447,,1,2,9,4400,0,1,3,,1,034,SR-152,"CARLTON RD",0.00,,Y,A,-,N,,,,,,,,,,Y,3,0,2,2,A,-,09,21800,A,N,D,C,A,A,H,-,C,A,0,,,,,Y,,A,01,0,2,0,0,0,0,0,0,0,"- ","- ",36.956161499023438,-121.72746276855469,"SANTA CRUZ",UNINCORPORATED,-121.72746276855469,36.956123352050781
92262478,2023,2023-12-14,9720,2023-12-05,"924 ",021833,,2,1,9,4400,0,2,4,,1,021,"SOQUEL DR.","PAUL SWEET RD.",0.00,,Y,A,-,N,,,,,,,,,,N,3,0,1,2,A,-,10,21950,A,N,G,B,E,A,H,-,A,A,0,Y,,,Y,Y,,F,26,0,1,0,0,1,0,0,0,0,"- ","- ",36.987960815429688,-121.98528289794922,"SANTA CRUZ",UNINCORPORATED,-121.98526000976562,36.987850189208984
92262566,2023,2023-12-14,9720,2023-12-01,1345,023507,,5,1,9,4400,0,1,3,,2,020,"SR-1 N/B","41ST AVENUE",5.00,S,N,A,-,Y,,,,,,,,,,N,4,0,1,2,A,-,10,21950,A,N,G,B,B,A,H,-,A,A,0,Y,,,,Y,,-,"- ",0,0,1,0,1,0,0,0,0,"- ","- ",36.983798980712891,-121.96454620361328,"SANTA CRUZ",UNINCORPORATED,-121.96439361572266,36.982841491699219
92262579,2023,2023-12-15,9720,2023-12-02,1125,023316,,6,1,9,4400,0,3,5,,2,200,"SOQUEL AVE","PAUL MINNIE AVE",415.00,E,N,B,-,N,,,,,,,,,,Y,3,0,1,1,C,-,18,,,N,A,8,A,A,H,-,A,D,0,,,,,Y,,-,"- ",0,1,0,0,0,0,0,0,0,"- ","- ",36.985988616943359,-121.98338317871094,"SANTA CRUZ",UNINCORPORATED,-121.98257446289062,36.985885620117188
92262580,2023,2023-12-15,9720,2023-12-02,"200 ",023146,,6,3,9,4400,0,3,5,,2,100,"BEAR CREEK RD","HOPKINS GULCH RD",1056.00,E,N,C,-,N,,,,,,,,,,N,3,0,1,1,A,-,03,22350,,N,E,I,A,B,H,-,D,D,0,,,,,Y,Y,A,01,0,1,0,0,0,0,0,0,0,"- ","- ",37.137779235839844,-122.09622192382812,"SANTA CRUZ",UNINCORPORATED,-122.09697723388672,37.137748718261719
92263425,2023,2023-12-15,9720,2023-12-07,"730 ",019956,,4,1,9,4400,0,3,5,,2,300,"CORRALITOS RD","SKYLARK LN",285.00,N,N,A,-,N,,,,,,,,,,Y,3,0,3,2,A,-,21,22106,,N,H,2,A,A,H,-,A,D,0,,,,,Y,,A,07,0,3,0,0,0,0,0,0,0,"- ","- ",36.977699279785156,-121.80619049072266,"SANTA CRUZ",UNINCORPORATED,-121.80619812011719,36.9776611328125
92263489,2023,2023-12-15,9720,2023-12-06,1332,023516,,3,1,9,4400,0,1,3,,2,020,"SR-1 N/B","SOQUEL AVE",88.00,N,N,B,-,Y,SCR,,1," "," ",14.899,H,,R,Y,3,0,1,3,A,-,03,22350,,F,C,C,A,A,H,-,A,D,0,,,,,Y,,A,01,0,1,0,0,0,0,0,0,0,"- ","- ",36.987300872802734,-121.98683166503906,"SANTA CRUZ",UNINCORPORATED,-121.98683166503906,36.987293243408203
92263494,2023,2023-12-15,9720,2023-12-05,1750,023419,,2,2,9,4400,0,2,4,,1,021,"SOQUEL DR","PEOPLES LN",0.00,,Y,A,-,N,,,,,,,,,,Y,3,0,1,2,A,-,09,21804,A,N,D,C,A,A,H,-,C,D,0,,,,,Y,,D,22,0,1,0,0,0,0,0,0,0,"- ","- ",36.987831115722656,-121.94045257568359,"SANTA CRUZ",UNINCORPORATED,-121.94046020507812,36.987812042236328
92265234,2023,2023-12-18,9720,2023-12-08,1225,023507,,5,1,9,4400,0,2,4,,1,031,"FREEDOM BOULEVARD","DAY VALLEY RD",20.00,S,N,A,-,Y,,,,,,,,,,Y,3,0,1,2,A,-,03,22350,,N,C,C,A,A,H,-,A,D,0,,,,,Y,,A,01,0,1,0,0,0,0,0,0,0,"- ","- ",36.987808227539062,-121.83853912353516,"SANTA CRUZ",UNINCORPORATED,-121.83831024169922,36.987808227539062
92265327,2023,2023-12-18,9720,2023-11-12,2325,022976,,7,3,9,4400,0,1,3,,2,030,"S/B SR-1","AIRPORT BLVD",3432.00,N,N,A,-,Y,SCR,,1," ",R,3.846,H,,L,N,3,0,1,1,A,-,01,23152,A,N,E,I,A,A,H,-,D,D,0,,,,,Y,Y,A,07,0,1,0,0,0,0,0,0,0,"- ","- ",36.930000305175781,-121.80680847167969,"SANTA CRUZ",UNINCORPORATED,-121.80675506591797,36.930076599121094
92265343,2023,2023-12-19,9720,2023-12-06,2225,023447,,3,3,9,4400,0,1,3,,1,017,SR-17,"LA MADRONA DR",240.00,N,N,B,-,Y,SCR,,17," "," ",2.239,H,,R,Y,3,0,1,1,A,-,03,22350,,N,E,I,A,B,H,-,C,D,0,,,,,Y,,A,01,0,1,0,0,0,0,0,0,0,"- ","- ",37.019901275634766,-122.02774810791016,"SANTA CRUZ",UNINCORPORATED,-122.02744293212891,37.019817352294922
92266614,2023,2023-12-20,9720,2023-12-07,1720,023447,,4,2,9,4400,0,1,3,,1,015,SR-9,"PROSPECT AVE",80.00,N,N,A,-,Y,SCR,,9," "," ",12.074,H,,R,Y,3,0,1,1,A,-,08,22107,,N,E,8,A,A,H,-,B,D,0,,,,,Y,,A,01,0,1,0,0,0,0,0,0,0,"- ","- ",37.113059997558594,-122.11598205566406,"SANTA CRUZ",UNINCORPORATED,-122.11599731445312,37.112972259521484
92267688,2023,2024-01-16,9720,2023-12-12,"623 ",015170,,2,1,9,4400,0,1,3,,1,017,SR-17,"SUGARLOAF RD",85.00,N,N,A,-,Y,SCR,,17," "," ",8.745,H,,R,Y,3,0,1,4,A,-,03,22350,,N,C,C,A,A,H,-,D,D,0,,,,,Y,,A,08,0,1,0,0,0,0,0,0,0,"- ","- ",37.095779418945312,-121.97621154785156,"SANTA CRUZ",UNINCORPORATED,-121.9761962890625,37.095771789550781
92268537,2023,2023-12-21,9720,2023-12-11,1425,023322,,1,2,9,4400,0,2,4,,1,022,"SOQUEL SAN JOSE RD","PAPERMILL ROAD",9.00,N,N,A,-,N,,,,,,,,,,N,3,0,1,2,A,-,10,21950,A,N,G,B,B,A,H,-,A,A,0,Y,,,,Y,,D,22,0,1,0,0,1,0,0,0,0,"- ","- ",36.990810394287109,-121.95732116699219,"SANTA CRUZ",UNINCORPORATED,-121.95729064941406,36.990764617919922
92268564,2023,2023-12-21,9720,2023-12-11,2003,023245,,1,2,9,4400,0,1,3,,1,017,"SR-17 S/B","GLENWOOD CUTOFF",1250.00,N,N,A,-,Y,SCR,,17," "," ",8.840,H,,L,Y,4,0,1,3,A,-,08,22107,,N,B,2,A,A,D,-,D,A,0,,,,Y,Y,,A,01,0,0,1,0,0,0,0,0,0,"- ","- ",37.096931457519531,-121.97537231445312,"SANTA CRUZ",UNINCORPORATED,-121.97537231445312,37.096931457519531
92268586,2023,2023-12-21,9720,2023-12-14,"846 ",023573,,4,1,9,4400,0,1,3,,2,020,"SR-1 N/B","BRANCIFORTE AVE",3696.00,N,N,A,-,N,,,,,,,,,,N,3,0,1,1,A,-,08,22107,,N,F,A,A,A,H,-,A,D,0,,,Y,,Y,,-,"- ",0,1,0,0,0,0,0,0,1,"- ","- ",36.990779876708984,-122.0213623046875,"SANTA CRUZ",UNINCORPORATED,-122.02131652832031,36.990753173828125
92268591,2023,2023-12-21,9720,2023-12-12,1532,023573,,2,2,9,4400,0,1,3,,2,030,"SR-1 S/B","AIRPORT BLVD",528.00,S,N,A,-,N,,,,,,,,,,N,3,0,1,1,A,-,07,21658,A,N,E,I,A,A,H,-,A,D,0,,,,,Y,,-,"- ",0,1,0,0,0,0,0,0,0,"- ","- ",36.922779083251953,-121.79440307617188,"SANTA CRUZ",UNINCORPORATED,-121.79435729980469,36.922855377197266
92268695,2023,2023-12-21,9720,2023-12-11,1740,023331,,1,2,9,4400,0,1,3,,2,020,"SR-1 S/B","SOQUEL DR",792.00,N,N,A,-,Y,SCR,,1," "," ",15.031,H,,L,Y,4,0,1,4,A,-,03,22350,,M,C,2,A,A,H,-,C,D,0,,,,,Y,,A,01,0,0,1,0,0,0,0,0,0,"- ","- ",36.987560272216797,-121.98925018310547,"SANTA CRUZ",UNINCORPORATED,-121.98925018310547,36.987545013427734
92268697,2023,2023-12-21,9720,2023-12-11,"915 ",023516,,1,1,9,4400,0,2,4,,1,016,"GRAHAM HILL RD","LOCKWOOD LANE",1056.00,S,N,A,-,N,,,,,,,,,,Y,4,0,2,2,A,-,03,22350,,N,C,C,A,A,H,-,A,D,0,,,,,Y,,D,22,0,0,2,0,0,0,0,0,0,"- ","- ",37.032218933105469,-122.04109191894531,"SANTA CRUZ",UNINCORPORATED,-122.04150390625,37.034053802490234
92268700,2023,2023-12-21,9720,2023-12-05,1711,015170,,2,2,9,4400,0,1,3,,1,017,SR-17,"VINE HILL RD",0.00,,Y,A,-,Y,SCR,,17," "," ",7.666,H,,R,Y,3,0,3,2,A,-,09,21802,A,N,A,C,A,A,H,-,C,A,0,,,,,Y,,A,07,0,3,0,0,0,0,0,0,0,"- ","- ",37.078929901123047,-121.9794921875,"SANTA CRUZ",UNINCORPORATED,-121.9794921875,37.078933715820312
92269673,2023,2023-12-22,9720,2023-12-14,1729,023516,,4,2,9,4400,0,1,3,,2,020,"SR-1 S/B","FREEDOM BLVD",2112.00,N,N,A,-,Y,SCR,,1," "," ",8.781,H,,L,N,4,0,1,2,A,-,03,22350,,N,C,C,A,A,H,-,D,D,0,,,,,Y,,A,01,0,0,1,0,0,0,0,0,0,"- ","- ",36.972919464111328,-121.8802490234375,"SANTA CRUZ",UNINCORPORATED,-121.88025665283203,36.972908020019531
92269754,2023,2023-12-22,9720,2023-10-28,2230,023345,,6,3,9,4400,0,1,3,,1,035,SR-129,"OLD CHITTENDEN RD",4752.00,W,N,A,-,Y,SCR,,129," "," ",9.099,H,,R,Y,3,0,1,3,A,-,08,22107,,F,A,2,A,A,H,-,D,D,0,,,,,Y,,D,22,0,1,0,0,0,0,0,0,0,"- ","- ",36.905529022216797,-121.61225891113281,"SANTA CRUZ",UNINCORPORATED,-121.61228179931641,36.905513763427734
92269774,2023,2023-12-22,9720,2023-12-01,2250,023186,,5,3,9,4400,0,2,4,,1,021,"SOQUEL DR","TROUT GULCH DR",0.00,,Y,A,-,N,,,,,,,,,,N,2,0,1,1,A,-,17,21200,,N,F,A,A,A,H,-,C,D,0,,Y,,,Y,Y,M,91,1,0,0,0,0,0,1,0,0,"- ","- ",36.976848602294922,-121.90029907226562,"SANTA CRUZ",UNINCORPORATED,-121.90023803710938,36.976840972900391
92269809,2023,2024-02-14,9720,2023-12-12,"600 ",023516,,2,1,9,4400,0,1,3,,1,017,"SR-17 S/B","GLENWOOD CUTOFF",325.00,S,N,A,-,Y,SCR,,17," "," ",9.009,H,,L,Y,4,0,1,2,A,-,03,22350,,N,C,C,A,A,H,-,B,D,0,,,,,Y,,A,01,0,0,1,0,0,0,0,0,0,"- ","- ",37.099231719970703,-121.97605133056641,"SANTA CRUZ",UNINCORPORATED,-121.97608184814453,37.099212646484375
92269810,2023,2024-02-14,9720,2023-12-12,"601 ",023516,,2,1,9,4400,0,1,3,,1,017,"SR-17 S/B","GLENWOOD CUTOFF",315.00,S,N,A,-,Y,SCR,,17," "," ",9.011,H,,L,N,4,0,2,2,A,-,03,22350,,N,C,C,A,A,H,-,B,D,0,,,,,Y,,D,22,0,0,2,0,0,0,0,0,0,"- ","- ",37.099250793457031,-121.97606658935547,"SANTA CRUZ",UNINCORPORATED,-121.97609710693359,37.099235534667969
92269812,2023,2023-12-25,9720,2023-12-13,1250,023516,,3,1,9,4400,0,2,4,,1,016,"GRAHAM HILL RD","SUMMIT AVE",1584.00,S,N,A,-,N,,,,,,,,,,Y,3,0,1,1,A,-,08,22107,,N,E,I,A,A,H,-,A,D,0,,,,,Y,,A,01,0,1,0,0,0,0,0,0,0,"- ","- ",37.045478820800781,-122.05564117431641,"SANTA CRUZ",UNINCORPORATED,-122.06401824951172,37.047492980957031
92269817,2023,2023-12-25,9720,2023-12-14,1922,022545,,4,2,9,4400,0,3,5,,2,200,"LOMA PRIETA WAY","RANCHO PRIETA RD",5280.00,E,N,A,-,N,,,,,,,,,,Y,3,0,1,1,A,-,01,23152,A,N,E,J,A,A,H,-,D,D,0,,,,,Y,Y,A,01,0,1,0,0,0,0,0,0,0,"- ","- ",37.098869323730469,-121.86750030517578,"SANTA CRUZ",UNINCORPORATED,-121.86749267578125,37.098915100097656
92269841,2023,2023-12-25,9720,2023-12-15,1730,023370,,5,2,9,4400,0,1,3,,2,020,"SR-1 S/B","PARK AVE",1056.00,S,N,A,-,Y,SCR,,1," "," ",11.312,H,,L,Y,3,0,2,3,A,-,03,22350,,N,C,C,A,A,H,-,D,D,0,,,,,Y,,A,01,0,2,0,0,0,0,0,0,0,"- ","- ",36.982589721679688,-121.92298889160156,"SANTA CRUZ",UNINCORPORATED,-121.92298889160156,36.982578277587891
92269848,2023,2023-12-25,9720,2023-10-06,1651,023186,,5,2,9,4400,0,3,5,,2,300,"AMESTI RD","PIONEER RD",277.00,S,N,A,-,N,,,,,,,,,,Y,3,0,1,2,A,-,03,22350,,N,C,C,A,A,H,-,A,D,0,,,,,Y,,A,01,0,1,0,0,0,0,0,0,0,"- ","- ",36.970550537109375,-121.79486083984375,"SANTA CRUZ",UNINCORPORATED,-121.79483795166016,36.970516204833984
92271584,2023,2023-12-26,9720,2023-12-20,"842 ",015170,,3,1,9,4400,0,1,3,,2,020,"SR-1 S/B","RIVER ST",1056.00,S,N,B,-,Y,SCR,,1," "," ",17.031,H,,L,Y,3,0,2,3,A,-,03,22350,,N,C,C,A,B,H,-,A,D,0,,,,,Y,,-,"- ",0,1,1,0,0,0,0,0,0,"- ","- ",36.987518310546875,-122.02255249023438,"SANTA CRUZ",UNINCORPORATED,-122.02256774902344,36.987529754638672
92271641,2023,2023-12-26,9730,2023-12-16,1040,021776,,6,1,9,4400,0,2,S,,2,904,"SOQUEL DRIVE","SPRECKELS DRIVE",483.00,N,N,A,-,N,,,,,,,,,,N,4,0,1,2,A,-,09,21804,A,N,D,C,A,A,H,-,A,A,0,,,,,Y,,A,07,0,0,1,0,0,0,0,0,0,"- ","- ",36.976970672607422,-121.90566253662109,"SANTA CRUZ",UNINCORPORATED,-121.90563201904297,36.976966857910156
92272540,2023,2023-12-27,9720,2023-12-20,"840 ",023573,,3,1,9,4400,0,1,3,,2,020,"SR-1 N/B","MORRISSEY BLVD",510.00,S,N,B,C,N,,,,,,,,,,N,3,0,1,1,A,-,03,22350,,N,E,I,A,B,H,-,A,D,0,,,,,Y,,A,01,0,1,0,0,0,0,0,0,0,"- ","- ",36.988170623779297,-121.99476623535156,"SANTA CRUZ",UNINCORPORATED,-122.00380706787109,36.988380432128906
92274038,2023,2023-12-28,9720,2023-12-17,1315,023387,,7,1,9,4400,0,1,3,,2,020,"SR-1 S/B","MORRISSEY BLVD",150.00,S,N,B,C,Y,SCR,,1," "," ",15.774,H,,L,N,4,0,1,2,A,-,03,22350,,N,B,C,A,B,H,-,A,D,0,,,,,Y,,A,01,0,0,1,0,0,0,0,0,0,"- ","- ",36.988189697265625,-122.00257873535156,"SANTA CRUZ",UNINCORPORATED,-122.00257873535156,36.988208770751953
92274195,2023,2023-12-28,9720,2023-12-16,1755,022976,,6,2,9,4400,0,1,3,,1,035,SR-129,"CARLTON ROAD",0.00,,Y,A,-,Y,SCR,,129," "," ",3.269,H,,R,Y,4,0,2,2,A,-,09,21802,A,N,D,C,A,A,H,-,C,A,0,,,,,Y,,A,01,0,0,2,0,0,0,0,0,0,"- ","- ",36.924381256103516,-121.69918823242188,"SANTA CRUZ",UNINCORPORATED,-121.69918823242188,36.924308776855469
92274202,2023,2023-12-28,9720,2023-12-01,1915,022976,,5,2,9,4400,0,2,S,,2,904,"MURPHY ROAD",SR-129,3168.00,S,N,A,-,N,,,,,,,,,,N,3,0,1,1,A,-,08,22107,,N,E,I,A,A,H,-,D,D,0,,,,,Y,,A,01,0,1,0,0,0,0,0,0,0,"- ","- ",36.905609130859375,-121.67648315429688,"SANTA CRUZ",UNINCORPORATED,,
92274346,2023,2023-12-29,9720,2023-12-16,1510,023186,,6,2,9,4400,0,3,5,,2,100,"HIHN RD","CONDOR AVE",216.00,S,N,A,-,N,,,,,,,,,,Y,3,0,1,1,A,-,08,22107,,N,E,J,A,A,H,-,A,D,0,,,,,Y,,A,07,0,1,0,0,0,0,0,0,0,"- ","- ",37.072750091552734,-122.07354736328125,"SANTA CRUZ",UNINCORPORATED,-122.07363128662109,37.072792053222656
92274353,2023,2023-12-29,9720,2023-12-21,"526 ",023419,,4,3,9,4400,0,2,4,,1,024,"CAPITOLA ROAD","GREY SEAL ROAD",0.00,,Y,A,-,N,,,,,,,,,,Y,3,0,1,2,A,-,06,21750,A,N,B,C,A,A,H,-,C,D,0,,,Y,,Y,,-,"- ",0,1,0,0,0,0,0,0,1,"- ","- ",36.978778839111328,-121.99078369140625,"SANTA CRUZ",UNINCORPORATED,-121.99066925048828,36.978740692138672
92274356,2023,2023-12-29,9720,2023-12-24,"904 ",023507,,7,1,9,4400,0,1,3,,1,010,"N/B SR-1","OLD COAST ROAD",30.00,S,N,A,-,Y,SCR,,1," "," ",28.388,H,,R,Y,2,0,1,1,A,-,08,22107,,N,E,I,A,A,H,-,A,D,0,,,,,Y,,A,07,1,0,0,0,0,0,0,0,0,"- ","- ",37.008941650390625,-122.19013977050781,"SANTA CRUZ",UNINCORPORATED,-122.19017028808594,37.008895874023438
92274381,2023,2023-12-29,9720,2023-12-17,"30  ",023186,,7,3,9,4400,0,1,3,,2,020,"SR-1 N/B","N BRANCIFORTE AVE",3696.00,N,N,A,-,Y,SCR,,1," "," ",16.964,H,,R,Y,3,0,1,1,A,-,01,23152,A,N,E,I,A,A,H,-,C,D,0,,,,,Y,Y,A,07,0,1,0,0,0,0,0,0,0,"- ","- ",36.991409301757812,-122.021728515625,"SANTA CRUZ",UNINCORPORATED,-122.021728515625,36.991348266601562
92274383,2023,2023-12-29,9720,2023-12-20,1730,023447,,3,2,9,4400,0,1,3,,1,035,SR-129,"BLACKBURN ST",600.00,E,N,B,-,Y,SCR,,129," "," ",0.635,H,,R,N,3,0,2,2,A,-,03,22350,,N,C,C,A,B,H,-,C,D,0,,,,Y,Y,,F,26,0,2,0,0,0,0,0,0,0,"- ","- ",36.912891387939453,-121.74420166015625,"SANTA CRUZ",UNINCORPORATED,-121.74418640136719,36.912868499755859
92278188,2023,2024-01-03,9720,2023-12-22,1230,023387,,5,1,9,4400,0,1,3,,2,020,"SR-1 N/B","PARK AVE",1584.00,S,N,A,-,Y,SCR,,1," "," ",11.798,H,,R,N,3,0,1,2,A,-,07,21658,A,F,B,C,A,A,H,-,A,D,0,,,Y,,Y,,-,"- ",0,1,0,0,0,0,0,0,1,"- ","- ",36.983909606933594,-121.93157196044922,"SANTA CRUZ",UNINCORPORATED,-121.93156433105469,36.983924865722656
92278226,2023,2024-01-03,9720,2023-12-21,2211,022545,,4,3,9,4400,0,3,5,,2,200,SR-236,"1ST ST",60.00,N,N,B,-,Y,SCR,,236," "," ",1.150,H,,R,Y,3,0,1,1,A,-,01,23152,A,N,E,8,A,B,H,-,D,D,0,,,,,Y,Y,A,01,0,1,0,0,0,0,0,0,0,"- ","- ",37.133869171142578,-122.13921356201172,"SANTA CRUZ",UNINCORPORATED,-122.13922119140625,37.133853912353516