CASE_ID,ACCIDENT_YEAR,PROC_DATE,JURIS,COLLISION_DATE,COLLISION_TIME,OFFICER_ID,REPORTING_DISTRICT,DAY_OF_WEEK,CHP_SHIFT,POPULATION,CNTY_CITY_LOC,SPECIAL_COND,BEAT_TYPE,CHP_BEAT_TYPE,CITY_DIVISION_LAPD,CHP_BEAT_CLASS,BEAT_NUMBER,PRIMARY_RD,SECONDARY_RD,DISTANCE,DIRECTION,INTERSECTION,WEATHER_1,WEATHER_2,STATE_HWY_IND,CALTRANS_COUNTY,CALTRANS_DISTRICT,STATE_ROUTE,ROUTE_SUFFIX,POSTMILE_PREFIX,POSTMILE,LOCATION_TYPE,RAMP_INTERSECTION,SIDE_OF_HWY,TOW_AWAY,COLLISION_SEVERITY,NUMBER_KILLED,NUMBER_INJURED,PARTY_COUNT,PRIMARY_COLL_FACTOR,PCF_CODE_OF_VIOL,PCF_VIOL_CATEGORY,PCF_VIOLATION,PCF_VIOL_SUBSECTION,HIT_AND_RUN,TYPE_OF_COLLISION,MVIW,PED_ACTION,ROAD_SURFACE,ROAD_COND_1,ROAD_COND_2,LIGHTING,CONTROL_DEVICE,CHP_ROAD_TYPE,PEDESTRIAN_ACCIDENT,BICYCLE_ACCIDENT,MOTORCYCLE_ACCIDENT,TRUCK_ACCIDENT,NOT_PRIVATE_PROPERTY,ALCOHOL_INVOLVED,STWD_VEHTYPE_AT_FAULT,CHP_VEHTYPE_AT_FAULT,COUNT_SEVERE_INJ,COUNT_VISIBLE_INJ,COUNT_COMPLAINT_PAIN,COUNT_PED_KILLED,COUNT_PED_INJURED,COUNT_BICYCLIST_KILLED,COUNT_BICYCLIST_INJURED,COUNT_MC_KILLED,COUNT_MC_INJURED,PRIMARY_RAMP,SECONDARY_RAMP,LATITUDE,LONGITUDE,COUNTY,CITY,POINT_X,POINT_Y
92278538,2023,2024-01-04,9720,2023-12-23,1620,022044,,6,2,9,4400,0,1,3,,1,014,SR-9,"MADRONA AVE",200.00,N,N,A,-,Y,SCR,,9," "," ",15.170,H,,R,N,3,0,1,1,A,-,03,22350,,N,F,A,A,B,H,-,A,D,0,,,Y,,Y,,C,02,0,1,0,0,0,0,0,0,1,"- ","- ",37.151741027832031,-122.13529968261719,"SANTA CRUZ",UNINCORPORATED,-122.13529205322266,37.151729583740234
92279194,2023,2024-01-04,9720,2023-12-25,"130 ",015170,,1,3,9,4400,0,1,3,,1,015,SR-9,"GRAHAM HILL RD",528.00,N,N,B,-,Y,SCR,,9," "," ",6.628,H,,R,N,3,0,1,2,A,-,11,21954,A,F,G,B,E,A,H,-,D,D,0,Y,,,,Y,,N,60,0,1,0,0,1,0,0,0,0,"- ","- ",37.055221557617188,-122.07457733154297,"SANTA CRUZ",UNINCORPORATED,-122.07462310791016,37.055202484130859
92279467,2023,2024-01-04,9720,2023-12-24,1856,023214,,7,2,9,4400,0,1,3,,1,013,"SUMMIT RD.","HUTCHINSON RD.",0.28,W,N,A,-,N,,,,,,,,,,Y,3,0,1,1,A,-,01,23152,A,N,E,I,A,A,H,-,D,D,0,,,,,Y,Y,A,07,0,1,0,0,0,0,0,0,0,"- ","- ",37.148128509521484,-121.99324035644531,"SANTA CRUZ",UNINCORPORATED,-121.99108123779297,37.144359588623047
92279788,2023,2024-01-04,9720,2023-12-23,2245,022545,,6,3,9,4400,0,3,5,,2,200,"GLEN CANYON RD","REDWOOD DR",528.00,N,N,A,-,N,,,,,,,,,,Y,3,0,1,2,A,-,01,23152,A,N,E,8,A,A,H,-,D,D,0,,,,,Y,Y,D,22,0,1,0,0,0,0,0,0,0,"- ","- ",37.013210296630859,-122.01397705078125,"SANTA CRUZ",UNINCORPORATED,-122.01327514648438,37.012832641601562
92280773,2023,2024-01-08,9720,2023-12-26,1510,023322,,2,2,9,4400,0,1,3,,1,035,SR-129,"CARLTON RD",0.00,,Y,B,-,Y,SCR,,129," "," ",3.266,H,,R,Y,3,0,3,2,A,-,09,21802,A,N,D,C,A,A,H,-,A,A,0,,,,,Y,,A,01,0,2,1,0,0,0,0,0,0,"- ","- ",36.924350738525391,-121.69924926757812,"SANTA CRUZ",UNINCORPORATED,-121.69924926757812,36.924308776855469
92281036,2023,2024-01-08,9720,2023-12-16,1720,023186,,6,2,9,4400,0,1,3,,1,015,"RT 9","LAKEVIEW DR",110.00,N,N,A,-,Y,SCR,,9," "," ",5.436,H,,R,N,2,0,2,1,A,-,03,22350,,N,F,A,A,A,H,-,D,D,0,,,Y,,Y,,C,02,1,1,0,0,0,0,0,0,2,"- ","- ",37.038368225097656,-122.067626953125,"SANTA CRUZ",UNINCORPORATED,-122.06764984130859,37.038345336914062
92281037,2023,2024-01-08,9720,2023-12-19,2220,023447,,2,3,9,4400,0,1,3,,1,017,"SR-17 N/B","MOUNT HERMON RD",1901.00,N,N,B,-,Y,SCR,,17," "," ",3.807,H,,R,Y,3,0,1,2,A,-,03,22350,,N,D,C,A,A,H,-,D,D,0,,,,,Y,,A,01,0,1,0,0,0,0,0,0,0,"- ","- ",37.039630889892578,-122.01706695556641,"SANTA CRUZ",UNINCORPORATED,-122.01708984375,37.039634704589844
92281297,2023,2024-01-08,9720,2023-12-23,"240 ",023186,,6,3,9,4400,0,2,4,,1,032,"FREEDOM BLVD","MCDONALD RD",528.00,E,N,A,-,N,,,,,,,,,,Y,2,0,2,1,A,-,08,22107,,N,E,8,A,A,H,-,C,D,0,,,,,Y,,A,01,1,1,0,0,0,0,0,0,0,"- ","- ",36.986549377441406,-121.85817718505859,"SANTA CRUZ",UNINCORPORATED,-121.85828399658203,36.986621856689453
92281538,2023,2024-01-08,9720,2023-12-27,1743,023447,,3,2,9,4400,0,3,5,,2,300,"LAKEVIEW RD","PARKWOOD DR",125.00,S,N,C,-,N,,,,,,,,,,N,3,0,1,2,A,-,01,23152,A,N,G,B,E,B,H,-,C,D,0,Y,,,,Y,Y,D,22,0,1,0,0,1,0,0,0,0,"- ","- ",36.930618286132812,-121.73281097412109,"SANTA CRUZ",UNINCORPORATED,-121.73274993896484,36.930618286132812
92281829,2023,2024-01-08,9720,2023-12-08,2350,023447,,5,3,9,4400,0,1,3,,1,017,"SR-17 SB","MT. HERMON RD",4488.00,S,N,B,-,Y,SCR,,17," "," ",2.394,H,,L,Y,3,0,2,1,A,-,01,23152,A,F,F,A,A,B,H,-,D,D,0,,,,,Y,Y,A,01,0,2,0,0,0,0,0,0,0,"- ","- ",37.021949768066406,-122.02699279785156,"SANTA CRUZ",UNINCORPORATED,-122.02684020996094,37.021942138671875
92282094,2023,2024-01-08,9720,2023-09-22,1428,023186,,5,2,9,4400,0,1,3,,1,012,SR-236,"S REDWOOD DR",130.00,S,N,A,-,Y,SCR,,236," "," ",0.808,H,,R,Y,2,0,3,4,A,-,01,23152,A,N,G,B,E,A,D,-,A,A,0,Y,,,,Y,Y,A,07,1,2,0,0,1,0,0,0,0,"- ","- ",37.129978179931641,-122.13394165039062,"SANTA CRUZ",UNINCORPORATED,-122.13397979736328,37.129962921142578
92282711,2023,2024-01-09,9720,2023-12-28,1050,023316,,4,1,9,4400,0,1,3,,1,017,"SR-17 S/B","LAUREL ROAD",1000.00,N,N,B,C,Y,SCR,,17," "," ",9.633,H,,L,N,4,0,1,2,A,-,03,22350,,N,C,C,A,B,H,-,A,D,0,,,,,Y,,A,01,0,0,1,0,0,0,0,0,0,"- ","- ",37.106658935546875,-121.97615814208984,"SANTA CRUZ",UNINCORPORATED,-121.97618103027344,37.106636047363281
92283262,2023,2024-01-10,9720,2023-12-28,1051,023316,,4,1,9,4400,0,1,3,,1,017,"SR-17 S/B","LAUREL RD",1000.00,N,N,B,C,Y,SCR,,17," "," ",9.640,H,,L,Y,4,0,1,3,A,-,03,22350,,N,C,C,A,B,H,-,A,D,0,,,,,Y,,A,01,0,0,1,0,0,0,0,0,0,"- ","- ",37.106731414794922,-121.97627258300781,"SANTA CRUZ",UNINCORPORATED,-121.97629547119141,37.106704711914062
92283828,2023,2024-01-10,9720,2023-12-10,2020,022976,,7,2,9,4400,0,2,4,,1,032,"GREEN VALLEY ROAD","PAULSEN RD",500.00,W,N,A,-,N,,,,,,,,,,Y,4,0,1,1,A,-,08,22107,,N,E,I,A,A,H,-,D,D,0,,,,,Y,,J,48,0,0,1,0,0,0,0,0,0,"- ","- ",36.954418182373047,-121.76499938964844,"SANTA CRUZ",UNINCORPORATED,-121.76495361328125,36.955780029296875
92283927,2023,2024-01-10,9720,2023-11-10,"732 ",023103,,5,1,9,4400,0,3,5,,2,100,"EMPIRE GRADE RD","HELLER DRIVE",0.00,,Y,A,-,N,,,,,,,,,,N,4,0,1,1,C,-,18,,,N,F,A,A,A,H,-,A,A,0,,Y,,,Y,,-,"- ",0,0,1,0,0,0,1,0,0,"- ","- ",36.987781524658203,-122.06878662109375,"SANTA CRUZ",UNINCORPORATED,-122.06877136230469,36.987865447998047
92283992,2023,2024-01-10,9720,2023-12-11,1525,023516,,1,2,9,4400,0,3,5,,2,100,"GUSHEE STREET","KIRBY STREET",100.00,N,N,A,-,N,,,,,,,,,,N,3,0,1,2,A,-,05,21460,A,F,E,J,A,A,H,-,A,D,0,,,,,Y,,-,99,0,1,0,0,0,0,0,0,0,"- ","- ",37.051639556884766,-122.07415008544922,"SANTA CRUZ",UNINCORPORATED,-122.07413482666016,37.051654815673828
92284134,2024,2024-01-10,9720,2024-01-03,1620,023573,,3,2,9,4400,0,1,3,,1,010,SR-1,"BONNY DOON RD",1584.00,S,N,A,-,N,,,,,,,,,,Y,3,0,1,2,A,-,03,22350,,N,C,C,A,A,H,-,A,D,0,,,,,Y,,A,07,0,1,0,0,0,0,0,0,0,"- ","- ",36.997821807861328,-122.17655944824219,"SANTA CRUZ",UNINCORPORATED,-122.17653656005859,36.997856140136719
92284139,2024,2024-01-10,9720,2024-01-04,"540 ",023573,,4,3,9,4400,0,2,4,,1,022,"SOQUEL SAN JOSE RD","TIMBER LODGE RD",234.00,S,N,A,-,N,,,,,,,,,,Y,3,0,1,1,A,-,08,22107,,N,E,I,A,A,H,-,D,D,0,,,,,Y,,-,"- ",0,1,0,0,0,0,0,0,0,"- ","- ",37.107410430908203,-121.94519805908203,"SANTA CRUZ",UNINCORPORATED,-121.94554901123047,37.108058929443359
92284323,2023,2024-01-11,9720,2023-12-03,2235,023026,,7,3,9,4400,0,2,4,,1,032,"AIRPORT BLVD","GREENVALLEY RD",200.00,W,N,A,-,N,,,,,,,,,,N,2,0,1,2,A,-,11,21954,A,N,G,B,D,A,H,-,D,D,0,Y,,,,Y,Y,N,60,1,0,0,0,1,0,0,0,0,"- ","- ",36.941291809082031,-121.77018737792969,"SANTA CRUZ",UNINCORPORATED,-121.77012634277344,36.941226959228516
92284325,2024,2024-01-11,9720,2024-01-02,1718,015170,,2,2,9,4400,0,2,4,,1,016,"GRAHAM HILL RD","SUMMIT AVE",1584.00,S,N,C,-,N,,,,,,,,,,Y,3,0,1,3,A,-,05,21460,A,N,D,C,A,B,H,-,D,D,0,,,,,Y,,A,01,0,1,0,0,0,0,0,0,0,"- ","- ",37.044651031494141,-122.05409240722656,"SANTA CRUZ",UNINCORPORATED,-122.06401824951172,37.047492980957031
92284958,2024,2024-01-11,9720,2024-01-01,1659,023387,,1,2,9,4400,0,3,5,,2,100,"LA MADRONA DR","VIA VINCA",1.00,S,N,A,-,N,,,,,,,,,,Y,2,0,2,1,A,-,03,22350,,N,E,I,A,A,H,-,B,D,0,,,,,Y,,A,01,1,1,0,0,0,0,0,0,0,"- ","- ",37.024959564208984,-122.02942657470703,"SANTA CRUZ",UNINCORPORATED,-122.02938842773438,37.024978637695312
92285344,2023,2024-01-11,9720,2023-12-23,2320,022976,,6,3,4,4403,0,2,4,,1,032,"GREEN VALLEY ROAD","CASSERLY ROAD",265.00,E,N,A,-,N,,,,,,,,,,Y,4,0,1,1,A,-,08,22107,,N,E,I,A,A,H,-,D,D,0,,,,,Y,,D,22,0,0,1,0,0,0,0,0,0,"- ","- ",36.969528198242188,-121.76696014404297,"SANTA CRUZ",WATSONVILLE,-121.76511383056641,36.969215393066406
92285469,2023,2024-01-12,9720,2023-12-17,2017,022545,,7,2,9,4400,0,1,3,,1,017,"SR-17 S/B","LA MADRONA DR",528.00,N,N,B,-,Y,SCR,,17," "," ",2.372,H,,L,Y,2,0,4,2,A,-,03,22350,,N,C,C,A,B,H,-,D,D,0,,,,,Y,,A,07,1,2,1,0,0,0,0,0,0,"- ","- ",37.021629333496094,-122.02687072753906,"SANTA CRUZ",UNINCORPORATED,-122.02689361572266,37.021633148193359
92285475,2024,2024-01-12,9720,2024-01-03,1713,023387,,3,2,9,4400,0,3,5,,2,200,"MERRILL ST","17TH AVE",375.00,W,N,B,-,N,,,,,,,,,,N,2,0,1,2,A,-,11,21954,A,N,G,B,D,B,H,-,B,D,0,Y,,,,Y,,N,60,1,0,0,0,1,0,0,0,0,"- ","- ",36.965438842773438,-121.98800659179688,"SANTA CRUZ",UNINCORPORATED,-121.98778533935547,36.965381622314453
9228597,2021,2021-03-24,4403,2021-02-16,0832,335,107,2,5,4,4403,0,0,0,,0,001,"FREEDOM BL","BRENNAN ST",0.00,,Y,A,-,N,,,,,,,,,,N,3,0,1,2,A,-,09,21801,A,N,H,G,A,A,H,-,A,A,0,,Y,,,Y,,I,11,0,1,0,0,0,0,1,0,0,"- ","- ",,,"SANTA CRUZ",WATSONVILLE,-121.76052093505859,36.916641235351562
92286803,2023,2024-01-15,9720,2023-12-16,1238,021321,,6,1,9,4400,0,1,3,,1,014,SR-9,"UPPER SR-236",5280.00,N,N,A,-,Y,SCR,,9," "," ",22.089,H,,R,N,2,0,1,1,A,-,03,22350,,N,F,A,A,A,H,-,A,D,0,,,Y,,Y,,C,02,1,0,0,0,0,0,0,0,1,"- ","- ",37.225399017333984,-122.15193939208984,"SANTA CRUZ",UNINCORPORATED,-122.15189361572266,37.225292205810547
92286804,2023,2024-01-15,9720,2023-12-30,2226,022545,,6,3,9,4400,0,2,4,,1,031,"FREEDOM BLVD","REDWOOD HEIGHTS RD",50.00,W,N,B,-,N,,,,,,,,,,Y,2,0,1,1,A,-,01,23152,A,N,E,8,A,B,H,-,D,D,0,,,,,Y,Y,A,01,1,0,0,0,0,0,0,0,0,"- ","- ",36.987728118896484,-121.84197235107422,"SANTA CRUZ",UNINCORPORATED,-121.84190368652344,36.987667083740234
92286805,2024,2024-01-15,9720,2024-01-06,"726 ",023214,,6,1,9,4400,0,3,5,,2,100,"W ZAYANTE RD.","EL ALAMEIN RD.",320.00,E,N,B,-,N,,,,,,,,,,Y,3,0,1,1,A,-,08,22107,,N,E,8,A,A,H,-,A,D,0,,,,,Y,,A,07,0,1,0,0,0,0,0,0,0,"- ","- ",37.064640045166016,-122.05734252929688,"SANTA CRUZ",UNINCORPORATED,-122.05747222900391,37.064720153808594
92286806,2024,2024-01-15,9720,2024-01-06,1100,022901,,6,1,9,4400,0,2,4,,1,016,"GRAHAM HILL ROAD","LOCKEWOOD LANE",150.00,N,N,B,-,N,,,,,,,,,,N,4,0,1,2,A,-,03,22350,,N,C,C,A,A,H,-,A,A,0,,,,,Y,,A,08,0,0,1,0,0,0,0,0,0,"- ","- ",37.037311553955078,-122.04264831542969,"SANTA CRUZ",UNINCORPORATED,-122.04253387451172,37.037242889404297
92286807,2024,2024-01-15,9720,2024-01-07,1348,022901,,7,1,9,4400,0,1,3,,1,015,SR-9,"LORENZO AVE",25.00,N,N,A,-,Y,SCR,,9," "," ",12.238,H,,R,Y,3,0,1,1,A,-,01,23152,A,N,E,I,A,A,H,-,A,D,0,,,,,Y,Y,-,"- ",0,1,0,0,0,0,0,0,0,"- ","- ",37.113548278808594,-122.11840057373047,"SANTA CRUZ",UNINCORPORATED,-122.11837005615234,37.113563537597656
92287019,2023,2024-01-15,9720,2023-10-12,"309 ",022976,,4,3,9,4400,0,2,4,,1,031,"FREEDOM BLVD","SCURICH LN",300.00,S,N,A,-,N,,,,,,,,,,Y,3,0,1,2,A,-,08,22107,,M,E,8,A,A,H,-,D,D,0,,,,,Y,,A,07,0,1,0,0,0,0,0,0,0,"- ","- ",36.950778961181641,-121.79444885253906,"SANTA CRUZ",UNINCORPORATED,-121.79464721679688,36.9508056640625
92287204,2024,2024-01-16,9720,2024-01-09,1100,021211,,2,1,9,4400,0,2,4,,1,024,"PORTOLA DR","CORCORAN AVE.",200.00,E,N,B,-,N,,,,,,,,,,N,3,0,1,2,A,-,08,22107,,N,H,G,A,A,H,-,A,D,0,,Y,,,Y,,A,07,0,1,0,0,0,0,1,0,0,"- ","- ",36.962848663330078,-121.98113250732422,"SANTA CRUZ",UNINCORPORATED,-121.981201171875,36.962886810302734
92287749,2023,2024-01-16,9720,2023-12-11,1725,023516,,1,2,9,4400,0,1,3,,1,015,"SR-9 S/B","MOUNTAIN ST",6.00,N,N,B,-,Y,SCR,,9," "," ",12.780,H,,L,N,2,0,1,2,A,-,10,21950,A,N,G,B,B,A,H,-,C,D,0,Y,,,,Y,,-,"- ",1,0,0,0,1,0,0,0,0,"- ","- ",37.120578765869141,-122.12095642089844,"SANTA CRUZ",UNINCORPORATED,-122.12092590332031,37.120582580566406
92288085,2024,2024-01-16,9720,2024-01-07,2035,023186,,7,2,9,4400,0,2,4,,1,032,"GREEN VALLEY RD","CELIA DR",141.00,N,N,A,-,N,,,,,,,,,,Y,3,0,1,3,A,-,01,23152,A,N,B,C,A,A,H,-,C,D,0,,,,,Y,Y,A,07,0,1,0,0,0,0,0,0,0,"- ","- ",36.954349517822266,-121.76497650146484,"SANTA CRUZ",UNINCORPORATED,-121.76493835449219,36.954227447509766
92290233,2024,2024-01-18,9720,2024-01-06,1226,023166,,6,1,9,4400,0,1,3,,2,020,"SR-1 N/B","41ST AVE",1003.00,S,N,B,-,Y,SCR,,1," "," ",13.411,H,,R,Y,4,0,1,2,A,-,01,23152,A,N,E,I,A,B,D,-,A,A,0,,,,,Y,Y,A,07,0,0,1,0,0,0,0,0,0,"- ","- ",36.982948303222656,-121.96070861816406,"SANTA CRUZ",UNINCORPORATED,-121.96070861816406,36.982921600341797
92291084,2024,2024-01-18,9720,2024-01-07,"830 ",022976,,7,1,9,4400,0,1,3,,2,030,"SR-1 N/B","BUENA VISTA DR",25.00,S,N,A,-,Y,SCR,,1," ",R,4.065,H,,R,Y,4,0,1,1,A,-,03,22350,,N,E,I,A,A,H,-,A,D,0,,,,,Y,,A,01,0,0,1,0,0,0,0,0,0,"- ","- ",36.931610107421875,-121.81014251708984,"SANTA CRUZ",UNINCORPORATED,-121.81018829345703,36.931507110595703
92291103,2024,2024-01-19,9720,2024-01-06,2307,023345,,6,3,9,4400,0,1,3,,1,017,"SR-17 S/B","LA MADRONA DR",1637.00,S,N,A,-,Y,SCR,,17," "," ",2.535,H,,L,Y,3,0,1,1,A,-,01,23152,A,N,E,I,A,B,H,-,B,D,0,,,,,Y,Y,A,01,0,1,0,0,0,0,0,0,0,"- ","- ",37.023971557617188,-122.02706146240234,"SANTA CRUZ",UNINCORPORATED,-122.02699279785156,37.023975372314453
92291113,2024,2024-01-19,9720,2024-01-10,1210,023447,,3,1,9,4400,0,3,5,,2,200,"RODRIGUEZ ST","BURR CT",0.00,,Y,B,C,N,,,,,,,,,,Y,4,0,1,2,A,-,09,21802,A,N,D,C,A,B,H,-,A,A,0,,,,,Y,,A,07,0,0,1,0,0,0,0,0,0,"- ","- ",36.98236083984375,-121.98246765136719,"SANTA CRUZ",UNINCORPORATED,-121.98246002197266,36.982376098632812
92291114,2024,2024-01-19,9720,2024-01-10,2200,023507,,3,3,9,4400,0,1,3,,2,020,"SR-1 S/B","EMELINE AVE",680.00,N,N,B,-,Y,SCR,,1," "," ",16.830,H,,R,N,2,0,2,1,A,-,03,22350,,N,E,8,A,B,H,-,D,A,0,,,,,Y,,A,01,1,1,0,0,0,0,0,0,0,"- ","- ",36.989639282226562,-122.02162170410156,"SANTA CRUZ",UNINCORPORATED,-122.02156066894531,36.989719390869141
92291115,2024,2024-01-19,9720,2024-01-07,1638,023345,,7,2,9,4400,0,2,4,,1,021,"SOQUEL DR","PERIMETER RD",360.00,N,N,A,-,N,,,,,,,,,,N,4,0,1,2,A,-,07,21658,A,N,H,G,A,A,H,-,A,D,0,,Y,,,Y,,M,91,0,0,1,0,0,0,1,0,0,"- ","- ",36.987979888916016,-121.92295837402344,"SANTA CRUZ",UNINCORPORATED,-121.92996978759766,36.990360260009766
92291810,2024,2024-01-19,9720,2024-01-11,1745,022545,,4,2,9,4400,0,1,3,,2,020,"SR-1 S/B","PARK AVE",1056.00,S,N,A,-,Y,SCR,,1," "," ",11.889,H,,L,Y,4,0,1,2,A,-,03,22350,,N,C,C,A,A,H,-,D,D,0,,,,,Y,,A,07,0,0,1,0,0,0,0,0,0,"- ","- ",36.983898162841797,-121.93325805664062,"SANTA CRUZ",UNINCORPORATED,-121.93325805664062,36.983890533447266
92291862,2024,2024-01-19,9720,2024-01-12,1824,022545,,5,2,9,4400,0,1,3,,2,020,"SR-1 N/B","EMELINE AVE",1056.00,S,N,A,-,Y,SCR,,1," "," ",16.385,H,,R,N,4,0,1,2,A,-,07,21658,A,N,B,C,A,A,H,-,D,D,0,,,,,Y,,A,01,0,0,1,0,0,0,0,0,0,"- ","- ",36.988750457763672,-122.01341247558594,"SANTA CRUZ",UNINCORPORATED,-122.01341247558594,36.988693237304688
92291929,2024,2024-01-19,9720,2024-01-07,1650,023214,,7,2,9,4400,0,2,4,,1,024,"CAPITOLA RD.","30TH AVE.",166.00,W,N,A,-,N,,,,,,,,,,Y,3,0,2,2,A,-,09,21804,A,N,D,C,A,A,H,-,A,D,0,,,,,Y,,A,07,0,1,1,0,0,0,0,0,0,"- ","- ",36.973789215087891,-121.973876953125,"SANTA CRUZ",UNINCORPORATED,-121.97377777099609,36.973758697509766
92291957,2024,2024-01-19,9720,2024-01-11,1410,023214,,4,2,9,4400,0,2,4,,1,024,"CAPITOLA RD.","CHANTICLEER AVE.",0.00,,Y,A,-,N,,,,,,,,,,N,4,0,1,2,A,-,12,21453,A,N,H,G,A,A,H,-,A,A,0,,Y,,,Y,,A,07,0,0,1,0,0,0,1,0,0,"- ","- ",36.975681304931641,-121.98053741455078,"SANTA CRUZ",UNINCORPORATED,-121.98067474365234,36.975589752197266
92292186,2024,2024-01-22,9720,2024-01-11,1920,022545,,4,2,9,4400,0,1,3,,2,020,"SR-1 S/B","STATE PARD DR",310.00,N,N,A,-,Y,SCR,,1," "," ",10.598,H,,L,N,4,0,1,2,A,-,07,21658,A,N,C,C,A,A,H,-,D,D,0,,,,,Y,Y,A,07,0,0,1,0,0,0,0,0,0,"- ","- ",36.978408813476562,-121.91143035888672,"SANTA CRUZ",UNINCORPORATED,-121.91141510009766,36.978427886962891
92293658,2024,2024-01-22,9720,2024-01-12,1344,023214,,5,1,9,4400,0,2,4,,1,021,"SOQUEL DR.","THURBER LN.",145.00,W,N,A,-,N,,,,,,,,,,N,3,0,1,2,A,-,08,22107,,N,H,G,A,A,H,-,A,D,0,,Y,,,Y,,A,07,0,1,0,0,0,0,1,0,0,"- ","- ",36.988979339599609,-121.97972106933594,"SANTA CRUZ",UNINCORPORATED,-121.97965240478516,36.988883972167969
92293704,2023,2024-01-22,9720,2023-12-11,1140,023516,,1,1,9,4400,0,1,3,,1,015,SR-9,"PARK WAY",190.00,N,N,A,-,Y,SCR,,9," "," ",8.840,H,,R,N,4,0,1,2,A,-,00,2818,,N,B,C,A,A,D,-,A,A,0,,,,,Y,,D,22,0,0,1,0,0,0,0,0,0,"- ","- ",37.081668853759766,-122.08515167236328,"SANTA CRUZ",UNINCORPORATED,-122.08516693115234,37.081653594970703
92294043,2024,2024-01-22,9720,2024-01-15,"615 ",023447,,1,1,9,4400,0,1,3,,2,030,"SR-1 N/B","MAIN ST",310.00,S,N,B,-,Y,SCR,,1," ",R,2.623,H,,R,Y,3,0,1,1,A,-,08,22107,,N,E,I,A,A,H,-,D,D,0,,,,,Y,,A,07,0,1,0,0,0,0,0,0,0,"- ","- ",36.918880462646484,-121.78974914550781,"SANTA CRUZ",UNINCORPORATED,-121.78965759277344,36.918914794921875
92294048,2024,2024-01-22,9720,2024-01-15,1430,023447,,1,2,9,4400,0,1,3,,2,030,"SR-1 N/B","HARKINS SLOUGH RD",110.00,S,N,A,-,Y,SCR,,1," ",R,2.072,H,,R,Y,3,0,2,2,A,-,03,22350,,N,C,C,A,A,H,-,A,D,0,,,,,Y,,A,01,0,1,1,0,0,0,0,0,0,"- ","- ",36.911949157714844,-121.78524780273438,"SANTA CRUZ",UNINCORPORATED,-121.78520202636719,36.911972045898438
92294079,2024,2024-01-22,9720,2024-01-17,"830 ",023516,,3,1,9,4400,0,3,5,,2,200,"PORTER ST","WALNUT ST",80.00,S,N,C,-,N,,,,,,,,,,N,4,0,1,2,A,-,09,21804,A,N,D,C,A,B,H,-,A,D,0,,,,,Y,,A,07,0,0,1,0,0,0,0,0,0,"- ","- ",36.985668182373047,-121.95761871337891,"SANTA CRUZ",UNINCORPORATED,-121.95736694335938,36.985679626464844
92294776,2023,2024-01-23,9720,2023-12-30,1800,022976,,6,2,9,4400,0,1,3,,1,035,SR-129,"SR-1 N/B",0.00,,Y,A,-,Y,SCR,,129," ",L,0.119,H,,R,Y,4,0,2,2,A,-,09,21801,A,N,D,C,A,A,H,-,C,D,0,,,,,Y,,A,01,0,0,2,0,0,0,0,0,0,"- ","- ",36.895221710205078,-121.77217864990234,"SANTA CRUZ",UNINCORPORATED,-121.77210235595703,36.8951416015625
92294782,2023,2024-01-23,9720,2023-07-28,2500,023214,,5,4,9,4400,0,3,5,,2,100,"BEAR CREEK ROAD","HAWK RIDGE ROAD",566.00,E,N,B,-,N,,,,,,,,,,Y,1,1,0,1,A,-,08,22107,,N,E,8,A,B,H,-,B,D,0,,,,,Y,,A,01,0,0,0,0,0,0,0,0,0,"- ","- ",37.161689758300781,-122.07936096191406,"SANTA CRUZ",UNINCORPORATED,-122.07955169677734,37.161685943603516
92295337,2024,2024-01-23,9720,2024-01-16,2045,023573,,2,2,9,4400,0,1,3,,1,017,"SR-17 S/B","MOUNT HERMON RD",2640.00,N,N,C,-,Y,,,,,,,,,,Y,3,0,1,1,A,-,03,22350,,N,E,I,A,B,H,-,D,D,0,,,,,Y,,A,01,0,1,0,0,0,0,0,0,0,"- ","- ",37.024711608886719,-122.0013427734375,"SANTA CRUZ",UNINCORPORATED,-122.0164794921875,37.041389465332031
92296847,2024,2024-01-25,9720,2024-01-13,1435,023345,,6,2,9,4400,0,2,4,,1,022,"SOQUEL SAN JOSE RD","OLSON RD",2006.00,N,N,C,-,N,,,,,,,,,,Y,3,0,1,1,A,-,03,22350,,N,E,I,A,B,H,-,A,D,0,,,,,Y,Y,A,01,0,1,0,0,0,0,0,0,0,"- ","- ",37.063041687011719,-121.94100189208984,"SANTA CRUZ",UNINCORPORATED,-121.94111633300781,37.062358856201172
92297210,2024,2024-01-25,9720,2024-01-17,"140 ",023573,,3,3,9,4400,0,1,3,,1,017,"SR-17 S/B","GLENWOOD DR",400.00,N,N,C,-,Y,SCR,,17," "," ",10.708,H,,L,Y,3,0,1,1,A,-,03,22350,,N,E,8,A,B,H,-,D,D,0,,,,,Y,,A,01,0,1,0,0,0,0,0,0,0,"- ","- ",37.120811462402344,-121.97583770751953,"SANTA CRUZ",UNINCORPORATED,-121.97588348388672,37.120830535888672