CASE_ID,ACCIDENT_YEAR,PROC_DATE,JURIS,COLLISION_DATE,COLLISION_TIME,OFFICER_ID,REPORTING_DISTRICT,DAY_OF_WEEK,CHP_SHIFT,POPULATION,CNTY_CITY_LOC,SPECIAL_COND,BEAT_TYPE,CHP_BEAT_TYPE,CITY_DIVISION_LAPD,CHP_BEAT_CLASS,BEAT_NUMBER,PRIMARY_RD,SECONDARY_RD,DISTANCE,DIRECTION,INTERSECTION,WEATHER_1,WEATHER_2,STATE_HWY_IND,CALTRANS_COUNTY,CALTRANS_DISTRICT,STATE_ROUTE,ROUTE_SUFFIX,POSTMILE_PREFIX,POSTMILE,LOCATION_TYPE,RAMP_INTERSECTION,SIDE_OF_HWY,TOW_AWAY,COLLISION_SEVERITY,NUMBER_KILLED,NUMBER_INJURED,PARTY_COUNT,PRIMARY_COLL_FACTOR,PCF_CODE_OF_VIOL,PCF_VIOL_CATEGORY,PCF_VIOLATION,PCF_VIOL_SUBSECTION,HIT_AND_RUN,TYPE_OF_COLLISION,MVIW,PED_ACTION,ROAD_SURFACE,ROAD_COND_1,ROAD_COND_2,LIGHTING,CONTROL_DEVICE,CHP_ROAD_TYPE,PEDESTRIAN_ACCIDENT,BICYCLE_ACCIDENT,MOTORCYCLE_ACCIDENT,TRUCK_ACCIDENT,NOT_PRIVATE_PROPERTY,ALCOHOL_INVOLVED,STWD_VEHTYPE_AT_FAULT,CHP_VEHTYPE_AT_FAULT,COUNT_SEVERE_INJ,COUNT_VISIBLE_INJ,COUNT_COMPLAINT_PAIN,COUNT_PED_KILLED,COUNT_PED_INJURED,COUNT_BICYCLIST_KILLED,COUNT_BICYCLIST_INJURED,COUNT_MC_KILLED,COUNT_MC_INJURED,PRIMARY_RAMP,SECONDARY_RAMP,LATITUDE,LONGITUDE,COUNTY,CITY,POINT_X,POINT_Y
92297353,2024,2024-05-02,9720,2024-01-17,1615,021211,,3,2,9,4400,0,3,5,,2,300,"SAN ANDREAS RD","DAIRY RD",2112.00,N,N,B,-,N,,,,,,,,,,Y,4,0,2,2,A,-,09,21801,A,N,A,C,A,A,H,-,A,D,0,,,,,Y,,A,07,0,0,2,0,0,0,0,0,0,"- ","- ",36.892421722412109,-121.81105041503906,"SANTA CRUZ",UNINCORPORATED,-121.81120300292969,36.892642974853516
92297370,2024,2024-01-25,9720,2024-01-14,2012,022879,,7,2,9,4400,0,2,4,,1,021,"SOQUEL DR.","APTOS WHARF RD.",0.00,,Y,A,-,N,,,,,,,,,,N,3,0,1,2,A,-,09,21802,A,N,H,G,A,A,H,-,C,D,0,,Y,,,Y,,A,07,0,1,0,0,0,0,1,0,0,"- ","- ",36.976551055908203,-121.90503692626953,"SANTA CRUZ",UNINCORPORATED,-121.90499114990234,36.976600646972656
92300851,2024,2024-01-30,9720,2024-01-18,1152,023447,,4,1,9,4400,0,2,4,,1,021,"CHANTICLEER AVE","SOQUEL DR",0.00,,Y,A,-,N,,,,,,,,,,Y,3,0,1,2,A,-,09,21802,A,N,D,C,A,A,H,-,A,A,0,,,,,Y,,A,07,0,1,0,0,0,0,0,0,0,"- ","- ",36.988498687744141,-121.97802734375,"SANTA CRUZ",UNINCORPORATED,-121.97798919677734,36.988506317138672
92300980,2024,2024-01-30,9720,2024-01-19,"800 ",023387,,5,1,9,4400,0,3,5,,2,100,"FELTON EMPIRE RD","EMPIRE GRADE RD",1320.00,E,N,B,-,N,,,,,,,,,,Y,4,0,1,1,A,-,08,22107,,N,E,I,A,B,H,-,A,D,0,,,,,Y,,A,07,0,0,1,0,0,0,0,0,0,"- ","- ",37.058578491210938,-122.11852264404297,"SANTA CRUZ",UNINCORPORATED,-122.11873626708984,37.058486938476562
92301203,2024,2024-01-30,9720,2024-01-18,"955 ",023331,,4,1,9,4400,0,3,5,,2,200,"STATE PARK DRIVE","SEA RIDGE RD",686.00,N,N,B,-,N,,,,,,,,,,N,3,0,1,2,A,-,08,22107,,N,H,G,A,A,H,-,A,D,0,,Y,,,Y,,A,01,0,1,0,0,0,0,1,0,0,"- ","- ",36.977519989013672,-121.91075134277344,"SANTA CRUZ",UNINCORPORATED,-121.91091156005859,36.977375030517578
92301289,2024,2024-01-30,9720,2024-01-21,1005,022901,,7,1,9,4400,0,1,3,,1,017,"SR-17 S/B","MOUNT HERMON ROAD",1320.00,S,N,B,C,Y,SCR,,17," "," ",2.869,H,,L,Y,3,0,1,1,A,-,03,22350,,N,E,I,A,B,H,-,A,D,0,,,,,Y,,A,01,0,1,0,0,0,0,0,0,0,"- ","- ",37.028129577636719,-122.02424621582031,"SANTA CRUZ",UNINCORPORATED,-122.02418518066406,37.028083801269531
92301326,2024,2024-01-31,9720,2024-01-18,2053,023507,,4,2,9,4400,0,2,4,,1,024,"E CLIFF DRIVE","15TH AVENUE",60.00,W,N,A,-,N,,,,,,,,,,Y,2,0,1,1,A,-,01,23152,A,N,E,8,A,A,H,-,C,D,0,,,,,Y,Y,A,01,1,0,0,0,0,0,0,0,0,"- ","- ",36.963630676269531,-121.9912109375,"SANTA CRUZ",UNINCORPORATED,-121.99103546142578,36.963573455810547
92301573,2024,2024-01-31,9720,2024-01-26,"807 ",019956,,5,1,9,4400,0,3,5,,2,200,"FELT ST","17TH AVE",20.00,E,N,B,-,N,,,,,,,,,,N,4,0,1,2,A,-,04,21703,,N,C,C,A,A,H,-,A,A,0,,,,,Y,,A,01,0,0,1,0,0,0,0,0,0,"- ","- ",36.967430114746094,-121.98506164550781,"SANTA CRUZ",UNINCORPORATED,-121.98514556884766,36.967433929443359
92301976,2024,2024-01-31,9720,2024-01-12,1943,023345,,5,2,9,4400,0,3,5,,2,300,"W BEACH ST","PANABAKER RD",565.00,E,N,A,-,N,,,,,,,,,,Y,3,0,2,1,A,-,01,23152,A,N,E,I,A,A,H,-,D,D,0,,,,,Y,Y,A,01,0,1,1,0,0,0,0,0,0,"- ","- ",36.891071319580078,-121.78677368164062,"SANTA CRUZ",UNINCORPORATED,-121.78673553466797,36.891025543212891
92302067,2024,2024-01-31,9720,2024-01-19,1708,023387,,5,2,9,4400,0,3,5,,2,100,"EAST ZAYANTE RD","SYLVAN WAY",500.00,S,N,B,C,N,,,,,,,,,,N,3,0,1,1,A,-,01,23152,A,N,E,I,A,B,H,-,D,D,0,,,,,Y,Y,A,07,0,1,0,0,0,0,0,0,0,"- ","- ",37.080131530761719,-122.05095672607422,"SANTA CRUZ",UNINCORPORATED,-122.05097198486328,37.080219268798828
92303329,2024,2024-02-01,9720,2024-01-20,1905,023345,,6,2,9,4400,0,1,3,,1,017,"SR-17 N/B","MT HERMON RD OVERCROSS",163.00,N,N,C,-,Y,SCR,,17," "," ",3.459,H,,R,Y,3,0,1,1,A,-,01,23152,A,N,E,8,A,B,H,-,C,D,0,,,,,Y,Y,A,01,0,1,0,0,0,0,0,0,0,"- ","- ",37.035888671875,-122.02088165283203,"SANTA CRUZ",UNINCORPORATED,-122.02082824707031,37.035846710205078
92303358,2024,2024-02-02,9720,2024-01-22,1315,023516,,1,1,9,4400,0,1,3,,1,017,"SR-17 S/B","SUMMIT RD",325.00,S,N,B,-,Y,SCL,,17," "," ",0.049,H,,L,Y,4,0,1,1,A,-,03,22350,,N,E,I,A,B,H,-,A,D,0,,,,,Y,,A,01,0,0,1,0,0,0,0,0,0,"- ","- ",37.144741058349609,-121.984619140625,"SANTA CRUZ",UNINCORPORATED,-121.98466491699219,37.144741058349609
92303368,2024,2024-02-02,9720,2024-01-22,1542,023516,,1,2,9,4400,0,1,3,,1,017,"SR-17 S/B","MOUNT HERMON ROAD",2640.00,N,N,B,-,Y,SCR,,17," "," ",3.952,H,,L,Y,4,0,1,2,A,-,01,23152,A,N,C,2,A,B,H,-,A,D,0,,,,,Y,Y,D,22,0,0,1,0,0,0,0,0,0,"- ","- ",37.041740417480469,-122.01634216308594,"SANTA CRUZ",UNINCORPORATED,-122.01632690429688,37.041736602783203
92303371,2024,2024-02-02,9720,2024-01-24,"844 ",023516,,3,1,9,4400,0,1,3,,2,020,"SR-1 N/B","PARK AVE",200.00,S,N,C,-,Y,SCR,,1," "," ",11.992,H,,R,N,4,0,1,3,A,-,03,22350,,N,C,C,A,B,H,-,A,D,0,,,,,Y,,A,01,0,0,1,0,0,0,0,0,0,"- ","- ",36.984081268310547,-121.93506622314453,"SANTA CRUZ",UNINCORPORATED,-121.93507385253906,36.984062194824219
92304272,2024,2024-02-02,9720,2024-01-23,2200,023502,,2,3,9,4400,0,3,5,,2,100,"BEAR CREEK RD","SKYLINE BLVD",24.00,W,N,A,-,N,,,,,,,,,,N,4,0,1,1,A,-,03,22350,,N,E,I,A,B,H,-,D,D,0,,,,,Y,,A,01,0,0,1,0,0,0,0,0,0,"- ","- ",37.166660308837891,-122.02639007568359,"SANTA CRUZ",UNINCORPORATED,-122.02626800537109,37.166797637939453
92304325,2024,2024-02-02,9720,2024-01-24,"936 ",023447,,3,1,9,4400,0,1,3,,1,017,"SR-17 S/B","SUMMIT RD",250.00,S,N,B,C,Y,SCL,,17," "," ",0.052,H,,L,Y,4,0,1,1,A,-,03,22350,,N,E,I,A,B,H,-,A,D,0,,,,,Y,,D,22,0,0,1,0,0,0,0,0,0,"- ","- ",37.144771575927734,-121.98464202880859,"SANTA CRUZ",UNINCORPORATED,-121.98466491699219,37.144771575927734
92305808,2024,2024-02-05,9720,2024-01-25,"657 ",023387,,4,1,9,4400,0,1,3,,2,020,"SR-1 N/B","STATE PARD DR",3696.00,S,N,A,-,Y,SCR,,1," "," ",9.835,H,,R,N,4,0,1,3,A,-,03,22350,,N,C,C,A,B,H,-,A,D,0,,,,,Y,,D,22,0,0,1,0,0,0,0,0,0,"- ","- ",36.974910736083984,-121.89865875244141,"SANTA CRUZ",UNINCORPORATED,-121.89865875244141,36.974937438964844
92305929,2024,2024-02-05,9720,2024-01-25,1533,023214,,4,2,9,4400,0,2,4,,1,016,"GRAHAM HILL RD.",SR-9,0.00,,Y,A,-,N,,,,,,,,,,N,4,0,1,2,A,-,08,22107,,N,B,C,A,A,H,-,A,A,0,,,,Y,Y,,G,25,0,0,1,0,0,0,0,0,0,"- ","- ",37.053009033203125,-122.07317352294922,"SANTA CRUZ",UNINCORPORATED,-122.07325744628906,37.053081512451172
92305935,2024,2024-02-05,9720,2024-01-25,1135,019956,,4,1,9,4400,0,2,4,,1,021,"SOQUEL DR","SOUTH RODEO GULCH RD",0.00,,Y,A,-,N,,,,,,,,,,Y,4,0,1,2,A,-,12,21453,A,N,D,C,A,A,H,-,A,A,0,,,,,Y,,A,07,0,0,1,0,0,0,0,0,0,"- ","- ",36.987548828125,-121.96962738037109,"SANTA CRUZ",UNINCORPORATED,-121.96955871582031,36.987606048583984
92306104,2024,2024-02-06,9720,2024-01-24,1000,023636,,3,1,9,4400,0,1,3,,2,020,"SR-1 S/B","MORRISSEY BLVD",100.00,S,N,C,-,Y,SCR,,1," "," ",15.716,H,,L,Y,3,0,1,2,A,-,07,21658,A,N,B,C,A,B,H,-,A,D,0,,,,,Y,,A,01,0,1,0,0,0,0,0,0,0,"- ","- ",36.988269805908203,-122.00153350830078,"SANTA CRUZ",UNINCORPORATED,-122.00153350830078,36.988189697265625
92307062,2024,2024-02-06,9720,2024-01-21,"902 ",022976,,7,1,9,4400,0,1,3,,2,020,"SR-1 N/B","RIO DEL MAR BOULEVARD",800.00,S,N,C,-,Y,SCR,,1," "," ",8.978,H,,R,N,4,0,1,2,A,-,03,22350,,N,C,C,A,B,H,-,A,D,0,,,,,Y,Y,A,07,0,0,1,0,0,0,0,0,0,"- ","- ",36.974140167236328,-121.88330841064453,"SANTA CRUZ",UNINCORPORATED,-121.88330078125,36.974163055419922
92307082,2024,2024-02-06,9720,2024-02-04,"834 ",018569,,7,1,9,4400,0,1,3,,2,020,"SOUTHBOUND SR-1","STATE PARK DRIVE OVERCROSSING",1584.00,S,N,B,C,Y,SCR,,1," "," ",10.231,H,,R,N,4,0,1,1,A,-,03,22350,,N,E,I,A,B,H,-,A,D,0,,,,,Y,,A,01,0,0,1,0,0,0,0,0,0,"- ","- ",36.975631713867188,-121.90567016601562,"SANTA CRUZ",UNINCORPORATED,-121.90562438964844,36.975738525390625
92307096,2024,2024-02-06,9720,2024-01-25,1001,023214,,4,1,9,4400,0,1,3,,1,014,SR-9,"STAPP RD.",55.00,S,N,A,-,Y,SCR,,9," "," ",17.807,H,,R,Y,4,0,1,1,A,-,08,22107,,N,E,I,A,B,H,-,A,D,0,,,,,Y,,A,01,0,0,1,0,0,0,0,0,0,"- ","- ",37.188869476318359,-122.14314270019531,"SANTA CRUZ",UNINCORPORATED,-122.14321136474609,37.188831329345703
92307251,2024,2024-02-06,9720,2024-01-30,"949 ",023214,,2,1,9,4400,0,1,3,,1,017,"SB SR-17","CRESCENT DR.",1100.00,N,N,A,-,Y,SCR,,17," "," ",7.134,H,,R,N,4,0,1,3,C,-,18,,,N,H,7,A,A,H,-,A,D,0,,,,,Y,,-,"- ",0,0,1,0,0,0,0,0,0,"- ","- ",37.0760498046875,-121.98676300048828,"SANTA CRUZ",UNINCORPORATED,-121.9866943359375,37.075981140136719
92307268,2024,2024-02-06,9720,2024-02-01,1240,023214,,4,1,9,4400,0,1,3,,1,017,"SR-17 S/B","GLENWOOD DR.",0.00,,Y,B,-,Y,SCR,,17," "," ",10.640,H,,L,Y,3,0,1,2,A,-,09,21802,A,N,A,C,A,B,H,-,A,D,0,,,,,Y,,A,07,0,1,0,0,0,0,0,0,0,"- ","- ",37.119819641113281,-121.97614288330078,"SANTA CRUZ",UNINCORPORATED,-121.97608184814453,37.119827270507812
92307998,2024,2024-02-07,9720,2024-01-27,2117,022545,,6,2,9,4400,0,1,3,,2,020,"SR-1 N/B","OCEAN ST",528.00,S,N,A,-,Y,SCR,,1," "," ",17.143,H,,R,N,4,0,1,2,A,-,05,21651,A,F,C,2,A,A,H,-,C,D,0,,,,,Y,,-,99,0,0,1,0,0,0,0,0,0,"- ","- ",36.987888336181641,-122.0235595703125,"SANTA CRUZ",UNINCORPORATED,-122.02360534667969,36.987911224365234
92308069,2024,2024-02-07,9720,2024-01-27,1421,023657,,6,2,9,4400,0,3,5,,2,200,"N RODEO GULCH RD","HEIDI LANE",1848.00,S,N,A,-,N,,,,,,,,,,N,4,0,1,2,A,-,03,22350,,N,B,C,A,A,H,-,A,D,0,,,,,Y,,A,07,0,0,1,0,0,0,0,0,0,"- ","- ",37.028598785400391,-121.96485137939453,"SANTA CRUZ",UNINCORPORATED,-121.96486663818359,37.028724670410156
92308219,2024,2024-02-07,9720,2024-01-29,1440,023610,,1,2,9,4400,0,2,4,,1,024,"EL DORADO AVE","FREYA PI",62.00,S,N,A,-,N,,,,,,,,,,N,3,0,2,2,A,-,08,22107,,N,C,E,A,A,H,-,A,D,0,,,,,Y,,A,08,0,2,0,0,0,0,0,0,0,"- ","- ",36.975589752197266,-121.98822021484375,"SANTA CRUZ",UNINCORPORATED,-121.98817443847656,36.975543975830078
92308456,2024,2024-02-08,9720,2024-01-26,1410,023618,,5,2,9,4400,0,1,3,,1,010,SR-1,"BONNY DOON RD",4752.00,S,N,B,-,Y,SCR,,1," "," ",27.086,H,,R,Y,3,0,4,3,A,-,03,22350,,N,C,C,A,A,H,-,A,D,0,,,,,Y,,-,"- ",0,4,0,0,0,0,0,0,0,"- ","- ",36.995800018310547,-122.17289733886719,"SANTA CRUZ",UNINCORPORATED,-122.17292022705078,36.995780944824219
92309621,2024,2024-02-08,9720,2024-01-27,1530,023387,,6,2,9,4400,0,2,4,,1,022,"SOQUEL SAN JOSE RD","HOOVER RD",4752.00,N,N,B,-,N,,,,,,,,,,N,4,0,1,2,A,-,03,22350,,M,B,E,A,A,H,-,A,D,0,,,,,Y,,A,07,0,0,1,0,0,0,0,0,0,"- ","- ",37.069580078125,-121.93852233886719,"SANTA CRUZ",UNINCORPORATED,-121.94000244140625,37.067623138427734
92309642,2024,2024-02-08,9720,2024-01-28,1750,022545,,7,2,9,4400,0,1,3,,1,010,SR-1,"COAST RD",80.00,N,N,A,-,Y,SCR,,1," "," ",21.801,H,,R,N,3,0,1,2,A,-,08,22107,,N,H,6,A,A,H,-,B,D,0,,Y,Y,,Y,,C,02,0,1,0,0,0,0,1,0,0,"- ","- ",36.96160888671875,-122.08953094482422,"SANTA CRUZ",UNINCORPORATED,-122.08955383300781,36.961723327636719
92310265,2024,2024-02-09,9720,2024-01-30,"927 ",023345,,2,1,9,4400,0,1,3,,1,015,SR-9,"EXIT RD",1742.00,N,N,A,-,Y,SCR,,9," "," ",2.026,H,,R,Y,3,0,1,1,A,-,08,22107,,N,E,I,A,A,H,-,A,D,0,,,,,Y,,A,01,0,1,0,0,0,0,0,0,0,"- ","- ",37.007278442382812,-122.044921875,"SANTA CRUZ",UNINCORPORATED,-122.04489898681641,37.007312774658203
9231027,2021,2021-03-29,4403,2021-02-01,0509,418,5-25,1,5,4,4403,0,0,0,,0,005,"GREEN VALLEY RD","GREEN MEADOW DR",100.00,E,N,-,-,N,,,,,,,,,,Y,4,0,1,2,A,-,08,22100,A,N,B,C,A,A,H,-,C,A,0,,,,,Y,,A,01,0,0,1,0,0,0,0,0,0,"- ","- ",,,"SANTA CRUZ",WATSONVILLE,-121.78445434570312,36.917064666748047
92310329,2024,2024-02-09,9720,2024-01-31,1745,023345,,3,2,9,4400,0,2,4,,1,024,"BROMMER ST","BROMMER WAY",262.00,W,N,C,-,N,,,,,,,,,,N,3,0,1,2,A,-,21,22106,,N,D,C,A,B,H,-,C,D,0,,,Y,,Y,,D,22,0,1,0,0,0,0,0,0,1,"- ","- ",36.971668243408203,-121.98745727539062,"SANTA CRUZ",UNINCORPORATED,-121.98744964599609,36.971668243408203
92312045,2024,2024-02-12,9720,2024-02-04,1705,023387,,7,2,9,4400,0,1,3,,1,017,"SR-17 N/B","EL RANCHO DR",4752.00,S,N,C,G,Y,SCR,,17," "," ",1.327,H,,R,N,3,0,1,1,C,-,18,,,N,E,J,A,B,H,-,B,D,0,,,,,Y,,-,"- ",0,1,0,0,0,0,0,0,0,"- ","- ",37.007671356201172,-122.02110290527344,"SANTA CRUZ",UNINCORPORATED,-122.02114105224609,37.007659912109375
92312171,2024,2024-02-12,9720,2024-01-31,1720,023636,,3,2,9,4400,0,1,3,,1,034,SR-152,"HOLOHAN ROAD",100.00,N,N,C,-,Y,SCR,,152," ",R,2.019,H,,R,Y,4,0,2,2,A,-,09,21804,,N,A,C,A,B,H,-,A,A,0,,,,,Y,,A,01,0,0,2,0,0,0,0,0,0,"- ","- ",36.93634033203125,-121.74331665039062,"SANTA CRUZ",UNINCORPORATED,-121.7432861328125,36.936336517333984
92312990,2024,2024-02-13,9720,2024-02-01,1500,023610,,4,2,9,4400,0,1,3,,2,020,"SR-1 N/B","SOQUEL DR",2112.00,S,N,B,-,Y,SCR,,1," "," ",14.472,H,,R,N,3,0,1,2,A,-,04,21703,,N,C,C,A,B,D,-,A,D,0,,,,,Y,,D,22,0,1,0,0,0,0,0,0,0,"- ","- ",36.985500335693359,-121.97943115234375,"SANTA CRUZ",UNINCORPORATED,-121.97943878173828,36.985485076904297
92313032,2024,2024-02-13,9720,2024-02-01,1426,023657,,4,2,9,4400,0,1,3,,1,017,"N/B SR-17","EL RANCHO DRIVE",100.00,S,N,B,C,Y,SCR,,17," "," ",2.144,H,,R,Y,2,0,1,1,A,-,03,22350,,N,E,I,A,B,H,-,A,D,0,,,,,Y,,D,22,1,0,0,0,0,0,0,0,0,"- ","- ",37.018459320068359,-122.02767181396484,"SANTA CRUZ",UNINCORPORATED,-122.02763366699219,37.018463134765625
92313218,2024,2024-02-13,9720,2024-02-02,1330,023618,,5,1,9,4400,0,3,5,,2,100,"KINGS HIGHWAY","ROBIN HOOD LN",3168.00,W,N,B,C,N,,,,,,,,,,N,3,0,1,1,A,-,21,22106,,N,E,I,A,B,H,-,A,D,0,,,,,Y,,D,23,0,1,0,0,0,0,0,0,0,"- ","- ",37.157489776611328,-122.15789031982422,"SANTA CRUZ",UNINCORPORATED,-122.16185760498047,37.156318664550781
92314195,2024,2024-02-14,9720,2024-02-04,2117,022976,,7,2,9,4400,0,2,4,,1,031,"FREEDOM BOULEVARD","ERTA LANE",1050.00,W,N,B,C,N,,,,,,,,,,Y,4,0,1,1,A,-,03,22350,,N,E,I,A,B,H,-,D,D,0,,,,,Y,,A,01,0,0,1,0,0,0,0,0,0,"- ","- ",36.957748413085938,-121.80216217041016,"SANTA CRUZ",UNINCORPORATED,-121.804931640625,36.959781646728516
92314282,2024,2024-02-14,9720,2024-02-07,1645,019956,,3,2,9,4400,0,1,3,,2,020,"SR-1 S/B","SOQUEL DR",528.00,N,N,B,-,Y,SCR,,1," "," ",14.981,H,,L,Y,3,0,3,2,A,-,03,22350,,N,C,C,A,B,H,-,A,D,0,,,,,Y,,A,01,0,1,2,0,0,0,0,0,0,"- ","- ",36.987388610839844,-121.98838043212891,"SANTA CRUZ",UNINCORPORATED,-121.98837280273438,36.987434387207031
92314289,2024,2024-02-14,9720,2024-02-04,2000,023146,,7,2,9,4400,0,1,3,,1,014,SR-9,"STAPP RD",200.00,N,N,B,C,Y,SCR,,9," "," ",17.998,H,,R,Y,4,0,2,1,A,-,03,22350,,N,E,I,A,B,H,-,D,D,0,,,,,Y,,A,01,0,0,2,0,0,0,0,0,0,"- ","- ",37.190780639648438,-122.14454650878906,"SANTA CRUZ",UNINCORPORATED,-122.14451599121094,37.190803527832031
92314327,2024,2024-02-15,9720,2024-02-03,2143,022907,,6,2,9,4400,0,1,3,,2,030,"SR-1 N/B","FREEDOM BLVD",1056.00,S,N,B,C,Y,SCR,,1," "," ",8.084,H,,R,Y,3,0,2,2,A,-,03,22350,,N,C,C,A,B,H,-,C,D,0,,,,,Y,,A,01,0,2,0,0,0,0,0,0,0,"- ","- ",36.9676513671875,-121.86955261230469,"SANTA CRUZ",UNINCORPORATED,-121.86958312988281,36.967628479003906
92315125,2024,2024-02-15,9720,2024-02-06,1858,023316,,2,2,9,4400,0,3,5,,2,200,"N RODEO GULCH ROAD","HEIDE LN",890.00,S,N,B,-,N,,,,,,,,,,Y,3,0,1,1,A,-,21,22106,,N,E,8,A,B,H,-,D,D,0,,,,,Y,,A,01,0,1,0,0,0,0,0,0,0,"- ","- ",37.030941009521484,-121.96630859375,"SANTA CRUZ",UNINCORPORATED,-121.96631622314453,37.031078338623047
92315485,2024,2024-02-15,9720,2024-02-08,"730 ",023516,,4,1,9,4400,0,3,5,,2,300,"CORRALITOS RD","SKYLARK LANE",300.00,S,N,A,-,N,,,,,,,,,,Y,4,0,1,3,A,-,09,21804,A,N,D,C,A,A,H,-,A,D,0,,,,,Y,,A,01,0,0,1,0,0,0,0,0,0,"- ","- ",36.976058959960938,-121.80625915527344,"SANTA CRUZ",UNINCORPORATED,-121.80633544921875,36.976058959960938
9231557,2021,2021-03-26,4401,2021-03-02,1525,3654,4401,2,5,3,4401,0,0,0,,0,005,"41ST AV","CLARES ST",0.00,,Y,B,-,N,,,,,,,,,,N,4,0,2,3,A,-,03,22350,,N,C,C,A,A,H,-,A,A,0,,,,,Y,,A,01,0,0,2,0,0,0,0,0,0,"- ","- ",,,"SANTA CRUZ",CAPITOLA,-121.96502685546875,36.978336334228516
9231559,2021,2021-03-26,4401,2021-01-25,1813,520,4401,1,5,3,4401,0,0,0,,0,005,"41ST AV","GROSS RD",0.00,,Y,A,-,N,,,,,,,,,,Y,3,0,1,2,A,-,12,21453,A,F,D,C,A,A,H,-,C,A,0,,,,,Y,,A,01,0,1,0,0,0,0,0,0,0,"- ","- ",,,"SANTA CRUZ",CAPITOLA,-121.96479797363281,36.981090545654297
92316045,2024,2024-02-16,9720,2024-02-06,1745,023573,,2,2,9,4400,0,3,5,,2,100,"BEAR CREEK RD","BEAR MOUNTAIN ROAD",20.00,E,N,A,-,N,,,,,,,,,,Y,3,0,1,1,A,-,03,22350,,N,E,I,A,B,H,-,D,D,0,,,,,Y,,A,07,0,1,0,0,0,0,0,0,0,"- ","- ",37.166671752929688,-122.02642822265625,"SANTA CRUZ",UNINCORPORATED,-122.03042602539062,37.166027069091797
92316160,2023,2024-08-26,9720,2023-10-24,1940,023103,,2,2,9,4400,0,2,4,,1,022,"SOQUEL SAN JOSE ROAD","LOS ROBLES ROAD",350.00,S,N,A,-,N,,,,,,,,,,Y,1,1,0,1,A,-,01,23152,A,N,E,8,A,A,H,-,D,D,0,,,,,Y,Y,D,22,0,0,0,0,0,0,0,0,0,"- ","- ",37.016559600830078,-121.9520263671875,"SANTA CRUZ",UNINCORPORATED,-121.95205688476562,37.016605377197266
92318058,2024,2024-02-20,9720,2024-02-08,1832,023507,,4,2,9,4400,0,1,3,,2,030,"SR-1 S/B","MAR MONTE AVE.",5280.00,S,N,A,-,Y,SCR,,1," ",R,5.591,H,,L,Y,3,0,2,2,A,-,03,22350,,N,C,C,A,A,H,-,B,D,0,,,,,Y,,A,07,0,1,1,0,0,0,0,0,0,"- ","- ",36.939281463623047,-121.83618927001953,"SANTA CRUZ",UNINCORPORATED,-121.83619689941406,36.939273834228516
92318210,2024,2024-02-20,9720,2024-01-29,"630 ",023636,,1,1,9,4400,0,1,3,,1,035,SR-129,"VANONI ROAD",1584.00,W,N,A,-,Y,SCR,,129," "," ",6.609,H,,R,Y,2,0,2,2,A,-,01,23152,A,F,A,C,A,A,H,-,D,D,0,,,,,Y,Y,A,01,2,0,0,0,0,0,0,0,0,"- ","- ",36.906009674072266,-121.64949035644531,"SANTA CRUZ",UNINCORPORATED,-121.64950561523438,36.905994415283203
92318309,2024,2024-02-20,9720,2024-02-12,"830 ",023611,,1,1,9,4400,0,1,3,,1,015,SR-9,"FALL CREEK DR",898.00,N,N,A,-,Y,SCR,,9," "," ",7.232,H,,R,N,4,0,1,2,A,-,09,21804,A,N,B,C,A,A,H,-,A,D,0,,,,,Y,,D,22,0,0,1,0,0,0,0,0,0,"- ","- ",37.062110900878906,-122.08001708984375,"SANTA CRUZ",UNINCORPORATED,-122.08006286621094,37.062110900878906
92318634,2024,2024-02-20,9720,2024-02-08,1410,023618,,4,2,9,4400,0,2,4,,1,021,"SOQUEL DR","PARK AVE",0.00,,Y,B,-,N,,,,,,,,,,Y,3,0,1,2,A,-,09,21453,C,N,A,C,A,A,H,-,A,A,0,,,,,Y,,D,22,0,1,0,0,0,0,0,0,0,"- ","- ",36.989021301269531,-121.93578338623047,"SANTA CRUZ",UNINCORPORATED,-121.93574523925781,36.989109039306641
92318662,2024,2024-02-20,9720,2024-02-09,1905,023166,,5,2,9,4400,0,1,3,,1,015,SR-9,"LOWER SR-236",111.00,N,N,A,-,N,,,,,,,,,,N,3,0,1,2,A,-,03,22350,,F,G,B,D,A,H,-,C,D,0,Y,,,,Y,,-,99,0,1,0,0,1,0,0,0,0,"- ","- ",37.125789642333984,-122.12245178222656,"SANTA CRUZ",UNINCORPORATED,-122.12244415283203,37.12579345703125