CASE_ID,ACCIDENT_YEAR,PROC_DATE,JURIS,COLLISION_DATE,COLLISION_TIME,OFFICER_ID,REPORTING_DISTRICT,DAY_OF_WEEK,CHP_SHIFT,POPULATION,CNTY_CITY_LOC,SPECIAL_COND,BEAT_TYPE,CHP_BEAT_TYPE,CITY_DIVISION_LAPD,CHP_BEAT_CLASS,BEAT_NUMBER,PRIMARY_RD,SECONDARY_RD,DISTANCE,DIRECTION,INTERSECTION,WEATHER_1,WEATHER_2,STATE_HWY_IND,CALTRANS_COUNTY,CALTRANS_DISTRICT,STATE_ROUTE,ROUTE_SUFFIX,POSTMILE_PREFIX,POSTMILE,LOCATION_TYPE,RAMP_INTERSECTION,SIDE_OF_HWY,TOW_AWAY,COLLISION_SEVERITY,NUMBER_KILLED,NUMBER_INJURED,PARTY_COUNT,PRIMARY_COLL_FACTOR,PCF_CODE_OF_VIOL,PCF_VIOL_CATEGORY,PCF_VIOLATION,PCF_VIOL_SUBSECTION,HIT_AND_RUN,TYPE_OF_COLLISION,MVIW,PED_ACTION,ROAD_SURFACE,ROAD_COND_1,ROAD_COND_2,LIGHTING,CONTROL_DEVICE,CHP_ROAD_TYPE,PEDESTRIAN_ACCIDENT,BICYCLE_ACCIDENT,MOTORCYCLE_ACCIDENT,TRUCK_ACCIDENT,NOT_PRIVATE_PROPERTY,ALCOHOL_INVOLVED,STWD_VEHTYPE_AT_FAULT,CHP_VEHTYPE_AT_FAULT,COUNT_SEVERE_INJ,COUNT_VISIBLE_INJ,COUNT_COMPLAINT_PAIN,COUNT_PED_KILLED,COUNT_PED_INJURED,COUNT_BICYCLIST_KILLED,COUNT_BICYCLIST_INJURED,COUNT_MC_KILLED,COUNT_MC_INJURED,PRIMARY_RAMP,SECONDARY_RAMP,LATITUDE,LONGITUDE,COUNTY,CITY,POINT_X,POINT_Y
92318668,2024,2024-02-20,9720,2024-02-11,2150,023166,,7,2,9,4400,0,2,4,,1,016,"GRAHAM HILL RD",SR-9,69.00,E,N,A,-,N,,,,,,,,,,N,2,0,1,2,A,-,03,22350,,F,G,B,D,A,H,-,C,A,0,Y,,,,Y,,-,99,1,0,0,0,1,0,0,0,0,"- ","- ",37.053028106689453,-122.07295989990234,"SANTA CRUZ",UNINCORPORATED,-122.07305908203125,37.052978515625
92319398,2024,2024-02-21,9720,2024-02-17,2102,022545,,6,2,9,4400,0,1,3,,2,020,"SR-1 S/B","STATE PARD DR",2640.00,S,N,C,-,Y,SCR,,1," "," ",10.002,H,,L,Y,4,0,1,1,A,-,08,22107,,N,E,I,A,B,H,-,D,D,0,,,,,Y,,A,01,0,0,1,0,0,0,0,0,0,"- ","- ",36.975078582763672,-121.90170288085938,"SANTA CRUZ",UNINCORPORATED,-121.90170288085938,36.975048065185547
92319736,2024,2024-02-21,9720,2024-02-14,"650 ",023507,,3,1,9,4400,0,1,3,,2,030,"SR-1 N/B","MAR MONTE AVE",5280.00,S,N,B,C,Y,SCR,,1," ",R,6.178,H,,R,N,4,0,1,3,A,-,03,22350,,N,C,C,A,B,H,-,A,D,0,,,,,Y,,A,01,0,0,1,0,0,0,0,0,0,"- ","- ",36.944778442382812,-121.84432983398438,"SANTA CRUZ",UNINCORPORATED,-121.84429931640625,36.944808959960938
92319739,2024,2024-02-21,9720,2024-02-16,1545,023657,,5,2,9,4400,0,3,5,,2,200,"PORTER ST","MAIN ST",3.00,S,N,A,-,Y,,,,,,,,,,N,4,0,1,2,A,-,08,22107,,N,H,G,A,A,H,-,A,A,0,,Y,,,Y,,D,22,0,0,1,0,0,0,1,0,0,"- ","- ",36.98406982421875,-121.95707702636719,"SANTA CRUZ",UNINCORPORATED,-121.95720672607422,36.984149932861328
92322767,2024,2024-02-26,9720,2024-02-14,1032,023611,,3,1,9,4400,0,1,3,,2,020,"SR-1 N/B","STATE PARK DRIVE",528.00,S,N,B,-,Y,SCR,,1," "," ",10.525,H,,R,N,4,0,1,3,A,-,03,22350,,N,C,C,A,B,H,-,A,D,0,,,,,Y,,A,07,0,0,1,0,0,0,0,0,0,"- ","- ",36.977958679199219,-121.91020202636719,"SANTA CRUZ",UNINCORPORATED,-121.91017913818359,36.977981567382812
92322795,2024,2024-02-26,9720,2024-02-14,1910,023573,,3,2,9,4400,0,3,5,,2,100,"FELTON EMPIRE RD","KILN ROAD",2640.00,W,N,C,-,N,,,,,,,,,,Y,2,0,1,1,A,-,08,22107,,N,F,A,A,B,H,-,D,D,0,,,,,Y,,A,07,1,0,0,0,0,0,0,0,0,"- ","- ",37.056880950927734,-122.10224914550781,"SANTA CRUZ",UNINCORPORATED,,
92322865,2024,2024-02-26,9720,2024-02-16,1003,023618,,5,1,9,4400,0,2,4,,1,016,"GRAHAM HILL RD","CRESS RD",588.00,S,N,B,-,N,,,,,,,,,,Y,3,0,1,1,A,-,08,22107,,N,E,8,A,A,H,-,A,D,0,,,,,Y,,D,22,0,1,0,0,0,0,0,0,0,"- ","- ",37.021400451660156,-122.0367431640625,"SANTA CRUZ",UNINCORPORATED,-122.03667449951172,37.021339416503906
92322894,2024,2024-02-26,9720,2024-02-17,1325,023618,,6,1,9,4400,0,1,3,,1,017,"SR-17 S/B","LA MADRONA DR.",353.00,N,N,B,C,Y,SCR,,17," "," ",2.222,H,,L,Y,3,0,1,1,A,-,03,22350,,N,E,I,A,B,H,-,A,D,0,,,,,Y,,A,01,0,1,0,0,0,0,0,0,0,"- ","- ",37.019611358642578,-122.02787017822266,"SANTA CRUZ",UNINCORPORATED,-122.02778625488281,37.019584655761719
92323059,2024,2024-02-26,9720,2024-02-10,1912,022976,,6,2,9,4400,0,1,3,,1,035,SR-129,"ROGGE LANE",3696.00,E,N,A,-,Y,SCR,,129," "," ",7.958,H,,R,N,3,0,2,1,A,-,01,23152,A,N,E,I,A,A,H,-,D,D,0,,,,,Y,Y,A,01,0,2,0,0,0,0,0,0,0,"- ","- ",36.911911010742188,-121.62995147705078,"SANTA CRUZ",UNINCORPORATED,-121.62996673583984,36.911918640136719
92323072,2024,2024-02-26,9720,2024-02-10,1557,023331,,6,2,9,4400,0,3,5,,2,100,"GUSHEE ST","PLATEAU DR",0.00,,Y,A,-,N,,,,,,,,,,N,4,0,1,2,A,-,09,21802,A,N,D,C,A,A,H,-,A,D,0,,,Y,,Y,,C,02,0,0,1,0,0,0,0,0,1,"- ","- ",37.049129486083984,-122.07424163818359,"SANTA CRUZ",UNINCORPORATED,-122.07416534423828,37.049095153808594
92323255,2024,2024-02-26,9720,2024-02-17,1127,023447,,6,1,9,4400,0,1,3,,1,017,"SR-17 N/B","GLENWOOD CUTOFF",200.00,S,N,B,C,Y,SCR,,17," "," ",8.940,H,,R,Y,4,0,2,1,A,-,03,22350,,N,E,8,A,B,H,-,A,D,0,,,,,Y,,A,01,0,0,2,0,0,0,0,0,0,"- ","- ",37.098381042480469,-121.975341796875,"SANTA CRUZ",UNINCORPORATED,-121.97530364990234,37.098392486572266
92323260,2024,2024-02-26,9720,2024-02-18,"747 ",023447,,7,1,9,4400,0,1,3,,1,017,"SR-17 N/B","MOUNT HERMON RD",270.00,N,N,B,-,Y,SCR,,17," "," ",3.667,H,,R,Y,3,0,1,1,A,-,03,22350,,N,E,8,A,B,H,-,A,D,0,,,,,Y,,A,01,0,1,0,0,0,0,0,0,0,"- ","- ",37.037708282470703,-122.01789855957031,"SANTA CRUZ",UNINCORPORATED,-122.01801300048828,37.037757873535156
92323333,2024,2024-02-26,9720,2024-02-17,1232,023657,,6,1,9,4400,0,2,4,,1,032,"GREEN VALLEY RD","AMESTI RD",498.00,S,N,B,C,Y,,,,,,,,,,Y,4,0,2,2,A,-,09,21804,A,N,D,C,A,B,H,-,A,D,0,,,,,Y,,A,07,0,0,2,0,0,0,0,0,0,"- ","- ",36.944351196289062,-121.76757049560547,"SANTA CRUZ",UNINCORPORATED,-121.767578125,36.944374084472656
92323376,2024,2024-02-26,9720,2024-02-17,2250,023146,,6,3,9,4400,0,1,3,,1,017,"SR-17 S/B","LA MADRONA DR",30.00,S,N,B,C,Y,SCR,,17," "," ",2.156,H,,L,Y,4,0,1,1,A,-,03,22350,,N,E,8,A,B,H,-,C,D,0,,,,,Y,,A,01,0,0,1,0,0,0,0,0,0,"- ","- ",37.018630981445312,-122.02793121337891,"SANTA CRUZ",UNINCORPORATED,-122.02799987792969,37.018630981445312
92324039,2024,2024-02-27,9720,2024-02-14,"710 ",023636,,3,1,9,4400,0,1,3,,2,030,"N/B SR-1","MAR MONTE AVENUE",10560.00,S,N,C,-,Y,SCR,,1," ",R,4.664,H,,R,Y,3,0,3,3,A,-,07,21658,A,N,C,C,A,B,H,-,A,D,0,,,,,Y,,A,01,0,2,1,0,0,0,0,0,0,"- ","- ",36.934520721435547,-121.82042694091797,"SANTA CRUZ",UNINCORPORATED,-121.82040405273438,36.934577941894531
92324479,2024,2024-02-27,9720,2024-02-22,"35  ",022162,,4,3,9,4400,0,2,4,,1,021,"SOQUEL DR","RESEARCH PARK DR",257.00,E,N,A,-,N,,,,,,,,,,Y,2,0,2,1,A,-,01,23152,A,N,E,8,A,A,H,-,C,D,0,,,,,Y,Y,A,07,1,1,0,0,0,0,0,0,0,"- ","- ",36.987258911132812,-121.96745300292969,"SANTA CRUZ",UNINCORPORATED,-121.96762084960938,36.987186431884766
92325095,2024,2024-02-28,9720,2024-01-28,1410,022976,,7,2,9,4400,0,1,3,,1,010,SR-1,"CEMENT PLANT ROAD",375.00,N,N,A,-,Y,SCR,,1," "," ",29.196,H,,R,Y,2,0,3,3,A,-,09,21801,A,N,A,C,A,A,H,-,A,D,0,,,,,Y,,A,07,1,1,1,0,0,0,0,0,0,"- ","- ",37.015369415283203,-122.20197296142578,"SANTA CRUZ",UNINCORPORATED,-122.20195007324219,37.015384674072266
92325467,2024,2024-02-28,9720,2024-02-20,"710 ",023610,,2,1,9,4400,0,3,5,,2,300,"CALABASAS RD","BARBARA WAY",0.00,,Y,A,-,N,,,,,,,,,,N,4,0,1,2,A,-,12,22450,A,N,H,G,A,A,H,-,A,A,0,,Y,,,Y,,L,04,0,0,1,0,0,0,1,0,0,"- ","- ",36.942878723144531,-121.7919921875,"SANTA CRUZ",UNINCORPORATED,-121.79208374023438,36.942939758300781
92325484,2024,2024-02-28,9720,2024-02-24,1901,022545,,6,2,9,4400,0,3,5,,2,100,"BONNY DOON RD",SR-1,1584.00,E,N,A,-,N,,,,,,,,,,Y,3,0,2,1,A,-,03,22350,,N,F,A,A,A,H,-,D,D,0,,,,,Y,,A,07,0,2,0,0,0,0,0,0,0,"- ","- ",37.005138397216797,-122.17577362060547,"SANTA CRUZ",UNINCORPORATED,-122.17688751220703,37.004173278808594
92326188,2024,2024-02-29,9720,2024-02-20,1300,023502,,2,1,9,4400,0,3,5,,2,100,"QUAIL HOLLOW RD","EAST ZAYANTE RD",0.00,,Y,B,C,N,,,,,,,,,,Y,4,0,2,2,A,-,09,21802,A,N,D,C,A,B,H,-,A,A,0,,,,,Y,,A,01,0,0,2,0,0,0,0,0,0,"- ","- ",37.074260711669922,-122.0552978515625,"SANTA CRUZ",UNINCORPORATED,-122.05522918701172,37.074302673339844
92329278,2024,2024-03-04,9720,2024-02-22,"101 ",023245,,4,3,9,4400,0,3,5,,2,300,"LEE RD",SR-129,545.00,N,N,B,-,N,,,,,,,,,,Y,3,0,1,1,A,-,01,23152,A,N,E,I,A,A,H,-,C,D,0,,,,,Y,Y,A,01,0,1,0,0,0,0,0,0,0,"- ","- ",36.894920349121094,-121.77719116210938,"SANTA CRUZ",UNINCORPORATED,-121.77729797363281,36.894935607910156
9232931,2021,2021-03-09,4402,2021-01-15,1615,815PD,1,5,5,5,4402,0,0,0,,0,,"SOUTH BIKE PATH","VILLAGE DR",100.00,N,N,A,-,N,,,,,,,,,,N,3,0,1,1,A,-,08,22107,,N,H,A,A,A,H,-,A,D,0,,Y,,,Y,,L,04,0,1,0,0,0,0,1,0,0,"- ","- ",36.996288299560547,-122.05525207519531,"SANTA CRUZ","SANTA CRUZ",,
92329407,2024,2024-03-04,9720,2024-02-24,1345,023618,,6,1,9,4400,0,2,4,,1,024,"E CLIFF DRIVE","15TH AVE",0.00,,Y,A,-,N,,,,,,,,,,N,3,0,1,2,A,-,08,22107,,N,B,C,A,A,H,-,A,D,0,,,,,Y,Y,D,22,0,1,0,0,0,0,0,0,0,"- ","- ",36.963470458984375,-121.99085235595703,"SANTA CRUZ",UNINCORPORATED,-121.99085235595703,36.963504791259766
92329437,2024,2024-03-04,9720,2024-02-24,1700,023657,,6,2,9,4400,0,1,3,,1,012,SR-236,"1ST ST",6.00,S,N,A,-,Y,SCR,,236," "," ",1.128,H,,R,N,4,0,1,2,A,-,08,22107,,F,G,B,E,A,H,-,A,D,0,Y,,,,Y,,-,99,0,0,1,0,1,0,0,0,0,"- ","- ",37.133731842041016,-122.13897705078125,"SANTA CRUZ",UNINCORPORATED,-122.13901519775391,37.133708953857422
92329869,2024,2024-03-05,9720,2024-02-20,1645,023636,,2,2,9,4400,0,2,4,,1,021,"SOQUEL DRIVE","ORCHARD STREET",0.00,,Y,B,-,N,,,,,,,,,,Y,4,0,1,2,A,-,09,21802,A,N,D,C,A,A,H,-,A,A,0,,,,,Y,,A,01,0,0,1,0,0,0,0,0,0,"- ","- ",36.9876708984375,-121.9468994140625,"SANTA CRUZ",UNINCORPORATED,-121.94686126708984,36.987686157226562
92329897,2024,2024-03-05,9720,2024-02-21,1645,023611,,3,2,9,4400,0,1,3,,1,015,"SR-9 S/B","GREENBANK DR",50.00,N,N,B,-,Y,SCR,,9," "," ",9.158,H,,L,Y,2,0,2,1,A,-,01,23152,A,N,E,I,A,B,H,-,A,D,0,,,,,Y,Y,D,22,2,0,0,0,0,0,0,0,0,"- ","- ",37.085098266601562,-122.08953094482422,"SANTA CRUZ",UNINCORPORATED,-122.08940887451172,37.085147857666016
92329978,2024,2024-03-05,9720,2024-02-24,1648,023618,,6,2,9,4400,0,2,4,,1,021,"SOQUEL DR","ATHERTON DR",0.00,,Y,A,-,N,,,,,,,,,,N,3,0,1,2,A,-,09,21802,A,N,D,G,A,A,H,-,A,D,0,,Y,,,Y,,A,07,0,1,0,0,0,0,1,0,0,"- ","- ",36.990398406982422,-121.93058013916016,"SANTA CRUZ",UNINCORPORATED,-121.93077087402344,36.990478515625
92331599,2024,2024-03-06,9720,2024-02-26,2100,023516,,1,2,9,4400,0,3,5,,2,100,"VALLEY DRIVE","REDWOOD DR",50.00,N,N,B,-,N,,,,,,,,,,N,3,0,1,2,A,-,01,23152,A,N,G,B,E,A,H,-,C,D,0,Y,,,,Y,Y,A,07,0,1,0,0,1,0,0,0,0,"- ","- ",37.044139862060547,-122.07534790039062,"SANTA CRUZ",UNINCORPORATED,-122.07537078857422,37.044055938720703
92331603,2024,2024-03-06,9720,2024-02-25,1250,023618,,7,1,9,4400,0,3,5,,2,300,"BUENA VISTA DR","SOUTH DR",243.00,N,N,A,-,N,,,,,,,,,,Y,3,0,1,1,A,-,01,23152,A,N,E,I,A,A,H,-,A,D,0,,,,,Y,Y,A,01,0,1,0,0,0,0,0,0,0,"- ","- ",36.939689636230469,-121.78896331787109,"SANTA CRUZ",UNINCORPORATED,-121.78978729248047,36.939620971679688
92332127,2024,2024-03-07,9720,2024-02-27,1654,023610,,2,2,9,4400,0,2,4,,1,032,"GREEN VALLEY RD",MINTO,98.00,N,N,A,-,N,,,,,,,,,,N,4,0,2,2,A,-,03,22350,,N,C,C,A,A,H,-,A,A,0,,,,,Y,,D,22,0,0,2,0,0,0,0,0,0,"- ","- ",36.951679229736328,-121.76493835449219,"SANTA CRUZ",UNINCORPORATED,-121.76490783691406,36.951629638671875
92332145,2024,2024-03-07,9720,2024-02-27,1819,023245,,2,2,9,4400,0,1,3,,1,015,SR-9,"GLENGARRY ROAD",1003.00,S,N,A,-,Y,SCR,,9," "," ",4.548,H,,R,Y,2,0,5,5,A,-,08,22107,,N,H,6,A,A,H,-,D,D,0,,Y,,,Y,,A,01,4,0,1,0,0,0,4,0,0,"- ","- ",37.03070068359375,-122.06240844726562,"SANTA CRUZ",UNINCORPORATED,-122.06241607666016,37.030719757080078
92332190,2024,2024-03-07,9720,2024-02-29,"810 ",023610,,4,1,9,4400,0,2,4,,1,032,"HOLOHAN ROAD","GRIMMER RD",1584.00,S,N,B,-,N,,,,,,,,,,Y,4,0,1,2,A,-,03,22350,,N,C,C,A,B,H,-,A,D,0,,,,,Y,,A,07,0,0,1,0,0,0,0,0,0,"- ","- ",36.937751770019531,-121.75070953369141,"SANTA CRUZ",UNINCORPORATED,-121.75052642822266,36.937690734863281
9233225,2021,2021-03-22,4403,2021-02-01,0815,335,113,1,5,4,4403,0,0,0,,0,001,"MARCHANT ST","MAPLE AV",0.00,,Y,B,-,N,,,,,,,,,,N,4,0,1,2,A,-,12,22450,A,F,G,B,D,A,H,-,A,A,0,Y,,,,Y,,A,01,0,0,1,0,1,0,0,0,0,"- ","- ",,,"SANTA CRUZ",WATSONVILLE,-121.75266265869141,36.91143798828125
9233226,2021,2021-03-22,4403,2021-02-02,1051,335,109,2,5,4,4403,0,0,0,,0,001,"2ND ST","RODRIGUEZ ST",10.00,E,N,B,C,N,,,,,,,,,,N,3,0,1,2,A,-,10,21950,A,N,G,B,B,B,H,-,A,A,0,Y,,,,Y,,A,07,0,1,0,0,1,0,0,0,0,"- ","- ",,,"SANTA CRUZ",WATSONVILLE,-121.75686645507812,36.908329010009766
92332734,2024,2024-03-07,9720,2024-02-27,1350,023502,,2,1,9,4400,0,1,3,,1,017,"SR-17 N/B","JARVIS RD",2715.00,N,N,A,-,Y,SCR,,17," "," ",8.475,H,,R,Y,4,0,1,3,A,-,01,23152,A,N,B,2,A,A,H,-,A,D,0,,,,Y,Y,Y,A,01,0,0,1,0,0,0,0,0,0,"- ","- ",37.091598510742188,-121.97841644287109,"SANTA CRUZ",UNINCORPORATED,-121.97843933105469,37.091594696044922
92332745,2024,2024-03-07,9720,2024-02-27,1640,023636,,2,2,9,4400,0,2,4,,1,016,"GRAHAM HILL RD","SIMS ROAD",300.00,S,N,A,-,N,,,,,,,,,,Y,4,0,1,6,A,-,04,21703,,F,C,C,A,A,H,-,A,D,0,,,,,Y,,A,01,0,0,1,0,0,0,0,0,0,"- ","- ",37.006900787353516,-122.03414154052734,"SANTA CRUZ",UNINCORPORATED,-122.03417205810547,37.010955810546875
92332859,2024,2024-03-07,9720,2024-01-30,"745 ",023636,,2,1,9,4400,0,1,3,,2,020,"SR-1 S/B","SOQUEL DRIVE",1584.00,S,N,A,-,Y,SCR,,1," "," ",14.579,H,,L,N,3,0,1,2,A,-,01,23152,F,F,C,C,A,A,D,-,A,D,0,,,,,Y,,A,01,0,1,0,0,0,0,0,0,0,"- ","- ",36.985809326171875,-121.98137664794922,"SANTA CRUZ",UNINCORPORATED,-121.98138427734375,36.985797882080078
92333271,2024,2024-03-08,9720,2024-03-01,1100,023502,,5,1,9,4400,0,3,5,,2,300,"CARLTON RD","LAKEVIEW RD",1005.00,N,N,B,C,N,,,,,,,,,,Y,3,0,2,1,A,-,03,22350,,N,E,8,A,B,H,-,A,D,0,,,,,Y,,A,07,0,2,0,0,0,0,0,0,0,"- ","- ",36.948139190673828,-121.72017669677734,"SANTA CRUZ",UNINCORPORATED,-121.72007751464844,36.9481201171875
92333348,2024,2024-03-08,9720,2024-03-01,"755 ",023387,,5,1,9,4400,0,3,5,,2,200,"CENTER AVE","SANTA CLARA AVE",30.00,N,N,B,-,N,,,,,,,,,,N,4,0,1,1,A,-,08,22107,,N,E,I,A,B,H,-,A,A,0,,,,,Y,,A,07,0,0,1,0,0,0,0,0,0,"- ","- ",36.974540710449219,-121.90882110595703,"SANTA CRUZ",UNINCORPORATED,-121.90901184082031,36.974479675292969
92333479,2024,2024-03-08,9720,2024-03-02,"620 ",023387,,6,1,9,4400,0,2,4,,1,032,"GREEN VALLEY RD","CARNATION DR",18.00,N,N,B,-,N,,,,,,,,,,N,4,0,1,2,A,-,03,22350,,N,C,C,A,B,H,-,A,A,0,,,,,Y,,D,22,0,0,1,0,0,0,0,0,0,"- ","- ",36.937679290771484,-121.77133941650391,"SANTA CRUZ",UNINCORPORATED,-121.77137756347656,36.937580108642578
92334714,2024,2024-03-11,9720,2024-03-01,1925,023316,,5,2,9,4400,0,1,3,,1,017,"SR-17 S/B","MT HERMON",775.00,N,N,B,-,Y,SCR,,17," "," ",3.587,H,,L,Y,3,0,2,1,A,-,03,22350,,N,E,I,A,B,H,-,D,D,0,,,,,Y,,A,01,0,2,0,0,0,0,0,0,0,"- ","- ",37.037040710449219,-122.01908111572266,"SANTA CRUZ",UNINCORPORATED,-122.01902008056641,37.0369873046875
92334760,2024,2024-03-11,9720,2024-03-02,1800,023146,,6,2,9,4400,0,1,3,,2,020,"SR-1 S/B","SPRECKELS DR",290.00,S,N,B,C,Y,SCR,,1," "," ",9.988,H,,L,Y,4,0,1,1,A,-,03,22350,,N,E,8,A,B,H,-,D,D,0,,,,,Y,,A,07,0,0,1,0,0,0,0,0,0,"- ","- ",36.974960327148438,-121.90145111083984,"SANTA CRUZ",UNINCORPORATED,-121.90143585205078,36.975017547607422
92334776,2024,2024-03-11,9720,2024-03-04,"912 ",020640,,1,1,9,4400,0,3,5,,2,200,"SAN ANDREAS RD","BYERS LN",495.00,S,N,A,-,N,,,,,,,,,,N,2,0,1,1,C,-,18,,,N,F,A,A,B,H,-,A,D,0,,Y,,,Y,,-,"- ",1,0,0,0,0,0,1,0,0,"- ","- ",36.95513916015625,-121.86434936523438,"SANTA CRUZ",UNINCORPORATED,-121.86429595947266,36.955009460449219
92336000,2024,2024-03-12,9720,2024-03-05,1330,023507,,2,1,9,4400,0,3,5,,2,100,"LAKEVIEW DR",SR-9,200.00,W,N,B,C,N,,,,,,,,,,Y,3,0,1,1,A,-,08,22107,,N,E,I,A,B,H,-,A,D,0,,,,,Y,,A,07,0,1,0,0,0,0,0,0,0,"- ","- ",37.038360595703125,-122.06831359863281,"SANTA CRUZ",UNINCORPORATED,-122.06754302978516,37.037933349609375
92336046,2024,2024-03-12,9720,2024-03-06,"845 ",023611,,3,1,9,4400,0,1,3,,1,017,"SR-17 N/B",SR-1,528.00,N,N,B,-,Y,SCR,,17," "," ",0.164,H,,R,Y,4,0,1,1,A,-,03,22350,,N,E,I,A,B,H,-,A,D,0,,,,,Y,,D,22,0,0,1,0,0,0,0,0,0,"- ","- ",36.991809844970703,-122.02024078369141,"SANTA CRUZ",UNINCORPORATED,-122.02017974853516,36.991779327392578
92336195,2024,2024-03-12,9720,2024-03-04,"800 ",023502,,1,1,9,4400,0,1,3,,1,017,"SR-17 S/B","LA MADRONA DR",185.00,S,N,A,-,Y,SCR,,17," "," ",2.146,H,,L,Y,4,0,1,1,A,-,08,22107,,N,E,8,A,B,H,-,A,D,0,,,,,Y,,D,22,0,0,1,0,0,0,0,0,0,"- ","- ",37.018489837646484,-122.02809906005859,"SANTA CRUZ",UNINCORPORATED,-122.02799987792969,37.018489837646484
92336470,2024,2024-03-12,9720,2024-03-04,1337,023610,,1,1,9,4400,0,2,4,,1,023,"41ST AVE.","SOQUEL DR.",528.00,S,N,A,-,N,,,,,,,,,,N,4,0,1,2,A,-,09,21804,A,F,D,C,A,A,H,-,A,A,0,,,,,Y,,A,01,0,0,1,0,0,0,0,0,0,"- ","- ",36.98583984375,-121.96489715576172,"SANTA CRUZ",UNINCORPORATED,-121.96494293212891,36.985950469970703
92336479,2024,2024-03-12,9720,2024-03-02,1400,023573,,6,2,9,4400,0,1,3,,1,013,"110 HERON LANE","QUAIL RIDGE RD",50.00,S,N,C,-,N,,,,,,,,,,N,3,0,1,1,A,-,08,22107,,N,E,8,A,B,H,-,A,D,0,,,,,Y,,A,01,0,1,0,0,0,0,0,0,0,"- ","- ",37.109569549560547,-121.92233276367188,"SANTA CRUZ",UNINCORPORATED,-121.91966247558594,37.109897613525391
92336939,2024,2024-03-13,9720,2024-03-06,1519,023610,,3,2,9,4400,0,3,5,,2,200,"GLEN CANYON RD","GLEN CANYON CT.",184.00,S,N,B,C,N,,,,,,,,,,Y,4,0,1,1,A,-,01,23152,G,N,E,I,A,B,H,-,A,D,0,,,,,Y,Y,A,01,0,0,1,0,0,0,0,0,0,"- ","- ",37.007568359375,-122.00942993164062,"SANTA CRUZ",UNINCORPORATED,-122.00945281982422,37.007511138916016
92337009,2024,2024-03-13,9720,2024-03-11,1100,020640,,1,1,9,4400,0,2,4,,1,021,"SOQUEL DR","41ST AVE",80.00,W,N,B,-,N,,,,,,,,,,N,3,0,1,2,A,-,03,22350,,N,C,C,A,A,H,-,A,D,0,,,,,Y,,A,07,0,1,0,0,0,0,0,0,0,"- ","- ",36.987411499023438,-121.96542358398438,"SANTA CRUZ",UNINCORPORATED,-121.96524810791016,36.98736572265625
92337071,2024,2024-03-13,9720,2024-03-11,"905 ",023618,,1,1,9,4400,0,1,3,,2,020,"SR-1 S/B FROM SR-17 S/B","PASATIEMPO DR",4541.00,S,N,B,-,Y,SCR,,1," "," ",16.904,H,,R,N,3,0,1,1,A,-,03,22350,,N,E,I,A,B,H,-,A,D,0,,,,,Y,,A,01,0,1,0,0,0,0,0,0,0,"- ","- ",36.99066162109375,-122.02239990234375,"SANTA CRUZ",UNINCORPORATED,-122.02226257324219,36.990657806396484
92337151,2024,2024-03-13,9720,2024-02-20,2340,023573,,2,3,9,4400,0,1,3,,2,020,"SR-1 N/B TO 41ST AVE","41ST AVENUE",528.00,S,N,C,-,Y,,,,,,,,,,Y,3,0,1,1,A,-,01,23152,A,N,E,I,A,B,H,-,C,D,0,,,,,Y,Y,A,01,0,1,0,0,0,0,0,0,0,"- ","- ",36.983341217041016,-121.96311950683594,"SANTA CRUZ",UNINCORPORATED,-121.96311950683594,36.983341217041016
92337248,2024,2024-03-13,9720,2024-02-07,2330,023316,,3,3,9,4400,0,1,3,,2,020,"SR-1 N/B FROM SOQUEL DR W/B","SOQUEL DR",75.00,W,N,B,-,Y,,,,,,,,,,N,4,0,1,1,A,-,03,22350,,M,E,8,A,B,H,-,C,D,0,,,,,Y,Y,A,07,0,0,1,0,0,0,0,0,0,"- ","- ",36.987819671630859,-121.9857177734375,"SANTA CRUZ",UNINCORPORATED,-121.9857177734375,36.987819671630859
92337369,2024,2024-05-09,9720,2024-03-01,1043,023657,,5,1,9,4400,0,2,4,,1,021,"SOQUEL DR","COMMERCIAL CROSSING",10.00,W,N,B,-,Y,,,,,,,,,,N,4,0,1,2,A,-,07,21658,A,N,B,C,A,B,H,-,A,A,0,,,,,Y,,A,07,0,0,1,0,0,0,0,0,0,"- ","- ",36.988548278808594,-121.98309326171875,"SANTA CRUZ",UNINCORPORATED,-121.98294830322266,36.9886474609375
9234049,2021,2021-04-13,4403,2021-02-19,1809,418,224,5,5,4,4403,0,0,0,,0,002,"WALKER ST","2ND ST",0.00,,Y,A,-,N,,,,,,,,,,Y,4,0,2,4,A,-,09,21802,A,N,D,E,A,A,H,-,C,A,0,,,,,Y,,D,22,0,0,2,0,0,0,0,0,0,"- ","- ",,,"SANTA CRUZ",WATSONVILLE,-121.75956726074219,36.906444549560547
92340528,2024,2024-03-18,9720,2024-03-06,1243,023610,,3,1,9,4400,0,2,4,,1,023,"7TH AVE","EDDY LN",118.00,S,N,A,-,N,,,,,,,,,,N,4,0,1,2,A,-,09,21804,A,N,D,G,A,A,H,-,A,D,0,,Y,,,Y,,A,01,0,0,1,0,0,0,1,0,0,"- ","- ",36.975681304931641,-121.99403381347656,"SANTA CRUZ",UNINCORPORATED,-121.99394989013672,36.975654602050781