CASE_ID,ACCIDENT_YEAR,PROC_DATE,JURIS,COLLISION_DATE,COLLISION_TIME,OFFICER_ID,REPORTING_DISTRICT,DAY_OF_WEEK,CHP_SHIFT,POPULATION,CNTY_CITY_LOC,SPECIAL_COND,BEAT_TYPE,CHP_BEAT_TYPE,CITY_DIVISION_LAPD,CHP_BEAT_CLASS,BEAT_NUMBER,PRIMARY_RD,SECONDARY_RD,DISTANCE,DIRECTION,INTERSECTION,WEATHER_1,WEATHER_2,STATE_HWY_IND,CALTRANS_COUNTY,CALTRANS_DISTRICT,STATE_ROUTE,ROUTE_SUFFIX,POSTMILE_PREFIX,POSTMILE,LOCATION_TYPE,RAMP_INTERSECTION,SIDE_OF_HWY,TOW_AWAY,COLLISION_SEVERITY,NUMBER_KILLED,NUMBER_INJURED,PARTY_COUNT,PRIMARY_COLL_FACTOR,PCF_CODE_OF_VIOL,PCF_VIOL_CATEGORY,PCF_VIOLATION,PCF_VIOL_SUBSECTION,HIT_AND_RUN,TYPE_OF_COLLISION,MVIW,PED_ACTION,ROAD_SURFACE,ROAD_COND_1,ROAD_COND_2,LIGHTING,CONTROL_DEVICE,CHP_ROAD_TYPE,PEDESTRIAN_ACCIDENT,BICYCLE_ACCIDENT,MOTORCYCLE_ACCIDENT,TRUCK_ACCIDENT,NOT_PRIVATE_PROPERTY,ALCOHOL_INVOLVED,STWD_VEHTYPE_AT_FAULT,CHP_VEHTYPE_AT_FAULT,COUNT_SEVERE_INJ,COUNT_VISIBLE_INJ,COUNT_COMPLAINT_PAIN,COUNT_PED_KILLED,COUNT_PED_INJURED,COUNT_BICYCLIST_KILLED,COUNT_BICYCLIST_INJURED,COUNT_MC_KILLED,COUNT_MC_INJURED,PRIMARY_RAMP,SECONDARY_RAMP,LATITUDE,LONGITUDE,COUNTY,CITY,POINT_X,POINT_Y
92340533,2024,2024-03-18,9720,2024-03-07,1500,023387,,4,2,9,4400,0,1,3,,1,015,SR-9,"MILL ST",100.00,N,N,B,-,Y,SCR,,9," "," ",9.660,H,,R,N,4,0,1,3,A,-,03,22350,,M,C,C,A,A,H,-,A,D,0,,,,,Y,,A,01,0,0,1,0,0,0,0,0,0,"- ","- ",37.089370727539062,-122.09259796142578,"SANTA CRUZ",UNINCORPORATED,-122.09259033203125,37.089405059814453
92341538,2024,2024-03-19,9720,2024-03-08,1747,023657,,5,2,9,4400,0,2,4,,1,022,"SOQUEL SAN JOSE RD","HESTER CREEK RD",581.00,N,N,A,-,N,,,,,,,,,,Y,3,0,1,1,A,-,08,22107,,N,E,9,A,A,H,-,A,D,0,,,,,Y,,A,07,0,1,0,0,0,0,0,0,0,"- ","- ",37.082168579101562,-121.94777679443359,"SANTA CRUZ",UNINCORPORATED,-121.94754028320312,37.081962585449219
92342707,2024,2024-03-20,9720,2024-03-12,1250,023636,,2,1,9,4400,0,1,3,,1,017,"SR-17 N/B","PASATIEMPO DR",2640.00,S,N,B,-,Y,SCR,,17," "," ",0.387,H,,R,Y,3,0,1,1,A,-,03,22350,,N,E,8,A,B,H,-,A,D,0,,,,,Y,,A,01,0,1,0,0,0,0,0,0,0,"- ","- ",36.994800567626953,-122.01911163330078,"SANTA CRUZ",UNINCORPORATED,-122.01905822753906,36.994808197021484
92342936,2024,2024-03-20,9720,2024-03-13,1040,023618,,3,1,9,4400,0,3,5,,2,200,"VINE HILL RD","JARVIS ROAD",1584.00,W,N,A,-,N,,,,,,,,,,Y,3,0,1,1,A,-,08,22107,,N,F,A,A,A,H,-,A,D,0,,,,,Y,,D,22,0,1,0,0,0,0,0,0,0,"- ","- ",37.061920166015625,-121.98165893554688,"SANTA CRUZ",UNINCORPORATED,-121.98163604736328,37.061901092529297
92343931,2024,2024-03-21,9720,2024-03-10,1630,022044,,7,2,9,4400,0,1,3,,1,017,"SR-17 S/B",SR-1,1056.00,N,N,A,-,Y,SCR,,17," "," ",0.214,H,,L,Y,4,0,1,2,A,-,03,22350,,N,C,C,A,A,H,-,A,D,0,,,,,Y,,A,01,0,0,1,0,0,0,0,0,0,"- ","- ",36.992458343505859,-122.01992034912109,"SANTA CRUZ",UNINCORPORATED,-122.01984405517578,36.992420196533203
92344755,2024,2024-03-22,9720,2024-03-20,"640 ",023507,,3,1,9,4400,0,1,3,,1,034,SR-152,"RED HAWK PL",2640.00,E,N,A,-,Y,SCR,,152," "," ",5.989,H,,R,Y,4,0,1,1,A,-,17,21461,A,N,F,A,A,A,H,-,B,A,0,,,,Y,Y,,G,27,0,0,1,0,0,0,0,0,0,"- ","- ",36.979091644287109,-121.71096801757812,"SANTA CRUZ",UNINCORPORATED,-121.7109375,36.979106903076172
92344830,2024,2024-03-22,9720,2024-03-02,"920 ",023316,,6,1,9,4400,0,1,3,,2,020,"SR-1 N/B","PARK AVE",2323.00,N,N,B,C,Y,SCR,,1," "," ",12.546,H,,R,Y,3,0,1,2,A,-,07,21658,A,N,C,I,A,B,H,-,A,D,0,,,,,Y,,A,07,0,1,0,0,0,0,0,0,0,"- ","- ",36.984138488769531,-121.94513702392578,"SANTA CRUZ",UNINCORPORATED,-121.94513702392578,36.984096527099609
92347605,2024,2024-03-26,9720,2024-03-14,1630,023636,,4,2,9,4400,0,3,5,,2,300,"WEST BEACH STREET","CLEARWATER LANE",1584.00,W,N,A,-,N,,,,,,,,,,Y,4,0,1,2,A,-,01,23152,A,N,C,C,A,A,H,-,A,D,0,,,,,Y,Y,D,22,0,0,1,0,0,0,0,0,0,"- ","- ",36.887710571289062,-121.79116821289062,"SANTA CRUZ",UNINCORPORATED,-121.78916168212891,36.889217376708984
92347687,2024,2024-03-26,9720,2024-03-14,"752 ",023636,,4,1,9,4400,0,2,4,,1,021,"SOQUEL DR","PAUL SWEET",350.00,E,N,A,-,N,,,,,,,,,,Y,4,0,1,3,A,-,09,21804,A,N,B,C,A,A,H,-,A,D,0,,,,,Y,,A,01,0,0,1,0,0,0,0,0,0,"- ","- ",36.988319396972656,-121.98409271240234,"SANTA CRUZ",UNINCORPORATED,-121.98416137695312,36.988235473632812
92347803,2024,2024-03-26,9720,2024-03-16,1550,023103,,6,2,9,4400,0,1,3,,1,035,SR-129,"VANONI RD",2112.00,W,N,A,-,Y,SCR,,129," "," ",6.538,H,,R,Y,3,0,1,2,A,-,09,21804,A,N,D,C,A,A,H,-,A,D,0,,,,,Y,,A,01,0,1,0,0,0,0,0,0,0,"- ","- ",36.906761169433594,-121.65036773681641,"SANTA CRUZ",UNINCORPORATED,-121.65041351318359,36.90673828125
92349448,2024,2024-03-28,9720,2024-03-16,"233 ",023657,,6,3,9,4400,0,2,4,,1,022,"SOQUEL SAN JOSE RD","AMAYA RIDGE RD",686.00,N,N,A,-,N,,,,,,,,,,Y,4,0,1,1,A,-,08,22107,,N,E,8,A,A,H,-,D,D,0,,,,,Y,,A,01,0,0,1,0,0,0,0,0,0,"- ","- ",37.074161529541016,-121.93863677978516,"SANTA CRUZ",UNINCORPORATED,-121.93825531005859,37.073162078857422
92349774,2024,2024-03-28,9720,2024-03-16,1301,019956,,6,1,9,4400,0,1,3,,2,020,"SR-1 N/B","RIO DEL MAR BLVD",3168.00,N,N,A,-,Y,SCR,,1," "," ",9.746,H,,R,N,4,0,3,5,A,-,04,21703,,N,C,C,A,A,H,-,A,D,0,,,,,Y,,A,08,0,0,3,0,0,0,0,0,0,"- ","- ",36.975009918212891,-121.89704895019531,"SANTA CRUZ",UNINCORPORATED,-121.89704895019531,36.97503662109375
92349789,2024,2024-03-28,9720,2024-03-17,1615,019956,,7,2,9,4400,0,1,3,,2,020,"SR-1 N/B","CAPITOLA AVE",528.00,N,N,A,-,Y,SCR,,1," "," ",12.977,H,,R,Y,4,0,2,3,A,-,04,21703,,N,C,C,A,A,D,-,A,D,0,,,,,Y,,A,01,0,0,2,0,0,0,0,0,0,"- ","- ",36.983638763427734,-121.95295715332031,"SANTA CRUZ",UNINCORPORATED,-121.95296478271484,36.983661651611328
9234994,2021,2021-03-30,4403,2021-02-22,1216,9091,2-24,1,5,4,4403,0,0,0,,0,002,"WALKER ST","6TH ST",0.00,,Y,A,-,N,,,,,,,,,,N,4,0,1,2,A,-,05,21460,A,N,B,C,A,A,H,-,A,D,0,,,,,Y,,A,01,0,0,1,0,0,0,0,0,0,"- ","- ",,,"SANTA CRUZ",WATSONVILLE,-121.76557922363281,36.910423278808594
92349983,2024,2024-03-29,9720,2024-03-18,1820,023186,,1,2,9,4400,0,1,3,,1,010,SR-1,"700 HWY 1",0.00,,Y,A,-,Y,SCR,,1," "," ",29.125,H,,R,Y,3,0,2,2,A,-,09,21804,A,N,D,C,A,A,H,-,A,A,0,,,,,Y,,A,01,0,1,1,0,0,0,0,0,0,"- ","- ",37.014690399169922,-122.20108032226562,"SANTA CRUZ",UNINCORPORATED,-122.20112609863281,37.014656066894531
92350012,2024,2024-03-29,9720,2024-03-17,1100,023573,,7,1,9,4400,0,3,5,,2,300,"CASSERLY RD",SR-152,528.00,N,N,A,-,N,,,,,,,,,,Y,4,0,1,1,A,-,01,23152,A,N,E,8,A,A,H,-,A,D,0,,,,,Y,Y,A,07,0,0,1,0,0,0,0,0,0,"- ","- ",36.959468841552734,-121.73039245605469,"SANTA CRUZ",UNINCORPORATED,-121.72869873046875,36.957176208496094
92350594,2024,2024-03-29,9720,2024-03-19,"9   ",023245,,2,3,9,4400,0,1,3,,2,030,"SR-1 S/B","AIRPORT BLVD",661.00,N,N,A,-,Y,SCR,,1," ",R,3.312,H,,L,Y,3,0,1,1,A,-,01,23152,A,M,E,I,A,A,H,-,C,D,0,,,,,Y,Y,A,01,0,1,0,0,0,0,0,0,0,"- ","- ",36.9256591796875,-121.79886627197266,"SANTA CRUZ",UNINCORPORATED,-121.79892730712891,36.925594329833984
92350608,2024,2024-03-29,9720,2024-03-17,1241,023214,,7,1,9,4400,0,1,3,,1,014,SR-9,"CHESEBROUGH SCOUT RESERVATION RD",100.00,S,N,A,-,N,,,,,,,,,,Y,2,0,1,2,A,-,03,22350,,N,E,I,A,A,H,-,A,D,0,,,Y,,Y,,C,02,1,0,0,0,0,0,0,0,1,"- ","- ",37.245521545410156,-122.14560699462891,"SANTA CRUZ",UNINCORPORATED,-122.14559936523438,37.245532989501953
92350904,2024,2024-04-01,9720,2024-03-21,1425,020640,,4,2,9,4400,0,3,5,,2,300,"CORRALITOS RD","HAMES RD",0.00,,Y,A,-,N,,,,,,,,,,N,3,0,1,2,A,-,09,21800,A,N,D,C,A,A,H,-,A,A,0,,,,,Y,,A,01,0,1,0,0,0,0,0,0,0,"- ","- ",36.988651275634766,-121.8070068359375,"SANTA CRUZ",UNINCORPORATED,-121.80706787109375,36.988651275634766
92352423,2024,2024-04-02,9720,2024-03-21,"745 ",023611,,4,1,9,4400,0,1,3,,2,020,"SR-1 S/B","SOQUEL AVE",1320.00,N,N,A,-,Y,SCR,,1," "," ",15.018,H,,L,Y,4,0,1,4,A,-,03,22350,,M,C,C,A,A,H,-,A,D,0,,,,,Y,,A,01,0,0,1,0,0,0,0,0,0,"- ","- ",36.987461090087891,-121.98902893066406,"SANTA CRUZ",UNINCORPORATED,-121.98902130126953,36.987518310546875
9235539,2021,2021-04-15,4402,2021-02-08,1304,135,4402,1,5,5,4402,0,0,0,,0,000,"MARKET ST","ISBEL DR",0.00,,Y,A,-,N,,,,,,,,,,N,3,0,1,2,A,-,09,21802,A,N,A,D,A,A,H,-,A,A,0,,,Y,,Y,Y,-,"- ",0,1,0,0,0,0,0,0,1,"- ","- ",,,"SANTA CRUZ","SANTA CRUZ",-122.01251983642578,36.990169525146484
92355430,2024,2024-04-04,9720,2024-03-22,1853,023657,,5,2,5,4402,0,2,4,,1,024,"BROMMER ST","CAPTAINS CT",85.00,W,N,C,-,N,,,,,,,,,,N,2,0,1,1,A,-,03,22350,,N,F,A,A,B,H,-,A,D,0,,Y,,,Y,,M,91,1,0,0,0,0,0,1,0,0,"- ","- ",36.971988677978516,-121.99398803710938,"SANTA CRUZ","SANTA CRUZ",-121.99388122558594,36.972030639648438
92355431,2024,2024-04-04,9720,2024-03-22,1854,023657,,5,2,9,4400,0,2,4,,1,024,"BROMMER ST","CAPTAINS COURT",80.00,W,N,C,-,N,,,,,,,,,,N,4,0,1,1,A,-,03,22350,,N,F,A,A,B,H,-,A,D,0,,Y,,,Y,,M,91,0,0,1,0,0,0,1,0,0,"- ","- ",36.971988677978516,-121.99398803710938,"SANTA CRUZ",UNINCORPORATED,-121.99386596679688,36.972030639648438
92356456,2024,2024-04-04,9720,2024-03-26,1150,023186,,2,1,9,4400,0,3,5,,2,300,"CASSERLY RD","WEBB RD",98.00,S,N,A,-,N,,,,,,,,,,Y,3,0,1,1,A,-,01,23152,A,N,E,I,A,A,H,-,D,D,0,,,Y,,Y,Y,C,02,0,1,0,0,0,0,0,0,1,"- ","- ",36.964359283447266,-121.73325347900391,"SANTA CRUZ",UNINCORPORATED,-121.73326110839844,36.964309692382812
92356526,2024,2024-04-04,9720,2024-03-23,1320,023214,,6,1,9,4400,0,1,3,,1,010,SR-1,"SWANTON RD.",4752.00,N,N,A,-,Y,SCR,,1," "," ",31.386,H,,R,N,3,0,1,1,A,-,08,22107,,N,E,I,A,B,H,-,A,D,0,,,,,Y,,A,08,0,1,0,0,0,0,0,0,0,"- ","- ",37.038581848144531,-122.22714996337891,"SANTA CRUZ",UNINCORPORATED,-122.22721099853516,37.038558959960938
92356540,2024,2024-04-04,9720,2024-03-25,"944 ",023507,,1,1,9,4400,0,1,3,,1,013,SR-35,"SKYLINE BLVD",1584.00,E,N,A,-,Y,SCR,,35," "," ",3.306,H,,R,N,4,0,1,1,A,-,08,22107,,N,E,I,A,A,D,-,A,D,0,,,,,Y,,A,07,0,0,1,0,0,0,0,0,0,"- ","- ",37.166770935058594,-122.02229309082031,"SANTA CRUZ",UNINCORPORATED,-122.02229309082031,37.166770935058594
92356564,2024,2024-04-04,9720,2024-03-26,1819,023245,,2,2,9,4400,0,1,3,,2,020,"SR-1 N/B","41ST AVENUE",360.00,N,N,A,-,Y,SCR,,1," "," ",13.696,H,,R,Y,3,0,1,1,A,-,08,22107,,N,E,I,A,A,H,-,A,D,0,,,,,Y,,A,01,0,1,0,0,0,0,0,0,0,"- ","- ",36.982830047607422,-121.96578979492188,"SANTA CRUZ",UNINCORPORATED,-121.96578216552734,36.982925415039062
92356583,2024,2024-04-04,9720,2024-03-25,1410,023507,,1,2,9,4400,0,1,3,,1,015,SR-9,"KEYSTONE WAY",30.00,S,N,A,-,Y,SCR,,9," "," ",1.230,H,,R,N,4,0,1,3,A,-,05,21460,A,N,A,C,A,A,H,-,A,D,0,,,,,Y,,D,22,0,0,1,0,0,0,0,0,0,"- ","- ",36.998680114746094,-122.03711700439453,"SANTA CRUZ",UNINCORPORATED,-122.03714752197266,36.998676300048828
92356587,2024,2024-04-04,9720,2024-03-22,1930,023657,,5,2,9,4400,0,1,3,,1,012,SR-236,"REDWOOD AVE",88.00,W,N,C,-,Y,SCR,,236," "," ",0.245,H,,R,N,3,0,1,1,A,-,01,23152,A,N,E,I,A,B,H,-,C,D,0,,,,,Y,Y,A,01,0,1,0,0,0,0,0,0,0,"- ","- ",37.124931335449219,-122.12690734863281,"SANTA CRUZ",UNINCORPORATED,-122.12687683105469,37.125
92356625,2024,2024-04-05,9720,2024-03-24,1621,023573,,7,2,9,4400,0,3,5,,2,200,"LAUREL GLEN DR","NICASIO WAY",528.00,N,N,A,-,N,,,,,,,,,,Y,3,0,1,1,A,-,01,23152,A,N,E,I,A,B,H,-,A,D,0,,,,,Y,Y,A,01,0,1,0,0,0,0,0,0,0,"- ","- ",37.054950714111328,-121.96102905273438,"SANTA CRUZ",UNINCORPORATED,-121.95853424072266,37.05670166015625
92356628,2024,2024-04-05,9720,2024-03-23,1549,023419,,6,2,9,4400,0,1,3,,1,035,SR-129,"ROGGE LN",4752.00,E,N,A,-,Y,SCR,,129," "," ",8.113,H,,R,N,3,0,1,2,C,-,18,,,N,E,J,A,A,H,-,A,D,0,,,,,Y,,-,"- ",0,1,0,0,0,0,0,0,0,"- ","- ",36.912509918212891,-121.62745666503906,"SANTA CRUZ",UNINCORPORATED,-121.62747192382812,36.912490844726562
92356654,2024,2024-04-05,9720,2024-03-23,"850 ",023103,,6,1,9,4400,0,1,3,,1,017,"SR-17 S/B","LA MADRONA DR",300.00,S,N,A,-,Y,SCR,,17," "," ",2.127,H,,L,Y,4,0,1,1,A,-,03,22350,,N,E,I,A,B,H,-,A,D,0,,,,,Y,,A,07,0,0,1,0,0,0,0,0,0,"- ","- ",37.0181884765625,-122.02806091308594,"SANTA CRUZ",UNINCORPORATED,-122.02796936035156,37.018199920654297
92356656,2024,2024-04-05,9720,2024-03-27,1713,020562,,3,2,9,4400,0,1,3,,1,017,"SR-17 S/B","SIMS RD",180.00,S,N,C,-,Y,SCR,,17," "," ",2.150,H,,L,Y,3,0,1,1,A,-,03,22350,,N,E,I,A,B,H,-,A,D,0,,,,,Y,,A,07,0,1,0,0,0,0,0,0,0,"- ","- ",37.018539428710938,-122.02831268310547,"SANTA CRUZ",UNINCORPORATED,-122.02799987792969,37.018539428710938
92356657,2024,2024-04-05,9720,2024-03-28,"817 ",020640,,4,1,9,4400,0,3,5,,2,200,"CORCORAN AVE","ALICE ST",420.00,N,N,B,-,N,,,,,,,,,,N,3,0,1,2,A,-,09,21804,A,N,H,G,A,A,H,-,A,D,0,,Y,,,Y,,D,22,0,1,0,0,0,0,1,0,0,"- ","- ",36.964698791503906,-121.98129272460938,"SANTA CRUZ",UNINCORPORATED,-121.98123931884766,36.964645385742188
9235719,2021,2021-04-16,4402,2021-02-22,1735,192,4402,1,5,5,4402,0,0,0,,0,000,"LAUREL ST","FRONT ST",0.00,,Y,A,-,N,,,,,,,,,,Y,2,0,1,2,A,-,11,21956,A,N,G,B,D,A,H,-,A,A,0,Y,,,,Y,,N,60,1,0,0,0,1,0,0,0,0,"- ","- ",,,"SANTA CRUZ","SANTA CRUZ",-122.02378082275391,36.969318389892578
9235720,2021,2021-04-16,4402,2021-02-24,0839,124,4412,3,5,5,4402,0,0,0,,0,,"PACIFIC AV","LAUREL ST",0.00,,N,A,-,N,,,,,,,,,,N,2,0,1,2,D,-,00,,,N,H,G,A,A,H,-,A,A,0,,Y,,,Y,,-,"- ",1,0,0,0,0,0,1,0,0,"- ","- ",,,"SANTA CRUZ","SANTA CRUZ",-122.02477264404297,36.969211578369141
92357321,2024,2024-04-05,9720,2024-03-22,1944,023331,,5,2,9,4400,0,1,3,,1,017,"SR-17 S/B","LA MADRONA DR",792.00,N,N,B,C,Y,,,,,,,,,,N,4,0,2,2,A,-,03,22350,,N,B,2,A,B,H,-,D,D,0,,,,,Y,,A,01,0,0,2,0,0,0,0,0,0,"- ","- ",,,"SANTA CRUZ",UNINCORPORATED,-122.02259063720703,37.010505676269531
92357664,2023,2024-08-23,9720,2023-11-11,1404,022400,,6,2,9,4400,0,1,3,,1,010,SR-1,"DIMEO LN",0.00,,Y,A,-,Y,SCR,,1," "," ",22.703,H,,R,N,1,1,0,2,A,-,09,21802,A,N,C,C,A,A,H,-,A,A,0,,,Y,,Y,,D,22,0,0,0,0,0,0,0,1,0,"- ","- ",36.964500427246094,-122.1048583984375,"SANTA CRUZ",UNINCORPORATED,-122.10483551025391,36.964527130126953
92357665,2024,2024-04-05,9720,2024-03-26,1450,023618,,2,2,9,4400,0,2,4,,1,016,"GRAHAM HILL RD","MEYER DR",332.00,N,N,B,-,N,,,,,,,,,,Y,3,0,1,2,A,-,03,22350,,N,A,C,A,A,H,-,A,D,0,,,Y,,Y,,C,02,0,1,0,0,0,0,0,0,1,"- ","- ",37.018871307373047,-122.03594970703125,"SANTA CRUZ",UNINCORPORATED,-122.03623962402344,37.01953125
92357701,2024,2024-04-08,9720,2024-03-29,1425,023636,,5,2,9,4400,0,1,3,,2,020,"SR-1 S/B","BRANCIFORTE AVENUE",130.00,N,N,B,C,Y,SCR,,1," "," ",16.274,H,,L,Y,3,0,1,1,A,-,03,22350,,N,E,I,A,B,D,-,A,D,0,,,,,Y,,-,"- ",0,1,0,0,0,0,0,0,0,"- ","- ",36.988391876220703,-122.01155853271484,"SANTA CRUZ",UNINCORPORATED,-122.01155090332031,36.988502502441406
92357738,2024,2024-04-08,9720,2024-03-30,2202,023103,,6,3,9,4400,0,1,3,,2,030,"SR-1 N/B","BUENA VISTA DR",100.00,S,N,B,C,Y,SCR,,1," ",R,4.069,H,,R,Y,4,0,1,1,A,-,03,22350,,N,E,I,A,B,H,-,C,D,0,,,,,Y,,A,01,0,0,1,0,0,0,0,0,0,"- ","- ",36.931629180908203,-121.81021881103516,"SANTA CRUZ",UNINCORPORATED,-121.81026458740234,36.931529998779297
9235820,2021,2021-03-24,4402,2021-02-27,1121,146,4402,6,5,5,4402,0,0,0,,0,000,"SAN LORENZO BL",BROADWAY,0.00,,Y,A,G,N,,,,,,,,,,N,3,0,1,1,A,-,08,22107,,N,F,A,A,A,H,-,A,A,0,,,Y,,Y,,C,03,0,1,0,0,0,0,0,0,1,"- ","- ",,,"SANTA CRUZ","SANTA CRUZ",-122.02218627929688,36.970252990722656
92358568,2024,2024-04-08,9720,2024-03-26,1321,023502,,2,1,9,4400,0,1,3,,1,015,SR-236,"MOON DR",1550.00,N,N,A,-,Y,SCR,,236," "," ",4.718,H,,R,Y,4,0,1,1,A,-,03,22350,,N,E,I,A,A,H,-,A,D,0,,,,,Y,,A,01,0,0,1,0,0,0,0,0,0,"- ","- ",37.170429229736328,-122.17115020751953,"SANTA CRUZ",UNINCORPORATED,-122.17102813720703,37.170452117919922
92358589,2024,2024-04-08,9720,2024-03-26,1510,023611,,2,2,9,4400,0,1,3,,1,017,"SR-17 S/B","PASATIEMPO DR",1320.00,N,N,A,-,Y,SCR,,17," "," ",1.738,H,,L,Y,4,0,1,1,A,-,08,22107,,N,E,8,A,A,H,-,A,D,0,,,,,Y,,A,01,0,0,1,0,0,0,0,0,0,"- ","- ",37.013290405273438,-122.02410125732422,"SANTA CRUZ",UNINCORPORATED,-122.02418518066406,37.01324462890625
92358757,2024,2024-04-08,9720,2024-03-28,1653,020562,,4,2,9,4400,0,1,3,,2,020,"SR-1 N/B","STATE PARD DR",2112.00,S,N,A,-,Y,SCR,,1," "," ",9.813,H,,R,Y,3,0,2,3,A,-,03,22350,,F,C,2,A,A,H,-,A,D,0,,,,,Y,,A,01,0,2,0,0,0,0,0,0,0,"- ","- ",36.974918365478516,-121.89826965332031,"SANTA CRUZ",UNINCORPORATED,-121.89827728271484,36.974960327148438
92358895,2024,2024-04-08,9720,2024-03-30,"849 ",023636,,6,1,9,4400,0,1,3,,1,017,"SR-17 S/B","LA MADRONA DR",270.00,S,N,A,-,Y,SCR,,17," "," ",2.133,H,,L,Y,3,0,2,1,A,-,03,22350,,N,E,I,A,B,H,-,A,D,0,,,,,Y,,A,07,0,2,0,0,0,0,0,0,0,"- ","- ",37.018280029296875,-122.02808380126953,"SANTA CRUZ",UNINCORPORATED,-122.02798461914062,37.018287658691406
92358986,2024,2024-04-08,9720,2024-03-30,1445,022400,,6,2,9,4400,0,3,5,,2,200,"LOMA PRIETA WAY","RANCHO PRIETA RD",482.00,W,N,B,-,N,,,,,,,,,,Y,3,0,1,2,A,-,05,21650,,N,A,C,A,B,H,-,A,D,0,,,,,Y,,A,01,0,1,0,0,0,0,0,0,0,"- ","- ",37.104949951171875,-121.88359832763672,"SANTA CRUZ",UNINCORPORATED,-121.88353729248047,37.104930877685547
92359141,2024,2024-04-08,9720,2024-03-31,1230,023507,,7,1,9,4400,0,3,5,,2,200,"S MAIN ST","PORTER ST",300.00,E,N,A,-,N,,,,,,,,,,N,3,0,1,2,A,-,09,21801,A,N,D,C,A,A,H,-,A,D,0,,,,,Y,,A,01,0,1,0,0,0,0,0,0,0,"- ","- ",36.984199523925781,-121.95620727539062,"SANTA CRUZ",UNINCORPORATED,-121.95619201660156,36.984256744384766
9235942,2021,2021-03-29,4403,2021-02-28,1633,330,,7,5,4,4403,0,0,0,,0,002,"WALKER ST","FORD ST",0.00,,Y,A,-,N,,,,,,,,,,Y,3,0,1,2,A,-,09,21802,A,N,D,C,A,A,H,-,A,D,0,,,,,Y,,A,01,0,1,0,0,0,0,0,0,0,"- ","- ",,,"SANTA CRUZ",WATSONVILLE,-121.76653289794922,36.911079406738281
92359857,2023,2024-04-09,9720,2023-12-20,"740 ",023316,,3,1,5,4402,0,1,3,,2,020,"SR-1 S/B","MARKET ST",146.46,S,N,B,C,Y,SCR,,1," "," ",16.339,H,,L,Y,1,1,0,1,A,-,03,22350,,N,E,I,A,B,H,-,A,D,0,,,,,Y,,D,22,0,0,0,0,0,0,0,0,0,"- ","- ",36.988430023193359,-122.01268005371094,"SANTA CRUZ","SANTA CRUZ",-122.01267242431641,36.988544464111328
92359873,2023,2024-04-09,9720,2023-08-21,"435 ",022907,,1,3,9,4400,0,1,3,,2,020,"SR-1 N/B TO SR-17 N/B","SR-17 N/B",528.00,S,N,A,-,Y,SCR,,1," "," ",16.772,H,,R,Y,1,1,0,1,A,-,08,22107,,N,E,9,A,A,H,-,D,D,0,,,,,Y,,A,01,0,0,0,0,0,0,0,0,0,"- ","- ",36.989711761474609,-122.02044677734375,"SANTA CRUZ",UNINCORPORATED,-122.02049255371094,36.989490509033203
92359925,2024,2024-04-09,9720,2024-03-30,1350,023636,,6,1,9,4400,0,1,3,,2,020,"SR-1 N/B","PARK AVENUE",200.00,N,N,B,C,Y,SCR,,1," "," ",12.391,H,,R,Y,3,0,4,2,A,-,04,21703,,N,C,C,A,B,D,-,A,D,0,,,,,Y,,A,01,0,2,2,0,0,0,0,0,0,"- ","- ",36.984100341796875,-121.94232177734375,"SANTA CRUZ",UNINCORPORATED,-121.94232177734375,36.984088897705078
92359980,2024,2024-04-09,9720,2024-03-26,1726,023502,,2,2,9,4400,0,1,3,,1,015,SR-9,"GRAHAM HILL RD",220.00,S,N,A,-,Y,SCR,,9," "," ",6.381,H,,R,N,2,0,1,2,A,-,03,22350,,N,C,C,A,A,H,-,A,D,0,,,Y,,Y,,C,02,1,0,0,0,0,0,0,0,1,"- ","- ",37.051830291748047,-122.0732421875,"SANTA CRUZ",UNINCORPORATED,-122.0732421875,37.051830291748047
92360707,2024,2024-04-10,9720,2024-03-29,1830,023322,,5,2,9,4400,0,3,5,,2,100,"BONNY DOON RD","SMITH GRD",4541.00,S,N,B,-,N,,,,,,,,,,Y,3,0,1,1,A,-,03,22350,,N,E,I,A,B,H,-,B,D,0,,,,,Y,,A,07,0,1,0,0,0,0,0,0,0,"- ","- ",37.028789520263672,-122.16275024414062,"SANTA CRUZ",UNINCORPORATED,,
92360753,2024,2024-04-10,9720,2024-04-01,1755,023610,,1,2,9,4400,0,1,3,,2,020,"SR-1 N/B","41 ST AVE",1584.00,N,N,A,-,Y,SCR,,1," "," ",13.927,H,,R,Y,4,0,4,2,A,-,07,21658,A,N,C,C,A,A,D,-,A,D,0,,,,,Y,,A,01,0,0,4,0,0,0,0,0,0,"- ","- ",36.983180999755859,-121.96996307373047,"SANTA CRUZ",UNINCORPORATED,-121.96995544433594,36.98321533203125