CASE_ID,ACCIDENT_YEAR,PROC_DATE,JURIS,COLLISION_DATE,COLLISION_TIME,OFFICER_ID,REPORTING_DISTRICT,DAY_OF_WEEK,CHP_SHIFT,POPULATION,CNTY_CITY_LOC,SPECIAL_COND,BEAT_TYPE,CHP_BEAT_TYPE,CITY_DIVISION_LAPD,CHP_BEAT_CLASS,BEAT_NUMBER,PRIMARY_RD,SECONDARY_RD,DISTANCE,DIRECTION,INTERSECTION,WEATHER_1,WEATHER_2,STATE_HWY_IND,CALTRANS_COUNTY,CALTRANS_DISTRICT,STATE_ROUTE,ROUTE_SUFFIX,POSTMILE_PREFIX,POSTMILE,LOCATION_TYPE,RAMP_INTERSECTION,SIDE_OF_HWY,TOW_AWAY,COLLISION_SEVERITY,NUMBER_KILLED,NUMBER_INJURED,PARTY_COUNT,PRIMARY_COLL_FACTOR,PCF_CODE_OF_VIOL,PCF_VIOL_CATEGORY,PCF_VIOLATION,PCF_VIOL_SUBSECTION,HIT_AND_RUN,TYPE_OF_COLLISION,MVIW,PED_ACTION,ROAD_SURFACE,ROAD_COND_1,ROAD_COND_2,LIGHTING,CONTROL_DEVICE,CHP_ROAD_TYPE,PEDESTRIAN_ACCIDENT,BICYCLE_ACCIDENT,MOTORCYCLE_ACCIDENT,TRUCK_ACCIDENT,NOT_PRIVATE_PROPERTY,ALCOHOL_INVOLVED,STWD_VEHTYPE_AT_FAULT,CHP_VEHTYPE_AT_FAULT,COUNT_SEVERE_INJ,COUNT_VISIBLE_INJ,COUNT_COMPLAINT_PAIN,COUNT_PED_KILLED,COUNT_PED_INJURED,COUNT_BICYCLIST_KILLED,COUNT_BICYCLIST_INJURED,COUNT_MC_KILLED,COUNT_MC_INJURED,PRIMARY_RAMP,SECONDARY_RAMP,LATITUDE,LONGITUDE,COUNTY,CITY,POINT_X,POINT_Y
92360947,2024,2024-04-10,9720,2024-04-02,1728,021211,,2,2,9,4400,0,3,5,,2,100,"EMPIRE GRADE RD.","HELLER DR.",1584.00,N,N,A,-,N,,,,,,,,,,Y,3,0,1,1,A,-,08,22107,,N,F,A,A,A,H,-,A,D,0,,,,,Y,,D,22,0,1,0,0,0,0,0,0,0,"- ","- ",36.992828369140625,-122.06986236572266,"SANTA CRUZ",UNINCORPORATED,-122.06980895996094,36.992073059082031
92361473,2024,2024-04-11,9720,2024-04-01,1245,023611,,1,1,9,4400,0,1,3,,2,030,"SR-1 S/B TO SAN ANDREAS RD","SAN ANDREAS RD",0.00,,Y,A,-,Y,SCR,,1," ",R,7.675,H,,L,N,4,0,2,2,A,-,01,23152,A,N,D,C,A,A,H,-,A,A,0,,,,,Y,Y,D,22,0,0,2,0,0,0,0,0,0,"- ","- ",36.960338592529297,-121.86286163330078,"SANTA CRUZ",UNINCORPORATED,-121.86263275146484,36.960487365722656
92361482,2024,2024-04-11,9720,2024-04-02,1646,023721,,2,2,9,4400,0,2,4,,1,021,"SOQUEL DR","CRYSTAL HEIGHTS DR",0.00,,Y,A,-,N,,,,,,,,,,Y,4,0,1,2,A,-,09,21804,A,N,D,C,A,A,H,-,A,D,0,,,,,Y,,A,07,0,0,1,0,0,0,0,0,0,"- ","- ",36.987319946289062,-121.94970703125,"SANTA CRUZ",UNINCORPORATED,-121.94966125488281,36.987361907958984
92361782,2024,2024-04-11,9720,2024-04-01,2155,023447,,1,2,9,4400,0,1,3,,2,030,"SR-1 N/B","MAR MONTE",200.00,N,N,A,-,Y,SCR,,1," ",R,6.736,H,,R,Y,3,0,1,3,A,-,03,22350,,N,B,C,A,A,H,-,D,D,0,,,,,Y,,A,07,0,1,0,0,0,0,0,0,0,"- ","- ",36.950340270996094,-121.85159301757812,"SANTA CRUZ",UNINCORPORATED,-121.85158538818359,36.950344085693359
92362422,2024,2024-04-11,9720,2024-03-20,2015,022976,,3,2,9,4400,0,1,3,,2,030,"SR-1 N/B","BUENA VISTA DR",4488.00,N,N,A,-,Y,SCR,,1," ",R,4.963,H,,R,Y,4,0,1,3,A,-,03,22350,,N,C,C,A,A,D,-,D,D,0,,,,,Y,,A,01,0,0,1,0,0,0,0,0,0,"- ","- ",36.936199188232422,-121.82537841796875,"SANTA CRUZ",UNINCORPORATED,-121.82537078857422,36.936214447021484
92362924,2024,2024-04-12,9720,2024-04-03,"300 ",023186,,3,3,9,4400,0,1,3,,1,034,SR-152,"GAFFEY RD",200.00,W,N,A,-,Y,SCR,,152," "," ",6.314,H,,R,Y,3,0,1,1,A,-,01,23152,A,N,E,I,A,A,H,-,D,D,0,,,,,Y,Y,A,07,0,1,0,0,0,0,0,0,0,"- ","- ",36.97998046875,-121.71631622314453,"SANTA CRUZ",UNINCORPORATED,-121.71633148193359,36.979953765869141
9236293,2021,2021-04-07,4403,2021-02-04,1822,406,2-23,4,5,4,4403,0,0,0,,0,002,"MAIN ST","OHLONE PKWY",7.00,S,N,A,-,Y,SCR,5,152,-,T,1.594,I,5,E,N,3,0,1,2,A,-,10,21950,A,F,G,B,B,A,H,-,C,A,0,Y,,,,Y,,D,22,0,1,0,0,1,0,0,0,0,"- ","- ",,,"SANTA CRUZ",WATSONVILLE,-121.77718353271484,36.917495727539062
92364746,2024,2024-04-15,9720,2024-04-03,"38  ",023610,,3,3,9,4400,0,2,4,,1,022,"SOQUEL SAN JOSE RD","MILLER HILL RD",2112.00,N,N,A,-,N,,,,,,,,,,N,4,0,1,1,A,-,03,22350,,N,E,8,A,A,H,-,D,D,0,,,,,Y,,A,01,0,0,1,0,0,0,0,0,0,"- ","- ",37.114208221435547,-121.93936920166016,"SANTA CRUZ",UNINCORPORATED,-121.9468994140625,37.109264373779297
92364751,2024,2024-04-15,9720,2024-04-03,"654 ",023721,,3,1,9,4400,0,3,5,,2,300,"PIONEER RD","GREEN VALLEY RD",2112.00,W,N,A,-,N,,,,,,,,,,Y,3,0,2,2,A,-,09,21801,A,N,D,2,A,A,H,-,A,D,0,,,,,Y,,A,01,0,1,1,0,0,0,0,0,0,"- ","- ",36.971210479736328,-121.77919006347656,"SANTA CRUZ",UNINCORPORATED,-121.7791748046875,36.97119140625
92364768,2024,2024-04-15,9720,2024-04-03,1116,023502,,3,1,9,4400,0,1,3,,1,035,SR-129,"CARLTON RD",0.00,,Y,A,-,N,,,,,,,,,,Y,3,0,1,2,A,-,09,21802,A,N,D,C,A,A,H,-,A,A,0,,,,Y,Y,,D,22,0,1,0,0,0,0,0,0,0,"- ","- ",36.924339294433594,-121.69915008544922,"SANTA CRUZ",UNINCORPORATED,-121.69921112060547,36.924327850341797
92364782,2024,2024-04-15,9720,2024-04-09,2158,022879,,2,2,9,4400,0,1,3,,2,020,"SR-1 S/B","PARK AVE.",2010.00,N,N,A,-,Y,SCR,,1," "," ",12.488,H,,L,Y,4,0,1,2,A,-,03,22350,,N,C,C,A,A,D,-,D,D,0,,,,,Y,,A,01,0,0,1,0,0,0,0,0,0,"- ","- ",36.983898162841797,-121.94410705566406,"SANTA CRUZ",UNINCORPORATED,-121.94410705566406,36.983940124511719
92364787,2024,2024-04-15,9720,2024-04-03,1600,023611,,3,2,9,4400,0,2,4,,1,021,"SOQUEL DR","STATE PARD DR",110.00,S,N,A,-,N,,,,,,,,,,N,4,0,1,2,A,-,08,22107,,N,H,G,A,A,H,-,A,D,0,,Y,,,Y,,A,01,0,0,1,0,0,0,1,0,0,"- ","- ",36.979488372802734,-121.90827178955078,"SANTA CRUZ",UNINCORPORATED,,
92365123,2024,2024-04-16,9720,2024-03-02,2135,023316,,6,2,9,4400,0,1,3,,1,034,"SR-152 E/B FROM SR-1 S/B","SR-1 S/B",1584.00,E,N,B,-,Y,,,,,,,,,,Y,3,0,1,1,A,-,03,22350,,M,E,8,A,B,H,-,C,D,0,,,,,Y,,A,01,0,1,0,0,0,0,0,0,0,"- ","- ",36.919921875,-121.79115295410156,"SANTA CRUZ",UNINCORPORATED,,
92365254,2024,2024-04-16,9720,2024-03-30,1245,023166,,6,1,9,4400,0,3,5,,2,300,"CARLTON RD","THOMPSON RD",45.00,S,N,B,-,N,,,,,,,,,,Y,3,0,1,2,A,-,03,22350,,N,A,C,A,A,H,-,A,D,0,,,,,Y,,A,07,0,1,0,0,0,0,0,0,0,"- ","- ",36.938179016113281,-121.70664215087891,"SANTA CRUZ",UNINCORPORATED,-121.70674133300781,36.938194274902344
92365279,2024,2024-04-16,9720,2024-04-01,1645,023516,,1,2,9,4400,0,1,3,,1,015,"RT 9","WEST PARK AVENUE",40.00,S,N,A,-,Y,SCR,,9," "," ",13.146,H,,R,N,3,0,1,2,A,-,11,21950,B,N,D,B,A,A,H,-,A,D,0,,,,,Y,,M,93,0,1,0,0,0,0,0,0,0,"- ","- ",37.127178192138672,-122.12291717529297,"SANTA CRUZ",UNINCORPORATED,-122.12288665771484,37.127185821533203
92365490,2024,2024-04-16,9720,2024-04-04,1200,023516,,4,1,9,4400,0,1,3,,1,017,"SB SR-17","LA MADRONA DRIVE",300.00,S,N,B,-,Y,SCR,,17," "," ",2.140,H,,L,Y,4,0,2,1,A,-,03,22350,,N,E,I,A,B,H,-,A,D,0,,,,,Y,,A,01,0,0,2,0,0,0,0,0,0,"- ","- ",37.018390655517578,-122.02809143066406,"SANTA CRUZ",UNINCORPORATED,-122.02799987792969,37.018398284912109
92365505,2024,2024-04-16,9720,2024-04-04,1155,022044,,4,1,9,4400,0,1,3,,1,017,"SR-17 S/B","SUMMIT RD",535.00,S,N,B,-,Y,SCR,,17," "," ",12.546,H,,L,Y,4,0,1,1,A,-,03,22350,,N,E,I,A,B,H,-,A,D,0,,,,,Y,,D,22,0,0,1,0,0,0,0,0,0,"- ","- ",37.144008636474609,-121.98496246337891,"SANTA CRUZ",UNINCORPORATED,-121.98482513427734,37.14398193359375
92365525,2024,2024-04-16,9720,2024-04-05,"140 ",023146,,5,3,9,4400,0,3,5,,2,100,"LAKE BLVD","CARROL AVE",528.00,S,N,B,C,N,,,,,,,,,,Y,3,0,1,1,A,-,03,22350,,N,E,8,A,B,H,-,D,D,0,,,,,Y,Y,A,07,0,1,0,0,0,0,0,0,0,"- ","- ",37.103858947753906,-122.04782104492188,"SANTA CRUZ",UNINCORPORATED,-122.04764556884766,37.104034423828125
92365641,2024,2024-04-16,9720,2024-04-07,"707 ",023331,,7,1,9,4400,0,3,5,,2,200,"PORTER ST","WALNUT ST",5.00,N,N,A,-,N,,,,,,,,,,N,4,0,1,1,A,-,03,22350,,N,E,8,A,A,H,-,A,D,0,,,Y,,Y,,C,02,0,0,1,0,0,0,0,0,1,"- ","- ",36.985939025878906,-121.95736694335938,"SANTA CRUZ",UNINCORPORATED,-121.95738220214844,36.985912322998047
92365783,2024,2024-04-16,9720,2024-04-08,1152,023611,,1,1,9,4400,0,1,3,,2,030,"SR-1 N/B","BUENA VISTA DR",2640.00,S,N,A,-,Y,SCR,,1," ",R,3.579,H,,R,Y,4,0,1,1,A,-,08,22107,,N,E,I,A,A,H,-,A,D,0,,,,,Y,,B,07,0,0,1,0,0,0,0,0,0,"- ","- ",36.928249359130859,-121.802490234375,"SANTA CRUZ",UNINCORPORATED,-121.80263519287109,36.928092956542969
9236607,2021,2021-04-16,4403,2021-03-05,1357,358,401,5,5,4,4403,0,0,0,,0,004,"FREEDOM BL","GREEN VALLEY RD",210.00,S,N,A,-,N,,,,,,,,,,N,4,0,1,2,A,-,05,21650,1,N,D,G,A,-,H,-,A,A,0,,Y,,,Y,,L,04,0,0,1,0,0,0,1,0,0,"- ","- ",,,"SANTA CRUZ",WATSONVILLE,-121.77288818359375,36.934612274169922
92366332,2024,2024-04-17,9720,2024-04-05,2331,023146,,5,3,9,4400,0,1,3,,2,020,"SR-1 S/B","PARK AVE",2640.00,N,N,A,-,Y,SCR,,1," "," ",12.717,H,,L,Y,3,0,2,2,A,-,03,22350,,N,C,C,A,A,D,-,D,D,0,,,,,Y,,A,01,0,1,1,0,0,0,0,0,0,"- ","- ",36.983940124511719,-121.94825744628906,"SANTA CRUZ",UNINCORPORATED,-121.94825744628906,36.983928680419922
92366340,2024,2024-04-17,9720,2024-04-07,1434,022400,,7,2,9,4400,0,1,3,,1,017,"SR-17 S/B","SR-1 N/B",1056.00,N,N,A,-,Y,SCR,,17," "," ",0.223,H,,L,Y,3,0,2,1,A,-,01,23152,A,F,E,I,A,A,H,-,A,D,0,,,,,Y,Y,D,22,0,2,0,0,0,0,0,0,0,"- ","- ",36.992488861083984,-122.01969146728516,"SANTA CRUZ",UNINCORPORATED,-122.01975250244141,36.992523193359375
92366342,2024,2024-04-17,9720,2024-04-08,1440,023611,,1,2,9,4400,0,3,5,,2,300,"LARKIN VALLEY ROAD","XANTHUS DR",1000.00,S,N,A,-,N,,,,,,,,,,Y,2,0,1,1,A,-,03,22350,,N,E,I,A,A,H,-,A,D,0,,,,,Y,,A,01,1,0,0,0,0,0,0,0,0,"- ","- ",36.958610534667969,-121.85636138916016,"SANTA CRUZ",UNINCORPORATED,-121.85413360595703,36.957511901855469
92366602,2024,2024-04-17,9720,2024-04-08,1153,023721,,1,1,9,4400,0,2,4,,1,023,"41ST AVE","CORY ST",30.00,N,N,A,-,N,,,,,,,,,,N,3,0,1,2,A,-,08,22107,,N,H,G,A,A,H,-,A,D,0,,Y,,,Y,,D,22,0,1,0,0,0,0,1,0,0,"- ","- ",36.984291076660156,-121.96494293212891,"SANTA CRUZ",UNINCORPORATED,-121.96479797363281,36.984222412109375
92366715,2024,2024-04-17,9720,2024-04-10,1735,021211,,3,2,9,4400,0,3,5,,2,200,"PORTER ST.","W WALNUT ST.",150.00,N,N,A,-,N,,,,,,,,,,N,4,0,2,2,A,-,03,22350,,N,C,C,A,A,H,-,A,D,0,,,,,Y,,A,01,0,0,2,0,0,0,0,0,0,"- ","- ",36.986190795898438,-121.95732879638672,"SANTA CRUZ",UNINCORPORATED,-121.95738220214844,36.986312866210938
92366772,2024,2024-04-17,9720,2024-04-11,1450,023721,,4,2,9,4400,0,1,3,,1,035,"SR-129 E/B","INDUSTRIAL BLVD",15.00,W,N,A,-,Y,SCR,,129," ",L,0.500,H,,R,Y,4,0,1,2,A,-,03,22350,,N,C,C,A,A,H,-,A,D,0,,,,,Y,,A,01,0,0,1,0,0,0,0,0,0,"- ","- ",36.89862060546875,-121.76717376708984,"SANTA CRUZ",UNINCORPORATED,-121.76714324951172,36.898593902587891
92367496,2024,2024-04-18,9720,2024-04-08,"320 ",023387,,1,3,9,4400,0,2,4,,1,022,"SOQUEL SAN JOSE RD","LOS ROBLES RD",1056.00,S,N,A,-,N,,,,,,,,,,Y,2,0,1,1,A,-,01,23152,A,N,E,8,A,A,H,-,C,D,0,,,,,Y,Y,A,07,1,0,0,0,0,0,0,0,0,"- ","- ",37.013679504394531,-121.95249938964844,"SANTA CRUZ",UNINCORPORATED,-121.95214080810547,37.014720916748047
92367695,2024,2024-04-18,9720,2024-04-06,1255,023214,,6,1,9,4400,0,3,5,,2,100,"PINE FLAT RD.","WESTDALE DR.",4752.00,W,N,A,-,N,,,,,,,,,,N,3,0,2,1,A,-,08,22107,,N,F,A,A,A,H,-,A,D,0,,,Y,,Y,,C,02,0,2,0,0,0,0,0,0,2,"- ","- ",37.078208923339844,-122.14219665527344,"SANTA CRUZ",UNINCORPORATED,-122.15270233154297,37.056278228759766
92367776,2024,2024-04-18,9720,2024-04-07,"20  ",023322,,7,3,9,4400,0,1,3,,1,034,SR-152,"GAFFEY RD",3485.00,W,N,A,-,Y,SCR,,152," "," ",7.087,H,,R,Y,3,0,1,1,A,-,01,23152,A,N,E,I,A,A,H,-,D,D,0,,,,,Y,,A,01,0,1,0,0,0,0,0,0,0,"- ","- ",36.984279632568359,-121.71736145019531,"SANTA CRUZ",UNINCORPORATED,-121.71733856201172,36.984321594238281
92367843,2024,2024-04-18,9720,2024-04-16,"815 ",023502,,2,1,9,4400,0,2,4,,1,031,"MANFRE RD","EUCALYPTUS DR",170.00,N,N,A,-,N,,,,,,,,,,N,4,0,1,1,A,-,03,22350,,N,E,8,A,A,H,-,A,D,0,,,,,Y,,A,01,0,0,1,0,0,0,0,0,0,"- ","- ",36.930858612060547,-121.79776000976562,"SANTA CRUZ",UNINCORPORATED,-121.79772186279297,36.930835723876953
92367924,2024,2024-04-18,9720,2024-04-06,1030,023331,,6,1,9,4400,0,2,4,,1,021,"SOQUEL DRIVE","WINKLE AVE",80.00,E,N,A,-,N,,,,,,,,,,Y,4,0,1,2,A,-,09,21804,A,N,D,C,A,A,H,-,A,D,0,,,,Y,Y,,A,01,0,0,1,0,0,0,0,0,0,"- ","- ",36.988170623779297,-121.97425842285156,"SANTA CRUZ",UNINCORPORATED,-121.97486114501953,36.988185882568359
92368664,2024,2024-04-19,9720,2024-03-31,2156,023103,,7,2,9,4400,0,1,3,,2,030,"NB SR-1","MAR MONTE AVE",1056.00,N,N,B,-,Y,SCR,,1," ",R,6.894,H,,R,Y,4,0,1,1,A,-,01,23152,A,N,E,I,A,B,H,-,D,D,0,,,,,Y,Y,A,01,0,0,1,0,0,0,0,0,0,"- ","- ",36.952068328857422,-121.85343170166016,"SANTA CRUZ",UNINCORPORATED,-121.85345458984375,36.952053070068359
92368682,2024,2024-04-19,9720,2024-04-04,"815 ",023573,,4,1,9,4400,0,1,3,,1,034,SR-152,"GAFFEY RD",528.00,W,N,C,-,N,,,,,,,,,,N,3,0,1,1,A,-,08,22107,,N,F,A,A,B,H,-,A,D,0,,,,,Y,,A,07,0,1,0,0,0,0,0,0,0,"- ","- ",36.979400634765625,-121.71418762207031,"SANTA CRUZ",UNINCORPORATED,,
9236874,2021,2021-04-02,4402,2021-02-17,1018,152,4402,3,5,5,4402,0,0,0,,0,000,"SEABRIGHT AV","SOQUEL AV",0.00,,Y,A,-,N,,,,,,,,,,N,4,0,1,2,A,-,00,22456,B,N,G,B,B,A,H,-,A,A,0,Y,,,,Y,,N,60,0,0,1,0,1,0,0,0,0,"- ","- ",,,"SANTA CRUZ","SANTA CRUZ",-122.01062774658203,36.979793548583984
9236875,2021,2021-04-02,4402,2021-02-12,1756,133,4402,5,5,5,4402,0,0,0,,0,000,"EAST CLIFF DR","OCEAN ST",0.00,,Y,A,-,N,,,,,,,,,,Y,3,0,1,2,A,-,12,21453,A,N,D,C,A,A,H,-,A,A,0,,,Y,,Y,Y,A,01,0,1,0,0,0,0,0,0,1,"- ","- ",,,"SANTA CRUZ","SANTA CRUZ",-122.01624298095703,36.968696594238281
92368831,2024,2024-04-19,9720,2024-04-12,"802 ",023331,,5,1,9,4400,0,2,4,,1,023,"17TH AVENUE","HEATH COVE",45.00,S,N,B,-,N,,,,,,,,,,N,4,0,1,2,A,-,09,21801,A,N,H,G,A,A,H,-,A,D,0,,Y,,,Y,,A,08,0,0,1,0,0,0,1,0,0,"- ","- ",36.966468811035156,-121.98571014404297,"SANTA CRUZ",UNINCORPORATED,-121.9862060546875,36.965717315673828
92368855,2024,2024-04-19,9720,2024-04-12,1440,022140,,5,2,9,4400,0,1,3,,1,015,SR-9,"LAZYWOODS RD",700.00,S,N,B,-,Y,SCR,,9," "," ",7.306,H,,R,Y,2,0,2,4,A,-,01,23152,A,N,B,C,A,A,H,-,A,D,0,,,,,Y,Y,A,01,2,0,0,0,0,0,0,0,0,"- ","- ",37.063220977783203,-122.07997131347656,"SANTA CRUZ",UNINCORPORATED,-122.07996368408203,37.063217163085938
92368871,2024,2024-04-19,9720,2024-03-17,1300,022044,,7,1,9,4400,0,3,5,,2,100,"SMITH GRADE","WARREN DR",900.00,W,N,A,-,N,,,,,,,,,,N,3,0,1,1,A,-,03,22350,,N,F,A,A,A,B,-,A,D,0,,,Y,,Y,,C,02,0,1,0,0,0,0,0,0,1,"- ","- ",37.025840759277344,-122.13398742675781,"SANTA CRUZ",UNINCORPORATED,-122.13949584960938,37.033901214599609
92372884,2024,2024-04-23,9720,2024-04-11,1258,023507,,4,1,9,4400,0,1,3,,1,015,SR-9,"CALIFORNIA DR",1000.00,N,N,A,-,Y,SCR,,9," "," ",10.346,H,,R,N,3,0,1,1,A,-,08,22107,,N,E,8,A,A,D,-,A,D,0,,,,,Y,,A,07,0,1,0,0,0,0,0,0,0,"- ","- ",37.097858428955078,-122.09752655029297,"SANTA CRUZ",UNINCORPORATED,-122.09767150878906,37.097846984863281
92374394,2024,2024-04-24,9720,2024-04-16,2100,023186,,2,2,9,4400,0,1,3,,2,020,"N/B SR-1","PARK AVE",329.00,N,N,A,-,Y,SCR,,1," "," ",12.159,H,,R,Y,3,0,3,2,A,-,01,23152,A,N,C,C,A,A,D,-,C,D,0,,,,,Y,Y,A,01,0,3,0,0,0,0,0,0,0,"- ","- ",36.984088897705078,-121.93808746337891,"SANTA CRUZ",UNINCORPORATED,-121.93808746337891,36.984073638916016
92374532,2024,2024-04-25,9720,2024-04-14,"815 ",023166,,7,1,9,4400,0,1,3,,1,017,"SR-17 S/B","LA MADRONA DR",315.00,S,N,A,-,Y,SCR,,17," "," ",2.123,H,,L,Y,3,0,1,1,A,-,01,23152,A,N,E,I,A,B,H,-,A,D,0,,,,,Y,Y,A,01,0,1,0,0,0,0,0,0,0,"- ","- ",37.018119812011719,-122.02805328369141,"SANTA CRUZ",UNINCORPORATED,-122.0279541015625,37.018131256103516
92374535,2024,2024-04-25,9720,2024-04-07,1045,023573,,7,1,9,4400,0,1,3,,2,020,"SR-1 N/B","STATE PARD DR",1056.00,N,N,A,-,Y,SCR,,1," "," ",10.819,H,,R,Y,3,0,2,3,A,-,03,22350,,N,C,C,A,A,D,-,A,D,0,,,,,Y,,A,07,0,2,0,0,0,0,0,0,0,"- ","- ",36.980308532714844,-121.91464233398438,"SANTA CRUZ",UNINCORPORATED,-121.91463470458984,36.980316162109375
92375023,2024,2024-04-25,9720,2024-04-13,1410,023166,,6,2,9,4400,0,2,4,,1,031,"FREEDOM BLVD","DAY VALLEY RD.",86.00,E,N,B,-,N,,,,,,,,,,Y,3,0,1,2,A,-,03,22350,,N,B,2,A,B,H,-,A,D,0,,,,,Y,Y,D,22,0,1,0,0,0,0,0,0,0,"- ","- ",36.987808227539062,-121.83795166015625,"SANTA CRUZ",UNINCORPORATED,-121.8380126953125,36.987789154052734
92375178,2024,2024-04-25,9720,2024-04-13,1902,023447,,6,2,9,4400,0,1,3,,1,017,"SR-17 S/B","GLENWOOD CUTOFF",200.00,S,N,B,C,Y,SCR,,17," "," ",9.027,H,,L,Y,4,0,1,2,A,-,03,22350,,N,B,C,A,B,H,-,A,D,0,,,,,Y,,A,01,0,0,1,0,0,0,0,0,0,"- ","- ",37.099491119384766,-121.97615814208984,"SANTA CRUZ",UNINCORPORATED,-121.97626495361328,37.099437713623047
92375195,2024,2024-04-25,9720,2024-04-12,1745,023447,,5,2,9,4400,0,2,4,,1,024,"PORTOLA DR","38TH AVE",0.00,,Y,B,-,N,,,,,,,,,,Y,2,0,1,2,A,-,12,22450,A,N,A,C,A,A,H,-,A,A,0,,,,,Y,,A,01,1,0,0,0,0,0,0,0,0,"- ","- ",36.963489532470703,-121.96737670898438,"SANTA CRUZ",UNINCORPORATED,-121.96739959716797,36.96343994140625
92375236,2024,2024-04-25,9720,2024-04-12,1130,023573,,5,1,9,4400,0,1,3,,2,030,"SR-1 N/B","MAR MONTE",528.00,N,N,A,-,Y,SCR,,1," ",R,6.701,H,,R,Y,3,0,1,1,A,-,08,22107,,N,E,8,A,A,H,-,A,D,0,,,,,Y,,A,07,0,1,0,0,0,0,0,0,0,"- ","- ",36.949901580810547,-121.85125732421875,"SANTA CRUZ",UNINCORPORATED,-121.85115814208984,36.949974060058594
92375323,2024,2024-04-25,9720,2024-04-13,2030,023146,,6,2,9,4400,0,3,5,,2,200,"SOQUEL AVE","MATTISON LN",10.00,E,N,B,C,N,,,,,,,,,,Y,3,0,1,2,A,-,01,23152,A,N,A,C,A,B,H,-,C,A,0,,,,,Y,Y,D,22,0,1,0,0,0,0,0,0,0,"- ","- ",36.983779907226562,-121.97393798828125,"SANTA CRUZ",UNINCORPORATED,-121.97406768798828,36.983802795410156
92375386,2024,2024-04-25,9720,2024-04-14,2300,023146,,7,3,9,4400,0,1,3,,1,010,SR-1,"BONNY DOON RD",2640.00,S,N,B,-,Y,SCR,,1," "," ",26.976,H,,R,Y,2,0,1,1,A,-,01,23152,A,N,E,8,A,B,H,-,D,D,0,,,,,Y,Y,A,01,1,0,0,0,0,0,0,0,0,"- ","- ",36.994808197021484,-122.17124176025391,"SANTA CRUZ",UNINCORPORATED,-122.17121887207031,36.994831085205078
92375996,2024,2024-04-26,9720,2024-04-16,"950 ",023721,,2,1,9,4400,0,1,3,,1,017,"SR-17 N/B","CRESCENT DR",200.00,S,N,A,-,Y,SCR,,17," "," ",6.682,H,,R,Y,4,0,1,1,A,-,08,22107,,N,E,I,A,A,H,-,A,D,0,,,,,Y,,A,07,0,0,1,0,0,0,0,0,0,"- ","- ",37.073291778564453,-121.98966217041016,"SANTA CRUZ",UNINCORPORATED,-121.98965454101562,37.073284149169922
92376062,2024,2024-04-26,9720,2024-04-17,1615,023721,,3,2,9,4400,0,3,5,,2,200,"SPRECKELS DR","SEACLIFF DR",100.00,N,N,A,-,N,,,,,,,,,,N,3,0,1,2,A,-,05,21460,A,M,B,C,A,A,H,-,A,D,0,,,,,Y,,-,"- ",0,1,0,0,0,0,0,0,0,"- ","- ",36.974891662597656,-121.9027099609375,"SANTA CRUZ",UNINCORPORATED,-121.9027099609375,36.974925994873047
92376069,2024,2024-04-26,9720,2024-04-18,"825 ",022907,,4,1,9,4400,0,1,3,,2,020,"NB SR-1","41ST AVENUE",1056.00,S,N,A,-,Y,SCR,,1," "," ",13.387,H,,R,Y,4,0,1,2,A,-,03,22350,,N,C,C,A,A,D,-,A,D,0,,,,,Y,,D,22,0,0,1,0,0,0,0,0,0,"- ","- ",36.982959747314453,-121.96028900146484,"SANTA CRUZ",UNINCORPORATED,-121.96028900146484,36.982959747314453
92376077,2024,2024-04-26,9720,2024-04-19,"740 ",023214,,5,1,9,4400,0,2,4,,1,021,"SOQUEL DR.","CALABRIA  ST.",30.00,E,N,A,-,N,,,,,,,,,,N,3,0,1,2,A,-,08,22107,,N,H,G,A,A,H,-,A,D,0,,Y,,,Y,,M,91,0,1,0,0,0,0,1,0,0,"- ","- ",36.985988616943359,-121.91812896728516,"SANTA CRUZ",UNINCORPORATED,-121.91818237304688,36.985946655273438
92376270,2024,2024-04-26,9720,2024-04-12,"740 ",023507,,5,1,9,4400,0,1,3,,2,020,"SR-1 S/B TO SOQUEL AVE","SOQUEL AVE",2.00,N,N,B,-,Y,,,,,,,,,,N,3,0,1,2,A,-,03,22350,,N,C,C,A,A,H,-,A,A,0,,,,,Y,,D,22,0,1,0,0,0,0,0,0,0,"- ","- ",36.986408233642578,-121.98625946044922,"SANTA CRUZ",UNINCORPORATED,-121.9742431640625,36.983932495117188
92376335,2024,2024-04-26,9720,2024-04-16,2052,023618,,2,2,9,4400,0,3,5,,2,100,"EMPIRE GRADE","HELLER DR",1637.00,N,N,A,-,N,,,,,,,,,,Y,2,0,2,1,A,-,08,22107,,N,E,I,A,A,H,-,D,D,0,,,,,Y,,A,01,1,1,0,0,0,0,0,0,0,"- ","- ",36.99224853515625,-122.0699462890625,"SANTA CRUZ",UNINCORPORATED,-122.06987762451172,36.992210388183594