CASE_ID,ACCIDENT_YEAR,PROC_DATE,JURIS,COLLISION_DATE,COLLISION_TIME,OFFICER_ID,REPORTING_DISTRICT,DAY_OF_WEEK,CHP_SHIFT,POPULATION,CNTY_CITY_LOC,SPECIAL_COND,BEAT_TYPE,CHP_BEAT_TYPE,CITY_DIVISION_LAPD,CHP_BEAT_CLASS,BEAT_NUMBER,PRIMARY_RD,SECONDARY_RD,DISTANCE,DIRECTION,INTERSECTION,WEATHER_1,WEATHER_2,STATE_HWY_IND,CALTRANS_COUNTY,CALTRANS_DISTRICT,STATE_ROUTE,ROUTE_SUFFIX,POSTMILE_PREFIX,POSTMILE,LOCATION_TYPE,RAMP_INTERSECTION,SIDE_OF_HWY,TOW_AWAY,COLLISION_SEVERITY,NUMBER_KILLED,NUMBER_INJURED,PARTY_COUNT,PRIMARY_COLL_FACTOR,PCF_CODE_OF_VIOL,PCF_VIOL_CATEGORY,PCF_VIOLATION,PCF_VIOL_SUBSECTION,HIT_AND_RUN,TYPE_OF_COLLISION,MVIW,PED_ACTION,ROAD_SURFACE,ROAD_COND_1,ROAD_COND_2,LIGHTING,CONTROL_DEVICE,CHP_ROAD_TYPE,PEDESTRIAN_ACCIDENT,BICYCLE_ACCIDENT,MOTORCYCLE_ACCIDENT,TRUCK_ACCIDENT,NOT_PRIVATE_PROPERTY,ALCOHOL_INVOLVED,STWD_VEHTYPE_AT_FAULT,CHP_VEHTYPE_AT_FAULT,COUNT_SEVERE_INJ,COUNT_VISIBLE_INJ,COUNT_COMPLAINT_PAIN,COUNT_PED_KILLED,COUNT_PED_INJURED,COUNT_BICYCLIST_KILLED,COUNT_BICYCLIST_INJURED,COUNT_MC_KILLED,COUNT_MC_INJURED,PRIMARY_RAMP,SECONDARY_RAMP,LATITUDE,LONGITUDE,COUNTY,CITY,POINT_X,POINT_Y
92376366,2024,2024-04-26,9720,2024-04-19,1410,023331,,5,2,9,4400,0,2,4,,1,023,"17TH AVENUE","CAPITOLA RD",85.00,S,N,A,-,N,,,,,,,,,,N,4,0,1,2,A,-,03,22350,,N,C,C,A,A,H,-,A,D,0,,,,,Y,,A,01,0,0,1,0,0,0,0,0,0,"- ","- ",36.975200653076172,-121.98320007324219,"SANTA CRUZ",UNINCORPORATED,-121.98308563232422,36.975612640380859
92376379,2024,2024-04-29,9720,2024-04-21,1250,022907,,7,1,9,4400,0,1,3,,2,020,"SR-1 N/B","STATE PARK DRIVE",1584.00,S,N,A,-,Y,SCR,,1," "," ",10.202,H,,R,N,4,0,1,2,A,-,03,22350,,N,C,C,A,A,H,-,A,D,0,,,,,Y,,A,07,0,0,1,0,0,0,0,0,0,"- ","- ",36.975570678710938,-121.90514373779297,"SANTA CRUZ",UNINCORPORATED,-121.90512847900391,36.975597381591797
92377253,2024,2024-04-29,9720,2024-04-18,"825 ",022140,,4,1,9,4400,0,1,3,,2,020,"SR-1 S/B","SOQUEL DR",1214.00,N,N,A,-,Y,SCR,,1," "," ",15.108,H,,L,Y,4,0,2,2,A,-,03,22350,,N,C,C,A,A,H,-,A,D,0,,,,Y,Y,,F,26,0,0,2,0,0,0,0,0,0,"- ","- ",36.987621307373047,-121.99060821533203,"SANTA CRUZ",UNINCORPORATED,-121.9906005859375,36.987693786621094
92377875,2024,2024-04-30,9720,2024-04-18,1520,022907,,4,2,9,4400,0,3,5,,2,200,"PORTER ST","SOQUEL DR",328.00,S,N,A,-,N,,,,,,,,,,Y,3,0,1,2,C,-,18,,,N,A,C,A,A,H,-,A,A,0,,,,,Y,,-,"- ",0,1,0,0,0,0,0,0,0,"- ","- ",36.987041473388672,-121.95741271972656,"SANTA CRUZ",UNINCORPORATED,-121.95737457275391,36.987220764160156
92377878,2024,2024-04-30,9720,2024-04-20,"136 ",023103,,6,3,9,4400,0,1,3,,1,017,"SR-17 S/B","LA MADRONA DR",10.00,S,N,A,-,Y,SCR,,17," "," ",2.175,H,,L,Y,3,0,1,1,A,-,03,22350,,N,E,I,A,B,H,-,C,D,0,,,,,Y,,A,01,0,1,0,0,0,0,0,0,0,"- ","- ",37.018909454345703,-122.02789306640625,"SANTA CRUZ",UNINCORPORATED,-122.02797698974609,37.0189208984375
92377882,2024,2024-04-30,9720,2024-04-22,1930,022545,,1,2,9,4400,0,1,3,,1,017,"SR-17 S/B","EMELINE AVE",125.00,S,N,A,-,Y,SCR,,1," "," ",16.597,H,,L,N,4,0,1,1,A,-,08,22107,,M,E,I,A,A,H,-,A,D,0,,,,,Y,,-,"- ",0,0,1,0,0,0,0,0,0,"- ","- ",36.988918304443359,-122.01730346679688,"SANTA CRUZ",UNINCORPORATED,-122.01730346679688,36.988910675048828
92378855,2024,2024-04-30,9720,2024-04-18,1215,023166,,4,1,9,4400,0,2,4,,1,031,"FREEDOM BLVD","BOWKER RD",185.00,W,N,A,-,N,,,,,,,,,,Y,4,0,1,2,A,-,08,22107,,N,C,C,A,A,H,-,A,D,0,,,,,Y,,A,07,0,0,1,0,0,0,0,0,0,"- ","- ",36.945110321044922,-121.78813934326172,"SANTA CRUZ",UNINCORPORATED,-121.78809356689453,36.945159912109375
92378964,2024,2024-05-01,9720,2024-04-24,1201,023610,,3,1,9,4400,0,3,5,,2,300,"CARLTON RD",SR-129,1056.00,W,N,B,-,N,,,,,,,,,,Y,3,0,2,1,C,-,18,,,N,F,I,A,A,H,-,A,D,0,,,,,Y,,-,"- ",0,2,0,0,0,0,0,0,0,"- ","- ",36.927051544189453,-121.70298004150391,"SANTA CRUZ",UNINCORPORATED,-121.69921112060547,36.924331665039062
92379580,2024,2024-05-01,9720,2024-04-23,"411 ",022545,,2,3,9,4400,0,1,3,,2,020,"SR-1 N/B","PARK AVE",30.00,S,N,A,-,Y,SCR,,1," "," ",12.090,H,,R,Y,3,0,1,2,A,-,01,23152,A,N,C,C,A,A,D,-,D,D,0,,,,Y,Y,Y,A,01,0,1,0,0,0,0,0,0,0,"- ","- ",36.984088897705078,-121.93685150146484,"SANTA CRUZ",UNINCORPORATED,-121.93685150146484,36.98406982421875
92379856,2024,2024-05-01,9720,2024-04-25,1435,019956,,4,2,9,4400,0,2,4,,1,016,"GRAHAM HILL RD","NEPENTHE DR",100.00,S,N,B,-,N,,,,,,,,,,N,4,0,1,2,A,-,03,22350,,N,C,C,A,A,H,-,A,D,0,,,,,Y,,D,22,0,0,1,0,0,0,0,0,0,"- ","- ",37.014339447021484,-122.03427124023438,"SANTA CRUZ",UNINCORPORATED,-122.03423309326172,37.014366149902344
92379861,2024,2024-05-01,9720,2024-04-25,1547,019956,,4,2,9,4400,0,1,3,,1,017,"SR-17 N/B","LAUREL RD",300.00,N,N,B,-,Y,SCR,,17," "," ",9.498,H,,R,N,2,0,1,1,C,-,18,,,N,F,A,A,A,B,-,A,D,0,,,Y,,Y,,-,"- ",1,0,0,0,0,0,0,0,1,"- ","- ",37.105171203613281,-121.97471618652344,"SANTA CRUZ",UNINCORPORATED,-121.97476196289062,37.105171203613281
92380737,2024,2024-05-02,9720,2024-04-25,1430,023721,,4,2,9,4400,0,3,5,,2,100,"BEAR CREEK RD","BEAR CANYON RD",800.00,W,N,B,-,N,,,,,,,,,,Y,2,0,1,1,A,-,08,22107,,N,E,I,A,A,H,-,A,D,0,,,,,Y,,A,07,1,0,0,0,0,0,0,0,0,"- ","- ",37.168369293212891,-122.04696655273438,"SANTA CRUZ",UNINCORPORATED,-122.04517364501953,37.167034149169922
92380747,2024,2024-05-02,9720,2024-04-26,1719,023214,,5,2,9,4400,0,3,5,,2,100,"BEAR CREEK RD.","SKYLINE BLVD.",0.00,,Y,A,-,N,,,,,,,,,,Y,3,0,1,2,A,-,05,21460,,N,D,C,A,A,H,-,A,D,0,,,,,Y,,A,07,0,1,0,0,0,0,0,0,0,"- ","- ",37.166801452636719,-122.02607727050781,"SANTA CRUZ",UNINCORPORATED,-122.02619171142578,37.166824340820312
92380756,2024,2024-05-02,9720,2024-05-01,"925 ",021717,,3,1,9,4400,0,2,4,,1,021,"SOQUEL DR","SOUTH RODEO GULCH RD",0.00,,Y,A,-,N,,,,,,,,,,N,3,0,1,2,A,-,12,21453,A,N,D,C,A,A,H,-,A,A,0,,Y,,,Y,,M,91,0,1,0,0,0,0,1,0,0,"- ","- ",36.987491607666016,-121.96958923339844,"SANTA CRUZ",UNINCORPORATED,-121.96955871582031,36.987606048583984
92380763,2024,2024-05-02,9720,2024-05-01,"822 ",021717,,3,1,9,4400,0,1,3,,2,020,"SB SR-1","SOQUEL AVE",1056.00,N,N,A,-,Y,SCR,,1," "," ",15.092,H,,R,Y,4,0,1,2,A,-,03,22350,,N,C,C,A,A,H,-,A,D,0,,,,,Y,,A,01,0,0,1,0,0,0,0,0,0,"- ","- ",36.987579345703125,-121.99025726318359,"SANTA CRUZ",UNINCORPORATED,-121.99022674560547,36.987754821777344
92380835,2024,2024-05-03,9720,2024-04-20,1335,023331,,6,1,9,4400,0,2,4,,1,021,"SOQUEL DR","PRATHER LANE",131.00,E,N,A,-,N,,,,,,,,,,Y,4,0,1,2,A,-,21,22106,,N,H,C,A,A,H,-,A,D,0,,,,,Y,,A,01,0,0,1,0,0,0,0,0,0,"- ","- ",36.988418579101562,-121.97643280029297,"SANTA CRUZ",UNINCORPORATED,-121.97646331787109,36.988349914550781
92381853,2024,2024-05-06,9720,2024-04-28,1150,023146,,7,1,9,4400,0,3,5,,2,100,"EAST ZAYANTE RD","EAST CREEK RD",600.00,N,N,A,-,N,,,,,,,,,,Y,3,0,1,1,A,-,08,22107,,N,E,8,A,A,H,-,A,D,0,,,,,Y,,A,01,0,1,0,0,0,0,0,0,0,"- ","- ",37.101089477539062,-122.03318023681641,"SANTA CRUZ",UNINCORPORATED,-122.03667449951172,37.099479675292969
92386104,2024,2024-05-09,9720,2024-05-01,"800 ",023516,,3,1,9,4400,0,1,3,,1,015,"SR-1 S/B","FELTON EMPIRE RD",280.00,N,N,A,-,Y,SCR,,9," "," ",6.522,H,,R,N,4,0,1,2,A,-,03,22350,,N,C,C,A,A,H,-,A,D,0,,,,,Y,,M,47,0,0,1,0,0,0,0,0,0,"- ","- ",37.053920745849609,-122.07367706298828,"SANTA CRUZ",UNINCORPORATED,-122.07369232177734,37.053913116455078
92386185,2024,2024-05-09,9720,2024-05-09,"916 ",021211,,4,1,9,4400,0,1,3,,1,017,"SR-17 N/B","MOUNT HERMON RD.",100.00,S,N,A,-,Y,SCR,,17," "," ",3.357,H,,R,N,4,0,1,2,A,-,07,21658,A,F,B,C,A,A,H,-,A,D,0,,,,,Y,,-,99,0,0,1,0,0,0,0,0,0,"- ","- ",37.034679412841797,-122.02192687988281,"SANTA CRUZ",UNINCORPORATED,-122.02193450927734,37.034679412841797
92386222,2024,2024-05-09,9720,2024-05-09,1050,014653,,4,1,9,4400,0,1,3,,2,030,"SR-1 S/B","SAN ANDREAS RD",165.00,N,N,A,-,Y,SCR,,1," ",R,7.720,H,,L,Y,3,0,1,2,A,-,07,21658,A,N,B,2,A,A,H,-,A,D,0,,,,,Y,,A,01,0,1,0,0,0,0,0,0,0,"- ","- ",36.960990905761719,-121.86315155029297,"SANTA CRUZ",UNINCORPORATED,-121.8631591796875,36.960987091064453
92386242,2024,2024-05-09,9720,2024-04-27,"630 ",023146,,6,1,9,4400,0,1,3,,1,017,"SR-17 S/B","LA MADRONA DR",200.00,S,N,A,-,Y,SCR,,17," "," ",2.152,H,,L,Y,3,0,1,1,A,-,03,22350,,N,E,8,A,B,H,-,A,D,0,,,,,Y,,A,01,0,1,0,0,0,0,0,0,0,"- ","- ",37.018569946289062,-122.02812194824219,"SANTA CRUZ",UNINCORPORATED,-122.02799987792969,37.018569946289062
92386245,2024,2024-05-09,9720,2024-04-28,1320,023146,,7,1,9,4400,0,3,5,,2,100,"EMPIRE GRADE RD","PATRICK RD",200.00,N,N,A,-,N,,,,,,,,,,N,2,0,1,1,A,-,08,22107,,N,E,8,A,A,H,-,A,D,0,,,Y,,Y,,C,02,1,0,0,0,0,0,0,0,1,"- ","- ",37.098960876464844,-122.14317321777344,"SANTA CRUZ",UNINCORPORATED,-122.14323425292969,37.098953247070312
92387256,2024,2024-05-13,9720,2024-04-30,1720,019956,,2,2,9,4400,0,2,4,,1,021,"SOQUEL DR","PAUL SWEET RD",300.00,W,N,A,-,N,,,,,,,,,,N,4,0,2,2,A,-,21,22106,,N,C,C,A,A,H,-,A,D,0,,,,,Y,,A,07,0,0,2,0,0,0,0,0,0,"- ","- ",36.987190246582031,-121.98606872558594,"SANTA CRUZ",UNINCORPORATED,-121.98603820800781,36.987312316894531
92387489,2024,2024-05-13,9720,2024-05-03,1215,023573,,5,1,9,4400,0,3,5,,2,300,"CORRALITOS RD","SKYLARK LN",528.00,S,N,A,-,N,,,,,,,,,,Y,3,0,1,2,A,-,08,22107,,N,D,C,A,A,H,-,A,D,0,,,,,Y,,D,22,0,1,0,0,0,0,0,0,0,"- ","- ",36.975959777832031,-121.80634307861328,"SANTA CRUZ",UNINCORPORATED,-121.80638122558594,36.975433349609375
92387638,2024,2024-05-13,9720,2024-05-02,"910 ",023387,,4,1,9,4400,0,3,5,,2,300,"BUENA VISTA DR","CALABASAS RD",35.00,S,N,A,-,N,,,,,,,,,,N,4,0,1,2,A,-,03,22350,,N,C,C,A,A,H,-,A,A,0,,,,,Y,,D,22,0,0,1,0,0,0,0,0,0,"- ","- ",36.940868377685547,-121.78787231445312,"SANTA CRUZ",UNINCORPORATED,-121.78783416748047,36.940948486328125
92387640,2024,2024-05-13,9720,2024-05-02,1920,023387,,4,2,9,4400,0,1,3,,1,035,"SR-129 W/B","MURPHY RD",4224.00,E,N,A,-,Y,SCR,,129," "," ",5.609,H,,L,N,3,0,1,1,A,-,08,22107,,N,F,A,A,A,H,-,A,D,0,,,,,Y,,A,01,0,1,0,0,0,0,0,0,0,"- ","- ",36.914821624755859,-121.661376953125,"SANTA CRUZ",UNINCORPORATED,-121.66136169433594,36.914764404296875
92387641,2024,2024-05-13,9720,2024-05-03,"340 ",023387,,5,3,9,4400,0,1,3,,1,015,"SR-9 S/B","WOODLAND DR",5.00,S,N,A,-,Y,SCR,,9," "," ",9.104,H,,L,Y,2,0,1,1,A,-,01,23152,A,N,E,I,A,A,H,-,D,D,0,,,,,Y,Y,A,01,1,0,0,0,0,0,0,0,0,"- ","- ",37.084461212158203,-122.08905792236328,"SANTA CRUZ",UNINCORPORATED,-122.0889892578125,37.084495544433594
92387660,2024,2024-05-13,9720,2024-05-04,"600 ",023146,,6,1,9,4400,0,1,3,,1,015,SR-9,"GAIL DR",135.00,N,N,B,C,Y,SCR,,9," "," ",5.343,H,,R,Y,3,0,1,1,A,-,01,23152,F,N,E,I,A,B,H,-,B,D,0,,,,,Y,,A,01,0,1,0,0,0,0,0,0,0,"- ","- ",37.0377197265625,-122.06684875488281,"SANTA CRUZ",UNINCORPORATED,-122.06682586669922,37.037738800048828
92389114,2024,2024-05-14,9720,2024-05-06,"855 ",021304,,1,1,9,4400,0,1,3,,1,034,SR-152,"BELLA VISTA LN",15840.00,W,N,A,-,Y,SCR,,152," "," ",5.957,H,,R,Y,3,0,1,1,A,-,08,22107,,N,F,A,A,A,H,-,A,D,0,,,,Y,Y,,G,25,0,1,0,0,0,0,0,0,0,"- ","- ",36.978721618652344,-121.71106719970703,"SANTA CRUZ",UNINCORPORATED,-121.71104431152344,36.978694915771484
92389176,2024,2024-05-14,9720,2024-04-30,1240,021304,,2,1,9,4400,0,2,4,,1,021,"SOQUEL DR","STANLEY AVENUE",0.00,,Y,A,-,N,,,,,,,,,,N,3,0,1,2,A,-,09,21802,A,F,F,0,A,A,H,-,A,A,0,,,Y,,Y,,-,99,0,1,0,0,0,0,0,0,1,"- ","- ",36.988048553466797,-121.97337341308594,"SANTA CRUZ",UNINCORPORATED,-121.97335815429688,36.988010406494141
92389188,2024,2024-05-14,9720,2024-04-25,"927 ",023618,,4,1,9,4400,0,1,3,,2,020,"SR-1 N/B","41ST AVE",2640.00,N,N,B,-,Y,SCR,,1," "," ",14.085,H,,R,N,4,0,1,2,A,-,03,22350,,N,C,C,A,A,D,-,A,D,0,,,,,Y,,A,01,0,0,1,0,0,0,0,0,0,"- ","- ",36.983749389648438,-121.97274780273438,"SANTA CRUZ",UNINCORPORATED,-121.97271728515625,36.983829498291016
92389237,2024,2024-05-14,9720,2024-05-06,1550,023721,,1,2,9,4400,0,2,4,,1,024,"PORTOLA DR","CORCORAN AVE",0.00,,Y,A,-,N,,,,,,,,,,N,3,0,1,2,A,-,10,21950,A,N,G,B,B,A,H,-,A,A,0,Y,,,,Y,,A,01,0,1,0,0,1,0,0,0,0,"- ","- ",36.962741851806641,-121.98175048828125,"SANTA CRUZ",UNINCORPORATED,-121.98185729980469,36.962738037109375
92389420,2024,2024-05-14,9720,2024-05-09,"836 ",023245,,4,1,9,4400,0,1,3,,2,020,"SR-1 N/B","BAY AVE",1056.00,S,N,A,-,Y,SCR,,1," "," ",12.975,H,,R,Y,3,0,1,2,A,-,03,22350,,N,C,C,A,A,D,-,A,D,0,,,,,Y,,A,01,0,1,0,0,0,0,0,0,0,"- ","- ",36.983638763427734,-121.95291137695312,"SANTA CRUZ",UNINCORPORATED,-121.95291137695312,36.983665466308594
92389599,2024,2024-05-14,9720,2024-05-11,1810,023345,,6,2,9,4400,0,1,3,,1,017,"SR-17 N/B","SUGARLOAF RD",200.00,N,N,A,-,Y,SCR,,17," "," ",8.738,H,,R,Y,3,0,1,4,A,-,03,22350,,N,C,C,A,A,H,-,A,D,0,,,,,Y,,A,01,0,1,0,0,0,0,0,0,0,"- ","- ",37.095691680908203,-121.97627258300781,"SANTA CRUZ",UNINCORPORATED,-121.97626495361328,37.095687866210938
92389751,2024,2024-05-14,9720,2024-04-30,"918 ",023618,,2,1,9,4400,0,3,5,,2,200,"RODRIGUEZ ST","PAUL MINNIE AVE",5.00,W,N,A,-,N,,,,,,,,,,N,3,0,1,3,A,-,10,21950,A,N,G,B,B,A,H,-,A,A,0,Y,,,,Y,,A,07,0,1,0,0,1,0,0,0,0,"- ","- ",36.981960296630859,-121.98519897460938,"SANTA CRUZ",UNINCORPORATED,-121.98511505126953,36.982025146484375
92389789,2024,2024-05-14,9720,2024-05-09,1030,023502,,4,1,9,4400,0,1,3,,2,030,"NB SR-1","LARKIN VALLEY",1500.00,N,N,A,-,Y,SCR,,1," ",R,8.204,H,,R,Y,4,0,1,2,A,-,03,22350,,N,C,C,A,A,H,-,A,D,0,,,,,Y,,A,01,0,0,1,0,0,0,0,0,0,"- ","- ",36.966670989990234,-121.86862182617188,"SANTA CRUZ",UNINCORPORATED,-121.86859893798828,36.966682434082031
92391925,2024,2024-05-16,9720,2024-05-04,1045,023573,,6,1,9,4400,0,1,3,,1,034,SR-152,"RED HAWK CANYON RD",528.00,E,N,C,-,Y,SCR,,152," "," ",5.606,H,,R,Y,3,0,1,1,A,-,03,22350,,N,E,I,A,B,H,-,A,D,0,,,,,Y,,D,22,0,1,0,0,0,0,0,0,0,"- ","- ",36.975479125976562,-121.71462249755859,"SANTA CRUZ",UNINCORPORATED,-121.71463775634766,36.975471496582031
92392005,2024,2024-05-16,9720,2024-05-09,1911,023636,,4,2,9,4400,0,3,5,,2,300,"WEST BEACH STREET","SHELL RD",670.00,E,N,A,-,N,,,,,,,,,,Y,4,0,1,1,A,-,03,22350,,N,E,I,A,A,H,-,A,D,0,,,,,Y,,A,01,0,0,1,0,0,0,0,0,0,"- ","- ",36.870849609375,-121.81375122070312,"SANTA CRUZ",UNINCORPORATED,-121.81378936767578,36.870872497558594
92392085,2024,2024-05-16,9720,2024-05-04,1031,023103,,6,1,9,4400,0,2,4,,1,021,"SOQUEL DRIVE","CHANTICLEER AVE",0.00,,Y,B,C,N,,,,,,,,,,Y,2,0,4,2,A,-,09,21802,B,N,D,2,A,B,H,-,A,A,0,,,,,Y,Y,A,07,3,1,0,0,0,0,0,0,0,"- ","- ",36.988510131835938,-121.97802734375,"SANTA CRUZ",UNINCORPORATED,-121.97798919677734,36.988506317138672
9239247,2021,2021-05-26,4404,2021-03-31,0638,5451,4404,3,5,3,4404,0,0,0,,0,SOUTH,"SCOTTS VALLEY DR","MT HERMON RD",0.00,,Y,A,-,N,,,,,,,,,,Y,4,0,1,2,-,-,"- ",,C,N,D,C,A,A,H,-,A,A,0,,,,,Y,,D,22,0,0,1,0,0,0,0,0,0,"- ","- ",37.043190002441406,-122.02507019042969,"SANTA CRUZ","SCOTTS VALLEY",-122.02519226074219,37.043170928955078
92393278,2024,2024-05-20,9720,2024-05-06,"50  ",023345,,1,3,9,4400,0,3,5,,2,100,"BEAR CREEK RD","BEAR CANYON RD",472.00,N,N,A,-,Y,,,,,,,,,,Y,3,0,1,1,A,-,08,22107,,N,E,I,A,A,H,-,D,D,0,,,,,Y,,A,01,0,1,0,0,0,0,0,0,0,"- ","- ",37.167678833007812,-122.04646301269531,"SANTA CRUZ",UNINCORPORATED,-122.04146575927734,37.168182373046875
92393299,2024,2024-05-20,9720,2024-05-10,1402,023103,,5,2,9,4400,0,2,4,,1,022,"SOQUEL SAN JOSE RD","LOS ROBLES RD",1056.00,S,N,A,-,N,,,,,,,,,,Y,4,0,1,2,A,-,03,22350,,N,C,C,A,A,H,-,A,D,0,,,,,Y,,A,07,0,0,1,0,0,0,0,0,0,"- ","- ",37.01416015625,-121.95227813720703,"SANTA CRUZ",UNINCORPORATED,-121.95214080810547,37.014720916748047
92393303,2024,2024-05-20,9720,2024-04-30,1500,023618,,2,2,9,4400,0,1,3,,1,034,SR-152,"HOLOHAN ROAD",1584.00,E,N,A,-,Y,SCR,,152," "," ",2.279,H,,R,N,3,0,1,2,A,-,01,23152,A,N,C,C,A,A,H,-,A,A,0,,,,,Y,Y,D,22,0,1,0,0,0,0,0,0,0,"- ","- ",36.939720153808594,-121.74170684814453,"SANTA CRUZ",UNINCORPORATED,-121.74166870117188,36.939701080322266
92396521,2024,2024-05-22,9720,2024-05-10,1735,023322,,5,2,9,4400,0,2,4,,1,021,"SOQUEL DR","ROSEDALE AVE",205.00,E,N,A,-,N,,,,,,,,,,Y,3,0,1,1,A,-,01,23152,A,M,E,I,A,A,H,-,A,D,0,,,,,Y,Y,A,01,0,1,0,0,0,0,0,0,0,"- ","- ",36.987461090087891,-121.94831085205078,"SANTA CRUZ",UNINCORPORATED,-121.94834899902344,36.987533569335938
92396529,2024,2024-05-22,9720,2024-05-10,"0   ",023166,,5,3,9,4400,0,1,3,,1,017,"SR-17 S/B","LA MADRONA DR",168.00,S,N,A,-,Y,SCR,,17," "," ",2.148,H,,L,Y,4,0,2,1,A,-,03,22350,,N,E,I,A,A,H,-,C,D,0,,,,,Y,,A,01,0,0,2,0,0,0,0,0,0,"- ","- ",37.018520355224609,-122.02825164794922,"SANTA CRUZ",UNINCORPORATED,-122.02799987792969,37.018520355224609
92397573,2024,2024-05-24,9720,2024-05-13,2300,023636,,1,3,9,4400,0,1,3,,2,030,"SR-1 S/B",SR-129,200.00,S,N,A,-,Y,SCR,,1," ",R,0.678,H,,L,Y,3,0,2,2,C,-,18,,,N,C,C,A,A,H,-,D,D,0,,,,,Y,,-,"- ",0,1,1,0,0,0,0,0,0,"- ","- ",36.893760681152344,-121.77413177490234,"SANTA CRUZ",UNINCORPORATED,-121.77415466308594,36.893756866455078
92397584,2024,2024-05-24,9720,2024-05-11,1920,023316,,6,2,9,4400,0,2,4,,1,022,"SOQUEL SAN JOSE RD","LAUREL GLEN ROAD",2190.00,N,N,A,-,N,,,,,,,,,,Y,3,0,1,1,A,-,01,23152,A,N,E,I,A,A,H,-,A,D,0,,,,,Y,Y,D,22,0,1,0,0,0,0,0,0,0,"- ","- ",37.037879943847656,-121.94467163085938,"SANTA CRUZ",UNINCORPORATED,-121.94461822509766,37.037429809570312
92397602,2024,2024-05-24,9720,2024-05-05,1330,023573,,7,1,9,4400,0,3,5,,2,300,"CARLTON RD","THOMPSON RD",0.00,,Y,A,-,N,,,,,,,,,,Y,3,0,4,2,A,-,03,22350,,N,A,C,A,A,H,-,A,D,0,,,,,Y,,A,01,0,4,0,0,0,0,0,0,0,"- ","- ",36.938320159912109,-121.70661926269531,"SANTA CRUZ",UNINCORPORATED,-121.70665740966797,36.938304901123047
92398449,2024,2024-08-14,9720,2024-05-11,1854,023387,,6,2,9,4400,0,1,3,,1,017,"SR-17 S/B","LA MADRONA DR",60.00,S,N,B,-,Y,SCR,,17," "," ",2.163,H,,L,N,2,0,1,1,A,-,03,22350,,N,F,A,A,B,H,-,A,D,0,,,Y,,Y,,C,02,1,0,0,0,0,0,0,0,1,"- ","- ",37.018741607666016,-122.02796936035156,"SANTA CRUZ",UNINCORPORATED,-122.02799224853516,37.018741607666016
92398459,2024,2024-05-27,9720,2024-05-17,"720 ",022044,,5,1,9,4400,0,1,3,,1,017,"SR-17 S/B","GRANITE CREEK RD",1056.00,N,N,B,-,Y,SCR,,17," "," ",5.758,H,,L,N,4,0,1,2,A,-,07,21658,A,N,B,C,A,A,H,-,A,D,0,,,,,Y,,A,01,0,0,1,0,0,0,0,0,0,"- ","- ",37.064750671386719,-122.0015869140625,"SANTA CRUZ",UNINCORPORATED,-122.00164031982422,37.064815521240234
92398470,2024,2024-05-27,9720,2024-05-16,"630 ",023507,,4,1,9,4400,0,3,5,,2,300,"CARLTON RD","KEER RD",120.00,S,N,B,C,N,,,,,,,,,,Y,4,0,1,1,A,-,03,22350,,N,E,I,A,B,H,-,B,D,0,,,,,Y,,-,"- ",0,0,1,0,0,0,0,0,0,"- ","- ",36.950901031494141,-121.72123718261719,"SANTA CRUZ",UNINCORPORATED,,
92398471,2024,2024-05-27,9720,2024-05-13,"425 ",023186,,1,3,9,4400,0,1,3,,2,030,"SR-1 N/B TO BUENA VISTA DR","BUENA VISTA DR",338.00,S,N,B,-,Y,,,,,,,,,,Y,3,0,1,1,A,-,01,23152,A,N,E,8,A,B,H,-,C,D,0,,,,,Y,Y,A,07,0,1,0,0,0,0,0,0,0,"- ","- ",36.931449890136719,-121.80831909179688,"SANTA CRUZ",UNINCORPORATED,-121.80938720703125,36.931259155273438
92398473,2024,2024-05-27,9720,2024-05-12,1224,023611,,7,1,9,4400,0,1,3,,2,020,"SR-1 N/B","PARK AVE",2640.00,S,N,A,-,Y,SCR,,1," "," ",11.513,H,,R,Y,3,0,1,3,A,-,03,22350,,M,C,C,A,A,D,-,A,D,0,,,,,Y,,A,01,0,1,0,0,0,0,0,0,0,"- ","- ",36.983200073242188,-121.92649841308594,"SANTA CRUZ",UNINCORPORATED,-121.92649078369141,36.983226776123047
92398474,2024,2024-05-27,9720,2024-05-16,1552,023245,,4,2,9,4400,0,2,4,,1,024,"BROMMER ST","CABLE CT",0.00,,Y,B,-,N,,,,,,,,,,N,3,0,1,2,A,-,08,22107,,N,H,G,A,A,H,-,A,D,0,,Y,,,Y,,A,07,0,1,0,0,0,0,1,0,0,"- ","- ",36.972000122070312,-121.99423980712891,"SANTA CRUZ",UNINCORPORATED,,
92398476,2024,2024-05-27,9720,2024-05-12,1406,023573,,7,2,9,4400,0,2,4,,1,032,"GREEN VALLEY RD","DICK PHELPS RD",0.00,,Y,A,-,N,,,,,,,,,,Y,3,0,2,2,A,-,09,21802,A,N,D,C,A,A,H,-,A,A,0,,,,,Y,,D,22,0,2,0,0,0,0,0,0,0,"- ","- ",36.949531555175781,-121.76487731933594,"SANTA CRUZ",UNINCORPORATED,-121.76488494873047,36.949501037597656