CASE_ID,ACCIDENT_YEAR,PROC_DATE,JURIS,COLLISION_DATE,COLLISION_TIME,OFFICER_ID,REPORTING_DISTRICT,DAY_OF_WEEK,CHP_SHIFT,POPULATION,CNTY_CITY_LOC,SPECIAL_COND,BEAT_TYPE,CHP_BEAT_TYPE,CITY_DIVISION_LAPD,CHP_BEAT_CLASS,BEAT_NUMBER,PRIMARY_RD,SECONDARY_RD,DISTANCE,DIRECTION,INTERSECTION,WEATHER_1,WEATHER_2,STATE_HWY_IND,CALTRANS_COUNTY,CALTRANS_DISTRICT,STATE_ROUTE,ROUTE_SUFFIX,POSTMILE_PREFIX,POSTMILE,LOCATION_TYPE,RAMP_INTERSECTION,SIDE_OF_HWY,TOW_AWAY,COLLISION_SEVERITY,NUMBER_KILLED,NUMBER_INJURED,PARTY_COUNT,PRIMARY_COLL_FACTOR,PCF_CODE_OF_VIOL,PCF_VIOL_CATEGORY,PCF_VIOLATION,PCF_VIOL_SUBSECTION,HIT_AND_RUN,TYPE_OF_COLLISION,MVIW,PED_ACTION,ROAD_SURFACE,ROAD_COND_1,ROAD_COND_2,LIGHTING,CONTROL_DEVICE,CHP_ROAD_TYPE,PEDESTRIAN_ACCIDENT,BICYCLE_ACCIDENT,MOTORCYCLE_ACCIDENT,TRUCK_ACCIDENT,NOT_PRIVATE_PROPERTY,ALCOHOL_INVOLVED,STWD_VEHTYPE_AT_FAULT,CHP_VEHTYPE_AT_FAULT,COUNT_SEVERE_INJ,COUNT_VISIBLE_INJ,COUNT_COMPLAINT_PAIN,COUNT_PED_KILLED,COUNT_PED_INJURED,COUNT_BICYCLIST_KILLED,COUNT_BICYCLIST_INJURED,COUNT_MC_KILLED,COUNT_MC_INJURED,PRIMARY_RAMP,SECONDARY_RAMP,LATITUDE,LONGITUDE,COUNTY,CITY,POINT_X,POINT_Y
92398477,2024,2024-05-27,9720,2024-05-11,1525,023611,,6,2,9,4400,0,1,3,,2,020,"SR-1 N/B","41ST AVENUE",528.00,S,N,A,-,Y,SCR,,1," "," ",13.605,H,,R,N,3,0,1,2,A,-,03,22350,,N,C,C,A,A,H,-,A,D,0,,,,,Y,,D,22,0,1,0,0,0,0,0,0,0,"- ","- ",36.98284912109375,-121.96414184570312,"SANTA CRUZ",UNINCORPORATED,-121.96414184570312,36.982841491699219
92398487,2024,2024-05-27,9720,2024-05-08,"450 ",023636,,3,3,9,4400,0,2,4,,1,032,"AIRPORT BLVD","PAJARO LN",686.00,E,N,A,-,N,,,,,,,,,,Y,2,0,1,2,A,-,03,22350,,N,G,B,E,A,H,-,D,D,0,Y,,,,Y,,A,01,1,0,0,0,1,0,0,0,0,"- ","- ",36.94158935546875,-121.77210998535156,"SANTA CRUZ",UNINCORPORATED,-121.77217864990234,36.941600799560547
92398491,2024,2024-05-27,9720,2024-05-05,2500,023331,,7,4,9,4400,0,3,5,,2,100,"EMPIRE GRADE RD","JAMISON CREEK RD",2640.00,S,N,A,-,N,,,,,,,,,,Y,3,0,1,1,A,-,01,23152,A,N,F,A,A,A,H,-,A,D,0,,,,,Y,Y,A,01,0,1,0,0,0,0,0,0,0,"- ","- ",37.133029937744141,-122.169189453125,"SANTA CRUZ",UNINCORPORATED,-122.17915344238281,37.139747619628906
92398549,2024,2024-05-27,9720,2024-05-21,1005,019956,,2,1,9,4400,0,3,5,,2,200,"BYER RD","BYER CT",100.00,W,N,A,-,N,,,,,,,,,,N,4,0,1,2,A,-,21,22106,,N,H,C,A,A,H,-,A,D,0,,,,,Y,,A,07,0,0,1,0,0,0,0,0,0,"- ","- ",36.976211547851562,-121.97801208496094,"SANTA CRUZ",UNINCORPORATED,-121.97791290283203,36.976192474365234
92398951,2024,2024-05-27,9720,2024-05-17,2315,023447,,5,3,9,4400,0,1,3,,1,017,"SR-17 N/B","EL RANCHO",30.00,N,N,B,C,Y,SCR,,17," "," ",2.199,H,,R,N,3,0,3,1,A,-,08,22107,,N,E,I,A,B,H,-,D,D,0,,,,,Y,,A,01,0,3,0,0,0,0,0,0,0,"- ","- ",37.019248962402344,-122.02745819091797,"SANTA CRUZ",UNINCORPORATED,-122.02762603759766,37.019271850585938
92399826,2024,2024-05-28,9720,2024-05-18,1450,023146,,6,2,9,4400,0,3,5,,2,100,"EAST ZAYANTE RD","OLYMPIA STATION RD",2640.00,S,N,A,-,N,,,,,,,,,,Y,3,0,1,1,A,-,03,22350,,N,F,A,A,A,H,-,A,D,0,,,Y,,Y,,C,02,0,1,0,0,0,0,0,0,1,"- ","- ",37.067031860351562,-122.05742645263672,"SANTA CRUZ",UNINCORPORATED,-122.05747222900391,37.066871643066406
92400390,2024,2024-05-28,9720,2024-05-21,1530,020640,,2,2,9,4400,0,3,5,,2,200,"PORTER ST","SOQUEL DR",365.00,N,N,A,-,N,,,,,,,,,,Y,3,0,1,2,A,-,09,21804,A,N,D,C,A,A,H,-,A,A,0,,,,,Y,,A,07,0,1,0,0,0,0,0,0,0,"- ","- ",36.989261627197266,-121.95732116699219,"SANTA CRUZ",UNINCORPORATED,-121.95729827880859,36.989120483398438
92401063,2024,2024-05-29,9720,2024-05-17,1350,023507,,5,1,9,4400,0,3,5,,2,200,"GRANITE CREEK RD","OLAUGHLIN RD",200.00,S,N,A,-,N,,,,,,,,,,Y,4,0,1,1,A,-,08,22107,,M,E,I,A,A,H,-,A,D,0,,,,,Y,,A,01,0,0,1,0,0,0,0,0,0,"- ","- ",37.032901763916016,-121.99678039550781,"SANTA CRUZ",UNINCORPORATED,-121.99680328369141,37.033237457275391
92401075,2024,2024-05-29,9720,2024-05-19,1144,023214,,7,1,9,4400,0,3,5,,2,300,"LARKIN VALLEY RD.","RIDGEWAY ST.",119.00,S,N,A,-,N,,,,,,,,,,Y,3,0,2,2,A,-,03,22350,,N,E,8,A,A,H,-,A,D,0,,,,,Y,,A,01,0,2,0,0,0,0,0,0,0,"- ","- ",36.927680969238281,-121.80149841308594,"SANTA CRUZ",UNINCORPORATED,-121.80143737792969,36.927776336669922
92401220,2024,2024-05-29,9720,2024-05-22,2352,022545,,3,3,4,4403,0,2,S,,2,901,"FREEDOM BLVD","SUDDEN ST",130.00,S,N,A,-,N,,,,,,,,,,Y,3,0,1,1,A,-,01,23152,A,N,E,8,A,A,H,-,D,D,0,,,,,Y,Y,A,01,0,1,0,0,0,0,0,0,0,"- ","- ",36.917751312255859,-121.76000213623047,"SANTA CRUZ",WATSONVILLE,-121.76002502441406,36.917827606201172
92401441,2024,2024-05-29,9720,2024-05-23,1349,020562,,4,1,9,4400,0,3,5,,2,100,"QUAIL HOLLOW RD","EGGLESON LN",2112.00,N,N,A,-,N,,,,,,,,,,Y,4,0,1,1,A,-,08,22107,,N,E,I,A,A,H,-,A,D,0,,,,,Y,,A,01,0,0,1,0,0,0,0,0,0,"- ","- ",37.081741333007812,-122.06339263916016,"SANTA CRUZ",UNINCORPORATED,-122.06359100341797,37.081840515136719
92402032,2024,2024-05-30,9720,2024-05-20,1430,023636,,1,2,9,4400,0,1,3,,1,015,SR-9,"BRACKNEY ROAD",100.00,S,N,A,-,Y,SCR,,9," "," ",7.787,H,,R,N,3,0,1,2,A,-,05,21460,A,M,B,C,A,A,H,-,A,D,0,,,,,Y,,-,99,0,1,0,0,0,0,0,0,0,"- ","- ",37.068470001220703,-122.0831298828125,"SANTA CRUZ",UNINCORPORATED,-122.0831298828125,37.068470001220703
92402228,2024,2024-05-30,9720,2024-05-02,2120,022976,,4,2,9,4400,0,1,3,,2,020,"SR-1 S/B","SOQUEL DRIVE",250.00,S,N,A,-,Y,SCR,,1," "," ",14.807,H,,L,N,3,0,1,2,A,-,01,23152,A,N,C,C,A,A,D,-,D,D,0,,,Y,,Y,Y,C,02,0,1,0,0,0,0,0,0,1,"- ","- ",36.986778259277344,-121.9853515625,"SANTA CRUZ",UNINCORPORATED,-121.98534393310547,36.986797332763672
92402243,2024,2024-05-30,9720,2024-05-14,"930 ",023721,,2,1,9,4400,0,1,3,,2,020,"SR-1 N/B","EMELINE AVE",100.00,S,N,B,-,Y,SCR,,1," "," ",16.415,H,,R,Y,3,0,1,1,A,-,05,21651,A,N,E,I,A,A,H,-,A,D,0,,,,,Y,,D,22,0,1,0,0,0,0,0,0,0,"- ","- ",36.988819122314453,-122.01399230957031,"SANTA CRUZ",UNINCORPORATED,-122.01399230957031,36.988716125488281
9240228,2021,2021-04-30,4402,2021-03-23,2055,196,4402,2,5,5,4402,0,0,0,,0,000,"RT 1","LOCUST ST",26.00,N,N,A,-,Y,SCR,5,1,-,-,18.330,H,-,N,N,3,0,1,2,A,-,08,22107,,N,H,G,A,A,H,-,C,D,0,,Y,,,Y,,L,04,0,1,0,0,0,0,1,0,0,"- ","- ",,,"SANTA CRUZ","SANTA CRUZ",-122.03407287597656,36.974678039550781
92402442,2024,2024-05-30,9720,2024-04-03,2211,022976,,3,3,9,4400,0,2,4,,1,032,"GREEN VALLEY RD","DICK PHELPS RD",50.00,E,N,A,-,N,,,,,,,,,,Y,4,0,1,3,A,-,03,22350,,M,C,C,A,A,H,-,D,D,0,,,,,Y,,A,07,0,0,1,0,0,0,0,0,0,"- ","- ",36.949771881103516,-121.76493072509766,"SANTA CRUZ",UNINCORPORATED,-121.764892578125,36.949501037597656
92402526,2024,2024-05-30,9720,2024-05-13,"610 ",023721,,1,1,9,4400,0,2,4,,1,032,"GREEN VALLEY RD","PIONEER RD",1600.00,N,N,A,-,N,,,,,,,,,,Y,3,0,1,1,A,-,01,23152,A,N,E,I,A,A,H,-,A,D,0,,,,,Y,Y,A,01,0,1,0,0,0,0,0,0,0,"- ","- ",36.974159240722656,-121.77654266357422,"SANTA CRUZ",UNINCORPORATED,-121.77629089355469,36.973960876464844
92402624,2024,2024-05-30,9720,2024-05-23,1228,023245,,4,1,9,4400,0,1,3,,1,015,SR-9,"FELTON EMPIRE ROAD",0.00,,Y,A,-,Y,SCR,,9," "," ",6.467,H,,R,N,3,0,1,1,A,-,08,22107,,N,F,A,A,A,H,-,A,A,0,,,Y,,Y,,C,02,0,1,0,0,0,0,0,0,1,"- ","- ",37.053188323974609,-122.07341766357422,"SANTA CRUZ",UNINCORPORATED,-122.07332611083984,37.053207397460938
92404601,2023,2024-06-03,9720,2023-11-14,1928,022879,,2,2,9,4400,0,1,3,,1,014,SR-9,"BEAR CREEK RD.",0.00,,Y,A,-,N,,,,,,,,,,N,2,0,1,2,A,-,09,21802,A,F,D,C,A,A,H,-,C,A,0,,,Y,,Y,,-,99,1,0,0,0,0,0,0,0,1,"- ","- ",37.128448486328125,-122.12297058105469,"SANTA CRUZ",UNINCORPORATED,-122.12302398681641,37.128482818603516
92404733,2024,2024-06-04,9720,2024-05-22,2240,023166,,3,3,9,4400,0,2,4,,1,021,"ORCHARD ST","SOQUEL DR",58.00,S,N,A,-,N,,,,,,,,,,N,4,0,1,1,A,-,03,22350,,N,E,8,A,A,H,-,C,D,0,,,,,Y,,A,07,0,0,1,0,0,0,0,0,0,"- ","- ",36.987438201904297,-121.94680786132812,"SANTA CRUZ",UNINCORPORATED,-121.94686889648438,36.987529754638672
92404735,2024,2024-06-04,9720,2024-05-23,1803,022545,,4,2,9,4400,0,1,3,,2,020,"SR-1 S/B","41ST AVE",1056.00,N,N,A,-,Y,SCR,,1," "," ",13.898,H,,L,Y,2,0,1,2,A,-,01,23152,A,N,C,2,A,A,D,-,A,D,0,,,,,Y,Y,A,01,1,0,0,0,0,0,0,0,0,"- ","- ",36.982990264892578,-121.96949768066406,"SANTA CRUZ",UNINCORPORATED,-121.96949768066406,36.982982635498047
92405808,2024,2024-06-04,9720,2024-05-25,2340,023322,,6,3,9,4400,0,2,4,,1,022,"SOQUEL SAN JOSE RD","AMAYA RIDGE ROAD",898.00,N,N,A,-,N,,,,,,,,,,Y,4,0,2,1,A,-,08,22107,,N,E,I,A,A,H,-,D,D,0,,,,,Y,,A,07,0,0,2,0,0,0,0,0,0,"- ","- ",37.074588775634766,-121.93875122070312,"SANTA CRUZ",UNINCORPORATED,-121.93825531005859,37.073734283447266
92406074,2024,2024-06-04,9720,2024-05-28,"645 ",022044,,2,1,9,4400,0,3,5,,2,100,"MT HERMON RD.","LILAC LN",800.00,E,N,A,-,N,,,,,,,,,,Y,3,0,1,2,A,-,07,21658,A,N,D,C,A,A,H,-,A,D,0,,,,,Y,,D,22,0,1,0,0,0,0,0,0,0,"- ","- ",37.055259704589844,-122.05606842041016,"SANTA CRUZ",UNINCORPORATED,-122.05580139160156,37.055133819580078
92406093,2024,2024-06-05,9720,2024-05-22,1310,023618,,3,1,9,4400,0,1,3,,1,015,SR-9,"MOUNTAIN ST",200.00,N,N,A,-,Y,SCR,,9," "," ",12.797,H,,R,Y,4,0,1,2,A,-,09,21804,A,N,D,C,A,A,H,-,A,D,0,,,,,Y,,A,08,0,0,1,0,0,0,0,0,0,"- ","- ",37.121120452880859,-122.12100982666016,"SANTA CRUZ",UNINCORPORATED,-122.12100219726562,37.121120452880859
92407143,2024,2024-06-05,9720,2024-05-27,1200,023811,,1,1,9,4400,0,1,3,,2,020,"N/B SR-1","RIO DEL MAR BLVD.",3168.00,N,N,A,-,Y,SCR,,1," "," ",9.757,H,,R,Y,3,0,1,3,A,-,03,22350,,N,C,C,A,A,H,-,A,D,0,,,,,Y,,A,01,0,1,0,0,0,0,0,0,0,"- ","- ",36.974998474121094,-121.89724731445312,"SANTA CRUZ",UNINCORPORATED,-121.89725494384766,36.975025177001953
92409188,2024,2024-06-07,9720,2024-05-26,1538,023331,,7,2,9,4400,0,1,3,,1,014,SR-9,"TIN CAN RANCH RD",439.00,S,N,A,-,Y,SCR,,9," "," ",23.667,H,,R,Y,3,0,1,3,A,-,03,22350,,N,B,C,A,A,H,-,A,D,0,,,,,Y,,A,01,0,1,0,0,0,0,0,0,0,"- ","- ",37.239349365234375,-122.14942932128906,"SANTA CRUZ",UNINCORPORATED,-122.14936828613281,37.239383697509766
92409254,2024,2024-06-07,9720,2024-06-03,"700 ",020562,,1,1,9,4400,0,3,5,,2,300,"HAMES RD","CORRALITOS RD",0.00,,Y,B,-,N,,,,,,,,,,N,4,0,1,2,A,-,12,22450,A,N,H,G,A,A,H,-,A,A,0,,Y,,,Y,,L,04,0,0,1,0,0,0,1,0,0,"- ","- ",36.988639831542969,-121.80702972412109,"SANTA CRUZ",UNINCORPORATED,-121.80706787109375,36.988651275634766
92409270,2024,2024-06-07,9720,2024-05-22,2013,023103,,3,2,9,4400,0,1,3,,1,017,"SR-17 N/B","EL RANCHO DRIVE",0.00,,Y,A,-,N,,,,,,,,,,Y,3,0,2,1,A,-,08,22107,,N,E,8,A,A,D,-,C,D,0,,,,,Y,,A,07,0,1,1,0,0,0,0,0,0,"- ","- ",37.019130706787109,-122.02713775634766,"SANTA CRUZ",UNINCORPORATED,-122.01873016357422,36.994071960449219
92411238,2024,2024-06-11,9720,2024-05-30,"830 ",020640,,4,1,9,4400,0,3,5,,2,200,"SOQUEL AVE.","7TH AVE",255.00,E,N,A,-,N,,,,,,,,,,N,3,0,1,2,A,-,09,21801,A,N,H,G,A,A,H,-,A,A,0,,Y,,,Y,,D,22,0,1,0,0,0,0,1,0,0,"- ","- ",36.985530853271484,-121.98889923095703,"SANTA CRUZ",UNINCORPORATED,-121.989013671875,36.985584259033203
92411243,2024,2024-06-11,9720,2024-05-30,1810,023322,,4,2,9,4400,0,2,4,,1,021,"SOQUEL DR","WALNUT ST",75.00,E,N,A,-,N,,,,,,,,,,Y,4,0,1,3,A,-,03,22350,,N,C,C,A,A,H,-,A,D,0,,,,,Y,,A,07,0,0,1,0,0,0,0,0,0,"- ","- ",36.987388610839844,-121.95217132568359,"SANTA CRUZ",UNINCORPORATED,-121.95223236083984,36.987392425537109
92411291,2024,2024-06-11,9720,2024-05-30,1542,020640,,4,2,9,4400,0,2,4,,1,024,"CAPITOLA RD","17TH AVE.",290.00,W,N,A,-,N,,,,,,,,,,N,3,0,1,2,A,-,09,21801,A,N,D,G,A,A,H,-,A,D,0,,Y,,,Y,,A,01,0,1,0,0,0,0,1,0,0,"- ","- ",36.976051330566406,-121.98409271240234,"SANTA CRUZ",UNINCORPORATED,-121.98395538330078,36.976100921630859
92413886,2024,2024-06-13,9720,2024-06-04,1654,023811,,2,2,9,4400,0,2,4,,1,021,"SOQUEL DR","BORREGAS DR",112.00,E,N,A,-,N,,,,,,,,,,Y,3,0,1,1,A,-,08,22107,,N,E,8,A,A,H,-,A,D,0,,,,,Y,,A,01,0,1,0,0,0,0,0,0,0,"- ","- ",36.986751556396484,-121.92015838623047,"SANTA CRUZ",UNINCORPORATED,-121.92012023925781,36.986892700195312
92413941,2024,2024-06-13,9720,2024-06-04,"535 ",020640,,2,3,9,4400,0,1,3,,1,010,SR-1,"CEMENT PLANT RD",290.00,N,N,A,-,Y,SCR,,1," "," ",29.047,H,,R,Y,2,0,5,1,A,-,08,22107,,N,E,8,A,A,H,-,B,A,0,,,,,Y,,A,01,3,2,0,0,0,0,0,0,0,"- ","- ",37.013870239257812,-122.20018005371094,"SANTA CRUZ",UNINCORPORATED,-122.20014190673828,37.013916015625
92414024,2024,2024-06-13,9720,2024-06-01,1748,023387,,6,2,9,4400,0,3,5,,2,100,"BONNY DOON RD","BLESSING LN",10.00,N,N,A,-,N,,,,,,,,,,Y,3,0,1,1,A,-,01,23152,A,N,E,I,A,A,H,-,A,D,0,,,,,Y,Y,D,22,0,1,0,0,0,0,0,0,0,"- ","- ",37.043979644775391,-122.15515899658203,"SANTA CRUZ",UNINCORPORATED,-122.15524291992188,37.043907165527344
92414114,2024,2024-06-13,9720,2024-06-06,1745,023447,,4,2,9,4400,0,3,5,,2,100,"BEAN CREEK RD","MORGANS RUN",1320.00,S,N,A,-,N,,,,,,,,,,Y,3,0,1,1,A,-,08,22107,,N,E,I,A,A,H,-,A,D,0,,,,,Y,,A,07,0,1,0,0,0,0,0,0,0,"- ","- ",37.068061828613281,-122.01596832275391,"SANTA CRUZ",UNINCORPORATED,-122.01582336425781,37.068656921386719
92414120,2024,2024-06-13,9720,2024-06-02,1819,023447,,7,2,9,4400,0,3,5,,2,200,"APTOS BEACH DR","RIO DEL MAR BLVD",0.00,,Y,A,-,N,,,,,,,,,,Y,3,0,1,2,A,-,09,21802,A,N,D,C,A,A,H,-,A,A,0,,,,,Y,,D,22,0,1,0,0,0,0,0,0,0,"- ","- ",36.970920562744141,-121.89705657958984,"SANTA CRUZ",UNINCORPORATED,-121.89691162109375,36.971027374267578
92414259,2024,2024-06-13,9720,2024-05-23,1506,023618,,4,2,9,4400,0,1,3,,2,020,"SR-1 S/B","BAY AVE",2640.00,S,N,A,-,Y,SCR,,1," "," ",12.683,H,,L,N,3,0,1,2,A,-,07,21658,A,F,C,C,A,A,D,-,A,D,0,,,Y,,Y,,-,99,0,1,0,0,0,0,0,0,1,"- ","- ",36.983951568603516,-121.94763946533203,"SANTA CRUZ",UNINCORPORATED,-121.94763946533203,36.98394775390625
92414343,2024,2024-06-13,9720,2024-05-28,"655 ",023618,,2,1,9,4400,0,1,3,,1,034,SR-152,"HOLOHAN RD",1056.00,E,N,B,C,Y,SCR,,152," "," ",2.223,H,,R,Y,3,0,1,2,A,-,08,22107,,N,D,C,A,B,H,-,A,D,0,,,,,Y,,D,22,0,1,0,0,0,0,0,0,0,"- ","- ",36.939010620117188,-121.74214172363281,"SANTA CRUZ",UNINCORPORATED,-121.74217224121094,36.939022064208984
92414347,2024,2024-06-13,9720,2024-05-09,1625,023618,,4,2,9,4400,0,3,5,,2,200,"RIO DEL MAR BLVD","MURRAY AVE",180.00,N,N,A,-,N,,,,,,,,,,N,3,0,1,2,A,-,00,21650,A,N,D,G,A,A,H,-,A,D,0,,,Y,,Y,,C,02,0,1,0,0,0,0,0,0,1,"- ","- ",36.973499298095703,-121.88907623291016,"SANTA CRUZ",UNINCORPORATED,-121.88912963867188,36.97320556640625
92414358,2024,2024-06-13,9720,2024-03-28,1851,023657,,4,2,9,4400,0,1,3,,1,034,SR-152,"GAFFEY RD",1320.00,W,N,A,-,Y,SCR,,152," "," ",6.158,H,,R,Y,2,0,5,2,A,-,01,23152,A,N,A,C,A,A,H,-,B,D,0,,,,,Y,Y,A,01,1,4,0,0,0,0,0,0,0,"- ","- ",36.979278564453125,-121.71391296386719,"SANTA CRUZ",UNINCORPORATED,-121.71390533447266,36.979286193847656
92414394,2024,2024-06-13,9720,2024-06-01,1610,023636,,6,2,9,4400,0,3,5,,2,200,"SOQUEL AVE","CAPITOLA RD EXTENSION",0.00,,Y,A,-,N,,,,,,,,,,Y,3,0,3,2,A,-,09,21802,A,N,A,C,A,A,H,-,A,A,0,,,,,Y,,A,01,0,2,1,0,0,0,0,0,0,"- ","- ",36.983840942382812,-121.99347686767578,"SANTA CRUZ",UNINCORPORATED,-121.99337768554688,36.983871459960938
92416609,2024,2024-06-17,9720,2024-06-05,2147,023166,,3,2,9,4400,0,1,3,,2,020,"SR-1 N/B","OCEAN ST",208.00,S,N,A,-,Y,SCR,,1," "," ",16.968,H,,R,Y,2,0,1,1,A,-,01,23152,A,N,E,8,A,A,H,-,C,D,0,,,,,Y,Y,A,01,1,0,0,0,0,0,0,0,0,"- ","- ",36.991409301757812,-122.02163696289062,"SANTA CRUZ",UNINCORPORATED,-122.02165222167969,36.991344451904297
92416635,2024,2024-06-17,9720,2024-06-05,1545,019956,,3,2,9,4400,0,1,3,,2,020,"SR-1 S/B","SOQUEL DR",2112.00,S,N,A,-,Y,SCR,,1," "," ",14.417,H,,L,N,3,0,1,2,A,-,07,21658,A,N,B,C,A,A,D,-,A,D,0,,,Y,,Y,,A,07,0,1,0,0,0,0,0,0,1,"- ","- ",36.985080718994141,-121.97856903076172,"SANTA CRUZ",UNINCORPORATED,-121.97856140136719,36.985095977783203
92417109,2024,2024-06-18,9720,2024-06-06,2134,023387,,4,2,9,4400,0,1,3,,2,020,"SR-1 N/B","41ST AVENUE",2640.00,N,N,B,-,Y,SCR,,1," "," ",14.075,H,,R,Y,4,0,3,3,A,-,03,22350,,N,C,2,A,A,D,-,D,D,0,,,,,Y,,A,01,0,0,3,0,0,0,0,0,0,"- ","- ",36.983760833740234,-121.97255706787109,"SANTA CRUZ",UNINCORPORATED,-121.97254943847656,36.983787536621094
92417841,2024,2024-06-18,9720,2024-06-04,1408,023618,,2,2,9,4400,0,2,4,,1,023,"7TH AVE","RODRIGUEZ ST",0.00,,Y,A,-,N,,,,,,,,,,N,3,0,1,2,D,-,00,,,N,D,C,A,A,H,-,A,A,0,,,,,Y,,-,"- ",0,1,0,0,0,0,0,0,0,"- ","- ",36.981529235839844,-121.98963165283203,"SANTA CRUZ",UNINCORPORATED,-121.98966217041016,36.981513977050781
92417845,2024,2024-06-18,9720,2024-06-01,1422,023611,,6,2,9,4400,0,1,3,,1,010,SR-1,"CEMENT PLANT ROAD",5.00,S,N,A,-,Y,SCR,,1," "," ",30.066,H,,R,Y,3,0,2,2,A,-,03,22350,,N,C,C,A,A,H,-,A,D,0,,,,,Y,,A,01,0,1,1,0,0,0,0,0,0,"- ","- ",37.024528503417969,-122.21169281005859,"SANTA CRUZ",UNINCORPORATED,-122.21170806884766,37.024520874023438
92417846,2024,2024-06-18,9720,2024-06-01,1335,023611,,6,1,9,4400,0,2,4,,1,024,"PORTOLA DR","41ST AVE",40.00,E,N,A,-,N,,,,,,,,,,N,4,0,2,2,A,-,21,22106,,N,C,C,A,A,H,-,A,A,0,,,,,Y,,D,22,0,0,2,0,0,0,0,0,0,"- ","- ",36.963699340820312,-121.96460723876953,"SANTA CRUZ",UNINCORPORATED,-121.96478271484375,36.963592529296875
92418786,2024,2024-06-19,9720,2024-06-06,1548,023657,,4,2,9,4400,0,1,3,,2,030,"SR-1 N/B","BUENA VISTA DR",845.00,N,N,A,-,Y,SCR,,1," ",R,4.241,H,,R,Y,4,0,1,2,A,-,03,22350,,N,C,C,A,A,H,-,A,D,0,,,,Y,Y,,A,07,0,0,1,0,0,0,0,0,0,"- ","- ",36.932449340820312,-121.81324768066406,"SANTA CRUZ",UNINCORPORATED,-121.81326293945312,36.932418823242188
92418796,2024,2024-06-19,9720,2024-06-03,"547 ",023657,,1,3,9,4400,0,1,3,,1,035,"SR-129 E/B","ROGGE LN",451.00,E,N,B,-,Y,SCR,,129," "," ",7.290,H,,R,Y,4,0,1,2,A,-,08,22107,,N,B,2,A,A,H,-,B,D,0,,,,Y,Y,,A,07,0,0,1,0,0,0,0,0,0,"- ","- ",36.904350280761719,-121.63764190673828,"SANTA CRUZ",UNINCORPORATED,-121.63767242431641,36.904392242431641
92419258,2024,2024-06-20,9720,2024-06-10,1400,023811,,1,2,9,4400,0,3,5,,2,300,"GREEN VALLEY RD","KLASSEN LN",70.00,N,N,A,-,N,,,,,,,,,,Y,3,0,1,1,A,-,08,22107,,N,E,I,A,A,H,-,A,D,0,,,,,Y,,A,01,0,1,0,0,0,0,0,0,0,"- ","- ",36.961189270019531,-121.764892578125,"SANTA CRUZ",UNINCORPORATED,-121.76496887207031,36.961112976074219
92419277,2024,2024-06-20,9720,2024-06-11,"930 ",023811,,2,1,9,4400,0,2,4,,1,021,"SOQUEL DR","FAIRWAY DR",0.00,,Y,A,-,N,,,,,,,,,,N,3,0,1,2,A,-,08,22107,,N,H,G,A,A,H,-,A,A,0,,Y,,,Y,,A,01,0,1,0,0,0,0,1,0,0,"- ","- ",36.987899780273438,-121.94606781005859,"SANTA CRUZ",UNINCORPORATED,-121.94611358642578,36.987739562988281
92419367,2024,2024-06-20,9720,2024-06-11,2222,022545,,2,3,9,4400,0,2,4,,1,032,"RANPORT RD","AIRPORT BLVD",0.00,,Y,A,-,N,,,,,,,,,,Y,3,0,1,1,A,-,03,22350,,N,F,A,A,A,H,-,D,D,0,,,Y,,Y,,C,02,0,1,0,0,0,0,0,0,1,"- ","- ",36.923919677734375,-121.79734039306641,"SANTA CRUZ",UNINCORPORATED,-121.79732513427734,36.923904418945312
92419397,2024,2024-06-20,9720,2024-06-18,1735,023516,,2,2,9,4400,0,1,3,,1,015,SR-9,"CALIFORNIA DR",528.00,N,N,A,-,Y,SCR,,9," "," ",10.274,H,,R,Y,3,0,1,2,A,-,09,21804,A,N,B,C,A,A,H,-,A,D,0,,,,,Y,,A,07,0,1,0,0,0,0,0,0,0,"- ","- ",37.096820831298828,-122.09751892089844,"SANTA CRUZ",UNINCORPORATED,-122.09752655029297,37.096820831298828
92419547,2024,2024-06-20,9720,2024-06-01,"154 ",023447,,6,3,9,4400,0,2,4,,1,032,"GREEN VALLEY RD","CELIA DR",50.00,N,N,A,-,N,,,,,,,,,,N,2,0,1,1,A,-,01,23152,A,N,F,A,A,A,H,-,D,D,0,,,,,Y,Y,D,22,1,0,0,0,0,0,0,0,0,"- ","- ",36.954460144042969,-121.76500701904297,"SANTA CRUZ",UNINCORPORATED,-121.76492309570312,36.953975677490234
92419615,2024,2024-06-20,9720,2024-05-13,"957 ",023657,,1,1,9,4400,0,1,3,,2,030,"SR-1 N/B","BUENA VISTA DR",1901.00,N,N,B,-,Y,SCR,,1," ",R,4.411,H,,R,Y,4,0,1,2,A,-,03,22350,,N,C,C,A,A,H,-,A,D,0,,,,,Y,,A,01,0,0,1,0,0,0,0,0,0,"- ","- ",36.933300018310547,-121.81613159179688,"SANTA CRUZ",UNINCORPORATED,-121.81613922119141,36.933277130126953