CASE_ID,ACCIDENT_YEAR,PROC_DATE,JURIS,COLLISION_DATE,COLLISION_TIME,OFFICER_ID,REPORTING_DISTRICT,DAY_OF_WEEK,CHP_SHIFT,POPULATION,CNTY_CITY_LOC,SPECIAL_COND,BEAT_TYPE,CHP_BEAT_TYPE,CITY_DIVISION_LAPD,CHP_BEAT_CLASS,BEAT_NUMBER,PRIMARY_RD,SECONDARY_RD,DISTANCE,DIRECTION,INTERSECTION,WEATHER_1,WEATHER_2,STATE_HWY_IND,CALTRANS_COUNTY,CALTRANS_DISTRICT,STATE_ROUTE,ROUTE_SUFFIX,POSTMILE_PREFIX,POSTMILE,LOCATION_TYPE,RAMP_INTERSECTION,SIDE_OF_HWY,TOW_AWAY,COLLISION_SEVERITY,NUMBER_KILLED,NUMBER_INJURED,PARTY_COUNT,PRIMARY_COLL_FACTOR,PCF_CODE_OF_VIOL,PCF_VIOL_CATEGORY,PCF_VIOLATION,PCF_VIOL_SUBSECTION,HIT_AND_RUN,TYPE_OF_COLLISION,MVIW,PED_ACTION,ROAD_SURFACE,ROAD_COND_1,ROAD_COND_2,LIGHTING,CONTROL_DEVICE,CHP_ROAD_TYPE,PEDESTRIAN_ACCIDENT,BICYCLE_ACCIDENT,MOTORCYCLE_ACCIDENT,TRUCK_ACCIDENT,NOT_PRIVATE_PROPERTY,ALCOHOL_INVOLVED,STWD_VEHTYPE_AT_FAULT,CHP_VEHTYPE_AT_FAULT,COUNT_SEVERE_INJ,COUNT_VISIBLE_INJ,COUNT_COMPLAINT_PAIN,COUNT_PED_KILLED,COUNT_PED_INJURED,COUNT_BICYCLIST_KILLED,COUNT_BICYCLIST_INJURED,COUNT_MC_KILLED,COUNT_MC_INJURED,PRIMARY_RAMP,SECONDARY_RAMP,LATITUDE,LONGITUDE,COUNTY,CITY,POINT_X,POINT_Y
9242387,2021,2021-04-05,4403,2021-03-19,1705,358,113,5,5,4,4403,0,0,0,,0,001,"BEACH ST","LINCOLN ST",102.00,W,N,A,-,Y,SCR,5,152,-,T,3.250,H,-,E,Y,4,0,1,3,A,-,01,23152,B,M,C,C,A,A,H,-,A,A,0,,,,,Y,Y,A,01,0,0,1,0,0,0,0,0,0,"- ","- ",,,"SANTA CRUZ",WATSONVILLE,-121.75253295898438,36.913425445556641
92424788,2024,2024-06-27,9720,2024-06-15,1245,023502,,6,1,9,4400,0,1,3,,1,034,SR-152,"RED HAWK LANE",1300.00,W,N,A,-,Y,SCR,,152," "," ",5.005,H,,R,Y,4,0,2,3,A,-,05,21460,A,N,A,C,A,A,H,-,A,D,0,,,,,Y,,D,22,0,0,2,0,0,0,0,0,0,"- ","- ",36.971759796142578,-121.72113037109375,"SANTA CRUZ",UNINCORPORATED,-121.72115325927734,36.971755981445312
92424795,2024,2024-06-27,9720,2024-06-17,"630 ",023166,,1,1,9,4400,0,1,3,,1,034,"SR-152 W/B","RED HAWK PL",0.30,E,N,A,-,Y,SCR,,152," "," ",5.556,H,,L,Y,4,0,1,3,A,-,05,21460,A,N,B,2,A,A,H,-,A,D,0,,,,,Y,,A,01,0,0,1,0,0,0,0,0,0,"- ","- ",36.974971771240234,-121.71501922607422,"SANTA CRUZ",UNINCORPORATED,-121.71500396728516,36.975059509277344
92425323,2024,2024-06-27,9720,2024-06-15,1710,023636,,6,2,9,4400,0,1,3,,2,020,"SR-1 S/B","MORRISSEY BLVD",1584.00,S,N,A,-,Y,SCR,,1," "," ",15.508,H,,L,N,4,0,1,2,A,-,04,21703,,N,C,C,A,A,H,-,A,D,0,,,,,Y,,A,01,0,0,1,0,0,0,0,0,0,"- ","- ",36.988109588623047,-121.99777221679688,"SANTA CRUZ",UNINCORPORATED,-121.99777221679688,36.988132476806641
92425394,2024,2024-06-27,9720,2024-06-17,1145,021304,,1,1,9,4400,0,2,4,,1,023,"41ST AVENUE","SOQUEL DR",528.00,S,N,A,-,N,,,,,,,,,,N,4,0,1,2,A,-,09,21804,A,N,D,C,A,A,H,-,A,A,0,,,,,Y,,-,"- ",0,0,1,0,0,0,0,0,0,"- ","- ",36.986598968505859,-121.96488189697266,"SANTA CRUZ",UNINCORPORATED,-121.96494293212891,36.985950469970703
92428660,2024,2024-07-02,9720,2024-06-22,1401,023245,,6,2,9,4400,0,1,3,,1,010,SR-1,"BONNY DOON RD",2112.00,N,N,A,-,Y,SCR,,1," "," ",28.046,H,,R,Y,4,0,1,2,A,-,09,21801,A,N,B,C,A,A,H,-,A,D,0,,,,,Y,,A,01,0,0,1,0,0,0,0,0,0,"- ","- ",37.005741119384766,-122.18544769287109,"SANTA CRUZ",UNINCORPORATED,-122.18543243408203,37.005752563476562
92428673,2024,2024-07-02,9720,2024-06-25,"748 ",019956,,2,1,9,4400,0,2,4,,1,024,"PORTOLA DR","38TH AVE",10.00,W,N,B,-,N,,,,,,,,,,N,3,0,1,2,A,-,10,21950,A,N,G,B,B,A,H,-,A,A,0,Y,,,,Y,,A,01,0,1,0,0,1,0,0,0,0,"- ","- ",36.963451385498047,-121.96752166748047,"SANTA CRUZ",UNINCORPORATED,-121.96743774414062,36.96343994140625
92428695,2024,2024-07-02,9720,2024-06-25,1330,019956,,2,1,9,4400,0,1,3,,2,030,"SR-1 N/B TO LARKIN VALLEY RD (AIRPORT BLVD)","LARKIN VALLEY RD",0.00,,Y,A,-,Y,,,,,,,,,,N,3,0,2,2,A,-,12,22450,A,N,D,C,A,A,H,-,A,A,0,,,,,Y,,D,22,0,2,0,0,0,0,0,0,0,"- ","- ",36.925788879394531,-121.79737091064453,"SANTA CRUZ",UNINCORPORATED,-121.86259460449219,36.960857391357422
92429826,2024,2024-07-03,9720,2024-06-21,1835,023146,,5,2,9,4400,0,3,5,,2,200,"THURBER LN","SEQUOIA DR",20.00,S,N,A,-,N,,,,,,,,,,N,4,0,1,2,A,-,09,21801,A,N,D,C,A,A,H,-,A,D,0,,,Y,,Y,,A,01,0,0,1,0,0,0,0,0,1,"- ","- ",36.991630554199219,-121.97831726074219,"SANTA CRUZ",UNINCORPORATED,-121.97832489013672,36.991687774658203
92429848,2024,2024-07-03,9720,2024-06-22,1520,023611,,6,2,9,4400,0,2,4,,1,024,"PORTOLA DR","41ST AVE",634.00,E,N,A,-,N,,,,,,,,,,N,3,0,1,2,A,-,11,21954,A,N,G,B,E,A,H,-,A,D,0,Y,,,,Y,,N,60,0,1,0,0,1,0,0,0,0,"- ","- ",36.964759826660156,-121.96322631835938,"SANTA CRUZ",UNINCORPORATED,-121.96326446533203,36.964672088623047
92429888,2024,2024-07-03,9720,2024-06-22,2045,023146,,6,2,9,4400,0,1,3,,1,017,"SR-17 N/B","VINE HILL RD",528.00,N,N,A,-,Y,SCR,,17," "," ",7.723,H,,R,N,4,0,1,2,A,-,07,21658,A,N,B,C,A,A,H,-,B,D,0,,,,,Y,,-,"- ",0,0,1,0,0,0,0,0,0,"- ","- ",37.079639434814453,-121.97859191894531,"SANTA CRUZ",UNINCORPORATED,-121.97860717773438,37.07965087890625
92430460,2024,2024-07-03,9720,2024-06-24,2100,023721,,1,2,9,4400,0,2,4,,1,016,"GRAHAM HILL RD","MICHAEL LN",300.00,S,N,A,-,N,,,,,,,,,,N,4,0,1,1,A,-,03,22350,,N,F,A,A,A,H,-,A,D,0,,,Y,,Y,,C,02,0,0,1,0,0,0,0,0,1,"- ","- ",36.997848510742188,-122.02884674072266,"SANTA CRUZ",UNINCORPORATED,-122.02893829345703,36.997962951660156
92430473,2024,2024-07-04,9720,2024-06-26,1020,019956,,3,1,9,4400,0,1,3,,2,020,"SR-1 N/B","41ST AVE",528.00,S,N,A,-,Y,SCR,,1," "," ",13.405,H,,R,N,4,0,1,2,A,-,07,21658,A,N,C,C,A,A,D,-,A,D,0,,,,,Y,,A,01,0,0,1,0,0,0,0,0,0,"- ","- ",36.98291015625,-121.96060943603516,"SANTA CRUZ",UNINCORPORATED,-121.96060943603516,36.982929229736328
92430489,2024,2024-07-04,9720,2024-06-21,1805,023447,,5,2,9,4400,0,2,4,,1,021,"SOQUEL DR","41ST AVE",65.00,W,N,A,-,N,,,,,,,,,,N,3,0,1,2,A,-,09,21801,A,N,A,G,A,A,H,-,A,D,0,,Y,,,Y,,A,01,0,1,0,0,0,0,1,0,0,"- ","- ",36.987571716308594,-121.96382904052734,"SANTA CRUZ",UNINCORPORATED,-121.96520233154297,36.987373352050781
92433287,2024,2024-07-08,9720,2024-05-29,1350,022044,,3,1,9,4400,0,3,5,,2,100,"GLEN ARBOR RD","NEWELL CREEK RD",0.00,,Y,A,-,N,,,,,,,,,,Y,4,0,1,2,A,-,09,21802,B,N,D,2,A,A,H,-,A,A,0,,,,,Y,,D,22,0,0,1,0,0,0,0,0,0,"- ","- ",37.083820343017578,-122.08155059814453,"SANTA CRUZ",UNINCORPORATED,-122.08164978027344,37.083816528320312
92433308,2024,2024-07-08,9720,2024-06-06,2329,023573,,4,3,9,4400,0,1,3,,1,015,SR-9,"ROWARDENNAN DRIVE",50.00,N,N,A,-,N,,,,,,,,,,Y,3,0,1,2,A,-,05,21460,A,N,A,C,A,A,H,-,C,D,0,,,,,Y,,A,01,0,1,0,0,0,0,0,0,0,"- ","- ",37.085670471191406,-122.08962249755859,"SANTA CRUZ",UNINCORPORATED,-122.08960723876953,37.085758209228516
92433318,2024,2024-07-19,9720,2024-06-07,"525 ",023507,,5,3,9,4400,0,1,3,,1,017,"SR-17 N/B","MOUNT HERMON RD",4000.00,N,N,E,-,Y,SCR,,17," "," ",4.182,H,,R,N,2,0,1,3,A,-,03,22350,,N,C,C,A,B,H,-,B,D,0,,,,,Y,,J,48,1,0,0,0,0,0,0,0,0,"- ","- ",37.044761657714844,-122.01483917236328,"SANTA CRUZ",UNINCORPORATED,-122.01480102539062,37.044750213623047
92433360,2024,2024-07-08,9720,2024-06-09,1453,023331,,7,2,9,4400,0,1,3,,1,014,SR-9,"FERN DR",792.00,S,N,A,-,Y,SCR,,9," "," ",17.246,H,,R,Y,2,0,6,2,A,-,05,21460,A,N,A,C,A,A,H,-,A,D,0,,,,,Y,,A,01,1,2,3,0,0,0,0,0,0,"- ","- ",37.181121826171875,-122.1409912109375,"SANTA CRUZ",UNINCORPORATED,-122.14096832275391,37.181121826171875
92435844,2024,2024-07-11,9720,2024-05-17,1745,023316,,5,2,9,4400,0,2,4,,1,024,"E CLIFF DRIVE","25TH AVE",2.00,E,N,A,-,N,,,,,,,,,,Y,2,0,1,1,A,-,01,23152,G,M,E,8,A,A,H,-,A,D,0,,,,,Y,Y,A,01,1,0,0,0,0,0,0,0,0,"- ","- ",36.959159851074219,-121.98130798339844,"SANTA CRUZ",UNINCORPORATED,-121.98128509521484,36.959228515625
92435963,2024,2024-07-11,9720,2024-06-10,2325,023345,,1,3,9,4400,0,1,3,,1,015,"BEAR CREEK RD",SR-9,36.00,E,N,A,-,Y,SCR,,9," "," ",13.240,H,,R,Y,3,0,1,2,A,-,01,23152,A,N,E,I,A,A,H,-,C,D,0,,,,,Y,Y,D,22,0,1,0,0,0,0,0,0,0,"- ","- ",37.128501892089844,-122.12306213378906,"SANTA CRUZ",UNINCORPORATED,-122.12300872802734,37.128501892089844
92436067,2024,2024-07-11,9720,2024-06-15,1000,023507,,6,1,9,4400,0,1,3,,1,015,SR-9,"MONACO LN",0.00,,Y,A,-,Y,SCR,,9," "," ",13.693,H,,R,Y,3,0,1,2,A,-,09,21801,A,N,D,C,A,A,H,-,A,D,0,,,,,Y,,D,22,0,1,0,0,0,0,0,0,0,"- ","- ",37.133819580078125,-122.12619018554688,"SANTA CRUZ",UNINCORPORATED,-122.12615966796875,37.133838653564453
92436079,2024,2024-07-11,9720,2024-06-15,2250,023419,,6,3,9,4400,0,3,5,,2,100,"EMPIRE GRADE RD","BRAEMOOR DR",528.00,S,N,A,-,N,,,,,,,,,,N,2,0,1,1,C,-,18,,,N,H,H,A,A,H,-,D,D,0,,,Y,,Y,,-,"- ",1,0,0,0,0,0,0,0,1,"- ","- ",37.111919403076172,-122.15086364746094,"SANTA CRUZ",UNINCORPORATED,-122.15125274658203,37.112491607666016
92436086,2024,2024-07-11,9720,2024-06-16,1610,023502,,7,2,9,4400,0,3,5,,2,200,"BRANCIFORTE DR","MILL RD",2760.00,N,N,A,-,N,,,,,,,,,,Y,3,0,1,1,A,-,08,22107,,N,H,0,A,A,H,-,A,D,0,,,Y,,Y,,C,02,0,1,0,0,0,0,0,0,1,"- ","- ",37.006271362304688,-122.00171661376953,"SANTA CRUZ",UNINCORPORATED,-122.00180053710938,37.006298065185547
92436093,2024,2024-07-11,9720,2024-06-18,1040,023166,,2,1,9,4400,0,3,5,,2,100,"MT HERMON RD","WHISTLER CT",40.00,W,N,A,-,N,,,,,,,,,,Y,2,0,1,2,A,-,08,22107,,N,A,C,A,A,H,-,A,D,0,,,,,Y,Y,D,22,1,0,0,0,0,0,0,0,0,"- ","- ",37.053249359130859,-122.03898620605469,"SANTA CRUZ",UNINCORPORATED,,
92436158,2024,2024-07-11,9720,2024-06-21,1734,023103,,5,2,9,4400,0,3,5,,2,200,"HIDDEN VALLEY RD","OCEAN VISTA DR",600.00,N,N,A,-,N,,,,,,,,,,Y,3,0,1,1,A,-,01,23152,A,N,E,8,A,A,H,-,A,D,0,,,,,Y,Y,A,01,0,1,0,0,0,0,0,0,0,"- ","- ",37.018379211425781,-121.97038269042969,"SANTA CRUZ",UNINCORPORATED,-121.97031402587891,37.018451690673828
92436186,2024,2024-07-11,9720,2024-06-22,1310,023636,,6,1,9,4400,0,2,4,,1,031,"FREEDOM BOULEVARD","CORRALITOS RD",700.00,N,N,A,-,N,,,,,,,,,,Y,2,0,2,2,C,-,18,,,N,A,2,A,A,H,-,A,D,0,,,,,Y,,-,"- ",1,0,1,0,0,0,0,0,0,"- ","- ",36.965198516845703,-121.81069946289062,"SANTA CRUZ",UNINCORPORATED,-121.81065368652344,36.965118408203125
92436188,2024,2024-07-11,9720,2024-06-22,1634,023245,,6,2,9,4400,0,1,3,,2,020,"SR-1 S/B","BAY AVE",1056.00,N,N,A,-,Y,SCR,,1," "," ",13.409,H,,L,Y,2,0,1,1,A,-,01,23152,A,N,F,A,A,A,D,-,A,D,0,,,Y,,Y,Y,C,02,1,0,0,0,0,0,0,0,1,"- ","- ",36.98284912109375,-121.960693359375,"SANTA CRUZ",UNINCORPORATED,-121.96068572998047,36.982845306396484
92436225,2024,2024-07-11,9720,2024-06-28,1634,023331,,5,2,9,4400,0,2,4,,1,023,"17TH AVE","PORTOLA DR",15.00,N,N,A,-,N,,,,,,,,,,N,4,0,1,2,A,-,21,22106,,N,C,C,A,A,H,-,A,A,0,,,,,Y,,-,"- ",0,0,1,0,0,0,0,0,0,"- ","- ",36.963008880615234,-121.98793029785156,"SANTA CRUZ",UNINCORPORATED,-121.98804473876953,36.962837219238281
92436381,2024,2024-07-11,9720,2024-07-01,1255,021304,,1,1,9,4400,0,1,3,,2,020,"SR-1 N/B","STATE PARD DR",1056.00,N,N,A,-,Y,SCR,,1," "," ",10.682,H,,R,Y,4,0,1,1,A,-,08,22107,,N,E,8,A,A,D,-,A,D,0,,,,,Y,,A,01,0,0,1,0,0,0,0,0,0,"- ","- ",36.979190826416016,-121.91259002685547,"SANTA CRUZ",UNINCORPORATED,-121.91255950927734,36.979228973388672
92436398,2024,2024-07-11,9720,2024-06-30,1215,023419,,7,1,9,4400,0,1,3,,1,014,SR-9,SR-35,1584.00,S,N,A,-,Y,SCR,,9," "," ",26.824,H,,R,Y,3,0,1,1,A,-,03,22350,,N,F,A,A,A,H,-,A,D,0,,,Y,,Y,,C,02,0,1,0,0,0,0,0,0,1,"- ","- ",37.256141662597656,-122.12576293945312,"SANTA CRUZ",UNINCORPORATED,-122.12574768066406,37.256134033203125
92438202,2024,2024-07-15,9720,2024-06-29,1638,023214,,6,2,9,4400,0,1,3,,1,017,"SR-17 S/B","GLENWOOD CUTOFF",500.00,S,N,A,-,Y,SCR,,17," "," ",8.972,H,,L,N,4,0,1,2,A,-,07,21658,A,N,B,2,A,A,H,-,A,D,0,,,,,Y,,A,07,0,0,1,0,0,0,0,0,0,"- ","- ",37.098751068115234,-121.97570037841797,"SANTA CRUZ",UNINCORPORATED,-121.97569274902344,37.098751068115234
92438203,2024,2024-07-15,9720,2024-06-29,1925,023573,,6,2,9,4400,0,1,3,,1,014,"SR-9 S/B","DOUGLAS AVE",150.00,N,N,A,-,N,,,,,,,,,,N,3,0,1,1,A,-,08,22107,,N,E,I,A,A,H,-,A,D,0,,Y,,,Y,,M,91,0,1,0,0,0,0,1,0,0,"- ","- ",37.146671295166016,-122.13372039794922,"SANTA CRUZ",UNINCORPORATED,-122.13449859619141,37.147449493408203
92438204,2024,2024-07-15,9720,2024-06-30,1453,023245,,7,2,9,4400,0,1,3,,1,010,SR-1,"DIMEO LN",2429.00,N,N,A,-,Y,SCR,,1," "," ",23.178,H,,R,Y,2,0,1,2,A,-,09,21801,A,N,D,C,A,A,H,-,A,D,0,,,Y,,Y,,A,01,1,0,0,0,0,0,0,0,1,"- ","- ",36.967460632324219,-122.11250305175781,"SANTA CRUZ",UNINCORPORATED,-122.11248016357422,36.967491149902344
92438446,2024,2024-07-15,9720,2024-07-02,1130,021211,,2,1,9,4400,0,1,3,,1,017,"SR-17 N/B","SUGARLOAF RD.",2112.00,S,N,A,-,N,,,,,,,,,,N,4,0,1,2,A,-,07,21658,A,N,B,C,A,A,H,-,A,D,0,,,Y,,Y,,A,01,0,0,1,0,0,0,0,0,1,"- ","- ",37.089069366455078,-121.97749328613281,"SANTA CRUZ",UNINCORPORATED,-121.97752380371094,37.089988708496094
92438451,2024,2024-07-15,9720,2024-07-03,1620,021211,,3,2,9,4400,0,1,3,,2,020,"SR-1 S/B","BAY AVE.",260.00,S,N,A,-,Y,SCR,,1," "," ",13.146,H,,L,N,3,0,1,2,A,-,07,21658,A,N,B,C,A,A,D,-,A,D,0,,,Y,,Y,,A,01,0,1,0,0,0,0,0,0,1,"- ","- ",36.983291625976562,-121.95600128173828,"SANTA CRUZ",UNINCORPORATED,-121.95600128173828,36.983287811279297
92438455,2024,2024-07-15,9720,2024-07-02,"815 ",021304,,2,1,9,4400,0,1,3,,1,035,SR-129,"MURPHY ROAD",5280.00,E,N,A,-,Y,SCR,,129," "," ",5.885,H,,R,Y,3,0,2,1,A,-,08,22107,,N,F,A,A,A,H,-,A,D,0,,,,,Y,,A,07,0,1,1,0,0,0,0,0,0,"- ","- ",36.914390563964844,-121.65637969970703,"SANTA CRUZ",UNINCORPORATED,-121.65641784667969,36.914295196533203
92438466,2024,2024-07-15,9720,2024-07-03,1610,021833,,3,2,9,4400,0,1,3,,2,020,"SR-1 S/B","PARK AVE",1056.00,N,N,A,-,Y,SCR,,1," "," ",12.574,H,,L,Y,4,0,1,2,A,-,03,22350,,N,C,C,A,A,D,-,A,D,0,,,,,Y,,D,22,0,0,1,0,0,0,0,0,0,"- ","- ",36.983940124511719,-121.94566345214844,"SANTA CRUZ",UNINCORPORATED,-121.94566345214844,36.983943939208984
92438493,2024,2024-07-15,9720,2024-06-30,"14  ",023387,,7,3,9,4400,0,3,5,,2,300,"LARKIN VALLEY RD","WHITE RD",1584.00,N,N,B,-,N,,,,,,,,,,Y,3,0,1,1,A,-,01,23152,F,N,F,A,A,A,H,-,D,D,0,,,Y,,Y,,C,02,0,1,0,0,0,0,0,0,1,"- ","- ",36.95941162109375,-121.85650634765625,"SANTA CRUZ",UNINCORPORATED,-121.85637664794922,36.958667755126953
92438499,2024,2024-07-15,9720,2024-06-28,1250,023419,,5,1,9,4400,0,2,4,,1,021,"SOQUEL DR","SOUTH RODEO GULCH RD",0.00,,Y,A,-,N,,,,,,,,,,Y,3,0,1,2,A,-,09,21801,A,N,D,C,A,A,H,-,A,A,0,,,,,Y,,A,01,0,1,0,0,0,0,0,0,0,"- ","- ",36.987548828125,-121.96961975097656,"SANTA CRUZ",UNINCORPORATED,-121.96955871582031,36.987606048583984
92439162,2024,2024-07-15,9720,2024-07-02,1540,021833,,2,2,9,4400,0,1,3,,2,020,"S/B SR-1","BAY AVE",100.00,S,N,A,-,Y,SCR,,1," "," ",13.140,H,,R,N,3,0,1,2,A,-,07,21658,A,N,C,C,A,A,D,-,A,D,0,,,Y,,Y,,A,07,0,1,0,0,0,0,0,0,1,"- ","- ",36.983280181884766,-121.95588684082031,"SANTA CRUZ",UNINCORPORATED,-121.95590209960938,36.983386993408203
92441756,2024,2024-07-17,9720,2024-07-04,2310,023345,,4,3,9,4400,0,1,3,,1,014,SR-9,"BEAR CREEK RD",0.00,,Y,A,-,Y,SCR,,9," "," ",13.238,H,,R,N,3,0,1,2,A,-,09,21802,A,N,D,C,A,A,H,-,C,D,0,,,,,Y,,D,22,0,1,0,0,0,0,0,0,0,"- ","- ",37.128471374511719,-122.12301635742188,"SANTA CRUZ",UNINCORPORATED,-122.12300872802734,37.128471374511719
92441879,2024,2024-07-17,9720,2024-07-03,1619,023507,,3,2,9,4400,0,1,3,,1,014,SR-9,"BEEKHUIS RD",100.00,S,N,A,-,Y,SCR,,9," "," ",23.268,H,,R,Y,3,0,1,2,A,-,05,21460,A,N,B,C,A,A,H,-,A,D,0,,,,,Y,,A,08,0,1,0,0,0,0,0,0,0,"- ","- ",37.234821319580078,-122.14571380615234,"SANTA CRUZ",UNINCORPORATED,-122.14569854736328,37.234809875488281
92441907,2024,2024-07-17,9720,2024-06-30,1503,023618,,7,2,9,4400,0,2,4,,1,032,"GREEN VALLEY RD","AMESTI RD",70.00,S,N,A,-,N,,,,,,,,,,Y,3,0,1,2,A,-,01,23152,A,N,C,E,A,A,H,-,A,D,0,,,,,Y,Y,A,01,0,1,0,0,0,0,0,0,0,"- ","- ",36.945419311523438,-121.76712799072266,"SANTA CRUZ",UNINCORPORATED,-121.76697540283203,36.945446014404297
92441964,2024,2024-07-17,9720,2024-06-25,1500,023811,,2,2,9,4400,0,1,3,,2,020,"SR-1 N/B","EMELINE AVE. UNDERCROSSING",1373.00,N,N,A,-,Y,SCR,,1," "," ",16.961,H,,R,Y,2,0,1,1,A,-,03,22350,,N,E,8,A,A,H,-,A,A,0,,,Y,,Y,,C,02,1,0,0,0,0,0,0,0,1,"- ","- ",36.991439819335938,-122.02179718017578,"SANTA CRUZ",UNINCORPORATED,-122.02178192138672,36.991344451904297
92441999,2024,2024-07-17,9720,2024-07-05,1205,023636,,5,1,9,4400,0,2,4,,1,031,"FREEDOM BOULEVARD","PLEASANT VALLEY RD",0.00,,Y,A,-,N,,,,,,,,,,Y,3,0,2,2,A,-,01,23152,A,N,D,C,A,A,H,-,A,A,0,,,,,Y,Y,A,01,0,1,1,0,0,0,0,0,0,"- ","- ",36.976398468017578,-121.82527160644531,"SANTA CRUZ",UNINCORPORATED,-121.82521057128906,36.976284027099609
92442008,2024,2024-08-14,9720,2024-07-05,1515,023618,,5,2,9,4400,0,1,3,,1,015,SR-9,"ALAMEDA AVE",10.00,N,N,A,-,Y,SCR,,9," "," ",11.300,H,,R,N,3,0,1,1,A,-,08,22107,,N,E,8,A,A,H,-,A,D,0,,,,,Y,,A,07,0,1,0,0,0,0,0,0,0,"- ","- ",37.107639312744141,-122.10769653320312,"SANTA CRUZ",UNINCORPORATED,-122.10773468017578,37.107616424560547
92442981,2024,2024-07-18,9720,2024-07-06,1205,023618,,6,1,9,4400,0,1,3,,1,035,SR-129,"CARLTON ROAD",1584.00,E,N,A,-,Y,SCR,,129," "," ",3.565,H,,R,Y,3,0,1,2,A,-,09,21801,A,N,D,C,A,A,H,-,A,D,0,,,,,Y,,D,22,0,1,0,0,0,0,0,0,0,"- ","- ",36.922710418701172,-121.69435119628906,"SANTA CRUZ",UNINCORPORATED,-121.69429016113281,36.922779083251953
92442982,2024,2024-07-18,9720,2024-07-04,"729 ",023214,,4,1,9,4400,0,1,3,,1,015,SR-9,"LORENZO AVE.",5.00,S,N,A,-,Y,SCR,,9," "," ",9.246,H,,R,N,3,0,1,1,A,-,08,22107,,N,E,9,A,A,H,-,A,D,0,,,,,Y,,A,07,0,1,0,0,0,0,0,0,0,"- ","- ",37.086799621582031,-122.08879089355469,"SANTA CRUZ",UNINCORPORATED,-122.08887481689453,37.086830139160156
92443021,2024,2024-07-18,9720,2024-07-05,1325,023214,,5,1,9,4400,0,1,3,,2,020,"SR-1 N/B","RIVER ST.",635.00,S,N,A,-,Y,SCR,,1," "," ",17.424,H,,R,N,4,0,1,2,A,-,21,22106,,N,C,C,A,A,H,-,A,D,0,,,,,Y,,A,07,0,0,1,0,0,0,0,0,0,"- ","- ",36.98516845703125,-122.02758026123047,"SANTA CRUZ",UNINCORPORATED,-122.02758026123047,36.985176086425781
92443023,2024,2024-07-19,9720,2024-07-06,1155,023507,,6,1,9,4400,0,3,5,,2,100,"EMPIRE GRADE RD","ARBORETUM RD",0.00,,Y,A,-,Y,,,,,,,,,,Y,3,0,1,2,A,-,03,22350,,N,C,C,A,A,H,-,A,D,0,,,Y,,Y,,C,02,0,1,0,0,0,0,0,0,1,"- ","- ",36.981838226318359,-122.06150817871094,"SANTA CRUZ",UNINCORPORATED,-122.06137847900391,36.981800079345703
92443056,2024,2024-07-19,9720,2024-07-08,"848 ",021211,,1,1,9,4400,0,2,4,,1,023,"7TH AVE.","EATON ST.",0.00,,Y,B,-,N,,,,,,,,,,N,3,0,2,1,C,-,18,,,N,F,A,A,D,G,-,A,A,0,,Y,,,Y,,-,"- ",0,1,1,0,0,0,1,0,0,"- ","- ",36.967700958251953,-121.99810791015625,"SANTA CRUZ",UNINCORPORATED,-121.99800109863281,36.967670440673828
92443059,2024,2024-07-19,9720,2024-07-08,1010,019956,,1,1,9,4400,0,2,4,,1,021,"SOQUEL DR","MISSION DR",125.00,E,N,B,-,N,,,,,,,,,,Y,3,0,2,2,A,-,09,21804,A,N,D,C,A,A,H,-,A,D,0,,,,,Y,,A,01,0,1,1,0,0,0,0,0,0,"- ","- ",36.989009857177734,-121.98026275634766,"SANTA CRUZ",UNINCORPORATED,-121.98030853271484,36.989032745361328
92443064,2024,2024-07-19,9720,2024-07-09,1315,019956,,2,1,9,4400,0,1,3,,2,020,"SR-1 N/B","PARK AVE",2640.00,S,N,A,-,Y,SCR,,1," "," ",11.596,H,,R,Y,4,0,2,3,A,-,03,22350,,N,C,C,A,A,D,-,A,D,0,,,,,Y,,A,01,0,0,2,0,0,0,0,0,0,"- ","- ",36.983421325683594,-121.927978515625,"SANTA CRUZ",UNINCORPORATED,-121.927978515625,36.983436584472656
9244333,2021,2021-04-05,4403,2021-02-23,1426,9091,429,2,5,4,4403,0,0,0,,0,004,"GREEN VALLEY RD","MELWOOD WY",0.00,,Y,A,-,N,,,,,,,,,,Y,4,0,2,2,A,-,09,21804,A,N,D,C,A,A,H,-,A,D,0,,,,,Y,,A,01,0,0,2,0,0,0,0,0,0,"- ","- ",,,"SANTA CRUZ",WATSONVILLE,-121.78314208984375,36.919918060302734
92443703,2024,2024-07-19,9720,2024-04-02,1535,023516,,2,2,9,4400,0,3,5,,2,200,"21ST AVENUE","EAST CLIFF DRIVE",84.00,N,N,A,-,N,,,,,,,,,,N,4,0,1,3,A,-,08,22107,,F,B,E,A,A,H,-,A,D,0,,,Y,,Y,,C,02,0,0,1,0,0,0,0,0,1,"- ","- ",36.961299896240234,-121.98522186279297,"SANTA CRUZ",UNINCORPORATED,-121.98524475097656,36.961215972900391