CASE_ID,ACCIDENT_YEAR,PROC_DATE,JURIS,COLLISION_DATE,COLLISION_TIME,OFFICER_ID,REPORTING_DISTRICT,DAY_OF_WEEK,CHP_SHIFT,POPULATION,CNTY_CITY_LOC,SPECIAL_COND,BEAT_TYPE,CHP_BEAT_TYPE,CITY_DIVISION_LAPD,CHP_BEAT_CLASS,BEAT_NUMBER,PRIMARY_RD,SECONDARY_RD,DISTANCE,DIRECTION,INTERSECTION,WEATHER_1,WEATHER_2,STATE_HWY_IND,CALTRANS_COUNTY,CALTRANS_DISTRICT,STATE_ROUTE,ROUTE_SUFFIX,POSTMILE_PREFIX,POSTMILE,LOCATION_TYPE,RAMP_INTERSECTION,SIDE_OF_HWY,TOW_AWAY,COLLISION_SEVERITY,NUMBER_KILLED,NUMBER_INJURED,PARTY_COUNT,PRIMARY_COLL_FACTOR,PCF_CODE_OF_VIOL,PCF_VIOL_CATEGORY,PCF_VIOLATION,PCF_VIOL_SUBSECTION,HIT_AND_RUN,TYPE_OF_COLLISION,MVIW,PED_ACTION,ROAD_SURFACE,ROAD_COND_1,ROAD_COND_2,LIGHTING,CONTROL_DEVICE,CHP_ROAD_TYPE,PEDESTRIAN_ACCIDENT,BICYCLE_ACCIDENT,MOTORCYCLE_ACCIDENT,TRUCK_ACCIDENT,NOT_PRIVATE_PROPERTY,ALCOHOL_INVOLVED,STWD_VEHTYPE_AT_FAULT,CHP_VEHTYPE_AT_FAULT,COUNT_SEVERE_INJ,COUNT_VISIBLE_INJ,COUNT_COMPLAINT_PAIN,COUNT_PED_KILLED,COUNT_PED_INJURED,COUNT_BICYCLIST_KILLED,COUNT_BICYCLIST_INJURED,COUNT_MC_KILLED,COUNT_MC_INJURED,PRIMARY_RAMP,SECONDARY_RAMP,LATITUDE,LONGITUDE,COUNTY,CITY,POINT_X,POINT_Y
92443704,2024,2024-07-19,9720,2024-04-02,1536,023516,,2,2,9,4400,0,3,5,,2,200,"21ST AVENUE","EAST CLIFF DRIVE",20.00,N,N,A,-,N,,,,,,,,,,N,4,0,1,2,A,-,03,22350,,F,D,C,A,A,H,-,A,D,0,,,Y,,Y,,C,02,0,0,1,0,0,0,0,0,1,"- ","- ",36.9610595703125,-121.98526000976562,"SANTA CRUZ",UNINCORPORATED,-121.98529052734375,36.961044311523438
92443714,2024,2024-07-19,9720,2024-07-09,"605 ",021304,,2,1,9,4400,0,3,5,,2,300,"CORRALITOS RD","VARNI RD",1056.00,N,N,A,-,N,,,,,,,,,,N,4,0,1,2,A,-,09,21801,A,N,D,C,A,A,H,-,A,D,0,,,,,Y,,A,01,0,0,1,0,0,0,0,0,0,"- ","- ",36.968181610107422,-121.80719757080078,"SANTA CRUZ",UNINCORPORATED,-121.80694580078125,36.969833374023438
92444877,2024,2024-07-22,9720,2024-07-11,1245,023636,,4,1,9,4400,0,3,5,,2,200,"STATE PARK DRIVE","SR-1 S/B ON-RAMP",210.00,E,N,A,-,N,,,,,,,,,,N,4,0,1,3,A,-,03,22350,,N,C,C,A,A,H,-,A,D,0,,,,,Y,,D,22,0,0,1,0,0,0,0,0,0,"- ","- ",36.977809906005859,-121.9105224609375,"SANTA CRUZ",UNINCORPORATED,,
92444882,2024,2024-07-22,9720,2024-05-05,"530 ",022044,,7,3,9,4400,0,1,3,,1,017,"SR-17 S/B","LA MADRONA DR",100.00,S,N,B,-,Y,SCR,,17," "," ",2.167,H,,L,Y,2,0,1,2,A,-,08,22107,,F,D,C,A,B,H,-,B,D,0,,,,,Y,,A,01,1,0,0,0,0,0,0,0,0,"- ","- ",37.018798828125,-122.02808380126953,"SANTA CRUZ",UNINCORPORATED,-122.02798461914062,37.018795013427734
9245290,2021,2021-04-07,4403,2021-03-12,1717,358,5-27,5,5,4,4403,0,0,0,,0,005,"FREEDOM BL","AIRPORT BL",370.00,,N,A,-,N,,,,,,,,,,Y,4,0,1,2,A,-,09,21804,A,N,D,C,A,A,H,-,A,A,0,,,,,Y,,A,01,0,0,1,0,0,0,0,0,0,"- ","- ",,,"SANTA CRUZ",WATSONVILLE,-121.77792358398438,36.938350677490234
92454794,2024,2024-07-22,9720,2024-07-13,1950,023345,,6,2,9,4400,0,2,4,,1,021,"SOQUEL DR","ORCHARD ST",131.00,W,N,A,-,N,,,,,,,,,,Y,3,0,1,2,A,-,09,21804,A,N,D,2,A,A,H,-,A,D,0,,,,,Y,,A,01,0,1,0,0,0,0,0,0,0,"- ","- ",36.987621307373047,-121.94734954833984,"SANTA CRUZ",UNINCORPORATED,-121.94730377197266,36.987655639648438
9245504,2021,2021-03-30,4404,2021-02-17,1420,5291,4404,3,5,3,4404,0,0,0,,0,00S,"SCOTTS VALLEY DR","MT HERMON RD",0.00,,Y,A,-,N,,,,,,,,,,Y,4,0,1,1,A,-,05,21651,A,N,E,I,A,A,H,-,A,A,0,,,,,Y,,A,01,0,0,1,0,0,0,0,0,0,"- ","- ",37.043190002441406,-122.02507019042969,"SANTA CRUZ","SCOTTS VALLEY",-122.02519226074219,37.043170928955078
9245558,2021,2021-04-01,4404,2021-02-16,1514,5361,4404,2,5,3,4404,0,0,0,,0,NORTH,"SCOTTS VALLEY DR","CARBANERO WY",78.00,,N,A,-,N,,,,,,,,,,N,3,0,1,2,A,-,22,23123,5,N,C,D,A,A,H,-,A,D,0,,,,,Y,,A,01,0,1,0,0,0,0,0,0,0,"- ","- ",37.050941467285156,-122.01570892333984,"SANTA CRUZ","SCOTTS VALLEY",-122.01476287841797,37.051048278808594
9245629,2021,2021-03-30,4404,2021-03-12,1515,5291,4404,5,5,3,4404,0,0,0,,0,00N,"GRANITE CREEK RD","SCOTTS VALLEY DR",488.00,E,N,A,-,N,,,,,,,,,,N,3,0,2,3,A,-,03,22350,,N,C,C,A,A,H,-,A,D,0,,,,,Y,,A,07,0,2,0,0,0,0,0,0,0,"- ","- ",37.062301635742188,-122.00637054443359,"SANTA CRUZ","SCOTTS VALLEY",-122.00508880615234,37.061500549316406
92457212,2024,2024-07-22,9720,2024-06-08,1150,023502,,6,1,9,4400,0,1,3,,2,020,"SR-1 N/B","RIO DEL MAR BLVD",2210.00,N,N,B,-,Y,SCR,,1," "," ",9.573,H,,R,Y,4,0,1,2,A,-,03,22350,,N,C,C,A,A,H,-,A,D,0,,,,,Y,,A,07,0,0,1,0,0,0,0,0,0,"- ","- ",36.9752197265625,-121.89388275146484,"SANTA CRUZ",UNINCORPORATED,-121.89388275146484,36.975238800048828
92462642,2024,2024-07-22,9720,2024-07-11,1655,023636,,4,2,9,4400,0,1,3,,2,020,"SR-1 S/B","SOQUEL AVENUE",720.00,N,N,A,-,Y,SCR,,1," "," ",15.014,H,,L,N,4,0,1,3,A,-,03,22350,,N,C,C,A,A,H,-,A,D,0,,,,,Y,,D,22,0,0,1,0,0,0,0,0,0,"- ","- ",36.987449645996094,-121.98896026611328,"SANTA CRUZ",UNINCORPORATED,-121.98895263671875,36.987510681152344
9246361,2021,2021-03-30,4404,2021-01-05,1721,5600,4404,2,5,3,4404,0,0,0,,0,SOUTH,"BEAN CREEK RD","REDWOOD WY",101.00,E,N,A,-,N,,,,,,,,,,Y,2,0,1,1,A,-,01,23152,A,N,E,I,A,B,H,-,B,D,0,,,,,Y,Y,A,01,1,0,0,0,0,0,0,0,0,"- ","- ",37.051609039306641,-122.0263671875,"SANTA CRUZ","SCOTTS VALLEY",-122.02357482910156,37.053863525390625
9246369,2021,2021-04-05,4401,2021-01-25,1814,521,4401,1,5,3,4401,0,0,0,,0,,"41ST AV","GROSS RD",247.00,S,N,A,-,N,,,,,,,,,,Y,2,0,1,2,A,-,09,21804,A,M,D,C,A,A,H,-,C,D,0,,,,,Y,,A,01,1,0,0,0,0,0,0,0,0,"- ","- ",,,"SANTA CRUZ",CAPITOLA,-121.96503448486328,36.980453491210938
92464094,2024,2024-07-22,9720,2024-07-11,1640,023611,,4,2,9,4400,0,2,4,,1,024,"E. CLIFF DR","PROSPECT ST",5.00,N,N,A,-,N,,,,,,,,,,N,4,0,1,2,A,-,03,22350,,N,C,C,A,A,H,-,A,D,0,,,,,Y,,A,01,0,0,1,0,0,0,0,0,0,"- ","- ",36.963401794433594,-121.99516296386719,"SANTA CRUZ",UNINCORPORATED,-121.99512481689453,36.963371276855469
92464651,2024,2024-08-14,9720,2024-07-07,1919,022976,,7,2,9,4400,0,2,4,,1,032,"HOLOHAN RD","GREEN VALLEY RD",225.00,S,N,A,-,N,,,,,,,,,,N,4,0,1,2,A,-,09,21801,A,N,D,C,A,A,H,-,A,D,0,,,,,Y,,A,07,0,0,1,0,0,0,0,0,0,"- ","- ",36.940799713134766,-121.76850128173828,"SANTA CRUZ",UNINCORPORATED,-121.76873016357422,36.940887451171875
9247381,2021,2021-04-21,4402,2021-03-22,1530,430,4402,1,5,5,4402,0,0,0,,0,,"FRONT ST","SPRUCE ST",140.00,S,N,A,-,N,,,,,,,,,,N,3,0,1,2,A,-,09,21801,A,N,H,G,A,A,H,-,A,D,0,,Y,,,Y,,D,22,0,1,0,0,0,0,1,0,0,"- ","- ",,,"SANTA CRUZ","SANTA CRUZ",-122.02354431152344,36.968132019042969
9247385,2021,2021-04-30,4402,2021-03-19,2159,153,4402,5,5,5,4402,0,0,0,,0,,BROADWAY,"SAN LORENZO BL",125.00,E,N,A,-,N,,,,,,,,,,Y,3,0,1,1,A,-,01,23152,,N,E,I,A,A,H,-,C,A,0,,,,,Y,Y,D,22,0,1,0,0,0,0,0,0,0,"- ","- ",,,"SANTA CRUZ","SANTA CRUZ",-122.02204132080078,36.970569610595703
9247483,2021,2021-04-16,4402,2021-03-04,1633,191,4402,4,5,5,4402,0,0,0,,0,000,"SAN LORENZO PRK","WATER ST",1049.00,S,N,A,-,N,,,,,,,,,,N,2,0,1,1,D,-,00,,,N,F,A,A,A,H,-,A,D,0,,,,,Y,,-,"- ",1,0,0,0,0,0,0,0,0,"- ","- ",,,"SANTA CRUZ","SANTA CRUZ",-121.14369964599609,41.122440338134766
9247484,2021,2021-04-16,4402,2021-03-14,1808,149,4402,7,5,5,4402,0,0,0,,0,,"OCEAN ST","LEONARD ST",0.00,,Y,C,-,N,,,,,,,,,,Y,3,0,1,2,A,-,09,21804,A,F,D,C,A,B,H,-,B,A,0,,,,,Y,,-,,0,1,0,0,0,0,0,0,0,"- ","- ",,,"SANTA CRUZ","SANTA CRUZ",-122.02078247070312,36.978084564208984
9247485,2021,2021-04-16,4402,2021-03-13,1913,189,4402,6,5,5,4402,0,0,0,,0,000,"BAY AV","LIGHTHOUSE AV",0.00,,Y,A,-,N,,,,,,,,,,N,4,0,1,2,A,-,08,22107,,N,G,B,E,A,H,-,C,D,0,Y,,,,Y,,A,08,0,0,1,0,1,0,0,0,0,"- ","- ",,,"SANTA CRUZ","SANTA CRUZ",-122.02734375,36.961235046386719
9247486,2021,2021-04-16,4402,2021-03-24,1818,158,4402,3,5,5,4402,0,0,0,,0,000,"SOQUEL AV","NORTH BRANCIFORTE",33.00,W,N,A,-,N,,,,,,,,,,N,3,0,1,1,A,-,03,22350,,N,F,A,A,A,H,-,A,A,0,,,,,Y,Y,-,,0,1,0,0,0,0,0,0,0,"- ","- ",,,"SANTA CRUZ","SANTA CRUZ",-122.01603698730469,36.976890563964844
9247487,2021,2021-04-16,4402,2021-03-28,1257,160,4402,7,5,5,4402,0,0,0,,0,000,"WEST CLIFF DR","SANTA CRUZ  ST",51.00,,N,A,-,N,,,,,,,,,,N,2,0,1,1,C,-,18,,,N,F,A,A,A,H,-,A,D,0,,Y,,,Y,,-,"- ",1,0,0,0,0,0,1,0,0,"- ","- ",,,"SANTA CRUZ","SANTA CRUZ",-122.02600860595703,36.958534240722656
9247703,2021,2021-04-13,4402,2021-01-25,2007,196,4402,1,5,5,4402,0,0,0,,0,000,"OCEAN ST","WATER ST",0.00,,Y,C,-,N,,,,,,,,,,N,4,0,1,2,A,-,12,21453,A,N,D,C,A,B,H,-,C,A,0,,,,,Y,,A,01,0,0,1,0,0,0,0,0,0,"- ","- ",,,"SANTA CRUZ","SANTA CRUZ",-122.02135467529297,36.979587554931641
92477481,2024,2024-07-22,9720,2024-06-11,1725,023322,,2,2,9,4400,0,3,5,,2,100,"E ZAYANTE ROAD","ZAYANTE SCHOOL RD",0.00,,Y,A,-,N,,,,,,,,,,Y,3,0,1,2,A,-,09,21802,A,N,D,C,A,A,H,-,A,A,0,,,Y,,Y,,D,22,0,1,0,0,0,0,0,0,1,"- ","- ",37.078990936279297,-122.05178070068359,"SANTA CRUZ",UNINCORPORATED,-122.05173492431641,37.079082489013672
92480877,2024,2024-07-22,9720,2024-06-09,1915,023419,,7,2,9,4400,0,3,5,,2,100,"SIMS RD","PASATIEMPO DR",338.00,W,N,A,-,N,,,,,,,,,,Y,3,0,1,1,A,-,08,22107,,M,E,0,A,A,H,-,A,D,0,,,Y,,Y,,C,02,0,1,0,0,0,0,0,0,1,"- ","- ",37.011760711669922,-122.03243255615234,"SANTA CRUZ",UNINCORPORATED,-122.03279113769531,37.01177978515625
92480912,2024,2024-07-22,9720,2024-07-04,1230,023618,,4,1,9,4400,0,1,3,,1,014,SR-9,"STAPP ROAD",150.00,N,N,A,-,Y,SCR,,9," "," ",17.841,H,,R,Y,3,0,1,1,A,-,08,22107,,N,E,8,A,A,H,-,A,A,0,,,,,Y,,A,01,0,1,0,0,0,0,0,0,0,"- ","- ",37.189170837402344,-122.14356231689453,"SANTA CRUZ",UNINCORPORATED,-122.14362335205078,37.189098358154297
92481042,2024,2024-07-22,9720,2024-06-28,1730,023636,,5,2,9,4400,0,2,4,,1,021,"SOQUEL DR","CHEN WAY",0.00,,Y,A,-,N,,,,,,,,,,N,3,0,1,2,A,-,03,22350,,N,D,C,A,A,H,-,A,D,0,,,Y,,Y,,C,02,0,1,0,0,0,0,0,0,1,"- ","- ",36.987751007080078,-121.94370269775391,"SANTA CRUZ",UNINCORPORATED,-121.94364929199219,36.987838745117188
9248460,2021,2021-04-14,4403,2021-03-02,1515,9091,224,2,5,4,4403,0,0,0,,0,005,"HARKINS SLOUGH RD","SILVER LEAF DR",57.00,W,N,A,-,N,,,,,,,,,,N,4,0,1,2,A,-,05,21650,1,N,D,G,A,A,H,-,A,A,0,,Y,,,Y,,L,04,0,0,1,0,0,0,1,0,0,"- ","- ",,,"SANTA CRUZ",WATSONVILLE,-121.78560638427734,36.914985656738281
9249102,2021,2021-04-29,4403,2021-04-02,1203,358,224,5,5,4,4403,0,0,0,,0,002,"WALKER ST","KEARNEY ST",0.00,,Y,A,-,N,,,,,,,,,,Y,4,0,1,2,A,-,09,21802,A,N,D,C,A,A,H,-,A,A,0,,,,Y,Y,,A,08,0,0,1,0,0,0,0,0,0,"- ","- ",,,"SANTA CRUZ",WATSONVILLE,-121.76357269287109,36.909080505371094
9249944,2021,2021-05-03,4403,2021-03-28,2243,403,223,7,5,4,4403,0,0,0,,0,002,"OHLONE PKWY","HARKINS SLOUGH RD",6.00,W,N,A,-,N,,,,,,,,,,N,3,0,1,2,A,-,10,21950,A,N,G,B,B,A,H,-,C,A,0,Y,,,,Y,,A,01,0,1,0,0,1,0,0,0,0,"- ","- ",,,"SANTA CRUZ",WATSONVILLE,-121.77842712402344,36.915019989013672
9249945,2021,2021-05-03,4403,2021-03-25,0636,9091,108,4,5,4,4403,0,0,0,,0,001,"MAPLE AV","UNION ST",6.00,E,N,A,-,N,,,,,,,,,,N,4,0,1,2,A,-,10,21950,A,N,G,B,B,A,H,-,B,A,0,Y,,,,Y,,A,01,0,0,1,0,1,0,0,0,0,"- ","- ",,,"SANTA CRUZ",WATSONVILLE,-121.75486755371094,36.909832000732422
9249946,2021,2021-05-03,4403,2021-03-20,1552,9091,403,6,5,4,4403,0,0,0,,0,003,"FREEDOM BL","GARDNER AV",357.00,N,N,A,-,N,,,,,,,,,,N,4,0,1,2,A,-,01,23152,A,N,C,C,A,A,H,-,A,D,0,,,,,Y,Y,A,07,0,0,1,0,0,0,0,0,0,"- ","- ",,,"SANTA CRUZ",WATSONVILLE,-121.76897430419922,36.931068420410156
9250239,2021,2021-05-03,4403,2021-04-05,1912,9091,306,1,5,4,4403,0,0,0,,0,003,"FREEDOM BL","MARTINELLI ST",130.00,S,N,B,-,N,,,,,,,,,,N,4,0,1,2,A,-,01,23152,A,M,C,C,A,A,H,-,B,A,0,,,,,Y,Y,A,07,0,0,1,0,0,0,0,0,0,"- ","- ",,,"SANTA CRUZ",WATSONVILLE,-121.76303100585938,36.924720764160156
9250757,2021,2021-05-03,4403,2021-04-20,1418,358,3-05,2,5,4,4403,0,0,0,,0,003,"MADISON ST","PROSPECT ST",0.00,,Y,A,-,N,,,,,,,,,,N,4,0,1,3,A,-,12,22450,A,N,D,C,A,A,H,-,A,A,0,,,,,Y,,A,01,0,0,1,0,0,0,0,0,0,"- ","- ",,,"SANTA CRUZ",WATSONVILLE,-121.75965881347656,36.923229217529297
9251758,2021,2021-04-26,4402,2021-02-12,1549,444,4402,5,5,5,4402,0,0,0,,0,000,"PACIFIC AV","BEACH ST",37.00,N,N,A,-,N,,,,,,,,,,N,3,0,1,1,A,-,08,22107,,N,F,A,A,A,H,-,A,D,0,,Y,,,Y,,L,04,0,1,0,0,0,0,1,0,0,"- ","- ",,,"SANTA CRUZ","SANTA CRUZ",-122.02398681640625,36.962905883789062
9252829,2021,2021-04-27,4404,2021-03-26,1130,5320,N,5,5,3,4404,0,0,0,,0,NORTH,"SCOTTS VALLEY DR","CARBONERO WY",168.00,N,N,A,-,N,,,,,,,,,,Y,4,0,1,2,A,-,09,21804,A,N,D,C,A,A,H,-,A,A,0,,,,,Y,,A,01,0,0,1,0,0,0,0,0,0,"- ","- ",37.051078796386719,-122.01470947265625,"SANTA CRUZ","SCOTTS VALLEY",-122.01445007324219,37.051437377929688
9252830,2021,2021-04-27,4404,2021-03-29,2254,5451,4404,1,5,3,4404,0,0,0,,0,SOUTH,"MT HERMON RD","SCOTTS VALLEY DR",0.00,,Y,A,-,N,,,,,,,,,,N,4,0,1,2,A,-,09,21803,A,N,H,G,A,A,H,-,C,A,0,,Y,,,Y,,A,01,0,0,1,0,0,0,1,0,0,"- ","- ",37.043190002441406,-122.02507019042969,"SANTA CRUZ","SCOTTS VALLEY",-122.02519226074219,37.043170928955078
9252835,2021,2021-04-27,4404,2021-03-20,1456,5291,4404,6,5,3,4404,0,0,0,,0,00S,"KINGS VILLAGE RD","KINGS VILLAGE RD 361",749.00,W,N,A,-,N,,,,,,,,,,N,3,0,1,2,A,-,10,21952,,N,G,B,C,A,H,-,A,D,0,Y,,,,Y,,A,07,0,1,0,0,1,0,0,0,0,"- ","- ",37.050891876220703,-122.03108215332031,"SANTA CRUZ","SCOTTS VALLEY",,
92530011,2024,2024-07-23,9720,2024-07-15,"945 ",022140,,1,1,9,4400,0,3,5,,2,200,"PORTER ST","S MAIN ST",0.00,,Y,B,-,N,,,,,,,,,,Y,3,0,1,2,A,-,12,21453,A,N,D,C,A,A,H,-,A,A,0,,,,Y,Y,,A,01,0,1,0,0,0,0,0,0,0,"- ","- ",36.98419189453125,-121.9571533203125,"SANTA CRUZ",UNINCORPORATED,-121.95720672607422,36.984157562255859
9253415,2021,2021-04-26,4402,2021-03-30,1237,194,4402,2,5,5,4402,0,0,0,,0,000,"BEACH ST","MAIN ST",0.00,,Y,A,-,N,,,,,,,,,,N,3,0,1,2,A,-,11,21954,A,N,G,B,E,A,H,-,A,A,0,Y,,,,Y,,N,60,0,1,0,0,1,0,0,0,0,"- ","- ",,,"SANTA CRUZ","SANTA CRUZ",-122.02207946777344,36.963424682617188
9253521,2021,2021-04-28,4402,2021-04-03,1625,152,4402,6,5,5,4402,0,0,0,,0,000,"PROSPECT HEIGHTS","MORRISSEY BL",51.00,E,N,A,-,N,,,,,,,,,,N,3,0,1,1,A,-,03,22350,,N,E,I,A,A,H,-,A,A,0,,Y,,,Y,,L,04,0,1,0,0,0,0,1,0,0,"- ","- ",,,"SANTA CRUZ","SANTA CRUZ",-121.99422454833984,36.990886688232422
9253629,2021,2021-04-26,4402,2021-03-29,1037,440,4402,1,5,5,4402,0,0,0,,0,000,"LAUREL ST","PACIFIC AV",0.00,,Y,A,-,N,,,,,,,,,,N,3,0,1,2,A,-,06,21750,A,N,H,G,A,A,D,-,A,A,0,,Y,,,Y,,L,04,0,1,0,0,0,0,1,0,0,"- ","- ",,,"SANTA CRUZ","SANTA CRUZ",-122.02477264404297,36.969211578369141
9253651,2021,2021-04-29,4402,2021-03-27,1449,191,4402,6,5,5,4402,0,0,0,,0,000,BROADWAY,"ROOSEVELT TER",68.00,W,N,A,-,N,,,,,,,,,,N,4,0,1,2,A,-,09,21801,A,N,H,G,A,A,H,-,A,D,0,,Y,,,Y,,D,22,0,0,1,0,0,0,1,0,0,"- ","- ",,,"SANTA CRUZ","SANTA CRUZ",-122.01718139648438,36.973819732666016
9255212,2021,2021-05-11,4402,2021-04-10,0617,126,4402,6,5,5,4402,0,0,0,,0,00C,"OCEAN ST","WATER ST",48.00,S,N,A,-,N,,,,,,,,,,Y,4,0,2,2,A,-,03,22350,A,N,C,C,A,A,H,-,A,A,0,,,,,Y,,A,01,0,0,2,0,0,0,0,0,0,"- ","- ",,,"SANTA CRUZ","SANTA CRUZ",-122.02130889892578,36.979461669921875
9255214,2021,2021-05-11,4402,2021-04-13,1845,196,4402,2,5,5,4402,0,0,0,,0,,"BAY ST","NOBEL DR",0.00,,Y,A,-,N,,,,,,,,,,N,3,0,1,1,A,-,03,22350,,N,F,A,A,A,H,-,A,A,0,,Y,,,Y,,L,04,0,1,0,0,0,0,1,0,0,"- ","- ",,,"SANTA CRUZ","SANTA CRUZ",-122.05034637451172,36.973945617675781
9255359,2021,2021-05-11,4401,2021-04-09,1750,532,4401,5,5,3,4401,0,0,0,,0,008,"CAPITOLA AV","STOCKTON AV",5.00,S,N,A,-,N,,,,,,,,,,N,4,0,1,2,A,-,10,21950,A,N,G,B,-,A,H,-,A,D,0,Y,,,,Y,,A,01,0,0,1,0,1,0,0,0,0,"- ","- ",,,"SANTA CRUZ",CAPITOLA,-121.95197296142578,36.973075866699219
9255400,2021,2021-05-11,4403,2021-04-16,1434,418,527,5,5,4,4403,0,0,0,,0,005,"AIRPORT BL","LOMA PRIETA AV",9.00,E,N,A,-,N,,,,,,,,,,,2,0,1,2,A,-,12,21453,A,N,G,B,B,A,H,-,A,A,0,Y,,,,Y,,A,01,1,0,0,0,1,0,0,0,0,"- ","- ",,,"SANTA CRUZ",WATSONVILLE,-121.78144073486328,36.935249328613281
9255886,2021,2021-05-12,4403,2021-04-21,0523,417,224,3,5,4,4403,0,0,0,,0,002,"OHLONE PKWY","HARKINS SLOUGH RD",0.00,,Y,A,-,N,,,,,,,,,,Y,2,0,1,2,A,-,12,21453,A,N,D,D,A,A,H,-,C,A,0,,,Y,,Y,,C,02,1,0,0,0,0,0,0,0,1,"- ","- ",,,"SANTA CRUZ",WATSONVILLE,-121.77842712402344,36.915019989013672
9255897,2021,2021-05-11,4403,2021-04-07,0636,278,113,3,5,4,4403,0,0,0,,0,001,"MAPLE AV","MARCHANT ST",0.00,,Y,A,-,N,,,,,,,,,,,4,0,1,2,A,-,12,22450,A,N,D,C,A,A,H,-,B,A,0,,,,,Y,,A,01,0,0,1,0,0,0,0,0,0,"- ","- ",,,"SANTA CRUZ",WATSONVILLE,-121.75266265869141,36.91143798828125
9255902,2021,2021-05-11,4403,2021-05-03,1320,T0001,5-27,1,5,4,4403,0,0,0,,0,005,"AIRPORT BL","LARKIN VALLEY RD",40.00,W,N,A,-,,,,,,,,,,,,3,0,2,2,A,-,03,22350,,N,C,C,A,A,H,-,A,D,0,,,,,Y,,A,01,0,1,1,0,0,0,0,0,0,"- ","- ",,,"SANTA CRUZ",WATSONVILLE,-121.79643249511719,36.925498962402344
9256372,2021,2021-07-22,4403,2021-05-29,1742,T0003,539,6,5,4,4403,0,0,0,,0,005,"GREEN VALLEY RD","FREEDOM BL",96.00,E,N,A,-,N,,,,,,,,,,N,1,1,0,1,A,-,01,21221,5,N,E,I,A,A,H,-,A,D,0,,,,,Y,Y,M,94,0,0,0,0,0,0,0,0,0,"- ","- ",,,"SANTA CRUZ",WATSONVILLE,-121.77318572998047,36.935256958007812
9256405,2021,2021-07-22,4403,2021-06-19,1531,414,,6,5,4,4403,0,0,0,,0,002,"HARKINS SLOUGH RD","SUNSET VISTA DR",0.00,,Y,A,-,N,,,,,,,,,,Y,1,1,0,2,A,-,09,21802,A,N,D,C,A,A,H,-,A,A,0,,,Y,,Y,,A,07,0,0,0,0,0,0,0,1,0,"- ","- ",,,"SANTA CRUZ",WATSONVILLE,-121.77619934082031,36.914661407470703
9256495,2021,2023-06-20,4402,2021-05-27,0111,126,4402,4,5,5,4402,0,0,0,,0,000,"SEABRIGHT AV","WINDSOR ST",125.00,S,N,A,-,N,,,,,,,,,,Y,1,1,0,3,A,-,03,22350,,N,E,E,A,A,H,-,C,D,0,,,,,Y,Y,A,01,0,0,0,0,0,0,0,0,0,"- ","- ",,,"SANTA CRUZ","SANTA CRUZ",-122.00807189941406,36.974006652832031
92567011,2024,2024-07-23,9720,2024-07-12,2100,023502,,5,2,9,4400,0,2,4,,1,032,"AIRPORT BLVD","GREEN VALLEY RD",145.00,W,N,A,-,N,,,,,,,,,,N,4,0,1,2,A,-,03,22350,,N,H,G,A,A,H,-,C,A,0,,Y,,,Y,,D,22,0,0,1,0,0,0,1,0,0,"- ","- ",36.941200256347656,-121.7701416015625,"SANTA CRUZ",UNINCORPORATED,-121.76994323730469,36.941181182861328
92572113,2024,2024-07-23,9720,2024-07-13,"122 ",023103,,6,3,9,4400,0,2,4,,1,016,"GRAHAM HILL RD","SUMMIT AVE",3168.00,S,N,B,-,N,,,,,,,,,,Y,3,0,1,1,A,-,08,22107,,M,E,I,A,A,H,-,D,D,0,,,,,Y,,D,22,0,1,0,0,0,0,0,0,0,"- ","- ",37.043899536132812,-122.05328369140625,"SANTA CRUZ",UNINCORPORATED,-122.06741333007812,37.050758361816406
9257530,2021,2021-04-30,4403,2021-03-31,1937,409,403,3,5,4,4403,0,0,0,,0,004,"KADDERLY LN","PACKARD LN",57.00,S,N,A,-,N,,,,,,,,,,Y,3,0,1,3,A,-,01,23152,A,N,A,E,A,A,H,-,B,D,0,,,,,Y,Y,A,01,0,1,0,0,0,0,0,0,0,"- ","- ",,,"SANTA CRUZ",WATSONVILLE,-121.76519012451172,36.933685302734375
9258440,2021,2021-05-06,4403,2021-04-19,2324,414,401,1,5,4,4403,0,0,0,,0,004,"FREEDOM BL","LANDIS AV",84.00,N,N,A,-,N,,,,,,,,,,Y,3,0,1,1,A,-,01,23152,A,N,E,I,A,A,H,-,C,D,0,,,,,Y,Y,A,01,0,1,0,0,0,0,0,0,0,"- ","- ",,,"SANTA CRUZ",WATSONVILLE,-121.77228546142578,36.934097290039062
92595436,2024,2024-07-23,9720,2024-06-27,1747,023103,,4,2,9,4400,0,2,4,,1,021,"SOQUEL DRIVE","RESEARCH PARK DR",100.00,S,N,A,-,N,,,,,,,,,,N,4,0,1,2,A,-,21,22106,,N,C,C,A,A,H,-,A,D,0,,,,,Y,,D,22,0,0,1,0,0,0,0,0,0,"- ","- ",36.987209320068359,-121.96807861328125,"SANTA CRUZ",UNINCORPORATED,-121.9681396484375,36.987289428710938
92595487,2024,2024-07-23,9720,2024-06-26,2130,022879,,3,2,9,4400,0,3,5,,2,200,"12TH AVE.","PROSPECT ST.",0.00,,Y,A,-,N,,,,,,,,,,N,3,0,1,2,A,-,08,22107,,F,G,B,D,A,H,-,D,D,0,Y,,,,Y,,-,99,0,1,0,0,1,0,0,0,0,"- ","- ",36.963031768798828,-121.99436187744141,"SANTA CRUZ",UNINCORPORATED,-121.99442291259766,36.963062286376953
92596048,2024,2024-08-14,9720,2024-07-01,1805,023316,,1,2,9,4400,0,2,4,,1,032,"GREEN VALLEY RD","PIONEER RD",0.00,,Y,A,-,N,,,,,,,,,,N,3,0,1,2,A,-,09,21801,A,N,H,G,A,A,H,-,A,D,0,,Y,,,Y,,A,01,0,1,0,0,0,0,1,0,0,"- ","- ",36.971321105957031,-121.77204132080078,"SANTA CRUZ",UNINCORPORATED,-121.77197265625,36.971298217773438