CASE_ID,ACCIDENT_YEAR,PROC_DATE,JURIS,COLLISION_DATE,COLLISION_TIME,OFFICER_ID,REPORTING_DISTRICT,DAY_OF_WEEK,CHP_SHIFT,POPULATION,CNTY_CITY_LOC,SPECIAL_COND,BEAT_TYPE,CHP_BEAT_TYPE,CITY_DIVISION_LAPD,CHP_BEAT_CLASS,BEAT_NUMBER,PRIMARY_RD,SECONDARY_RD,DISTANCE,DIRECTION,INTERSECTION,WEATHER_1,WEATHER_2,STATE_HWY_IND,CALTRANS_COUNTY,CALTRANS_DISTRICT,STATE_ROUTE,ROUTE_SUFFIX,POSTMILE_PREFIX,POSTMILE,LOCATION_TYPE,RAMP_INTERSECTION,SIDE_OF_HWY,TOW_AWAY,COLLISION_SEVERITY,NUMBER_KILLED,NUMBER_INJURED,PARTY_COUNT,PRIMARY_COLL_FACTOR,PCF_CODE_OF_VIOL,PCF_VIOL_CATEGORY,PCF_VIOLATION,PCF_VIOL_SUBSECTION,HIT_AND_RUN,TYPE_OF_COLLISION,MVIW,PED_ACTION,ROAD_SURFACE,ROAD_COND_1,ROAD_COND_2,LIGHTING,CONTROL_DEVICE,CHP_ROAD_TYPE,PEDESTRIAN_ACCIDENT,BICYCLE_ACCIDENT,MOTORCYCLE_ACCIDENT,TRUCK_ACCIDENT,NOT_PRIVATE_PROPERTY,ALCOHOL_INVOLVED,STWD_VEHTYPE_AT_FAULT,CHP_VEHTYPE_AT_FAULT,COUNT_SEVERE_INJ,COUNT_VISIBLE_INJ,COUNT_COMPLAINT_PAIN,COUNT_PED_KILLED,COUNT_PED_INJURED,COUNT_BICYCLIST_KILLED,COUNT_BICYCLIST_INJURED,COUNT_MC_KILLED,COUNT_MC_INJURED,PRIMARY_RAMP,SECONDARY_RAMP,LATITUDE,LONGITUDE,COUNTY,CITY,POINT_X,POINT_Y
92596354,2024,2024-07-24,9720,2024-07-13,2246,023345,,6,3,9,4400,0,3,5,,2,300,"SAN ANDREAS RD","BYERS LN",581.00,S,N,A,-,N,,,,,,,,,,Y,3,0,1,1,A,-,08,22107,,N,E,I,A,A,H,-,D,D,0,,,,,Y,,A,01,0,1,0,0,0,0,0,0,0,"- ","- ",36.954708099365234,-121.86415863037109,"SANTA CRUZ",UNINCORPORATED,-121.86428070068359,36.954776763916016
92596427,2024,2024-07-24,9720,2024-07-23,"616 ",023811,,2,1,9,4400,0,3,5,,2,300,"THURWACHTER RD","W BEACH ST",0.00,,Y,B,E,N,,,,,,,,,,Y,3,0,3,2,A,-,09,21802,A,N,D,C,A,A,H,-,B,A,0,,,,,Y,,A,01,0,3,0,0,0,0,0,0,0,"- ","- ",36.884429931640625,-121.79559326171875,"SANTA CRUZ",UNINCORPORATED,-121.79557800292969,36.884449005126953
92596429,2024,2024-07-24,9720,2024-07-23,"650 ",023811,,2,1,9,4400,0,1,3,,1,035,SR-129,"BLACKBURN ST",1742.00,E,N,A,-,N,,,,,,,,,,Y,3,0,1,2,A,-,03,22350,,N,C,C,A,A,H,-,A,D,0,,,,,Y,,A,01,0,1,0,0,0,0,0,0,0,"- ","- ",36.913909912109375,-121.74098205566406,"SANTA CRUZ",UNINCORPORATED,-121.74060821533203,36.914005279541016
92596889,2024,2024-07-24,9720,2024-06-14,1222,023507,,5,1,9,4400,0,1,3,,2,020,"SR 1 N/B","STATE PARK DRIVE",650.00,S,N,A,-,Y,SCR,,1," "," ",9.506,H,,R,N,4,0,1,2,A,-,03,22350,,M,C,C,A,A,H,-,A,D,0,,,,,Y,,A,08,0,0,1,0,0,0,0,0,0,"- ","- ",36.975299835205078,-121.89264678955078,"SANTA CRUZ",UNINCORPORATED,-121.89265441894531,36.975315093994141
92601407,2024,2024-07-24,9720,2024-07-24,"901 ",022140,,3,1,9,4400,0,2,4,,1,021,"SOQUEL DR","ROBERTSON ST",0.00,,Y,A,-,N,,,,,,,,,,Y,3,0,2,2,A,-,12,22450,A,F,D,C,A,A,H,-,A,A,0,,,,,Y,,A,01,0,2,0,0,0,0,0,0,0,"- ","- ",36.987739562988281,-121.96051788330078,"SANTA CRUZ",UNINCORPORATED,-121.9605712890625,36.987758636474609
92601413,2024,2024-08-14,9720,2024-07-22,1107,023811,,1,1,9,4400,0,3,5,,2,300,"SAN ANDREAS RD","MARGARITA RD",60.00,S,N,A,-,N,,,,,,,,,,N,3,0,1,1,A,-,08,22107,,N,E,J,A,A,H,-,A,D,0,,Y,,,Y,,L,04,0,1,0,0,0,0,1,0,0,"- ","- ",36.942310333251953,-121.86029052734375,"SANTA CRUZ",UNINCORPORATED,-121.8602294921875,36.942356109619141
92602000,2024,2024-07-25,9720,2024-07-02,1736,023186,,2,2,9,4400,0,1,3,,1,035,SR-129,"OLD CHITTENDEN RD",6864.00,W,N,A,-,Y,SCR,,129," "," ",8.629,H,,R,Y,4,0,1,1,A,-,08,22107,,N,E,8,A,A,H,-,A,D,0,,,,,Y,,A,01,0,0,1,0,0,0,0,0,0,"- ","- ",36.909900665283203,-121.61888122558594,"SANTA CRUZ",UNINCORPORATED,-121.61890411376953,36.909839630126953
92602164,2024,2024-07-25,9720,2024-06-16,1820,023573,,7,2,9,4400,0,2,4,,1,032,"HOLOHAN RD","GRIMMER RD",528.00,S,N,A,-,N,,,,,,,,,,Y,3,0,1,2,A,-,03,22350,,N,C,C,A,A,H,-,A,D,0,,,,,Y,,A,01,0,1,0,0,0,0,0,0,0,"- ","- ",36.937248229980469,-121.748779296875,"SANTA CRUZ",UNINCORPORATED,-121.75399017333984,36.938510894775391
92602187,2024,2024-07-25,9720,2024-06-16,1909,023103,,7,2,9,4400,0,1,3,,2,020,"SR-1 N/B","STATE PARK DR O/C",50.00,S,N,A,-,Y,SCR,,1," "," ",10.521,H,,R,Y,3,0,1,1,A,-,01,23152,A,N,E,I,A,A,H,-,A,D,0,,,,,Y,Y,A,07,0,1,0,0,0,0,0,0,0,"- ","- ",36.978019714355469,-121.91007232666016,"SANTA CRUZ",UNINCORPORATED,-121.91012573242188,36.977951049804688
92602216,2024,2024-07-25,9720,2024-04-27,1215,023103,,6,1,9,4400,0,1,3,,2,020,"SR-1 S/B","SOQUEL DR",475.00,N,N,A,-,Y,SCR,,1," "," ",14.977,H,,L,N,4,0,1,2,A,-,03,22350,,F,C,C,A,A,H,-,A,D,0,,,,,Y,,A,07,0,0,1,0,0,0,0,0,0,"- ","- ",36.987369537353516,-121.98831176757812,"SANTA CRUZ",UNINCORPORATED,-121.98829650878906,36.9874267578125
92602247,2024,2024-07-25,9720,2024-06-14,1500,023611,,5,2,9,4400,0,1,3,,2,030,"SR-1 S/B TO SAN ANDREAS RD","SAN ANDREAS RD",5.00,N,N,A,-,Y,,,,,,,,,,Y,3,0,1,1,A,-,01,23152,A,M,E,I,A,A,H,-,A,A,0,,,,,Y,Y,A,07,0,1,0,0,0,0,0,0,0,"- ","- ",36.960330963134766,-121.86293029785156,"SANTA CRUZ",UNINCORPORATED,-121.86215209960938,36.960029602050781
92602297,2024,2024-07-25,9720,2024-06-05,1755,023516,,3,2,9,4400,0,3,5,,2,100,"BIG TREES PARK RD","RT 9",1584.00,E,N,A,-,N,,,,,,,,,,N,2,0,1,2,A,-,00,21760,B,F,H,G,A,A,H,-,A,D,0,,Y,,,Y,,-,99,1,0,0,0,0,0,1,0,0,"- ","- ",37.043521881103516,-122.06784820556641,"SANTA CRUZ",UNINCORPORATED,-122.06771850585938,37.043491363525391
9261135,2021,2021-05-05,4403,2021-03-26,1953,T0003,,5,5,4,4403,0,0,0,,0,001,"RIVERSIDE DR","MARCHANT ST",0.00,,Y,A,-,Y,SCR,5,129,-,-,0.220,H,-,E,,4,0,2,2,A,-,03,22350,,N,C,C,A,A,H,-,C,D,0,,,,,Y,,A,07,0,0,2,0,0,0,0,0,0,"- ","- ",,,"SANTA CRUZ",WATSONVILLE,-121.75038146972656,36.909431457519531
9261344,2021,2021-05-14,4402,2021-03-31,1343,165,4402,3,5,5,4402,0,0,0,,0,000,"RT 1","KING ST",24.00,S,N,A,-,Y,SCR,5,1,-,-,18.260,I,5,S,Y,3,0,1,2,A,-,08,22107,,N,F,G,A,A,H,-,A,A,0,,Y,,,Y,,L,04,0,1,0,0,0,0,1,0,0,"- ","- ",,,"SANTA CRUZ","SANTA CRUZ",-122.03330230712891,36.975536346435547
9261348,2021,2021-05-14,4402,2021-03-27,1354,158,4402,6,5,5,4402,0,0,0,,0,000,"BAY ST","RT 1",0.00,,Y,A,-,Y,SCR,5,1,-,-,19.000,I,5,S,N,3,0,1,2,A,-,06,21750,A,M,H,G,A,A,H,-,A,A,0,,Y,,,Y,,A,01,0,1,0,0,0,0,1,0,0,"- ","- ",,,"SANTA CRUZ","SANTA CRUZ",-122.04027557373047,36.966690063476562
9263039,2021,2021-05-17,4403,2021-05-01,1321,281,1-09,6,5,4,4403,0,0,0,,0,001,"MAIN ST","LAKE AV",0.00,,Y,A,-,Y,SCR,5,152,-,T,2.803,I,5,E,N,3,0,1,2,A,-,10,21950,A,N,G,B,B,A,H,-,A,A,0,Y,,,,Y,,A,01,0,1,0,0,1,0,0,0,0,"- ","- ",,,"SANTA CRUZ",WATSONVILLE,-121.75841522216797,36.911590576171875
9263064,2021,2021-05-18,4404,2021-04-28,1742,5451,4404,3,5,3,4404,0,0,0,,0,00S,"MT HERMON RD","LA MADRONA DR",47.00,E,N,A,-,Y,SCR,5,17,-,-,3.301,R,4,S,N,3,0,1,2,A,-,08,22107,,N,B,C,A,A,H,-,A,A,0,,,Y,,Y,,A,01,0,1,0,0,0,0,0,0,1,"- ","- ",37.051059722900391,-122.01468658447266,"SANTA CRUZ","SCOTTS VALLEY",-122.02219390869141,37.034324645996094
9263120,2021,2021-05-13,4404,2021-04-02,1404,5291,4404,5,5,3,4404,0,0,0,,0,00N,"SCOTTS VALLEY DR","CARBONARO WY",179.00,N,N,A,-,N,,,,,,,,,,Y,3,0,1,2,A,-,09,21804,A,N,D,C,A,A,H,-,A,D,0,,,,,Y,,A,08,0,1,0,0,0,0,0,0,0,"- ","- ",37.051109313964844,-122.01467132568359,"SANTA CRUZ","SCOTTS VALLEY",-122.01442718505859,37.051464080810547
9265019,2021,2021-05-21,4403,2021-05-10,1407,324,109,1,5,4,4403,0,0,0,,0,001,"UNION ST","BEACH ST",249.00,N,N,A,-,N,,,,,,,,,,,4,0,1,2,A,-,09,21804,A,N,D,C,A,A,H,-,A,D,0,,,,,Y,,A,01,0,0,1,0,0,0,0,0,0,"- ","- ",,,"SANTA CRUZ",WATSONVILLE,-121.75661468505859,36.911399841308594
92655827,2024,2024-07-26,9720,2024-07-16,2214,023419,,2,3,9,4400,0,1,3,,1,035,"THOMPSON RD",SR-129,0.00,,Y,A,-,Y,SCR,,129," "," ",2.618,H,,R,Y,3,0,1,2,A,-,03,22350,,N,B,C,A,A,H,-,D,D,0,,,,,Y,,A,01,0,1,0,0,0,0,0,0,0,"- ","- ",36.921951293945312,-121.71054077148438,"SANTA CRUZ",UNINCORPORATED,-121.71054077148438,36.921947479248047
9266402,2021,2021-06-16,4403,2021-05-12,1609,418,,3,5,4,4403,0,0,0,,0,,"RIVERSIDE DR","WALKER ST",35.00,W,N,A,-,Y,SCR,5,129,-,L,1.178,I,5,W,N,4,0,1,2,A,-,10,21950,A,N,G,B,B,A,H,-,A,A,0,Y,,,Y,Y,,F,26,0,0,1,0,1,0,0,0,0,"- ","- ",,,"SANTA CRUZ",WATSONVILLE,-121.75788879394531,36.905208587646484
9266410,2021,2021-06-09,4403,2021-05-26,1401,T0003,527,3,5,4,4403,0,0,0,,0,005,"AIRPORT BL","PAJARO LN",320.00,W,N,A,-,N,,,,,,,,,,Y,4,0,1,2,A,-,03,22350,,N,C,C,A,A,H,-,A,A,0,,,,,Y,,I,11,0,0,1,0,0,0,0,0,0,"- ","- ",,,"SANTA CRUZ",WATSONVILLE,-121.77539825439453,36.940761566162109
92666748,2024,2024-07-26,9720,2024-07-06,2202,023573,,6,3,9,4400,0,1,3,,1,017,"SR-17 N/B","SUGARLOAF RD",2640.00,S,N,A,-,Y,SCR,,17," "," ",8.323,H,,R,Y,3,0,1,4,A,-,08,22107,,N,B,C,A,A,H,-,D,D,0,,,Y,,Y,,C,02,0,1,0,0,0,0,0,0,1,"- ","- ",37.089061737060547,-121.97760009765625,"SANTA CRUZ",UNINCORPORATED,-121.97756958007812,37.089054107666016
9266782,2021,2021-06-08,4403,2021-05-24,1503,T0003,5-39,1,5,4,4403,0,0,0,,0,005,"PENNY LN","GREEN VALLEY RD",170.00,N,N,A,-,N,,,,,,,,,,Y,3,0,1,1,A,-,03,22350,,N,E,J,A,A,H,-,A,D,0,,,,,Y,,A,07,0,1,0,0,0,0,0,0,0,"- ","- ",,,"SANTA CRUZ",WATSONVILLE,-121.77818298339844,36.929569244384766
9266783,2021,2021-06-08,4403,2021-05-17,1508,T0003,3-06,1,5,4,4403,0,0,0,,0,003,"LINCOLN ST","FREEDOM BL N",0.00,,Y,A,-,N,,,,,,,,,,,4,0,1,2,A,-,09,21804,A,N,H,G,A,A,H,-,A,D,0,,Y,,,Y,,L,04,0,0,1,0,0,0,1,0,0,"- ","- ",,,"SANTA CRUZ",WATSONVILLE,-121.76187133789062,36.923408508300781
9267854,2021,2021-06-07,4403,2021-04-29,1845,414,2-24,4,5,4,4403,0,0,0,,0,002,"OHLONE PKWY","LOMA VISTA DR",314.00,S,N,A,-,N,,,,,,,,,,,3,0,1,2,A,-,11,21954,A,N,G,B,D,A,H,-,A,D,0,Y,,,,Y,,N,60,0,1,0,0,1,0,0,0,0,"- ","- ",,,"SANTA CRUZ",WATSONVILLE,-121.77493286132812,36.909038543701172
9270970,2021,2021-06-03,4403,2021-05-05,1823,281,220,3,5,4,4403,0,0,0,,0,002,"5TH ST","RODRIGUEZ ST",200.00,W,N,A,-,N,,,,,,,,,,N,3,0,1,2,A,-,06,21750,,N,D,C,A,A,H,-,A,D,0,,,Y,,Y,,C,02,0,1,0,0,0,0,0,0,1,"- ","- ",,,"SANTA CRUZ",WATSONVILLE,-121.76288604736328,36.911457061767578
9270971,2021,2021-06-03,4403,2021-05-18,1249,T0003,539,2,5,4,4403,0,0,0,,0,005,"GREEN VALLEY RD","PENNY LN",90.00,W,N,A,-,N,,,,,,,,,,Y,4,0,1,4,A,-,03,22350,,N,C,C,A,A,H,-,A,D,0,,,,,Y,,A,01,0,0,1,0,0,0,0,0,0,"- ","- ",,,"SANTA CRUZ",WATSONVILLE,-121.77783966064453,36.929096221923828
9271447,2021,2021-06-17,4403,2021-05-25,1551,T0003,222,2,5,4,4403,0,0,0,,0,002,"RIVERSIDE DR","RODRIGUEZ ST",0.00,,Y,A,-,Y,SCR,5,129,-,L,1.380,I,5,E,,4,0,1,2,A,-,03,22350,,F,C,C,A,A,H,-,A,A,0,,,,,Y,,A,07,0,0,1,0,0,0,0,0,0,"- ","- ",,,"SANTA CRUZ",WATSONVILLE,-121.75477600097656,36.906375885009766
9271628,2021,2021-06-17,4402,2021-04-16,1243,176,4402,5,5,5,4402,0,0,0,,0,000,"RT 9","VERNON ST",26.00,N,N,A,-,Y,SCR,5,9,-,-,0.620,H,-,N,N,3,0,1,1,C,-,18,,,N,F,I,A,A,H,-,A,D,0,,,Y,,Y,,-,"- ",0,1,0,0,0,0,0,0,1,"- ","- ",,,"SANTA CRUZ","SANTA CRUZ",-122.03292083740234,36.991539001464844
9271644,2021,2021-06-18,4403,2021-05-23,1846,T0001,,7,5,4,4403,0,0,0,,0,,"UNION ST","RIVERSIDE DR",0.00,,Y,A,-,Y,SCR,5,129,-,-,0.060,I,5,W,Y,4,0,1,2,A,-,09,21453,C,N,D,D,A,A,H,-,A,A,0,,,,,Y,,D,22,0,0,1,0,0,0,0,0,0,"- ","- ",,,"SANTA CRUZ",WATSONVILLE,-121.7525634765625,36.907752990722656
9271648,2021,2021-06-16,4403,2021-05-28,1538,418,2-24,5,5,4,4403,0,0,0,,0,002,"LEE RD","BEACH ST",0.00,,Y,A,-,N,,,,,,,,,,Y,4,0,1,2,A,-,09,21801,A,N,A,D,A,A,H,-,A,A,0,,,Y,,Y,,A,07,0,0,1,0,0,0,0,0,1,"- ","- ",,,"SANTA CRUZ",WATSONVILLE,-121.77846527099609,36.897136688232422
9271672,2021,2021-06-18,4402,2021-05-01,1318,176,4402,6,5,5,4402,0,0,0,,0,000,"OCEAN ST","PLYMOUTH ST",0.00,,Y,A,-,Y,SCR,5,17,-,-,0.004,R,4,N,Y,3,0,2,2,A,-,12,21453,,N,D,D,A,A,H,-,A,A,0,,,,,Y,,A,01,0,1,1,0,0,0,0,0,0,"- ","- ",,,"SANTA CRUZ","SANTA CRUZ",-122.02188110351562,36.9898681640625
9272424,2021,2021-06-16,4402,2021-04-29,0617,126,4402,4,5,5,4402,0,0,0,,0,000,"DELAWARE AV","SWANTON BL",900.00,S,N,A,-,N,,,,,,,,,,Y,3,0,1,2,D,-,00,,,M,C,E,A,A,H,-,A,D,0,,,,,Y,,-,"- ",0,1,0,0,0,0,0,0,0,"- ","- ",,,"SANTA CRUZ","SANTA CRUZ",-122.05807495117188,36.954658508300781
92726541,2024,2024-07-26,9720,2024-07-15,2354,022907,,1,3,9,4400,0,3,5,,2,200,"BRANCIFORTE DR","CREEKSIDE LN",209.00,N,N,A,-,N,,,,,,,,,,Y,3,0,1,2,A,-,01,23152,A,M,C,E,A,A,H,-,C,D,0,,,,,Y,Y,D,22,0,1,0,0,0,0,0,0,0,"- ","- ",36.994640350341797,-122.01181030273438,"SANTA CRUZ",UNINCORPORATED,-122.01180267333984,36.994503021240234
9272738,2021,2021-06-14,4402,2021-05-02,2055,192,4402,7,5,5,4402,0,0,0,,0,000,"NORTH BRANCIFORTE","KEYSTONE AV",115.00,N,N,A,-,N,,,,,,,,,,Y,4,0,1,2,A,-,01,23152,F,N,A,E,A,A,H,-,C,D,0,,,,,Y,,A,01,0,0,1,0,0,0,0,0,0,"- ","- ",,,"SANTA CRUZ","SANTA CRUZ",-122.01219940185547,36.985637664794922
9274640,2021,2021-06-29,4404,2021-04-29,1520,5451,4404,4,5,3,4404,0,0,0,,0,00S,"MT HERMON RD","KINGS VILLAGE RD",0.00,,Y,A,-,N,,,,,,,,,,Y,3,0,1,2,A,-,12,21453,A,N,A,C,A,A,H,-,A,A,0,,,,,Y,,A,01,0,1,0,0,0,0,0,0,0,"- ","- ",37.046749114990234,-122.02809143066406,"SANTA CRUZ","SCOTTS VALLEY",-122.02828979492188,37.046005249023438
9275187,2021,2022-05-07,4403,2021-06-22,1020,T0002,539,2,5,4,4403,0,0,0,,0,005,"HOLLY DR","PENNY LN",0.00,,Y,A,-,N,,,,,,,,,,Y,4,0,2,2,A,-,09,21802,A,N,A,C,A,A,H,-,A,D,0,,,,,Y,,A,07,0,0,2,0,0,0,0,0,0,"- ","- ",,,"SANTA CRUZ",WATSONVILLE,-121.77931213378906,36.931411743164062
9275203,2021,2021-07-16,4403,2021-06-10,0652,341,"5 27",4,5,4,4403,0,0,0,,0,005,"AIRPORT BL","LARKIN VALLEY RD",17.00,E,N,A,-,N,,,,,,,,,,N,4,0,1,2,A,-,10,21950,A,N,G,B,D,A,H,-,A,A,0,Y,,,,Y,,A,01,0,0,1,0,1,0,0,0,0,"- ","- ",,,"SANTA CRUZ",WATSONVILLE,-121.79636383056641,36.925643920898438
9275204,2021,2021-07-16,4403,2021-06-03,2147,420,"4 29",4,5,4,4403,0,0,0,,0,004,"GREEN VALLEY RD","MELWOOD WY",0.00,,Y,-,-,N,,,,,,,,,,N,3,0,2,2,A,-,09,21804,A,N,D,C,A,A,H,-,C,D,0,,,,,Y,,A,01,0,2,0,0,0,0,0,0,0,"- ","- ",,,"SANTA CRUZ",WATSONVILLE,-121.78314208984375,36.919918060302734
9275787,2021,2021-07-01,4403,2021-06-08,1315,418,1-09,2,5,4,4403,0,0,0,,0,001,"MAIN ST","RIVERSIDE DR",0.00,,Y,A,-,Y,SCR,5,129,-,-,0.000,I,5,E,,4,0,1,2,A,-,09,21453,C,N,D,C,A,A,H,-,A,A,0,,,,,Y,,A,07,0,0,1,0,0,0,0,0,0,"- ","- ",,,"SANTA CRUZ",WATSONVILLE,-121.75337982177734,36.907115936279297
9275788,2021,2021-07-01,4403,2021-06-08,1641,418,3-19,2,5,4,4403,0,0,0,,0,003,"WAGNER AV","LAKE AV",8.00,S,N,A,-,Y,SCR,5,152,-,-,1.331,I,5,E,,4,0,1,2,A,-,05,21650,1,N,D,G,A,A,H,-,A,A,0,,Y,,,Y,,L,04,0,0,1,0,0,0,1,0,0,"- ","- ",,,"SANTA CRUZ",WATSONVILLE,-121.75688171386719,36.910255432128906
9276918,2021,2021-06-10,4402,2021-04-26,1132,136,4402,1,5,5,4402,0,0,0,,0,00C,"OCEAN ST","PRYCE ST",0.00,,Y,B,-,N,,,,,,,,,,N,4,0,2,2,A,-,21,22106,,N,D,C,A,A,H,-,A,D,0,,,,,Y,,A,07,0,0,2,0,0,0,0,0,0,"- ","- ",,,"SANTA CRUZ","SANTA CRUZ",-122.02333068847656,36.984672546386719
9276919,2021,2021-06-10,4402,2021-04-27,0751,140,5502,2,5,5,4402,0,0,0,,0,000,"OCEAN ST","OCEAN ST EXT",10.00,S,N,A,-,N,,,,,,,,,,N,4,0,1,2,A,-,09,21803,,F,D,G,A,A,H,-,A,A,0,,Y,,,Y,,A,01,0,0,1,0,0,0,1,0,0,"- ","- ",,,"SANTA CRUZ","SANTA CRUZ",-122.02906799316406,36.991844177246094
9276920,2021,2021-06-10,4402,2021-04-19,2500,440,4402,1,5,5,4402,0,0,0,,0,00O,"BAY DR","MEDER ST",0.00,,Y,A,-,N,,,,,,,,,,N,3,0,1,2,A,-,05,21650,1,N,H,G,A,A,H,-,A,D,0,,Y,,,Y,,L,04,0,1,0,0,0,0,1,0,0,"- ","- ",,,"SANTA CRUZ","SANTA CRUZ",-122.05268096923828,36.975265502929688
9277607,2021,2021-07-14,4403,2021-06-01,1438,335,107,2,5,4,4403,0,0,0,,0,001,"LINCOLN ST","5TH ST",300.00,N,N,A,-,N,,,,,,,,,,,3,0,2,2,A,-,09,21804,A,N,D,C,A,A,H,-,A,D,0,,,,,Y,,A,01,0,1,1,0,0,0,0,0,0,"- ","- ",,,"SANTA CRUZ",WATSONVILLE,-121.75550079345703,36.917034149169922
9279384,2021,2021-06-10,4402,2021-05-10,1859,196,4402,1,5,5,4402,0,0,0,,0,000,"MISSION ST","CENTER ST",80.00,W,N,A,-,N,,,,,,,,,,N,2,0,1,1,A,-,03,22350,,N,F,G,A,A,A,-,A,A,0,,Y,,,Y,,L,04,1,0,0,0,0,0,1,0,0,"- ","- ",,,"SANTA CRUZ","SANTA CRUZ",-122.02819061279297,36.976890563964844
9280050,2021,2021-07-01,4404,2021-06-10,1625,5100,4404,4,5,3,4404,0,0,0,,0,00S,"KINGS VILLAGE RD","MT HERMON RD",365.00,N,N,A,-,N,,,,,,,,,,N,2,0,1,1,A,-,03,22350,,N,H,A,A,A,H,-,A,D,0,,Y,,,Y,,L,04,1,0,0,0,0,0,1,0,0,"- ","- ",37.047920227050781,-122.02850341796875,"SANTA CRUZ","SCOTTS VALLEY",-122.02816009521484,37.046989440917969
9280718,2021,2021-06-30,4404,2021-05-29,1800,5461,4404,6,5,3,4404,0,0,0,,0,00S,"MT HERMON RD","SPRING LAKES DR",0.00,,Y,A,-,N,,,,,,,,,,N,3,0,1,2,A,-,21,22106,,N,C,C,A,A,H,-,A,A,0,,,,,Y,,A,01,0,1,0,0,0,0,0,0,0,"- ","- ",37.045539855957031,-122.02825164794922,"SANTA CRUZ","SCOTTS VALLEY",-122.02731323242188,37.045234680175781
9280957,2021,2021-07-01,4404,2021-05-29,1735,5291,4404,6,5,3,4404,0,0,0,,0,00N,"SCOTTS VALLEY DR","ZINFINDEL CIR",6.00,S,N,A,-,N,,,,,,,,,,N,3,0,1,2,A,-,10,21950,A,N,G,B,D,A,H,-,A,A,0,Y,,,,Y,,A,01,0,1,0,0,1,0,0,0,0,"- ","- ",37.065040588378906,-122.00160217285156,"SANTA CRUZ","SCOTTS VALLEY",-122.001708984375,37.065029144287109
9281728,2021,2021-06-30,4401,2021-05-13,1055,525,4401,4,5,3,4401,0,0,0,,0,005,"41ST AV","AUTO PLAZA",30.00,S,N,B,-,N,,,,,,,,,,N,4,0,1,2,A,-,03,22350,,N,C,C,A,A,H,-,A,A,0,,,,,Y,,D,22,0,0,1,0,0,0,0,0,0,"- ","- ",,,"SANTA CRUZ",CAPITOLA,-121.96440124511719,36.981670379638672
9281752,2021,2021-07-28,4403,2021-06-08,1424,418,402,2,5,4,4403,0,0,0,,0,004,"BLANCA LN","FREEDOM BL",130.00,E,N,A,-,N,,,,,,,,,,N,4,0,1,3,A,-,09,21804,A,N,D,E,A,A,H,-,A,D,0,,,,,Y,,D,22,0,0,1,0,0,0,0,0,0,"- ","- ",,,"SANTA CRUZ",WATSONVILLE,-121.76886749267578,36.931526184082031
9282783,2021,2021-07-19,4403,2021-06-29,1001,335,223,2,5,4,4403,0,0,0,,0,002,"HARKINS SLOUGH RD","BLACKBIRD CIR",400.00,N,N,A,-,N,,,,,,,,,,Y,4,0,1,2,A,-,03,22350,,N,C,C,A,A,H,-,A,D,0,,,,,Y,,A,01,0,0,1,0,0,0,0,0,0,"- ","- ",,,"SANTA CRUZ",WATSONVILLE,-121.77217864990234,36.913547515869141
9282784,2021,2021-07-19,4403,2021-06-18,1708,414,220,5,5,4,4403,0,0,0,,0,002,"RODRIGUEZ ST","LAKE AV",0.00,,Y,A,-,N,,,,,,,,,,Y,4,0,1,2,A,-,09,21801,A,N,D,C,A,A,H,-,A,A,0,,,,,Y,,A,01,0,0,1,0,0,0,0,0,0,"- ","- ",,,"SANTA CRUZ",WATSONVILLE,-121.76019287109375,36.910324096679688
9282860,2021,2021-07-21,4403,2021-06-28,2107,406,,1,5,4,4403,0,0,0,,0,,"FREEDOM BL","BLANCA LN",152.00,N,N,A,-,N,,,,,,,,,,Y,4,0,2,2,A,-,01,23152,A,N,C,D,A,A,H,-,C,D,0,,,,,Y,Y,A,01,0,0,2,0,0,0,0,0,0,"- ","- ",,,"SANTA CRUZ",WATSONVILLE,-121.76948547363281,36.931587219238281
9283822,2021,2021-08-24,4403,2021-07-04,1502,389,5-26,7,5,4,4403,0,0,0,,0,005,"HOLM RD","JEANETTE WY S",145.00,N,N,A,-,N,,,,,,,,,,Y,3,0,1,3,A,-,01,23152,B,N,C,E,A,A,H,-,A,D,0,,,,,Y,Y,A,01,0,1,0,0,0,0,0,0,0,"- ","- ",,,"SANTA CRUZ",WATSONVILLE,-121.78719329833984,36.927799224853516
9283823,2021,2021-08-24,4403,2021-07-06,0824,358,1-12,2,5,4,4403,0,0,0,,0,001,"UNION ST","ELM ST",113.00,N,N,B,-,N,,,,,,,,,,,4,0,1,2,A,-,10,21950,A,N,G,B,C,A,H,-,A,A,0,Y,,,,Y,,A,08,0,0,1,0,1,0,0,0,0,"- ","- ",,,"SANTA CRUZ",WATSONVILLE,-121.75387573242188,36.908927917480469
9286116,2021,2021-07-12,4403,2021-06-22,2029,353,4-31,2,5,4,4403,0,0,0,,0,004,"MAIN ST","PENNSYLVANIA DR",4.00,S,N,A,-,Y,SCR,5,152,-,T,1.880,H,-,E,N,4,0,1,3,A,-,03,22350,,N,C,C,A,A,H,-,B,A,0,,,,,Y,,A,07,0,0,1,0,0,0,0,0,0,"- ","- ",,,"SANTA CRUZ",WATSONVILLE,-121.77227783203125,36.916641235351562
9286120,2021,2021-07-12,4403,2021-06-22,1955,353,2-23,2,5,4,4403,0,0,0,,0,002,"MAIN ST","PENNSYLVANIA DR",6.00,S,N,A,-,Y,SCR,5,152,-,T,1.906,I,5,W,N,3,0,1,2,A,-,10,21950,A,N,G,B,B,A,H,-,A,A,0,Y,,,,Y,,A,01,0,1,0,0,1,0,0,0,0,"- ","- ",,,"SANTA CRUZ",WATSONVILLE,-121.77170562744141,36.916545867919922