CASE_ID,ACCIDENT_YEAR,PROC_DATE,JURIS,COLLISION_DATE,COLLISION_TIME,OFFICER_ID,REPORTING_DISTRICT,DAY_OF_WEEK,CHP_SHIFT,POPULATION,CNTY_CITY_LOC,SPECIAL_COND,BEAT_TYPE,CHP_BEAT_TYPE,CITY_DIVISION_LAPD,CHP_BEAT_CLASS,BEAT_NUMBER,PRIMARY_RD,SECONDARY_RD,DISTANCE,DIRECTION,INTERSECTION,WEATHER_1,WEATHER_2,STATE_HWY_IND,CALTRANS_COUNTY,CALTRANS_DISTRICT,STATE_ROUTE,ROUTE_SUFFIX,POSTMILE_PREFIX,POSTMILE,LOCATION_TYPE,RAMP_INTERSECTION,SIDE_OF_HWY,TOW_AWAY,COLLISION_SEVERITY,NUMBER_KILLED,NUMBER_INJURED,PARTY_COUNT,PRIMARY_COLL_FACTOR,PCF_CODE_OF_VIOL,PCF_VIOL_CATEGORY,PCF_VIOLATION,PCF_VIOL_SUBSECTION,HIT_AND_RUN,TYPE_OF_COLLISION,MVIW,PED_ACTION,ROAD_SURFACE,ROAD_COND_1,ROAD_COND_2,LIGHTING,CONTROL_DEVICE,CHP_ROAD_TYPE,PEDESTRIAN_ACCIDENT,BICYCLE_ACCIDENT,MOTORCYCLE_ACCIDENT,TRUCK_ACCIDENT,NOT_PRIVATE_PROPERTY,ALCOHOL_INVOLVED,STWD_VEHTYPE_AT_FAULT,CHP_VEHTYPE_AT_FAULT,COUNT_SEVERE_INJ,COUNT_VISIBLE_INJ,COUNT_COMPLAINT_PAIN,COUNT_PED_KILLED,COUNT_PED_INJURED,COUNT_BICYCLIST_KILLED,COUNT_BICYCLIST_INJURED,COUNT_MC_KILLED,COUNT_MC_INJURED,PRIMARY_RAMP,SECONDARY_RAMP,LATITUDE,LONGITUDE,COUNTY,CITY,POINT_X,POINT_Y
9352457,2021,2021-12-16,4402,2021-10-12,1836,138,4402,2,5,5,4402,0,0,0,,0,000,"BROADWAY ST","SOUTH BRANCIFORTE",92.00,W,N,A,-,N,,,,,,,,,,N,3,0,1,1,C,-,18,,,N,F,A,A,A,H,-,D,D,0,,Y,,,Y,,-,"- ",0,1,0,0,0,0,1,0,0,"- ","- ",,,"SANTA CRUZ","SANTA CRUZ",-122.01508331298828,36.974555969238281
9352510,2021,2021-11-13,4402,2021-09-10,0059,131,4402,5,5,5,4402,0,0,0,,0,000,"HIGH ST","STOREY ST",635.00,E,N,A,-,N,,,,,,,,,,N,3,0,1,2,A,-,08,22107,,N,C,E,A,A,H,-,D,D,0,,,,,Y,,A,01,0,1,0,0,0,0,0,0,0,"- ","- ",,,"SANTA CRUZ","SANTA CRUZ",-122.03324890136719,36.977897644042969
9352511,2021,2021-11-13,4402,2021-09-29,0905,152,4402,3,5,5,4402,0,0,0,,0,000,"SOQUEL AV","LA FONDA AV",0.00,,Y,A,-,N,,,,,,,,,,N,3,0,1,2,A,-,12,21453,A,N,D,G,A,A,H,-,A,A,0,,Y,,,Y,,L,04,0,1,0,0,0,0,1,0,0,"- ","- ",,,"SANTA CRUZ","SANTA CRUZ",-121.994873046875,36.983230590820312
9353261,2021,2021-11-05,4401,2021-09-18,0109,532,4401,6,5,3,4401,0,0,0,,0,,"41ST AV","REPOSA AV",19.00,N,N,A,-,N,,,,,,,,,,Y,4,0,1,1,A,-,08,22107,,N,F,I,A,A,H,-,C,-,0,,,,,Y,,A,01,0,0,1,0,0,0,0,0,0,"- ","- ",,,"SANTA CRUZ",CAPITOLA,-121.96489715576172,36.969223022460938
9353845,2021,2021-11-15,4403,2021-10-26,1609,T0006,5-39,2,5,4,4403,0,0,0,,0,005,"AIRPORT RD","FREEDOM BL",15.00,E,N,A,-,N,,,,,,,,,,Y,3,0,1,1,A,-,08,22107,,N,E,I,A,A,H,-,A,D,0,,,,,Y,,A,07,0,1,0,0,0,0,0,0,0,"- ","- ",,,"SANTA CRUZ",WATSONVILLE,-121.77790069580078,36.938388824462891
93543875,2024,2024-08-05,9720,2024-07-26,"58  ",023618,,5,3,9,4400,0,1,3,,1,017,"SR-17 N/B","SUGARLOAF RD",450.00,S,N,A,-,Y,SCR,,17," "," ",8.483,H,,R,Y,3,0,3,2,A,-,05,21651,B,N,A,C,A,A,D,-,D,A,0,,,,,Y,,A,07,0,3,0,0,0,0,0,0,0,"- ","- ",37.091739654541016,-121.97840881347656,"SANTA CRUZ",UNINCORPORATED,-121.97847747802734,37.091728210449219
93546099,2024,2024-08-05,9720,2024-07-27,1953,023611,,6,2,9,4400,0,2,4,,1,024,"BROMMER ST","17TH AVENUE",15.00,E,N,A,-,N,,,,,,,,,,N,4,0,2,3,A,-,21,22106,,N,C,C,A,A,H,-,A,A,0,,,,,Y,,A,01,0,0,2,0,0,0,0,0,0,"- ","- ",36.971050262451172,-121.98423767089844,"SANTA CRUZ",UNINCORPORATED,-121.98445129394531,36.971061706542969
9354742,2021,2021-11-01,4402,2021-10-12,0830,168,4402,2,5,5,4402,0,0,0,,0,000,"MELROSE AV","HARRISON AV",0.00,,Y,A,-,N,,,,,,,,,,N,3,0,1,2,A,-,12,22450,A,N,B,G,A,A,H,-,A,A,0,,Y,,,Y,,L,04,0,1,0,0,0,0,1,0,0,"- ","- ",,,"SANTA CRUZ","SANTA CRUZ",-122.00714111328125,36.983005523681641
9354743,2021,2021-11-01,4402,2021-10-01,1900,169,4402,5,5,5,4402,0,0,0,,0,000,"PELTON AV","PRINCETON ST",76.00,W,N,A,-,N,,,,,,,,,,N,3,0,1,1,A,-,03,22350,,N,F,A,A,A,H,-,A,D,0,,Y,,,Y,,L,04,0,1,0,0,0,0,1,0,0,"- ","- ",,,"SANTA CRUZ","SANTA CRUZ",-122.03646850585938,36.953624725341797
9354774,2021,2021-12-23,4402,2021-09-22,0701,167,4402,3,5,5,4402,0,0,0,,0,000,"SAN LORENZO BL","BIXBY ST",32.00,W,N,B,-,N,,,,,,,,,,N,2,0,1,2,A,-,08,22107,,N,C,C,A,A,D,H,A,D,0,,,,,Y,,M,94,1,0,0,0,0,0,0,0,0,"- ","- ",,,"SANTA CRUZ","SANTA CRUZ",-122.01724243164062,36.968887329101562
9354775,2021,2021-11-02,4402,2021-09-21,1051,440,4402,2,5,5,4402,0,0,0,,0,000,"EAST CLIFF DR","JESSIE ST",134.00,W,N,A,-,N,,,,,,,,,,N,3,0,1,1,C,-,18,,,N,F,A,A,A,H,-,A,D,0,,Y,,,Y,,-,"- ",0,1,0,0,0,0,1,0,0,"- ","- ",,,"SANTA CRUZ","SANTA CRUZ",-122.01498413085938,36.968643188476562
9354776,2021,2021-11-02,4402,2021-09-11,1329,148,4402,6,5,5,4402,0,0,0,,0,000,"LAUREL ST","CENTER ST",0.00,,Y,A,-,N,,,,,,,,,,N,3,0,1,2,A,-,08,22100,A,N,H,G,A,A,H,-,A,A,0,,Y,,,Y,Y,A,01,0,1,0,0,0,0,1,0,0,"- ","- ",,,"SANTA CRUZ","SANTA CRUZ",-122.02725219726562,36.968929290771484
9354777,2021,2021-11-02,4402,2021-09-24,0650,146,4402,5,5,5,4402,0,0,0,,0,000,"WATER ST","MAY AV",0.00,,Y,A,-,N,,,,,,,,,,N,4,0,1,2,A,-,09,21802,A,N,H,G,A,A,H,-,B,A,0,,Y,,,Y,,A,01,0,0,1,0,0,0,1,0,0,"- ","- ",,,"SANTA CRUZ","SANTA CRUZ",-122.02036285400391,36.979892730712891
9354821,2021,2021-12-06,4403,2021-10-24,1510,418,224,7,5,4,4403,0,0,0,,0,002,"HARKINS SLOUGH RD","OHLONE PKWY",81.00,S,N,B,-,N,,,,,,,,,,N,4,0,1,1,C,-,18,,,N,E,I,A,A,H,-,A,D,0,,,,,Y,,-,"- ",0,0,1,0,0,0,0,0,0,"- ","- ",,,"SANTA CRUZ",WATSONVILLE,-121.77816009521484,36.91497802734375
9355365,2021,2021-11-06,4403,2021-10-20,1738,418,2-23,3,5,4,4403,0,0,0,,0,002,"OHLONE PKWY","HARKINS SLOUGH RD",14.00,E,N,B,C,N,,,,,,,,,,N,4,0,3,2,A,-,03,22350,,N,C,C,A,B,H,-,A,A,0,,,,Y,Y,,F,26,0,0,3,0,0,0,0,0,0,"- ","- ",,,"SANTA CRUZ",WATSONVILLE,-121.77841949462891,36.915058135986328
9355377,2021,2021-11-10,4403,2021-10-27,0713,358,224,3,5,4,4403,0,0,0,,0,002,"HARKINS SLOUGH RD","RT 1",31.00,E,N,A,-,Y,SCR,5,1,-,R,2.136,R,3,S,Y,4,0,3,2,A,-,05,21460,A,N,A,C,A,A,H,-,A,A,0,,,,,Y,,A,01,0,0,3,0,0,0,0,0,0,"- ","- ",,,"SANTA CRUZ",WATSONVILLE,-121.78591156005859,36.912643432617188
9355882,2021,2021-11-04,4401,2021-09-04,1522,523,4401,6,5,3,4401,0,0,0,,0,,"KENNEDY DR","CHITTENDEN LN",689.00,E,N,A,-,N,,,,,,,,,,N,3,0,1,2,A,-,03,22350,,N,D,G,A,A,H,-,A,D,0,,Y,,,Y,Y,L,04,0,1,0,0,0,0,1,0,0,"- ","- ",,,"SANTA CRUZ",CAPITOLA,-121.94471740722656,36.983753204345703
9355886,2021,2021-11-04,4401,2021-09-24,2216,520,,5,5,3,4401,0,0,0,,0,007,"BAY AV","ROSEDALE AV",44.00,N,N,A,-,N,,,,,,,,,,Y,3,0,1,2,A,-,07,21658,A,F,B,E,A,A,H,-,C,D,0,,,,,Y,,A,01,0,1,0,0,0,0,0,0,0,"- ","- ",,,"SANTA CRUZ",CAPITOLA,-121.95123291015625,36.977207183837891
93575801,2024,2024-08-05,9720,2024-07-11,1555,023657,,4,2,9,4400,0,1,3,,1,010,SR-1,"BONNY DOON RD",0.00,,Y,A,-,Y,SCR,,1," "," ",27.621,H,,R,Y,3,0,1,2,A,-,09,21804,A,N,D,C,A,A,H,-,A,D,0,,,,,Y,,-,"- ",0,1,0,0,0,0,0,0,0,"- ","- ",37.001018524169922,-122.18051147460938,"SANTA CRUZ",UNINCORPORATED,-122.18049621582031,37.001026153564453
93580767,2024,2024-08-05,9720,2024-06-16,1600,023636,,7,2,9,4400,0,1,3,,1,017,"SR-17 N/B","PASATIEMPO DR",100.00,N,N,A,-,Y,SCR,,17," "," ",0.795,H,,R,Y,3,0,2,4,A,-,04,21703,,N,C,C,A,A,H,-,A,D,0,,,,,Y,,A,07,0,1,1,0,0,0,0,0,0,"- ","- ",37.000289916992188,-122.02142333984375,"SANTA CRUZ",UNINCORPORATED,-122.02140045166016,37.000289916992188
93581450,2024,2024-08-05,9720,2024-03-12,2230,023516,,2,3,9,4400,0,2,4,,1,031,"FREEDOM BOULEVARD","CORRALITOS RD",0.00,,Y,A,-,Y,,,,,,,,,,Y,3,0,1,2,A,-,12,22450,A,F,D,2,A,A,H,-,C,A,0,,,,,Y,,-,99,0,1,0,0,0,0,0,0,0,"- ","- ",36.963470458984375,-121.80947113037109,"SANTA CRUZ",UNINCORPORATED,-121.80949401855469,36.96343994140625
93589172,2024,2024-08-05,9720,2024-06-12,1423,023657,,3,2,9,4400,0,2,4,,1,021,"COMMERCIAL WAY","SOQUEL DR",0.00,,Y,A,-,N,,,,,,,,,,Y,4,0,1,3,A,-,03,22350,,N,E,8,A,A,H,-,A,A,0,,,,,Y,,A,01,0,0,1,0,0,0,0,0,0,"- ","- ",36.987789154052734,-121.98509979248047,"SANTA CRUZ",UNINCORPORATED,-121.98526000976562,36.987850189208984
93589176,2024,2024-08-05,9720,2024-06-12,"943 ",023657,,3,1,9,4400,0,1,3,,2,020,"SR-1 N/B","PARK AVE",1690.00,S,N,B,-,Y,SCR,,1," "," ",11.774,H,,R,Y,3,0,1,3,A,-,03,22350,,N,C,C,A,A,D,-,A,D,0,,,,,Y,,A,01,0,1,0,0,0,0,0,0,0,"- ","- ",36.983829498291016,-121.93113708496094,"SANTA CRUZ",UNINCORPORATED,-121.93112945556641,36.983867645263672
9358974,2021,2021-12-06,4402,2021-09-10,1320,171,4402,5,5,5,4402,0,0,0,,0,000,"FAIR AV","INGALLS ST",200.00,N,N,A,-,N,,,,,,,,,,N,3,0,1,2,A,-,11,21954,A,N,D,-,C,A,H,-,A,A,0,Y,,,,Y,,N,60,0,1,0,0,1,0,0,0,0,"- ","- ",,,"SANTA CRUZ","SANTA CRUZ",-122.04605102539062,36.959621429443359
9359617,2021,2021-11-24,4403,2021-10-26,1707,418,3-19,2,5,4,4403,0,0,0,,0,003,"LAKE AV","DOLORES AV",21.00,N,N,A,-,Y,SCR,5,152,-,-,1.300,H,-,W,,4,0,1,2,A,-,03,22350,,N,C,C,A,A,H,-,A,A,0,,,,,Y,,A,01,0,0,1,0,0,0,0,0,0,"- ","- ",,,"SANTA CRUZ",WATSONVILLE,-121.74578094482422,36.926071166992188
9360974,2021,2021-11-29,4402,2021-10-23,2327,131,4402,6,5,5,4402,0,0,0,,0,000,"GRAHAM HILL RD","CORDAY LN",235.00,S,N,C,-,N,,,,,,,,,,N,4,0,1,1,A,-,01,23152,A,N,E,I,A,B,H,-,D,D,0,,,,,Y,Y,A,01,0,0,1,0,0,0,0,0,0,"- ","- ",,,"SANTA CRUZ","SANTA CRUZ",-122.02713012695312,36.990974426269531
9361559,2021,2021-11-19,4402,2021-10-06,1453,182,4402,3,5,5,4402,0,0,0,,0,,"S RIVER ST","SOQUEL AV",770.00,N,N,B,-,N,,,,,,,,,,N,3,0,1,2,A,-,09,21804,A,N,H,G,A,A,H,-,A,A,0,,Y,,,Y,,L,04,0,1,0,0,0,0,1,0,0,"- ","- ",,,"SANTA CRUZ","SANTA CRUZ",-122.02389526367188,36.975532531738281
9362121,2021,2021-12-21,4403,2021-11-04,1519,418,402,4,5,4,4403,0,0,0,,0,004,"FREEDOM BL","SYDNEY AV",36.00,N,N,A,-,N,,,,,,,,,,N,4,0,1,3,A,-,03,22350,,N,C,C,A,A,H,-,A,A,0,,,,,Y,,A,01,0,0,1,0,0,0,0,0,0,"- ","- ",,,"SANTA CRUZ",WATSONVILLE,-121.76988983154297,36.931976318359375
9362122,2021,2021-12-20,4403,2021-11-07,1749,T0002,108,7,5,4,4403,0,0,0,,0,001,"LINCOLN ST","5TH ST",146.00,S,N,A,-,N,,,,,,,,,,N,4,0,1,2,A,-,11,21954,A,N,G,B,E,A,H,-,D,D,0,Y,,,,Y,,N,60,0,0,1,0,1,0,0,0,0,"- ","- ",,,"SANTA CRUZ",WATSONVILLE,-121.75464630126953,36.916019439697266
9362234,2021,2021-11-30,4402,2021-09-10,2235,140,4402,5,5,5,4402,0,0,0,,0,000,"WESTERN DR","FLOWER ST",98.00,N,N,A,-,N,,,,,,,,,,Y,3,0,1,1,A,-,08,22107,,N,E,I,A,A,H,-,D,D,0,,,,,Y,,A,01,0,1,0,0,0,0,0,0,0,"- ","- ",,,"SANTA CRUZ","SANTA CRUZ",-122.05670166015625,36.964328765869141
9362235,2021,2021-12-15,4402,2021-09-11,1645,173,4402,6,5,5,4402,0,0,0,,0,000,BROADWAY,"SOUTH BRANCIFORTE",0.00,,Y,A,-,N,,,,,,,,,,Y,3,0,4,2,A,-,09,21801,A,N,-,C,A,A,H,-,A,A,0,,,,,Y,,A,01,0,1,3,0,0,0,0,0,0,"- ","- ",,,"SANTA CRUZ","SANTA CRUZ",-122.01480102539062,36.974662780761719
9362693,2021,2021-12-15,4403,2021-11-06,2145,T0005,,6,5,4,4403,0,0,0,,0,,"FREEDOM BL","ALTA VISTA AV",134.00,S,N,A,-,N,,,,,,,,,,N,4,0,1,2,A,-,03,22350,,N,C,C,A,A,H,-,C,D,0,,,,,Y,,A,01,0,0,1,0,0,0,0,0,0,"- ","- ",,,"SANTA CRUZ",WATSONVILLE,-121.76612091064453,36.928081512451172
9367172,2021,2021-12-03,4403,2021-11-15,1224,T0005,1-09,1,5,4,4403,0,0,0,,0,001,"MAIN ST","5TH ST",0.00,,Y,A,-,Y,SCR,5,152,-,T,2.670,I,5,E,Y,4,0,2,2,A,-,12,21453,A,N,D,C,A,A,H,-,A,A,0,,,,,Y,,A,07,0,0,2,0,0,0,0,0,0,"- ","- ",,,"SANTA CRUZ",WATSONVILLE,-121.75974273681641,36.913143157958984
9367901,2021,2021-12-14,4402,2021-10-14,2500,447,4402,4,5,5,4402,0,0,0,,0,000,"RT 1","UNION ST",56.00,N,N,A,-,Y,SCR,5,1,-,-,18.270,H,-,S,Y,4,0,1,2,A,-,04,21703,,N,C,C,A,B,H,-,A,A,0,,,,,Y,,A,01,0,0,1,0,0,0,0,0,0,"- ","- ",,,"SANTA CRUZ","SANTA CRUZ",-122.03341674804688,36.975421905517578
9367999,2021,2021-12-08,4403,2021-10-31,0040,T0005,429,7,5,4,4403,0,0,0,,0,004,"PEPPERTREE LN","KNOLLWOOD LN",20.00,S,N,A,-,N,,,,,,,,,,Y,4,0,1,3,A,-,08,22107,,M,B,E,A,A,H,-,C,D,0,,,,,Y,,A,01,0,0,1,0,0,0,0,0,0,"- ","- ",,,"SANTA CRUZ",WATSONVILLE,-121.77783966064453,36.926414489746094
9368081,2021,2021-12-08,4402,2021-10-16,2205,126,4402,6,5,5,4402,0,0,0,,0,000,"WANZER ST","GETCHELL ST",0.00,,Y,A,-,N,,,,,,,,,,Y,4,0,1,2,A,-,12,22450,A,M,D,C,A,A,H,-,C,A,0,,,,,Y,,B,01,0,0,1,0,0,0,0,0,0,"- ","- ",,,"SANTA CRUZ","SANTA CRUZ",-122.04576110839844,36.952056884765625
9368213,2021,2021-12-15,4402,2021-11-14,1542,192,4402,7,5,5,4402,0,0,0,,0,000,"BEACH ST","WESTBROOK ST",65.00,W,N,A,-,N,,,,,,,,,,N,3,0,2,2,A,-,08,22107,,N,G,B,A,A,H,-,A,D,0,,Y,,,Y,,L,04,0,2,0,0,0,0,1,0,0,"- ","- ",,,"SANTA CRUZ","SANTA CRUZ",-122.02136993408203,36.963699340820312
9368214,2021,2021-12-15,4402,2021-11-07,2052,138,4402,7,5,5,4402,0,0,0,,0,000,"BEACH ST","LEIBRANDT AV",60.00,E,N,A,-,N,,,,,,,,,,N,4,0,1,1,A,-,03,22350,,N,F,A,A,A,H,-,C,D,0,,,Y,,Y,,C,02,0,0,1,0,0,0,0,0,1,"- ","- ",,,"SANTA CRUZ","SANTA CRUZ",-122.01533508300781,36.96502685546875
9368215,2021,2021-12-20,4402,2021-11-07,0151,189,4402,7,5,5,4402,0,0,0,,0,000,"FELKER ST","PRYCE ST",0.00,,Y,A,-,N,,,,,,,,,,N,3,0,2,2,A,-,03,22350,,N,G,B,E,A,H,-,D,D,0,Y,,Y,,Y,,O,05,0,1,1,0,1,0,0,0,1,"- ","- ",,,"SANTA CRUZ","SANTA CRUZ",,
9368807,2021,2021-12-22,4403,2021-11-29,1600,324,527,1,5,4,4403,0,0,0,,0,005,"FREEDOM BL","COMPTON TER",0.00,,Y,A,-,N,,,,,,,,,,N,3,0,1,2,A,-,10,21950,A,N,G,B,B,A,H,-,A,A,0,Y,,,,Y,,D,22,0,1,0,0,1,0,0,0,0,"- ","- ",,,"SANTA CRUZ",WATSONVILLE,-121.78102874755859,36.940032958984375
9368811,2021,2022-01-12,4403,2021-11-23,1900,281,5-27,2,5,4,4403,0,0,0,,0,005,"AIRPORT BL","FREEDOM BL",30.00,E,N,A,-,N,,,,,,,,,,Y,4,0,1,2,A,-,08,22100,B,N,A,C,A,A,H,-,C,B,0,,,,,Y,,D,22,0,0,1,0,0,0,0,0,0,"- ","- ",,,"SANTA CRUZ",WATSONVILLE,-121.77788543701172,36.938426971435547
9368841,2021,2021-12-10,4401,2021-10-30,1256,523,4401,6,5,3,4401,0,0,0,,0,,"GROSS RD","41ST AV",0.00,,Y,A,-,N,,,,,,,,,,N,4,0,1,2,A,-,08,22107,,N,D,G,A,A,H,-,A,A,0,,Y,,,Y,,L,04,0,0,1,0,0,0,1,0,0,"- ","- ",,,"SANTA CRUZ",CAPITOLA,-121.96479797363281,36.981090545654297
9369014,2021,2022-01-10,4403,2021-11-24,1758,406,4-03,3,5,4,4403,0,0,0,,0,004,"FREEDOM BL","MARIPOSA AV",18.00,N,N,A,-,N,,,,,,,,,,,4,0,1,3,A,-,03,22350,,N,C,C,A,A,H,-,C,B,0,,,,,Y,,A,01,0,0,1,0,0,0,0,0,0,"- ","- ",,,"SANTA CRUZ",WATSONVILLE,-121.76702117919922,36.929069519042969
9369043,2021,2022-01-08,4401,2021-10-29,1421,526,4401,5,5,3,4401,0,0,0,,0,,"CLARES ST","40TH AV",728.00,W,N,A,-,N,,,,,,,,,,Y,3,0,1,2,A,-,09,21801,A,N,D,C,A,-,H,-,A,A,0,,,,,Y,,A,01,0,1,0,0,0,0,0,0,0,"- ","- ",,,"SANTA CRUZ",CAPITOLA,-121.96858978271484,36.97821044921875
9369044,2021,2022-01-08,4401,2021-10-15,0925,523,4401,5,5,3,4401,0,0,0,,0,,"BAY AV",CROSSROADS,0.00,,Y,A,-,N,,,,,,,,,,N,2,0,1,1,D,-,00,,,N,A,I,A,A,H,-,A,D,0,,Y,,,Y,,-,"- ",1,0,0,0,0,0,1,0,0,"- ","- ",,,"SANTA CRUZ",CAPITOLA,,
9369316,2021,2021-12-20,4403,2021-11-19,2255,T0006,527,5,5,4,4403,0,0,0,,0,005,"AIRPORT BL","AVIATION WY",130.00,E,N,A,-,N,,,,,,,,,,Y,4,0,1,2,A,-,09,21804,A,N,D,C,A,A,H,-,C,D,0,,,,,Y,,A,01,0,0,1,0,0,0,0,0,0,"- ","- ",,,"SANTA CRUZ",WATSONVILLE,-121.78922271728516,36.931190490722656
9369431,2021,2022-01-05,4403,2021-12-05,1147,418,109,7,5,4,4403,0,0,0,,0,001,"MAIN ST","PECK ST",40.00,S,N,A,-,N,,,,,,,,,,,4,0,1,2,A,-,03,22350,,M,C,C,A,A,H,-,A,A,0,,,,,Y,,A,01,0,0,1,0,0,0,0,0,0,"- ","- ",,,"SANTA CRUZ",WATSONVILLE,-121.75617980957031,36.909595489501953
9369435,2021,2021-12-29,4403,2021-11-09,1218,T0006,112,2,5,4,4403,0,0,0,,0,001,"MAPLE AV","UNION ST",0.00,,Y,A,-,N,,,,,,,,,,,4,0,1,2,A,-,10,21950,A,N,G,B,B,A,H,-,A,D,0,Y,,,,Y,,D,22,0,0,1,0,1,0,0,0,0,"- ","- ",,,"SANTA CRUZ",WATSONVILLE,-121.7548828125,36.909820556640625
9369730,2021,2022-01-05,4403,2021-12-02,1618,T0005,4-33,4,5,4,4403,0,0,0,,0,004,"MARIN ST","MARIN ST 66",0.00,,Y,A,-,N,,,,,,,,,,N,4,0,2,2,A,-,03,22350,,N,C,C,A,A,H,-,A,D,0,,,,,Y,,A,01,0,0,2,0,0,0,0,0,0,"- ","- ",,,"SANTA CRUZ",WATSONVILLE,-121.764473,36.923157000000003
9369731,2021,2022-01-05,4403,2021-12-01,1331,T0005,3-06,3,5,4,4403,0,0,0,,0,003,"FREEDOM BL","LINCOLN ST S",0.00,,Y,A,-,N,,,,,,,,,,Y,4,0,2,2,A,-,09,21801,A,N,A,C,A,A,H,-,A,D,0,,,,,Y,,A,07,0,0,2,0,0,0,0,0,0,"- ","- ",,,"SANTA CRUZ",WATSONVILLE,-121.76187133789062,36.923408508300781
9370903,2021,2022-01-12,4402,2021-12-09,0843,191,4402,4,5,5,4402,0,0,0,,0,000,"WEST CLIFF DR","BAY ST",0.00,,Y,A,-,N,,,,,,,,,,Y,4,0,1,2,A,-,01,23153,F,N,A,C,A,A,H,-,A,A,0,,,,,Y,,A,01,0,0,1,0,0,0,0,0,0,"- ","- ",,,"SANTA CRUZ","SANTA CRUZ",-122.02552795410156,36.961273193359375
9370904,2021,2022-01-12,4402,2021-12-07,0657,192,4402,2,5,5,4402,0,0,0,,0,000,BROADWAY,"OCEAN ST",0.00,,Y,B,-,N,,,,,,,,,,Y,4,0,1,2,A,-,12,21453,A,N,D,C,A,B,H,-,B,A,0,,,,,Y,,A,01,0,0,1,0,0,0,0,0,0,"- ","- ",,,"SANTA CRUZ","SANTA CRUZ",-122.01828002929688,36.973323822021484
9371439,2021,2021-12-23,4403,2021-11-26,1632,418,2-23,5,5,4,4403,0,0,0,,0,002,"MAIN ST","GREEN VALLEY RD",40.00,S,N,A,-,Y,SCR,5,152,-,T,1.210,H,-,E,Y,4,0,1,2,A,-,09,21453,B,M,D,C,A,A,H,-,A,A,0,,,,,Y,,A,01,0,0,1,0,0,0,0,0,0,"- ","- ",,,"SANTA CRUZ",WATSONVILLE,-121.78377532958984,36.918643951416016
9371440,2021,2021-12-23,4403,2021-12-04,1939,398,4-31,6,5,4,4403,0,0,0,,0,004,"MAIN ST","CLIFFORD AV",534.00,S,N,A,-,Y,SCR,5,152,-,T,1.700,H,-,W,Y,4,0,2,2,A,-,01,23152,A,N,C,C,A,A,H,-,C,D,0,,,,,Y,Y,A,01,0,0,2,0,0,0,0,0,0,"- ","- ",,,"SANTA CRUZ",WATSONVILLE,-121.77522277832031,36.917152404785156
9372714,2021,2021-12-20,4403,2021-11-17,1017,T0005,3-06,3,5,4,4403,0,0,0,,0,003,"LINCOLN ST","HIGH ST",0.00,,Y,A,-,N,,,,,,,,,,N,4,0,1,2,A,-,09,21802,A,N,D,C,A,A,H,-,A,A,0,,,,,Y,,D,22,0,0,1,0,0,0,0,0,0,"- ","- ",,,"SANTA CRUZ",WATSONVILLE,-121.75830841064453,36.920032501220703
9372717,2021,2021-12-20,4403,2021-11-18,0814,T0005,2-24,4,5,4,4403,0,0,0,,0,002,"OHLONE PKWY","EGRET LN",86.00,S,N,A,-,N,,,,,,,,,,Y,3,0,2,2,A,-,08,22107,,N,E,I,A,A,H,-,A,D,0,,,,,Y,,A,07,0,2,0,0,0,0,0,0,0,"- ","- ",,,"SANTA CRUZ",WATSONVILLE,-121.77828979492188,36.913547515869141
9373323,2021,2021-12-17,4403,2021-11-10,1732,381,224,3,5,4,4403,0,0,0,,0,002,"WALKER ST","5TH ST",50.00,S,N,A,-,N,,,,,,,,,,N,3,0,2,2,A,-,03,22350,,N,C,C,A,A,H,-,C,D,0,,,,,Y,,A,01,0,1,1,0,0,0,0,0,0,"- ","- ",,,"SANTA CRUZ",WATSONVILLE,-121.76449584960938,36.909690856933594
9373580,2021,2021-12-23,4402,2021-11-29,1548,192,4402,1,5,5,4402,0,0,0,,0,000,"MURRAY ST","LAKE AV",223.00,W,N,A,-,N,,,,,,,,,,N,3,0,1,2,A,-,17,21209,A,N,F,A,A,A,H,-,A,D,0,,Y,,,Y,,E,22,0,1,0,0,0,0,1,0,0,"- ","- ",,,"SANTA CRUZ","SANTA CRUZ",-122.00193786621094,36.967945098876953
9374161,2021,2022-01-04,4402,2021-11-12,1542,161,4402,5,5,5,4402,0,0,0,,0,000,"ENCINAL ST","LIMEKILN ST",87.00,E,N,A,-,N,,,,,,,,,,N,2,0,1,2,A,-,17,22517,,N,H,G,A,A,H,-,A,D,0,,Y,,,Y,,A,01,1,0,0,0,0,0,1,0,0,"- ","- ",,,"SANTA CRUZ","SANTA CRUZ",-122.03204345703125,36.986518859863281
9374604,2021,2021-12-20,4402,2021-11-21,1420,192,4402,7,5,5,4402,0,0,0,,0,000,"WEST CLIFF DR","FAIR AV",0.00,,Y,A,-,N,,,,,,,,,,N,4,0,1,2,A,-,09,21802,A,N,D,J,A,A,H,-,A,A,0,,,Y,,Y,,D,22,0,0,1,0,0,0,0,0,1,"- ","- ",,,"SANTA CRUZ","SANTA CRUZ",-122.04445648193359,36.950813293457031
9374605,2021,2021-12-20,4402,2021-11-05,1037,197,4402,5,5,5,4402,0,0,0,,0,000,"BAY ST","ESCALONA AV",0.00,,Y,A,-,N,,,,,,,,,,Y,2,0,2,2,A,-,09,21802,A,N,D,C,A,A,H,-,A,-,0,,,,,Y,,A,01,1,0,1,0,0,0,0,0,0,"- ","- ",,,"SANTA CRUZ","SANTA CRUZ",-122.04612731933594,36.969490051269531
9374680,2021,2021-12-14,4402,2021-11-12,0828,152,4402,5,5,5,4402,0,0,0,,0,000,"POPLAR AV","WATER ST",266.00,N,N,A,-,N,,,,,,,,,,N,3,0,1,2,A,-,17,22517,,N,B,G,A,A,H,-,A,D,0,,Y,,,Y,,A,01,0,1,0,0,0,0,1,0,0,"- ","- ",,,"SANTA CRUZ","SANTA CRUZ",-122.00827026367188,36.982128143310547
9374721,2021,2021-12-20,4402,2021-11-20,2346,131,4402,6,5,5,4402,0,0,0,,0,000,"DAKOTA AV","OCEAN ST",161.00,W,N,A,-,N,,,,,,,,,,N,3,0,5,3,A,-,06,21750,A,N,D,C,A,A,H,-,C,D,0,,,,,Y,,A,01,0,1,4,0,0,0,0,0,0,"- ","- ",,,"SANTA CRUZ","SANTA CRUZ",-122.02005004882812,36.976821899414062