CASE_ID,ACCIDENT_YEAR,PROC_DATE,JURIS,COLLISION_DATE,COLLISION_TIME,OFFICER_ID,REPORTING_DISTRICT,DAY_OF_WEEK,CHP_SHIFT,POPULATION,CNTY_CITY_LOC,SPECIAL_COND,BEAT_TYPE,CHP_BEAT_TYPE,CITY_DIVISION_LAPD,CHP_BEAT_CLASS,BEAT_NUMBER,PRIMARY_RD,SECONDARY_RD,DISTANCE,DIRECTION,INTERSECTION,WEATHER_1,WEATHER_2,STATE_HWY_IND,CALTRANS_COUNTY,CALTRANS_DISTRICT,STATE_ROUTE,ROUTE_SUFFIX,POSTMILE_PREFIX,POSTMILE,LOCATION_TYPE,RAMP_INTERSECTION,SIDE_OF_HWY,TOW_AWAY,COLLISION_SEVERITY,NUMBER_KILLED,NUMBER_INJURED,PARTY_COUNT,PRIMARY_COLL_FACTOR,PCF_CODE_OF_VIOL,PCF_VIOL_CATEGORY,PCF_VIOLATION,PCF_VIOL_SUBSECTION,HIT_AND_RUN,TYPE_OF_COLLISION,MVIW,PED_ACTION,ROAD_SURFACE,ROAD_COND_1,ROAD_COND_2,LIGHTING,CONTROL_DEVICE,CHP_ROAD_TYPE,PEDESTRIAN_ACCIDENT,BICYCLE_ACCIDENT,MOTORCYCLE_ACCIDENT,TRUCK_ACCIDENT,NOT_PRIVATE_PROPERTY,ALCOHOL_INVOLVED,STWD_VEHTYPE_AT_FAULT,CHP_VEHTYPE_AT_FAULT,COUNT_SEVERE_INJ,COUNT_VISIBLE_INJ,COUNT_COMPLAINT_PAIN,COUNT_PED_KILLED,COUNT_PED_INJURED,COUNT_BICYCLIST_KILLED,COUNT_BICYCLIST_INJURED,COUNT_MC_KILLED,COUNT_MC_INJURED,PRIMARY_RAMP,SECONDARY_RAMP,LATITUDE,LONGITUDE,COUNTY,CITY,POINT_X,POINT_Y
93767388,2024,2024-08-06,9720,2024-07-28,1220,022758,,7,1,9,4400,0,1,3,,1,013,"SR-35 (SUMMIT ROAD) S/B","MOUNTAIN CHARLIE RD",600.00,N,N,A,-,N,,,,,,,,,,N,2,0,1,1,A,-,03,22350,,N,F,A,A,B,H,-,A,A,0,,Y,,,Y,,L,04,1,0,0,0,0,0,1,0,0,"- ","- ",37.144851684570312,-121.98724365234375,"SANTA CRUZ",UNINCORPORATED,-121.98533630371094,37.145484924316406
93767430,2024,2024-08-07,9720,2024-07-31,1040,022044,,3,1,9,4400,0,3,5,,2,100,"SMITH GRADE RD","EMPIRE GRADE RD",1320.00,W,N,A,-,N,,,,,,,,,,N,2,0,1,1,A,-,03,22350,,N,E,I,A,A,H,-,A,D,0,,Y,,,Y,,L,04,1,0,0,0,0,0,1,0,0,"- ","- ",37.0224609375,-122.10608673095703,"SANTA CRUZ",UNINCORPORATED,-122.10272979736328,37.025547027587891
93767439,2024,2024-08-07,9720,2024-07-31,2312,023245,,3,3,9,4400,0,1,3,,2,030,"SR-1 S/B","HARKINS SLOUGH RD",1848.00,S,N,B,-,Y,SCR,,1," ",R,1.899,H,,L,Y,3,0,1,1,A,-,01,23152,G,N,E,8,A,A,H,-,C,D,0,,,,,Y,,D,22,0,1,0,0,0,0,0,0,0,"- ","- ",36.909599304199219,-121.78421783447266,"SANTA CRUZ",UNINCORPORATED,-121.78401947021484,36.909683227539062
93768727,2024,2024-08-07,9720,2024-06-18,1336,023657,,2,1,9,4400,0,3,5,,2,200,"ROBERTSON STREET","WALNUT STREET",25.00,N,N,A,-,N,,,,,,,,,,N,2,0,1,2,A,-,00,21760,B,F,H,G,A,A,H,-,A,D,0,,Y,,,Y,,-,99,1,0,0,0,0,0,1,0,0,"- ","- ",36.986038208007812,-121.96041107177734,"SANTA CRUZ",UNINCORPORATED,-121.96042633056641,36.986026763916016
93768887,2024,2024-08-08,9720,2024-07-28,1140,023721,,7,1,9,4400,0,1,3,,2,020,"SR-1 N/B","PARK AVENUE ONRAMP TO NB SR-1",880.00,S,N,A,-,Y,SCR,,1," "," ",12.113,H,,R,Y,4,0,1,2,C,-,18,,,N,E,8,A,A,D,-,A,D,0,,,,,Y,,-,"- ",0,0,1,0,0,0,0,0,0,"- ","- ",36.984031677246094,-121.93726348876953,"SANTA CRUZ",UNINCORPORATED,-121.93726348876953,36.98406982421875
9376894,2021,2022-02-09,4402,2021-10-28,1144,813SM,,4,5,5,4402,0,0,0,,0,,"EAST FIELD SERVICE RD","LIGHT POLE #7624",4.00,E,N,A,-,N,,,,,,,,,,N,3,0,1,1,A,-,03,22350,,N,A,-,A,A,H,-,A,D,0,,Y,,,Y,,L,04,0,1,0,0,0,0,1,0,0,"- ","- ",,,"SANTA CRUZ","SANTA CRUZ",,
9377195,2021,2021-12-29,4403,2021-11-13,1358,344,4-29,6,5,4,4403,0,0,0,,0,004,"GREEN VALLEY RD","MAIN ST",50.00,W,N,A,-,Y,SCR,5,152,-,T,1.195,I,5,W,Y,4,0,2,2,A,-,09,21453,B,N,D,C,A,A,H,-,A,A,0,,,,,Y,,D,22,0,0,2,0,0,0,0,0,0,"- ","- ",,,"SANTA CRUZ",WATSONVILLE,-121.78385162353516,36.918659210205078
9377205,2021,2022-01-06,4403,2021-12-02,1723,423,220,4,5,4,4403,0,0,0,,0,002,"RODRIGUEZ ST","LAKE AV",200.00,N,N,A,-,N,,,,,,,,,,,3,0,1,2,A,-,11,21950,B,N,G,B,D,A,H,-,C,D,0,Y,,,,Y,,N,60,0,1,0,0,1,0,0,0,0,"- ","- ",,,"SANTA CRUZ",WATSONVILLE,-121.76070404052734,36.910682678222656
9377210,2021,2021-12-31,4403,2021-11-27,1545,406,430,6,5,4,4403,0,0,0,,0,004,"CLIFFORD AV","MONTEBELLO DR",0.00,,Y,A,-,N,,,,,,,,,,,3,0,1,2,A,-,10,21950,A,N,G,B,B,A,H,-,A,D,0,Y,,,,Y,,A,01,0,1,0,0,1,0,0,0,0,"- ","- ",,,"SANTA CRUZ",WATSONVILLE,-121.77587890625,36.919044494628906
9378441,2021,2021-12-02,4402,2021-11-01,0110,189,4402,1,5,5,4402,0,0,0,,0,000,"FRONT ST","SOQUEL AV",0.00,,Y,A,-,N,,,,,,,,,,N,3,0,1,2,A,-,09,21801,A,N,A,C,A,A,H,-,C,A,0,,,,,Y,Y,A,08,0,1,0,0,0,0,0,0,0,"- ","- ",,,"SANTA CRUZ","SANTA CRUZ",-122.0245361328125,36.973251342773438
9378543,2021,2021-12-17,4401,2021-10-16,2119,532,4401,6,5,3,4401,0,0,0,,0,001,"PORTER ST","RT 1",11.00,N,N,A,-,Y,SCR,5,1,-,-,13.284,R,4,N,Y,4,0,1,2,A,-,12,21453,A,N,F,C,A,A,H,-,C,A,0,,,,,Y,,A,01,0,0,1,0,0,0,0,0,0,"- ","- ",,,"SANTA CRUZ",CAPITOLA,-121.95848846435547,36.983135223388672
9379284,2021,2022-01-14,4403,2021-12-30,0841,358,2-22,4,5,4,4403,0,0,0,,0,002,"RIVERSIDE DR","WALKER ST",0.00,,Y,B,-,Y,SCR,5,129,-,L,1.178,I,5,E,Y,2,0,1,2,A,-,12,21453,A,N,D,C,A,B,H,-,A,A,0,,,,,Y,,A,07,1,0,0,0,0,0,0,0,0,"- ","- ",,,"SANTA CRUZ",WATSONVILLE,-121.75788879394531,36.905208587646484
9379288,2021,2022-01-18,4403,2021-12-01,1820,T0006,2-23,3,5,4,4403,0,0,0,,0,002,"MAIN ST","PENNSYLVANIA DR",485.00,S,N,A,-,Y,SCR,5,152,-,T,1.970,H,-,E,N,4,0,1,5,A,-,03,22350,,N,C,C,A,A,H,-,C,A,0,,,,,Y,,A,01,0,0,1,0,0,0,0,0,0,"- ","- ",,,"SANTA CRUZ",WATSONVILLE,-121.77072906494141,36.9163818359375
9379598,2021,2022-01-25,4402,2021-11-30,1615,185JG,4402,2,5,5,4402,0,0,0,,0,000,"SOQUEL AV","CAPITOLA RD",0.00,,Y,A,-,N,,,,,,,,,,N,3,0,2,2,A,-,12,21453,A,F,D,C,A,A,H,-,A,A,0,,,,,Y,,A,01,0,1,1,0,0,0,0,0,0,"- ","- ",,,"SANTA CRUZ","SANTA CRUZ",-121.99741363525391,36.981925964355469
9379615,2021,2022-02-08,4401,2021-12-18,0111,520,4401,6,5,3,4401,0,0,0,,0,008,ESPLANADE,"MONTEREY AV",126.00,W,N,A,-,N,,,,,,,,,,Y,3,0,1,2,A,-,01,23152,,M,D,E,A,A,H,-,C,D,0,,,,,Y,Y,A,01,0,1,0,0,0,0,0,0,0,"- ","- ",,,"SANTA CRUZ",CAPITOLA,-121.95159912109375,36.971988677978516
9380098,2022,2022-02-07,4403,2022-01-11,1636,418,1-13,2,5,4,4403,0,0,0,,0,001,"BRIDGE ST","BLACKBURN ST",8.00,E,N,A,-,Y,SCR,5,129,-,-,0.540,I,6,W,N,4,0,1,2,A,-,10,21950,A,F,G,B,B,A,H,-,A,A,0,Y,,,,Y,,A,01,0,0,1,0,1,0,0,0,0,"- ","- ",,,"SANTA CRUZ",WATSONVILLE,-121.74613189697266,36.912269592285156
9380102,2022,2022-02-07,4403,2022-01-07,1145,418,3-15,5,5,4,4403,0,0,0,,0,003,"BLACKBURN ST","LAKE AV",115.00,S,N,A,-,Y,SCR,5,152,-,-,0.571,I,6,E,Y,4,0,1,2,A,-,09,21804,A,N,D,C,A,A,H,-,A,D,0,,,,,Y,,A,01,0,0,1,0,0,0,0,0,0,"- ","- ",,,"SANTA CRUZ",WATSONVILLE,-121.75119781494141,36.916873931884766
9380605,2021,2022-02-01,4402,2021-11-03,1908,830HT,,3,5,5,4402,0,0,0,,0,,"COOLIDGE DR","HIGH ST",0.00,,Y,A,-,N,,,,,,,,,,N,3,0,1,2,A,-,"- ",,,N,H,G,A,A,H,-,C,A,0,,Y,,,Y,,A,01,0,1,0,0,0,0,1,0,0,"- ","- ",36.980178833007812,-122.05267333984375,"SANTA CRUZ","SANTA CRUZ",-122.05376434326172,36.977218627929688
9381199,2021,2022-01-27,4402,2021-12-29,1307,140,4402,3,5,5,4402,0,0,0,,0,000,"WATER ST","REED WY",0.00,,Y,C,-,N,,,,,,,,,,Y,3,0,2,2,A,-,09,21804,A,N,D,C,A,B,H,-,A,D,0,,,,,Y,,A,01,0,1,1,0,0,0,0,0,0,"- ","- ",,,"SANTA CRUZ","SANTA CRUZ",-122.01718139648438,36.980846405029297
9381200,2021,2022-01-27,4401,2021-12-30,1257,523,4401,4,5,3,4401,0,0,0,,0,,"CAPITOLA RD","41ST AV",262.00,E,N,A,-,N,,,,,,,,,,N,3,0,1,2,A,-,08,22107,,N,D,G,A,A,H,-,A,A,0,,Y,,,Y,,A,01,0,1,0,0,0,0,1,0,0,"- ","- ",,,"SANTA CRUZ",CAPITOLA,-121.96410369873047,36.973720550537109
9381461,2021,2022-01-27,4401,2021-12-12,1454,535,4401,7,5,3,4401,0,0,0,,0,,"41ST AV","REPOSA AV",0.00,,Y,C,-,N,,,,,,,,,,N,4,0,1,2,A,-,09,21801,A,N,D,C,A,B,H,-,A,-,0,,,,,Y,,A,01,0,0,1,0,0,0,0,0,0,"- ","- ",,,"SANTA CRUZ",CAPITOLA,-121.96489715576172,36.969173431396484
9381486,2022,2022-01-27,4402,2022-01-09,1107,192,4402,7,5,5,4402,0,0,0,,0,000,"NORTH PACIFIC AV","RIVER ST",187.00,W,N,A,-,N,,,,,,,,,,Y,4,0,1,3,A,-,01,23153,A,N,C,E,E,A,H,-,A,D,0,Y,,,,Y,Y,A,01,0,0,1,0,1,0,0,0,0,"- ","- ",,,"SANTA CRUZ","SANTA CRUZ",-122.02702331542969,36.978828430175781
9381487,2022,2022-01-31,4401,2022-01-15,2222,526,4401,6,5,3,4401,0,0,0,,0,,"41ST AV","RT 1",0.00,,Y,A,-,N,,,,,,,,,,Y,2,0,1,2,A,-,01,23152,,N,D,C,A,A,H,-,C,A,0,,,,,Y,Y,A,01,1,0,0,0,0,0,0,0,0,"- ","- ",,,"SANTA CRUZ",CAPITOLA,-121.96439361572266,36.982837677001953
9381819,2022,2022-01-24,4403,2022-01-05,1627,418,3-06,3,5,4,4403,0,0,0,,0,003,"LINCOLN ST","STANFORD ST",0.00,,Y,A,-,N,,,,,,,,,,Y,3,0,1,2,A,-,09,21800,A,N,D,C,A,A,H,-,B,A,0,,,,,Y,,A,07,0,1,0,0,0,0,0,0,0,"- ","- ",,,"SANTA CRUZ",WATSONVILLE,-121.75930023193359,36.921157836914062
9381983,2021,2022-02-01,4401,2021-12-28,1050,535,4401,2,5,3,4401,0,0,0,,0,,"PARK AV","CORONADO ST",30.00,S,N,B,-,N,,,,,,,,,,N,4,0,1,2,A,-,03,22350,,N,-,-,A,B,-,-,-,-,0,,,,,Y,,A,01,0,0,1,0,0,0,0,0,0,"- ","- ",,,"SANTA CRUZ",CAPITOLA,-121.93910980224609,36.979473114013672
9384397,2021,2022-01-04,4403,2021-12-11,1029,341,4-02,6,5,4,4403,0,0,0,,0,004,"FREEDOM BL","SYDNEY AV",0.00,,Y,A,-,N,,,,,,,,,,N,4,0,1,2,A,-,09,21804,A,N,D,C,A,A,H,-,A,D,0,,,,,Y,,A,07,0,0,1,0,0,0,0,0,0,"- ","- ",,,"SANTA CRUZ",WATSONVILLE,-121.76981353759766,36.931896209716797
9384398,2021,2022-01-04,4403,2021-12-10,1423,344,5-27,5,5,4,4403,0,0,0,,0,005,"FREEDOM BL","AIRPORT BL",0.00,,Y,A,-,N,,,,,,,,,,N,4,0,2,2,A,-,12,21453,A,M,D,D,A,A,H,-,A,A,0,,,,,Y,,A,01,0,0,2,0,0,0,0,0,0,"- ","- ",,,"SANTA CRUZ",WATSONVILLE,-121.77792358398438,36.938350677490234
9384621,2021,2022-01-24,4402,2021-12-14,1436,192,4402,2,5,5,4402,0,0,0,,0,000,"SOQUEL AV","MORRISSEY BL",0.00,,Y,C,-,N,,,,,,,,,,Y,4,0,1,2,A,-,12,21453,A,N,D,C,A,B,H,-,A,A,0,,,,,Y,,A,07,0,0,1,0,0,0,0,0,0,"- ","- ",,,"SANTA CRUZ","SANTA CRUZ",-122.00687408447266,36.981349945068359
9384682,2021,2022-01-20,4403,2021-12-17,1735,418,306,5,5,4,4403,0,0,0,,0,003,"LINCOLN ST","PROSPECT ST",16.00,N,N,A,-,N,,,,,,,,,,N,4,0,1,2,A,-,00,21956,B,N,G,B,D,A,H,-,D,A,0,Y,,,,Y,Y,N,60,0,0,1,0,1,0,0,0,0,"- ","- ",,,"SANTA CRUZ",WATSONVILLE,-121.76091766357422,36.922603607177734
9385708,2021,2022-01-18,4402,2021-12-15,1259,192,4402,3,5,5,4402,0,0,0,,0,000,"NATIONAL ST","SANTA CRUZ ST",0.00,,Y,B,-,N,,,,,,,,,,Y,3,0,1,2,A,-,09,21802,A,N,D,C,A,A,H,-,A,A,0,,,,,Y,,D,22,0,1,0,0,0,0,0,0,0,"- ","- ",,,"SANTA CRUZ","SANTA CRUZ",-122.03269958496094,36.959022521972656
9387914,2021,2022-01-10,4403,2021-12-28,1102,358,527,2,5,4,4403,0,0,0,,0,005,"AIRPORT BL","WESTGATE DR",0.00,,Y,B,-,N,,,,,,,,,,Y,4,0,2,2,A,-,12,21453,A,N,D,C,A,A,H,-,A,A,0,,,,,Y,,A,01,0,0,2,0,0,0,0,0,0,"- ","- ",,,"SANTA CRUZ",WATSONVILLE,-121.79637908935547,36.925594329833984
9390905,2021,2022-01-25,4402,2021-12-21,0621,140,4402,2,5,5,4402,0,0,0,,0,000,"FRONT ST","COOPER ST",124.00,N,N,A,-,N,,,,,,,,,,N,4,0,1,2,A,-,11,21954,A,N,G,B,D,A,H,-,D,D,0,Y,,,,Y,,N,60,0,0,1,0,1,0,0,0,0,"- ","- ",,,"SANTA CRUZ","SANTA CRUZ",-122.02568817138672,36.975517272949219
9390906,2021,2022-01-25,4402,2021-12-28,1935,168,4402,2,5,5,4402,0,0,0,,0,000,"RIVER ST","NORTH PACIFIC AV",0.00,,Y,A,-,N,,,,,,,,,,N,3,0,1,2,A,-,10,21950,A,N,G,B,B,B,-,-,C,A,0,Y,,,,Y,,A,01,0,1,0,0,1,0,0,0,0,"- ","- ",,,"SANTA CRUZ","SANTA CRUZ",-122.02702331542969,36.978832244873047
9390907,2021,2022-01-25,4402,2021-12-29,1756,131,4402,3,5,5,4402,0,0,0,,0,000,"SOQUEL AV","DARWIN ST",69.00,E,N,C,-,N,,,,,,,,,,N,3,0,1,2,A,-,10,21950,A,F,G,B,C,B,H,-,C,D,0,Y,,,,Y,,A,01,0,1,0,0,1,0,0,0,0,"- ","- ",,,"SANTA CRUZ","SANTA CRUZ",-122.00759124755859,36.981128692626953
9391185,2021,2022-01-18,4403,2021-12-31,1731,398,221,5,5,4,4403,0,0,0,,0,002,"WALKER ST","2ND ST",0.00,,Y,A,-,N,,,,,,,,,,,4,0,1,2,A,-,09,21802,A,N,D,C,A,A,H,-,C,A,0,,,,,Y,,A,01,0,0,1,0,0,0,0,0,0,"- ","- ",,,"SANTA CRUZ",WATSONVILLE,-121.75956726074219,36.906444549560547
9391186,2021,2022-01-18,4403,2021-12-30,1403,418,224,4,5,4,4403,0,0,0,,0,002,"BEACH ST","OHLONE PKWY",0.00,,Y,A,-,N,,,,,,,,,,,4,0,1,2,A,-,05,21650,1,N,D,G,A,A,H,-,A,A,0,,Y,,,Y,,L,04,0,0,1,0,0,0,1,0,0,"- ","- ",,,"SANTA CRUZ",WATSONVILLE,-121.77208709716797,36.901882171630859
9392896,2021,2022-02-14,4401,2021-11-19,1745,523,4401,5,5,3,4401,0,0,0,,0,,"CAPITOLA RD","42ND AV",0.00,,Y,A,-,N,,,,,,,,,,N,4,0,1,2,A,-,10,21950,A,N,D,B,B,A,H,-,C,A,0,Y,,,,Y,Y,A,01,0,0,1,0,0,0,0,0,0,"- ","- ",,,"SANTA CRUZ",CAPITOLA,-121.962646484375,36.973709106445312
9395398,2022,2022-01-28,4403,2022-01-11,0812,335,,2,5,4,4403,0,0,0,,0,,"BREWINGTON AV","LOGAN ST",0.00,,Y,A,-,N,,,,,,,,,,Y,3,0,2,2,A,-,09,21801,A,N,A,C,A,A,H,-,A,D,0,,,,,Y,,A,07,0,1,1,0,0,0,0,0,0,"- ","- ",,,"SANTA CRUZ",WATSONVILLE,-121.75740814208984,36.925189971923828
93964305,2024,2024-08-14,9720,2024-07-28,1320,023146,,7,1,9,4400,0,1,3,,1,017,"SR-17 N/B","CRESCENT DR",0.00,,Y,A,-,Y,SCR,,17," "," ",6.560,H,,R,Y,4,0,1,2,A,-,09,21802,A,N,D,C,A,A,H,-,A,A,0,,,,,Y,,D,22,0,0,1,0,0,0,0,0,0,"- ","- ",37.0718994140625,-121.99101257324219,"SANTA CRUZ",UNINCORPORATED,-121.99098968505859,37.071887969970703
9396638,2022,2022-02-11,4403,2022-01-11,1622,418,"4 34",2,5,4,4403,0,0,0,,0,004,"ARTHUR RD","ALTA VISTA AV",37.00,N,N,A,-,N,,,,,,,,,,Y,3,0,1,2,A,-,03,22350,,N,C,E,A,A,H,-,A,D,0,,,,,Y,,A,01,0,1,0,0,0,0,0,0,0,"- ","- ",,,"SANTA CRUZ",WATSONVILLE,-121.77153015136719,36.924617767333984
93967207,2024,2024-08-08,9720,2024-07-30,2205,023345,,2,3,9,4400,0,2,4,,1,032,"CASSERLY RD","GREEN VALLEY RD",530.00,N,N,A,-,N,,,,,,,,,,Y,3,0,1,1,A,-,01,23152,A,M,E,8,A,A,H,-,D,D,0,,,,,Y,Y,A,01,0,1,0,0,0,0,0,0,0,"- ","- ",36.970760345458984,-121.76502990722656,"SANTA CRUZ",UNINCORPORATED,-121.76511383056641,36.970672607421875
93970746,2024,2024-08-08,9720,2024-08-01,2330,023316,,4,3,9,4400,0,3,5,,2,300,"CALABASAS RD","WHITE RD",2112.00,S,N,A,-,N,,,,,,,,,,Y,3,0,1,1,A,-,01,23152,A,N,E,8,A,A,H,-,D,D,0,,,,,Y,Y,A,01,0,1,0,0,0,0,0,0,0,"- ","- ",36.966320037841797,-121.82884216308594,"SANTA CRUZ",UNINCORPORATED,-121.82907867431641,36.966217041015625
93973005,2024,2024-08-08,9720,2024-07-15,1840,023507,,1,2,9,4400,0,3,5,,2,300,"CASSERLY RD","SMITH RD",1000.00,S,N,A,-,N,,,,,,,,,,N,3,0,2,2,A,-,03,22350,,F,C,C,A,A,H,-,A,D,0,,,,,Y,,A,07,0,1,1,0,0,0,0,0,0,"- ","- ",36.973991394042969,-121.75357055664062,"SANTA CRUZ",UNINCORPORATED,-121.75351715087891,36.974044799804688
93973127,2024,2024-08-08,9720,2024-07-15,1841,023507,,1,2,9,4400,0,3,5,,2,300,"CASSERLY RD","SMITH RD",1002.00,S,N,A,-,N,,,,,,,,,,N,3,0,2,2,A,-,21,22106,,F,C,C,A,A,H,-,A,D,0,,,,,Y,,A,07,0,1,1,0,0,0,0,0,0,"- ","- ",36.974029541015625,-121.75350189208984,"SANTA CRUZ",UNINCORPORATED,-121.75352478027344,36.974044799804688
93982878,2024,2024-08-09,9720,2024-07-29,1045,023811,,1,1,9,4400,0,3,5,,2,100,"ALBA RD",SR-9,4594.00,W,N,A,-,N,,,,,,,,,,N,4,0,1,2,A,-,05,21460,,M,B,C,A,A,H,-,A,D,0,,,,,Y,,-,99,0,0,1,0,0,0,0,0,0,"- ","- ",37.096569061279297,-122.10694122314453,"SANTA CRUZ",UNINCORPORATED,-122.10739898681641,37.097057342529297
9400664,2022,2022-02-16,4404,2022-01-28,2048,5440,4404,5,5,3,4404,0,0,0,,0,00N,"SCOTTS VALLEY DR","VICTOR SQ",48.00,S,N,A,-,N,,,,,,,,,,Y,3,0,1,1,A,-,03,22350,,N,H,A,A,A,H,-,C,D,0,,,,,Y,,-,,0,1,0,0,0,0,0,0,0,"- ","- ",37.061420440673828,-122.00775909423828,"SANTA CRUZ","SCOTTS VALLEY",-122.01005554199219,37.058944702148438
9401101,2021,2022-03-01,4404,2021-12-11,1558,5361,4404,6,5,3,4404,0,0,0,,0,SOUTH,"BEAN CREEK RD","BEAN CREEK RD 552",0.00,,Y,A,-,N,,,,,,,,,,Y,3,0,1,1,A,-,08,22107,,N,-,-,A,A,H,-,A,-,0,,,,,Y,,A,01,0,1,0,0,0,0,0,0,0,"- ","- ",37.046009063720703,-122.02497863769531,"SANTA CRUZ","SCOTTS VALLEY",-122.02619171142578,37.166824340820312
9401181,2021,2022-02-14,4404,2021-11-17,1744,5451,4404,3,5,3,4404,0,0,0,,0,00S,"MT HERMON RD","SCOTTS VALLEY DR",0.00,,Y,A,-,N,,,,,,,,,,Y,3,0,1,3,A,-,03,22350,,N,C,C,A,A,H,-,C,A,0,,,,,Y,,A,01,0,1,0,0,0,0,0,0,0,"- ","- ",37.043079376220703,-122.02465057373047,"SANTA CRUZ","SCOTTS VALLEY",-122.02519226074219,37.043170928955078
9401406,2022,2022-02-23,4403,2022-01-27,1812,398,2-24,4,5,4,4403,0,0,0,,0,002,"HARKINS SLOUGH RD","OHLONE PKWY",0.00,,Y,A,-,N,,,,,,,,,,Y,4,0,1,2,D,-,00,,,N,D,C,A,A,H,-,C,A,0,,,,,Y,,-,"- ",0,0,1,0,0,0,0,0,0,"- ","- ",,,"SANTA CRUZ",WATSONVILLE,-121.77842712402344,36.915019989013672
9401634,2021,2022-02-15,4404,2021-10-16,1922,5100,4404,6,5,3,4404,0,0,0,,0,SOUTH,"KINGS VILLAGE RD","MT HERMON RD",94.00,N,N,A,-,N,,,,,,,,,,N,2,0,1,2,A,-,11,21950,B,N,G,B,D,A,H,-,C,D,0,Y,,,,Y,,N,60,1,0,0,0,1,0,0,0,0,"- ","- ",37.046241760253906,-122.02792358398438,"SANTA CRUZ","SCOTTS VALLEY",-122.02816772460938,37.046245574951172
9401646,2021,2022-02-14,4404,2021-09-22,1145,5451,4404,3,5,3,4404,0,0,0,,0,NORTH,"SCOTTS VALLEY DR","EL PUEBLO RD",57.00,S,N,A,-,N,,,,,,,,,,N,3,0,1,2,A,-,08,22100,A,N,H,G,A,A,H,-,A,D,0,,Y,,,Y,,A,01,0,1,0,0,0,0,1,0,0,"- ","- ",37.054698944091797,-122.01186370849609,"SANTA CRUZ","SCOTTS VALLEY",-122.01213073730469,37.055366516113281
9401837,2022,2022-02-22,4403,2022-01-29,1554,418,527,6,5,4,4403,0,0,0,,0,005,"FREEDOM BL","COMPTON TER",106.00,N,N,A,-,N,,,,,,,,,,Y,3,0,1,2,A,-,09,21801,A,N,D,C,A,A,H,-,A,D,0,,,Y,,Y,,A,08,0,1,0,0,0,0,0,0,1,"- ","- ",,,"SANTA CRUZ",WATSONVILLE,-121.78131103515625,36.940212249755859
9401875,2022,2022-02-23,4403,2022-02-07,1442,418,2-20,1,5,4,4403,0,0,0,,0,002,"6TH ST","RIDRIGUEZ ST",202.00,S,N,A,-,N,,,,,,,,,,Y,4,0,1,2,A,-,03,22350,,N,C,C,A,A,H,-,A,D,0,,,,,Y,,A,07,0,0,1,0,0,0,0,0,0,"- ","- ",,,"SANTA CRUZ",WATSONVILLE,-121.76387023925781,36.912078857421875
9401876,2022,2022-02-23,4403,2022-02-04,1742,418,4-29,5,5,4,4403,0,0,0,,0,004,"GREEN VALLEY RD","PENNSYLVANIA DR",40.00,E,N,A,-,N,,,,,,,,,,,4,0,1,2,A,-,03,22350,,F,C,C,A,A,H,-,B,A,0,,,,,Y,,A,01,0,0,1,0,0,0,0,0,0,"- ","- ",,,"SANTA CRUZ",WATSONVILLE,-121.77706146240234,36.930431365966797
9401881,2022,2022-02-23,4403,2022-02-09,0651,418,224,3,5,4,4403,0,0,0,,0,002,"BEACH ST","INDUSTRIAL RD",740.00,E,N,A,-,N,,,,,,,,,,Y,4,0,2,2,A,-,09,21801,A,N,A,D,A,A,H,-,B,D,0,,,,,Y,,A,07,0,0,2,0,0,0,0,0,0,"- ","- ",,,"SANTA CRUZ",WATSONVILLE,-121.76786804199219,36.904987335205078
94019193,2024,2024-08-09,9720,2024-07-31,2115,023345,,3,2,9,4400,0,1,3,,1,017,"SR-17 N/B TO PASATIEMPO DR","PASATIEMPO DR",410.00,S,N,A,-,Y,,,,,,,,,,Y,3,0,1,3,A,-,08,22107,,N,G,1,E,A,H,-,D,D,0,Y,,,,Y,,A,07,0,1,0,0,1,0,0,0,0,"- ","- ",36.998340606689453,-122.02082824707031,"SANTA CRUZ",UNINCORPORATED,-122.021240234375,36.997753143310547
94019557,2024,2024-08-09,9720,2024-06-07,1115,023502,,5,1,9,4400,0,3,5,,2,200,"WISTERIA WAY","SOQUEL DR",120.00,N,N,B,-,N,,,,,,,,,,N,2,0,1,1,A,-,13,22515,A,N,G,1,A,A,H,-,A,D,0,,,,,Y,,E,22,1,0,0,0,0,0,0,0,0,"- ","- ",36.986099243164062,-121.91751861572266,"SANTA CRUZ",UNINCORPORATED,-121.91751861572266,36.986007690429688
94019626,2024,2024-08-09,9720,2024-08-08,1605,023573,,4,2,9,4400,0,3,5,,2,300,"SAN ANDREAS RD","BONITA DR",20.00,S,N,A,-,N,,,,,,,,,,N,3,0,1,2,A,-,03,22350,,N,C,C,A,A,H,-,A,D,0,,,,,Y,,A,01,0,1,0,0,0,0,0,0,0,"- ","- ",36.957199096679688,-121.86412048339844,"SANTA CRUZ",UNINCORPORATED,-121.86411285400391,36.957267761230469
94019639,2024,2024-08-09,9720,2024-07-14,"3   ",023573,,7,3,9,4400,0,3,5,,2,300,"BUENA VISTA DR","RANCHO RD",528.00,W,N,A,-,N,,,,,,,,,,Y,3,0,1,2,A,-,01,23152,A,M,A,C,A,A,H,-,D,D,0,,,,,Y,Y,A,01,0,1,0,0,0,0,0,0,0,"- ","- ",36.925941467285156,-121.81433868408203,"SANTA CRUZ",UNINCORPORATED,-121.81427001953125,36.926658630371094
9402561,2022,2022-02-10,4402,2022-01-20,1759,131,4402,4,5,5,4402,0,0,0,,0,000,"FRONT ST","WATER ST",157.00,S,N,A,-,N,,,,,,,,,,N,4,0,1,2,A,-,10,21950,,N,G,B,C,A,H,-,C,D,0,Y,,,,Y,Y,A,01,0,0,1,0,1,0,0,0,0,"- ","- ",,,"SANTA CRUZ","SANTA CRUZ",-122.02668762207031,36.976570129394531