CASE_ID,ACCIDENT_YEAR,PROC_DATE,JURIS,COLLISION_DATE,COLLISION_TIME,OFFICER_ID,REPORTING_DISTRICT,DAY_OF_WEEK,CHP_SHIFT,POPULATION,CNTY_CITY_LOC,SPECIAL_COND,BEAT_TYPE,CHP_BEAT_TYPE,CITY_DIVISION_LAPD,CHP_BEAT_CLASS,BEAT_NUMBER,PRIMARY_RD,SECONDARY_RD,DISTANCE,DIRECTION,INTERSECTION,WEATHER_1,WEATHER_2,STATE_HWY_IND,CALTRANS_COUNTY,CALTRANS_DISTRICT,STATE_ROUTE,ROUTE_SUFFIX,POSTMILE_PREFIX,POSTMILE,LOCATION_TYPE,RAMP_INTERSECTION,SIDE_OF_HWY,TOW_AWAY,COLLISION_SEVERITY,NUMBER_KILLED,NUMBER_INJURED,PARTY_COUNT,PRIMARY_COLL_FACTOR,PCF_CODE_OF_VIOL,PCF_VIOL_CATEGORY,PCF_VIOLATION,PCF_VIOL_SUBSECTION,HIT_AND_RUN,TYPE_OF_COLLISION,MVIW,PED_ACTION,ROAD_SURFACE,ROAD_COND_1,ROAD_COND_2,LIGHTING,CONTROL_DEVICE,CHP_ROAD_TYPE,PEDESTRIAN_ACCIDENT,BICYCLE_ACCIDENT,MOTORCYCLE_ACCIDENT,TRUCK_ACCIDENT,NOT_PRIVATE_PROPERTY,ALCOHOL_INVOLVED,STWD_VEHTYPE_AT_FAULT,CHP_VEHTYPE_AT_FAULT,COUNT_SEVERE_INJ,COUNT_VISIBLE_INJ,COUNT_COMPLAINT_PAIN,COUNT_PED_KILLED,COUNT_PED_INJURED,COUNT_BICYCLIST_KILLED,COUNT_BICYCLIST_INJURED,COUNT_MC_KILLED,COUNT_MC_INJURED,PRIMARY_RAMP,SECONDARY_RAMP,LATITUDE,LONGITUDE,COUNTY,CITY,POINT_X,POINT_Y
9402662,2022,2022-02-09,4402,2022-01-14,0830,194,4402,5,5,5,4402,0,0,0,,0,000,"DELAWARE AV","FAIR AV",0.00,,Y,A,-,N,,,,,,,,,,N,3,0,1,2,A,-,12,22450,A,N,H,G,A,A,H,-,A,A,0,,Y,,,Y,,A,08,0,1,0,0,0,0,1,0,0,"- ","- ",,,"SANTA CRUZ","SANTA CRUZ",-122.04520416259766,36.956035614013672
9402663,2022,2022-02-09,4402,2022-01-14,1616,152,4402,5,5,5,4402,0,0,0,,0,000,"SOQUEL AV","SEABRIGHT AV",95.00,W,N,A,-,N,,,,,,,,,,N,2,0,1,2,A,-,00,21954,,N,G,B,D,A,H,-,A,D,0,Y,,,,Y,Y,N,60,1,0,0,0,1,0,0,0,0,"- ","- ",,,"SANTA CRUZ","SANTA CRUZ",-122.01090240478516,36.979644775390625
9402664,2022,2022-02-09,4402,2022-01-19,2005,131,4402,3,5,5,4402,0,0,0,,0,000,"WATER ST","OCEAN ST",28.00,W,N,A,-,N,,,,,,,,,,N,2,0,1,2,A,-,11,21954,A,F,G,B,D,A,H,-,C,A,0,Y,,,,Y,Y,N,60,1,0,0,0,1,0,0,0,0,"- ","- ",,,"SANTA CRUZ","SANTA CRUZ",-122.02143859863281,36.979564666748047
9405028,2022,2022-03-15,4403,2022-01-31,1500,353,224,1,5,4,4403,0,0,0,,0,002,"WALKER ST","LAKE AV",0.00,,Y,A,-,N,,,,,,,,,,,3,0,1,2,A,-,10,21950,A,N,G,B,B,A,H,-,A,D,0,Y,,,,Y,Y,A,07,0,1,0,0,1,0,0,0,0,"- ","- ",,,"SANTA CRUZ",WATSONVILLE,-121.76271820068359,36.908496856689453
9405029,2022,2022-02-24,4403,2022-01-29,1251,324,403,6,5,4,4403,0,0,0,,0,004,"FREEDOM BL","CLIFFORD AV",80.00,N,N,A,-,N,,,,,,,,,,,4,0,1,2,A,-,03,22350,,N,C,C,A,A,H,-,A,D,0,,,,,Y,,A,07,0,0,1,0,0,0,0,0,0,"- ","- ",,,"SANTA CRUZ",WATSONVILLE,-121.76837921142578,36.930469512939453
94058295,2024,2024-08-12,9720,2024-08-01,1130,023811,,4,1,9,4400,0,2,4,,1,021,"SOQUEL DR","ROBERTSON ST",280.00,E,N,A,-,N,,,,,,,,,,N,3,0,1,1,A,-,08,22107,,N,F,A,A,A,D,-,A,A,0,,Y,,,Y,,M,91,0,1,0,0,0,0,1,0,0,"- ","- ",36.987770080566406,-121.95961761474609,"SANTA CRUZ",UNINCORPORATED,-121.95961761474609,36.987659454345703
9406025,2022,2022-05-23,4403,2022-05-09,1012,418,1-09,1,5,4,4403,0,0,0,,0,001,"MAIN ST","BEACH ST",20.00,S,N,A,-,Y,SCR,5,152,-,T,2.928,I,6,E,Y,4,0,1,2,A,-,03,22350,,N,C,C,A,A,H,-,A,A,0,,,,,Y,,A,01,0,0,1,0,0,0,0,0,0,"- ","- ",,,"SANTA CRUZ",WATSONVILLE,-121.75690460205078,36.910259246826172
9406028,2022,2022-05-25,4403,2022-04-29,1725,398,3-16,5,5,4,4403,0,0,0,,0,003,"TUTTLE AV","LAKE AV",0.00,,Y,A,-,Y,SCR,5,152,-,-,1.040,I,5,E,Y,4,0,2,2,A,-,09,21801,A,N,A,C,A,A,H,-,A,A,0,,,Y,,Y,,A,01,0,0,2,0,0,0,0,0,1,"- ","- ",,,"SANTA CRUZ",WATSONVILLE,-121.74687194824219,36.922405242919922
94061378,2024,2024-08-12,9720,2024-08-04,"152 ",023618,,7,3,9,4400,0,3,5,,2,100,"FELTON EMPIRE RD","MAVERICK CT",2640.00,E,N,A,-,N,,,,,,,,,,Y,3,0,1,1,A,-,01,23152,A,N,E,I,A,A,H,-,D,D,0,,,,,Y,Y,D,22,0,1,0,0,0,0,0,0,0,"- ","- ",37.059688568115234,-122.11290740966797,"SANTA CRUZ",UNINCORPORATED,-122.11285400390625,37.059654235839844
94064202,2024,2024-08-12,9720,2024-08-04,2140,023387,,7,2,9,4400,0,1,3,,2,020,"SR-1 S/B","RIO DEL MAR BLVD",528.00,S,N,B,-,Y,SCR,,1," "," ",9.290,H,,L,Y,4,0,2,3,A,-,03,22350,,N,C,C,A,A,H,-,D,D,0,,,,,Y,,D,22,0,0,2,0,0,0,0,0,0,"- ","- ",36.975318908691406,-121.88886260986328,"SANTA CRUZ",UNINCORPORATED,-121.88885498046875,36.975345611572266
9407156,2022,2022-03-08,4402,2022-01-01,0349,146,4402,6,5,5,4402,0,0,0,,0,000,"POPLAR AV","WATER ST",15.00,S,N,A,-,N,,,,,,,,,,Y,3,0,2,1,A,-,01,23152,A,N,E,I,A,A,H,-,C,A,0,,,,,Y,Y,A,01,0,1,1,0,0,0,0,0,0,"- ","- ",,,"SANTA CRUZ","SANTA CRUZ",-122.00818634033203,36.981357574462891
9407157,2022,2022-03-08,4402,2022-01-05,1459,194,4402,3,5,5,4402,0,0,0,,0,000,"MISSION ST","LAURENT ST",104.00,E,N,A,-,N,,,,,,,,,,N,3,0,1,1,A,-,08,22107,,N,E,I,A,A,G,H,A,D,0,,Y,,,Y,,L,04,0,1,0,0,0,0,1,0,0,"- ","- ",,,"SANTA CRUZ","SANTA CRUZ",-122.03842163085938,36.967891693115234
9407158,2022,2022-03-08,4402,2022-01-28,1456,194,4402,5,5,5,4402,0,0,0,,0,000,"GROVER LN","WALNUT AV",0.00,,Y,A,-,N,,,,,,,,,,N,3,0,1,2,A,-,10,21950,A,N,G,B,B,A,H,-,A,A,0,Y,,,,Y,,A,01,0,1,0,0,1,0,0,0,0,"- ","- ",,,"SANTA CRUZ","SANTA CRUZ",-122.0335693359375,36.971981048583984
9407159,2022,2022-03-08,4402,2022-01-23,1400,192,4402,7,5,5,4402,0,0,0,,0,000,BROADWAY,"SEABRIGHT AV",0.00,,Y,A,-,N,,,,,,,,,,N,3,0,1,2,A,-,09,21801,A,F,H,C,A,A,H,-,A,A,0,,,,,Y,,A,07,0,1,0,0,0,0,0,0,0,"- ","- ",,,"SANTA CRUZ","SANTA CRUZ",-122.00856018066406,36.975292205810547
9407342,2022,2022-03-16,4403,2022-02-18,1609,406,223,5,5,4,4403,0,0,0,,0,002,"HARKINS SLOUGH RD","SUNSET VISTA DR",215.00,N,N,A,-,N,,,,,,,,,,N,3,0,1,2,A,-,01,23152,B,N,A,C,A,A,H,-,C,D,0,,,,,Y,Y,A,01,0,1,0,0,0,0,0,0,0,"- ","- ",,,"SANTA CRUZ",WATSONVILLE,-121.77692413330078,36.914775848388672
9408846,2022,2022-04-18,4403,2022-01-03,1025,330,223,1,5,4,4403,0,0,0,,0,002,"HARKINS SLOUGH RD","BAYVIEW DR",454.00,E,N,B,-,N,,,,,,,,,,N,3,0,1,2,A,-,11,21954,A,N,G,B,E,A,H,-,A,D,0,Y,,,,Y,,N,60,0,1,0,0,1,0,0,0,0,"- ","- ",,,"SANTA CRUZ",WATSONVILLE,-121.77254486083984,36.913631439208984
9409282,2022,2022-03-07,4403,2022-02-21,1607,418,304,1,5,4,4403,0,0,0,,0,003,"EAST LAKE AV","PALM AV",55.00,E,N,A,-,N,,,,,,,,,,N,4,0,1,2,B,-,22,,,N,G,B,F,A,H,-,A,D,0,Y,,,,Y,,A,01,0,0,1,0,1,0,0,0,0,"- ","- ",,,"SANTA CRUZ",WATSONVILLE,-121.74758148193359,36.920375823974609
9411181,2022,2022-03-02,4402,2022-02-04,1007,194,4402,5,5,5,4402,0,0,0,,0,000,"PACIFIC AV","CENTER ST",153.00,E,N,A,-,N,,,,,,,,,,Y,4,0,2,2,A,-,06,21750,A,N,H,C,A,A,H,-,A,A,0,,,,,Y,,A,01,0,0,2,0,0,0,0,0,0,"- ","- ",,,"SANTA CRUZ","SANTA CRUZ",-117.33690643310547,34.015739440917969
9412264,2022,2022-02-28,4403,2022-01-22,2115,406,4-02,6,5,4,4403,0,0,0,,0,004,"FREEDOM BL","BLANCA LN",33.00,S,N,A,-,N,,,,,,,,,,Y,2,0,2,2,A,-,09,21801,A,N,A,C,A,A,H,-,C,D,0,,,,,Y,,D,22,1,0,1,0,0,0,0,0,0,"- ","- ",,,"SANTA CRUZ",WATSONVILLE,-121.76908874511719,36.931190490722656
9412456,2022,2022-03-01,4403,2022-02-11,2210,421,111,5,5,4,4403,0,0,0,,0,001,"RIVERSIDE DR","MARCHANT ST",0.00,,Y,A,-,N,,,,,,,,,,N,3,0,1,2,A,-,03,22350,,M,B,G,A,A,H,-,C,A,0,,Y,,,Y,,-,99,0,1,0,0,0,0,1,0,0,"- ","- ",,,"SANTA CRUZ",WATSONVILLE,-121.75038146972656,36.909423828125
9413466,2022,2022-04-06,4402,2022-02-15,0852,192,4402,2,5,5,4402,0,0,0,,0,000,"SOQUEL AV","BENITO AV",0.00,,Y,A,-,N,,,,,,,,,,Y,3,0,2,2,A,-,03,22350,,N,C,C,A,A,H,-,A,D,0,,,,,Y,,A,07,0,1,1,0,0,0,0,0,0,"- ","- ",,,"SANTA CRUZ","SANTA CRUZ",-122.01223754882812,36.978931427001953
9413794,2022,2022-03-03,4403,2022-02-12,0003,418,3-16,6,5,4,4403,0,0,0,,0,003,"TUTTLE AV","LAKE AV",0.00,,Y,A,-,Y,SCR,5,152,-,-,1.040,I,5,W,Y,4,0,2,2,A,-,12,21453,A,F,D,C,A,A,H,-,C,A,0,,,,,Y,,A,01,0,0,2,0,0,0,0,0,0,"- ","- ",,,"SANTA CRUZ",WATSONVILLE,-121.74697875976562,36.92242431640625
9413952,2022,2022-03-10,4402,2022-01-14,1552,194,4402,5,5,5,4402,0,0,0,,0,000,"RT 1","WESTERN DR",0.00,,Y,A,-,Y,SCR,5,1,-,-,20.075,I,5,N,Y,3,0,1,2,A,-,03,22350,,N,H,G,A,A,H,-,A,A,0,,Y,,,Y,,L,04,0,1,0,0,0,0,1,0,0,"- ","- ",,,"SANTA CRUZ","SANTA CRUZ",-122.05640411376953,36.960887908935547
9413960,2022,2022-03-07,4402,2022-02-06,1422,192,4402,7,5,5,4402,0,0,0,,0,000,"BEACH ST","RIVERSIDE AV",12.00,E,N,A,-,N,,,,,,,,,,N,3,0,1,1,C,-,18,,,N,F,A,A,A,H,-,A,D,0,,Y,,,Y,,-,"- ",0,1,0,0,0,0,1,0,0,"- ","- ",,,"SANTA CRUZ","SANTA CRUZ",-122.0177001953125,36.964614868164062
9416033,2022,2022-03-22,4402,2022-02-14,0150,131,4402,1,5,5,4402,0,0,0,,0,000,"CENTER ST","PACIFIC AV",127.00,S,N,A,-,N,,,,,,,,,,Y,2,0,1,1,A,-,01,23152,A,N,F,I,A,A,H,-,C,D,0,,,Y,,Y,Y,C,02,1,0,0,0,0,0,0,0,1,"- ","- ",,,"SANTA CRUZ","SANTA CRUZ",-117.33690643310547,34.015739440917969
9416034,2022,2022-03-22,4402,2022-02-19,1328,194,4402,6,5,5,4402,0,0,0,,0,000,"LA FONDA AV","OAK WY",676.00,S,N,A,-,N,,,,,,,,,,N,3,0,1,1,A,-,03,22350,,N,F,A,A,A,B,-,A,D,0,,Y,,,Y,,L,04,0,1,0,0,0,0,1,0,0,"- ","- ",,,"SANTA CRUZ","SANTA CRUZ",-121.99431610107422,36.987030029296875
9416035,2022,2022-03-22,4402,2022-02-06,0645,186,4402,7,5,5,4402,0,0,0,,0,000,"SOQUEL AV","PENNSYLVANIA AV",40.00,E,N,A,-,N,,,,,,,,,,Y,4,0,1,2,A,-,08,22102,,N,D,C,A,A,H,-,C,D,0,,,,,Y,,A,07,0,0,1,0,0,0,0,0,0,"- ","- ",,,"SANTA CRUZ","SANTA CRUZ",-122.01283264160156,36.978630065917969
9416036,2022,2022-03-22,4402,2022-02-13,1900,186,4402,7,5,5,4402,0,0,0,,0,000,"GRANT ST","BERRY ST",0.00,,Y,A,-,N,,,,,,,,,,N,4,0,1,2,A,-,09,21802,A,N,D,C,A,A,H,-,C,D,0,,,,,Y,,A,01,0,0,1,0,0,0,0,0,0,"- ","- ",,,"SANTA CRUZ","SANTA CRUZ",-122.01972961425781,36.985336303710938
9416038,2022,2022-03-22,4402,2022-02-17,1617,168,4402,4,5,5,4402,0,0,0,,0,000,"ESCALONA DR","BAYONA DR",33.00,W,N,A,-,N,,,,,,,,,,N,3,0,1,1,C,-,18,,,N,H,J,A,A,H,-,A,D,0,,Y,,,Y,,-,"- ",0,1,0,0,0,0,1,0,0,"- ","- ",,,"SANTA CRUZ","SANTA CRUZ",-122.04650115966797,36.969009399414062
9416202,2022,2022-03-25,4403,2022-03-06,1133,418,4-30,7,5,4,4403,0,0,0,,0,004,"CLIFFORD AV","SHERWOOD CT",90.00,E,N,A,-,N,,,,,,,,,,Y,3,0,1,3,A,-,01,23152,A,N,B,E,A,A,H,-,A,A,0,,,,,Y,Y,A,01,0,1,0,0,0,0,0,0,0,"- ","- ",,,"SANTA CRUZ",WATSONVILLE,-121.77647399902344,36.918380737304688
9416993,2022,2022-03-21,4403,2022-02-25,1710,387,539,5,5,4,4403,0,0,0,,0,005,"FREEDOM BL","ROACHE RD",44.00,S,N,A,-,N,,,,,,,,,,N,4,0,3,4,A,-,04,21703,,N,C,C,A,A,H,-,A,D,0,,,,,Y,,A,01,0,0,3,0,0,0,0,0,0,"- ","- ",,,"SANTA CRUZ",WATSONVILLE,-121.77638244628906,36.937492370605469
9417026,2022,2022-03-22,4402,2022-02-26,1918,196,4402,6,5,5,4402,0,0,0,,0,,"OCEAN ST",BROADWAY,0.00,,Y,A,-,N,,,,,,,,,,Y,4,0,3,2,A,-,00,23153,2,N,A,C,A,A,H,-,C,A,0,,,,,Y,Y,A,01,0,0,3,0,0,0,0,0,0,"- ","- ",,,"SANTA CRUZ","SANTA CRUZ",-122.01828002929688,36.973323822021484
94176169,2024,2024-08-13,9720,2024-07-30,1825,022907,,2,2,9,4400,0,3,5,,2,200,"BRANCIFORTE DR","SHADY BROOK CT",213.00,N,N,A,-,N,,,,,,,,,,Y,3,0,1,1,A,-,03,22350,,N,H,H,A,A,H,-,A,D,0,,,Y,,Y,,C,02,0,1,0,0,0,0,0,0,1,"- ","- ",37.03350830078125,-121.98684692382812,"SANTA CRUZ",UNINCORPORATED,-121.98674774169922,37.033794403076172
9417687,2022,2022-05-03,4402,2022-04-01,1533,194,4402,5,5,5,4402,0,0,0,,0,000,"WEST CLIFF DR","LIGHTHOUSE PT ENTRY",191.00,W,N,A,-,N,,,,,,,,,,N,3,0,1,1,A,-,08,22107,,N,E,I,A,A,B,-,A,-,0,,Y,,,Y,,L,04,0,1,0,0,0,0,1,0,0,"- ","- ",,,"SANTA CRUZ","SANTA CRUZ",,
9418246,2022,2022-03-21,4402,2022-01-29,0003,171,4402,6,5,5,4402,0,0,0,,0,,"WESTERN DR","SCHILLER PL",0.00,,Y,A,-,N,,,,,,,,,,Y,3,0,1,2,A,-,11,21950,B,N,D,B,D,A,H,-,C,D,0,Y,,,,Y,Y,N,60,0,1,0,0,1,0,0,0,0,"- ","- ",,,"SANTA CRUZ","SANTA CRUZ",-122.05847930908203,36.970668792724609
9418247,2022,2022-03-21,4402,2022-01-04,1030,174,4402,2,5,5,4402,0,0,0,,0,000,"LINCOLN ST","CHESTNUT ST",0.00,,Y,A,-,N,,,,,,,,,,N,2,0,1,1,A,-,03,22350,,N,F,J,A,A,G,H,A,D,0,,Y,,,Y,,L,04,1,0,0,0,0,0,1,0,0,"- ","- ",,,"SANTA CRUZ","SANTA CRUZ",-122.03047180175781,36.971782684326172
9418308,2022,2022-03-23,4402,2022-02-21,0336,131,4402,1,5,5,4402,0,0,0,,0,000,"WATER ST","RIVER ST",610.00,W,N,A,-,N,,,,,,,,,,N,2,0,1,2,A,-,11,21954,A,F,G,B,D,A,H,-,C,D,0,Y,,,,Y,,N,60,1,0,0,0,1,0,0,0,0,"- ","- ",,,"SANTA CRUZ","SANTA CRUZ",-122.02712249755859,36.977020263671875
9418309,2022,2022-03-23,4402,2022-02-16,1337,174,4402,3,5,5,4402,0,0,0,,0,000,"DELAWARE AV","ALMAR AV",270.00,W,N,A,-,N,,,,,,,,,,N,2,0,1,1,A,-,08,22107,,N,E,I,A,A,H,-,A,D,0,,Y,,,Y,,L,04,1,0,0,0,0,0,1,0,0,"- ","- ",,,"SANTA CRUZ","SANTA CRUZ",-122.04377746582031,36.956222534179688
9419854,2021,2022-04-19,4403,2021-05-19,1624,418,5-27,3,5,4,4403,0,0,0,,0,005,"AIRPORT BL","NIELSON ST",0.00,,Y,A,-,,,,,,,,,,,Y,4,0,1,2,-,-,"- ",,A,N,A,C,A,A,H,-,A,A,0,,,,,Y,,-,"- ",0,0,1,0,0,0,0,0,0,"- ","- ",,,"SANTA CRUZ",WATSONVILLE,-121.79447937011719,36.928493499755859
9420122,2022,2022-04-27,4403,2022-03-24,1504,418,401,4,5,4,4403,0,0,0,,0,004,"GREEN VALLEY RD","STEWART AV",55.00,W,N,A,-,N,,,,,,,,,,Y,3,0,1,1,A,-,08,22107,,N,F,A,A,A,H,-,A,A,0,,,Y,,Y,,C,02,0,1,0,0,0,0,0,0,1,"- ","- ",,,"SANTA CRUZ",WATSONVILLE,-121.77199554443359,36.936771392822266
9420332,2022,2022-05-16,4403,2022-04-04,1333,418,4-02,1,5,4,4403,0,0,0,,0,004,"FREEDOM BL","BLANCA LN",6.00,S,N,A,-,N,,,,,,,,,,,3,0,1,2,A,-,05,21650,A,N,D,G,A,A,H,-,A,A,0,,Y,,,Y,,L,04,0,1,0,0,0,0,1,0,0,"- ","- ",,,"SANTA CRUZ",WATSONVILLE,-121.76914978027344,36.931247711181641
9420333,2022,2022-05-16,4403,2022-04-05,1206,T0011,2-20,2,5,4,4403,0,0,0,,0,002,"RODRIGUEZ ST","5TH ST W",0.00,,Y,A,-,N,,,,,,,,,,,4,0,1,2,A,-,03,22350,,M,C,C,A,A,H,-,A,D,0,,,,,Y,,A,01,0,0,1,0,0,0,0,0,0,"- ","- ",,,"SANTA CRUZ",WATSONVILLE,-121.76247406005859,36.911888122558594
9421553,2022,2022-03-25,4402,2022-01-22,1000,194,4402,6,5,5,4402,0,0,0,,0,000,"SOQUEL AV","CALEDONIA ST",5.00,E,N,A,-,N,,,,,,,,,,N,3,0,1,2,A,-,17,22517,,N,H,G,A,A,H,-,A,D,0,,Y,,,Y,,A,01,0,1,0,0,0,0,1,0,0,"- ","- ",,,"SANTA CRUZ","SANTA CRUZ",-122.01481628417969,36.9775390625
9421824,2022,2022-04-18,4403,2022-03-02,1046,324,1-09,3,5,4,4403,0,0,0,,0,001,"5TH ST","MAIN ST",72.00,W,N,A,-,N,,,,,,,,,,,4,0,1,2,A,-,09,21804,A,N,D,C,A,A,H,-,A,D,0,,,,,Y,,A,07,0,0,1,0,0,0,0,0,0,"- ","- ",,,"SANTA CRUZ",WATSONVILLE,-121.75997161865234,36.913047790527344
9421840,2022,2022-03-24,4403,2022-03-09,1145,324,1-07,3,5,4,4403,0,0,0,,0,001,"BRENNAN ST","5TH ST  S",0.00,,Y,A,-,N,,,,,,,,,,,4,0,2,2,A,-,03,22350,,N,C,C,A,A,H,-,A,D,0,,,,,Y,,D,22,0,0,2,0,0,0,0,0,0,"- ","- ",,,"SANTA CRUZ",WATSONVILLE,-121.75861358642578,36.914390563964844
9422297,2022,2022-05-19,4403,2022-04-14,2321,419,223,4,5,4,4403,0,0,0,,0,002,"MAIN ST","PENNSYLVANIA DR",89.00,N,N,C,-,N,,,,,,,,,,,2,0,1,2,A,-,11,21954,A,N,G,B,D,B,H,-,C,D,0,Y,,,,Y,,N,60,1,0,0,0,1,0,0,0,0,"- ","- ",,,"SANTA CRUZ",WATSONVILLE,-121.77199554443359,36.916542053222656
9422566,2022,2022-03-28,4403,2022-03-04,1231,294,3-19,5,5,4,4403,0,0,0,,0,003,"LAKE AV","BRIDGE ST",0.00,,Y,A,-,Y,SCR,5,152,-,-,1.631,I,5,E,N,4,0,1,2,A,-,09,21802,A,N,D,C,A,A,H,-,A,A,0,,,,,Y,,D,22,0,0,1,0,0,0,0,0,0,"- ","- ",,,"SANTA CRUZ",WATSONVILLE,-121.74428558349609,36.930694580078125
9422570,2022,2022-04-01,4403,2022-03-07,2112,417,306,1,5,4,4403,0,0,0,,0,003,"LINCOLN ST","FREEDOM BL",10.00,E,N,A,-,N,,,,,,,,,,Y,3,0,1,2,A,-,03,22350,,N,E,I,A,A,H,-,C,D,0,,,,,Y,,A,01,0,1,0,0,0,0,0,0,0,"- ","- ",,,"SANTA CRUZ",WATSONVILLE,-121.76184844970703,36.923389434814453
9422654,2022,2022-04-05,4402,2022-02-26,1616,194,4402,6,5,5,4402,0,0,0,,0,000,"WEST CLIFF DR","DAVID WY",150.00,E,N,B,-,N,,,,,,,,,,Y,3,0,2,4,A,-,01,23152,A,N,F,C,A,A,H,-,A,D,0,,,,,Y,Y,D,22,0,1,1,0,0,0,0,0,0,"- ","- ",,,"SANTA CRUZ","SANTA CRUZ",-122.03943634033203,36.953262329101562
9422658,2022,2022-04-05,4402,2022-02-21,0318,169,4402,1,5,5,4402,0,0,0,,0,000,"CALIFORNIA AV","WALK CIR",30.00,E,N,A,-,N,,,,,,,,,,Y,4,0,1,3,A,-,01,23152,A,N,A,E,A,A,H,-,C,D,0,,,,,Y,Y,A,01,0,0,1,0,0,0,0,0,0,"- ","- ",,,"SANTA CRUZ","SANTA CRUZ",-122.03697967529297,36.960964202880859
9422724,2022,2022-04-04,4403,2022-03-09,1536,324,429,3,5,4,4403,0,0,0,,0,004,"GREEN VALLEY RD","KRALJ DR",135.00,E,N,A,-,N,,,,,,,,,,N,4,0,3,3,A,-,03,22350,,N,E,C,A,A,H,-,A,D,0,,,,,Y,,A,01,0,0,3,0,0,0,0,0,0,"- ","- ",,,"SANTA CRUZ",WATSONVILLE,-121.78168487548828,36.922393798828125
9422725,2022,2022-04-04,4403,2022-03-14,0750,418,438,1,5,4,4403,0,0,0,,0,004,"GREEN VALLEY RD","PENNSYLVANIA DR",504.00,E,N,A,-,N,,,,,,,,,,N,3,0,1,2,A,-,10,21950,A,N,G,B,B,A,H,-,A,A,0,Y,,,,Y,,A,08,0,1,0,0,1,0,0,0,0,"- ","- ",,,"SANTA CRUZ",WATSONVILLE,-121.77640533447266,36.931591033935547
9422726,2022,2022-04-04,4403,2022-03-08,1618,418,224,2,5,4,4403,0,0,0,,0,002,"WALKER ST","LAKE AV",12.00,S,N,A,-,N,,,,,,,,,,N,4,0,1,2,A,-,10,21950,A,N,G,B,B,A,H,-,A,A,0,Y,,,,Y,,A,01,0,0,1,0,1,0,0,0,0,"- ","- ",,,"SANTA CRUZ",WATSONVILLE,-121.76268768310547,36.908477783203125
9422727,2022,2022-04-04,4403,2022-03-11,1931,406,438,5,5,4,4403,0,0,0,,0,004,"GREEN VALLEY RD","CAREY AV",0.00,,Y,A,-,N,,,,,,,,,,N,3,0,1,2,D,-,00,,,F,H,G,A,A,H,-,C,D,0,,Y,,,Y,Y,-,"- ",0,1,0,0,0,0,1,0,0,"- ","- ",,,"SANTA CRUZ",WATSONVILLE,-121.77420043945312,36.934200286865234
9422728,2022,2022-04-04,4403,2022-03-06,2110,417,438,7,5,4,4403,0,0,0,,0,004,"FREEDOM BL","CLIFFORD AV",0.00,,Y,A,-,N,,,,,,,,,,N,4,0,1,2,A,-,01,23152,B,M,D,C,A,A,H,-,C,A,0,,,,,Y,Y,A,07,0,0,1,0,0,0,0,0,0,"- ","- ",,,"SANTA CRUZ",WATSONVILLE,-121.76821136474609,36.930301666259766
9424909,2022,2022-04-13,4402,2022-03-14,2244,819AH,,1,5,5,4402,0,0,0,,0,,"STEINHART WY","CLASSROOM UNIT SERVICE RD",0.00,,Y,A,-,N,,,,,,,,,,Y,3,0,1,1,B,-,22,,,M,F,A,A,A,H,-,C,D,0,,,,,Y,,M,97,0,1,0,0,0,0,0,0,0,"- ","- ",36.997760772705078,-122.06192016601562,"SANTA CRUZ","SANTA CRUZ",,
9425978,2022,2022-04-13,4402,2022-03-21,1218,192,4402,1,5,5,4402,0,0,0,,0,000,"MARNELL AV","SOQUEL AV",65.00,N,N,A,-,N,,,,,,,,,,Y,2,0,1,4,A,-,01,23153,A,N,A,C,E,A,H,-,A,D,0,Y,,,,Y,Y,D,22,1,0,0,0,1,0,0,0,0,"- ","- ",,,"SANTA CRUZ","SANTA CRUZ",-122.00284576416016,36.981609344482422
9425989,2022,2022-04-13,4402,2022-03-07,1628,145,4402,1,5,5,4402,0,0,0,,0,000,"LAURENT ST","KENNETH ST",65.00,N,N,A,-,N,,,,,,,,,,Y,3,0,2,3,A,-,08,22107,,N,F,E,A,A,H,-,A,D,0,,,,,Y,,A,01,0,1,1,0,0,0,0,0,0,"- ","- ",,,"SANTA CRUZ","SANTA CRUZ",-122.04373168945312,36.970897674560547
9425991,2022,2022-04-08,4401,2022-02-03,1956,528,4401,4,5,3,4401,0,0,0,,0,001,"CAPITOL AV","CLARES ST",0.00,,Y,A,-,N,,,,,,,,,,Y,3,0,1,4,A,-,03,22350,,N,C,C,A,A,H,-,C,A,0,,,,,Y,,D,22,0,1,0,0,0,0,0,0,0,"- ","- ",,,"SANTA CRUZ",CAPITOLA,-121.96940612792969,36.973720550537109
9425997,2022,2022-04-13,4402,2022-03-08,1452,192,4402,2,5,5,4402,0,0,0,,0,000,"PLYMOUTH ST","GRANT ST",150.00,,N,-,-,N,,,,,,,,,,N,4,0,1,2,A,-,09,21804,A,F,D,G,A,A,H,-,A,D,0,,Y,,,Y,,D,22,0,0,1,0,0,0,1,0,0,"- ","- ",,,"SANTA CRUZ","SANTA CRUZ",-122.02304840087891,36.985759735107422
9426136,2022,2022-04-27,4403,2022-03-16,1851,398,2-23,3,5,4,4403,0,0,0,,0,002,"MAIN ST","AUTO CENTER DR",70.00,N,N,A,-,Y,SCR,5,152,-,T,2.120,H,-,E,Y,4,0,1,3,A,-,03,22350,,N,C,C,A,A,D,-,A,A,0,,,,,Y,,D,22,0,0,1,0,0,0,0,0,0,"- ","- ",,,"SANTA CRUZ",WATSONVILLE,-121.76800537109375,36.915885925292969
9426275,2022,2022-04-06,4402,2022-03-09,0500,131,4402,3,5,5,4402,0,0,0,,0,000,"OCEAN ST","HUNOLT ST",253.00,S,N,A,-,N,,,,,,,,,,N,4,0,1,2,A,-,09,21804,,N,D,C,A,A,H,-,C,D,0,,,,,Y,,A,01,0,0,1,0,0,0,0,0,0,"- ","- ",,,"SANTA CRUZ","SANTA CRUZ",-122.02243804931641,36.982421875
9426278,2022,2022-04-06,4402,2022-03-15,1659,167,4402,2,5,5,4402,0,0,0,,0,00O,"FRONT ST","COOPER ST",110.00,S,N,A,-,N,,,,,,,,,,N,3,0,1,2,A,-,05,21650,1,N,D,G,A,A,H,-,A,D,0,,Y,,,Y,,L,04,0,1,0,0,0,0,1,0,0,"- ","- ",,,"SANTA CRUZ","SANTA CRUZ",-122.02532958984375,36.974941253662109
9426281,2022,2022-03-29,4402,2022-02-15,1712,813SM,,2,5,5,4402,0,0,0,,0,,"FARM RD","BIKE PATH",2.00,N,N,A,-,N,,,,,,,,,,N,3,0,1,3,A,-,10,21950,A,N,H,G,A,A,H,-,A,A,0,,Y,,,Y,,-,,0,1,0,0,0,0,1,0,0,"- ","- ",36.995311737060547,-122.06545257568359,"SANTA CRUZ","SANTA CRUZ",,