CASE_ID,ACCIDENT_YEAR,PROC_DATE,JURIS,COLLISION_DATE,COLLISION_TIME,OFFICER_ID,REPORTING_DISTRICT,DAY_OF_WEEK,CHP_SHIFT,POPULATION,CNTY_CITY_LOC,SPECIAL_COND,BEAT_TYPE,CHP_BEAT_TYPE,CITY_DIVISION_LAPD,CHP_BEAT_CLASS,BEAT_NUMBER,PRIMARY_RD,SECONDARY_RD,DISTANCE,DIRECTION,INTERSECTION,WEATHER_1,WEATHER_2,STATE_HWY_IND,CALTRANS_COUNTY,CALTRANS_DISTRICT,STATE_ROUTE,ROUTE_SUFFIX,POSTMILE_PREFIX,POSTMILE,LOCATION_TYPE,RAMP_INTERSECTION,SIDE_OF_HWY,TOW_AWAY,COLLISION_SEVERITY,NUMBER_KILLED,NUMBER_INJURED,PARTY_COUNT,PRIMARY_COLL_FACTOR,PCF_CODE_OF_VIOL,PCF_VIOL_CATEGORY,PCF_VIOLATION,PCF_VIOL_SUBSECTION,HIT_AND_RUN,TYPE_OF_COLLISION,MVIW,PED_ACTION,ROAD_SURFACE,ROAD_COND_1,ROAD_COND_2,LIGHTING,CONTROL_DEVICE,CHP_ROAD_TYPE,PEDESTRIAN_ACCIDENT,BICYCLE_ACCIDENT,MOTORCYCLE_ACCIDENT,TRUCK_ACCIDENT,NOT_PRIVATE_PROPERTY,ALCOHOL_INVOLVED,STWD_VEHTYPE_AT_FAULT,CHP_VEHTYPE_AT_FAULT,COUNT_SEVERE_INJ,COUNT_VISIBLE_INJ,COUNT_COMPLAINT_PAIN,COUNT_PED_KILLED,COUNT_PED_INJURED,COUNT_BICYCLIST_KILLED,COUNT_BICYCLIST_INJURED,COUNT_MC_KILLED,COUNT_MC_INJURED,PRIMARY_RAMP,SECONDARY_RAMP,LATITUDE,LONGITUDE,COUNTY,CITY,POINT_X,POINT_Y
9426500,2022,2022-03-30,4402,2022-02-04,2010,148,4402,5,5,5,4402,0,0,0,,0,000,"BAY ST","ESCALONA DR",0.00,,Y,A,-,N,,,,,,,,,,Y,2,0,1,2,A,-,09,21802,A,N,D,C,A,A,H,-,C,A,0,,,Y,,Y,Y,A,01,1,0,0,0,0,0,0,0,1,"- ","- ",,,"SANTA CRUZ","SANTA CRUZ",-122.04612731933594,36.969490051269531
9426516,2022,2022-04-12,4401,2022-02-12,1535,523,4401,6,5,3,4401,0,0,0,,0,,"CENTER ST","RIVERVIEW DR",0.00,,Y,A,-,N,,,,,,,,,,N,4,0,1,2,A,-,12,22450,A,N,D,G,A,A,-,-,A,A,0,,Y,,,Y,,A,01,0,0,1,0,0,0,1,0,0,"- ","- ",,,"SANTA CRUZ",CAPITOLA,-121.9561767578125,36.979362487792969
9427120,2022,2022-04-18,4402,2022-02-28,1952,190,4402,1,5,5,4402,0,0,0,,0,000,"RT 9","VERNON ST",450.00,N,N,A,-,Y,SCR,5,9,-,-,0.640,H,-,N,N,3,0,1,2,A,-,08,22107,,F,C,G,A,A,H,-,D,D,0,,Y,,,Y,,D,22,0,1,0,0,0,0,1,0,0,"- ","- ",,,"SANTA CRUZ","SANTA CRUZ",-122.03321838378906,36.9918212890625
9427171,2022,2022-04-15,4403,2022-03-27,1225,381,220,7,5,4,4403,0,0,0,,0,002,"LAKE AV","RODRIGUEZ ST",240.00,E,N,A,-,N,,,,,,,,,,N,4,0,1,2,A,-,08,22100,B,N,D,C,A,A,H,-,A,D,0,,,,,Y,,A,07,0,0,1,0,0,0,0,0,0,"- ","- ",,,"SANTA CRUZ",WATSONVILLE,-121.75958251953125,36.910762786865234
9427199,2022,2022-04-15,4403,2022-03-16,2023,381,2-40,3,5,4,4403,0,0,0,,0,002,"MANABE OW","OHLONE PKWY",1245.00,W,N,A,-,N,,,,,,,,,,Y,3,0,1,1,A,-,01,23152,A,N,E,I,A,A,H,-,C,D,0,,,,,Y,Y,A,01,0,1,0,0,0,0,0,0,0,"- ","- ",,,"SANTA CRUZ",WATSONVILLE,-121.77749633789062,36.903251647949219
9427200,2022,2022-04-15,4403,2022-03-13,0850,356,2-23,7,5,4,4403,0,0,0,,0,002,"OHLONE PKWY","HARKINGS SLOUGH RD",415.00,E,N,A,-,N,,,,,,,,,,Y,4,0,1,2,A,-,09,21801,A,N,D,C,A,A,H,-,A,D,0,,,,,Y,,A,08,0,0,1,0,0,0,0,0,0,"- ","- ",,,"SANTA CRUZ",WATSONVILLE,-121.77781677246094,36.916030883789062
9427269,2022,2022-04-14,4402,2022-03-09,1825,182,4402,3,5,5,4402,0,0,0,,0,000,"DELAWARE AV","NATURAL BRIDGES DR",0.00,,Y,A,-,N,,,,,,,,,,N,3,0,1,2,A,-,11,21954,A,N,G,B,D,A,H,-,A,D,0,Y,,,,Y,,N,60,0,1,0,0,1,0,0,0,0,"- ","- ",,,"SANTA CRUZ","SANTA CRUZ",-122.05702972412109,36.95477294921875
9427985,2022,2022-04-15,4402,2022-03-20,1720,188,4402,7,5,5,4402,0,0,0,,0,000,"WEST CLIFF DR","BAY ST",234.00,E,N,A,-,N,,,,,,,,,,N,3,0,1,2,A,-,10,21950,A,F,G,B,C,A,H,-,A,A,0,Y,,Y,,Y,,C,02,0,1,0,0,1,0,0,0,0,"- ","- ",,,"SANTA CRUZ","SANTA CRUZ",-122.02531433105469,36.961891174316406
9428526,2022,2022-05-09,4402,2022-04-09,1003,194,4402,6,5,5,4402,0,0,0,,0,000,"OCEAN ST","SOQUEL AV",352.00,N,N,A,-,N,,,,,,,,,,N,3,0,1,2,A,-,17,22517,,N,H,G,A,A,H,-,A,D,0,,Y,,,Y,,D,22,0,1,0,0,0,0,1,0,0,"- ","- ",,,"SANTA CRUZ","SANTA CRUZ",-122.01924896240234,36.975475311279297
9429301,2022,2022-04-27,4402,2022-03-17,2002,133,4402,4,5,5,4402,0,0,0,,0,000,"RT 1","RIVER ST",0.00,,Y,A,-,Y,SCR,5,1,-,-,17.560,I,5,S,Y,3,0,1,2,A,-,09,21804,,N,D,C,A,A,H,-,C,A,0,,,,,Y,Y,A,07,0,1,0,0,0,0,0,0,0,"- ","- ",,,"SANTA CRUZ","SANTA CRUZ",-122.02977752685547,36.984352111816406
9429330,2022,2022-04-28,4403,2022-04-02,1259,324,107,6,5,4,4403,0,0,0,,0,001,"MAIN ST","FORD ST",160.00,S,N,A,-,Y,SCR,5,152,-,T,2.580,H,-,W,N,3,0,1,2,A,-,15,21201,A,N,D,G,A,A,H,-,A,D,0,,Y,,,Y,,L,04,0,1,0,0,0,0,1,0,0,"- ","- ",,,"SANTA CRUZ",WATSONVILLE,-121.76054382324219,36.914066314697266
9432006,2022,2022-05-11,4403,2022-04-23,0051,419,1-09,6,5,4,4403,0,0,0,,0,001,"MAIN ST","RIVERSIDE DR",0.00,,Y,A,-,Y,SCR,5,129,-,-,0.000,I,5,E,Y,4,0,1,2,A,-,12,21453,A,N,D,C,A,A,H,-,C,A,0,,,,,Y,,A,01,0,0,1,0,0,0,0,0,0,"- ","- ",,,"SANTA CRUZ",WATSONVILLE,-121.75333404541016,36.907108306884766
9432856,2022,2022-08-30,4401,2022-07-02,1124,532,4401,6,5,3,4401,0,0,0,,0,007,"41ST AV","CLARES ST",460.00,N,N,A,-,N,,,,,,,,,,N,4,0,1,2,A,-,08,22107,,N,B,C,A,A,H,-,A,-,0,,,Y,,Y,,C,02,0,0,1,0,0,0,0,0,1,"- ","- ",,,"SANTA CRUZ",CAPITOLA,-121.96506500244141,36.979602813720703
9433037,2022,2022-08-11,4403,2022-07-13,2034,281,4-29,3,5,4,4403,0,0,0,,0,004,"MAIN ST",CROSSROADS,20.00,N,N,A,-,Y,SCR,5,152,-,T,1.390,H,-,E,N,3,0,1,2,A,-,09,21453,B,N,C,C,A,A,H,-,B,A,0,,,Y,,Y,,A,01,0,1,0,0,0,0,0,0,1,"- ","- ",,,"SANTA CRUZ",WATSONVILLE,-121.78050994873047,36.917972564697266
9433576,2022,2022-11-03,4403,2022-09-29,0939,418,1-09,4,5,4,4403,0,0,0,,0,001,"MAIN ST","LAKE AV",1.00,S,N,A,-,Y,SCR,5,152,-,T,2.803,I,5,W,N,4,0,1,2,A,-,11,21456,A,N,G,B,B,A,H,-,A,A,0,Y,,,,Y,,N,60,0,0,1,0,1,0,0,0,0,"- ","- ",,,"SANTA CRUZ",WATSONVILLE,-121.75839996337891,36.911598205566406
9433855,2022,2022-10-06,4401,2022-07-25,1500,522,4401,1,5,3,4401,0,0,0,,0,,"CORTEZ ST","COLUMBUS DR",35.00,S,N,A,-,N,,,,,,,,,,N,3,0,1,2,A,-,01,21200,5,N,B,E,A,A,H,-,A,D,0,,,,,Y,Y,M,94,0,1,0,0,0,0,0,0,0,"- ","- ",,,"SANTA CRUZ",CAPITOLA,-121.94234466552734,36.981414794921875
9434897,2022,2022-05-05,4404,2022-04-04,1711,5100,4404,1,5,3,4404,0,0,0,,0,SOUTH,"MT HERMON RD","SCOTTS VALLEY DR",117.00,W,N,A,-,N,,,,,,,,,,Y,2,0,1,3,A,-,03,22350,,N,C,C,A,A,H,-,A,A,0,,,,,Y,,D,22,1,0,0,0,0,0,0,0,0,"- ","- ",37.043209075927734,-122.02523040771484,"SANTA CRUZ","SCOTTS VALLEY",-122.02536010742188,37.043460845947266
9435187,2021,2022-05-06,4404,2021-11-03,0952,5451,4404,3,5,3,4404,0,0,0,,0,00S,"RT 17","EL RANCHO DR",0.00,,Y,A,-,Y,SCR,5,17,-,-,3.254,R,4,N,Y,4,0,1,2,A,-,09,21801,A,N,D,C,A,A,H,-,A,A,0,,,,,Y,,A,01,0,0,1,0,0,0,0,0,0,NF,"- ",37.033828735351562,-122.02223205566406,"SANTA CRUZ","SCOTTS VALLEY",-122.02236938476562,37.033622741699219
94353192,2024,2024-08-14,9720,2024-08-04,"15  ",023387,,7,3,9,4400,0,1,3,,1,035,"SR-129 W/B","CARLTON RD",528.00,W,N,B,-,Y,SCR,,129," "," ",3.207,H,,L,Y,3,0,2,2,A,-,05,21460,A,N,B,C,A,A,H,-,D,D,0,,,,,Y,,A,01,0,2,0,0,0,0,0,0,0,"- ","- ",36.924339294433594,-121.70033264160156,"SANTA CRUZ",UNINCORPORATED,-121.70032501220703,36.924270629882812
9435450,2022,2022-04-27,4403,2022-04-08,0119,425,3-14,5,5,4,4403,0,0,0,,0,003,"LAKE AV","MADISON ST",0.00,,Y,A,-,Y,SCR,5,152,-,-,0.470,I,5,E,Y,4,0,1,2,A,-,01,23152,A,M,C,E,A,-,H,-,C,D,0,,,,,Y,Y,A,07,0,0,1,0,0,0,0,0,0,"- ","- ",,,"SANTA CRUZ",WATSONVILLE,-121.75274658203125,36.915740966796875
94354600,2024,2024-08-14,9720,2024-08-13,1531,022400,,2,2,9,4400,0,3,5,,2,100,"GLEN ARBOR RD","HERMOSA AVE",0.00,,Y,A,-,Y,,,,,,,,,,Y,3,0,1,2,A,-,09,21802,A,N,D,C,A,A,H,-,A,A,0,,,,,Y,,D,22,0,1,0,0,0,0,0,0,0,"- ","- ",37.074260711669922,-122.08258056640625,"SANTA CRUZ",UNINCORPORATED,-122.08255767822266,37.074249267578125
94354604,2024,2024-08-14,9720,2024-08-11,1230,023516,,7,1,9,4400,0,1,3,,2,020,"SR-1 N/B","FREEDOM BLVD",1584.00,N,N,A,-,Y,SCR,,1," "," ",8.745,H,,R,Y,3,0,1,3,A,-,03,22350,,N,C,C,A,A,H,-,A,D,0,,,,,Y,,A,07,0,1,0,0,0,0,0,0,0,"- ","- ",36.972789764404297,-121.87946319580078,"SANTA CRUZ",UNINCORPORATED,-121.87944793701172,36.972812652587891
94355606,2024,2024-08-15,9720,2024-08-03,1540,023721,,6,2,9,4400,0,3,5,,2,100,"ALBA RD","EMPIRE GRADE RD",2700.00,E,N,A,-,N,,,,,,,,,,Y,3,0,1,1,A,-,08,22107,,N,F,0,A,A,H,-,A,D,0,,,,,Y,,A,01,0,1,0,0,0,0,0,0,0,"- ","- ",37.101608276367188,-122.13223266601562,"SANTA CRUZ",UNINCORPORATED,-122.13312530517578,37.101573944091797
9435570,2022,2022-05-11,4403,2022-04-07,1657,418,3-06,4,5,4,4403,0,0,0,,0,003,"FREEDOM BL","PROSPECT ST",70.00,S,N,A,-,N,,,,,,,,,,,4,0,1,1,A,-,08,22107,,N,E,I,A,A,H,-,A,A,0,,Y,,,Y,,L,04,0,0,1,0,0,0,1,0,0,"- ","- ",,,"SANTA CRUZ",WATSONVILLE,-121.76134490966797,36.922084808349609
94355856,2024,2024-08-15,9720,2024-08-01,1835,023345,,4,2,9,4400,0,2,4,,1,016,"GRAHAM HILL RD","SUMMIT AVE",1426.00,S,N,A,-,N,,,,,,,,,,Y,3,0,1,2,A,-,09,21801,A,F,D,2,A,A,H,-,A,D,0,,,,,Y,,A,01,0,1,0,0,0,0,0,0,0,"- ","- ",37.045158386230469,-122.05522918701172,"SANTA CRUZ",UNINCORPORATED,-122.06381225585938,37.047092437744141
94356221,2024,2024-08-15,9720,2024-08-09,1920,023618,,5,2,9,4400,0,1,3,,1,014,SR-9,"CELIA AVE",2640.00,N,N,A,-,Y,SCR,,9," "," ",19.096,H,,R,Y,3,0,1,1,A,-,08,22107,,N,E,I,A,A,H,-,A,D,0,,,,,Y,,A,01,0,1,0,0,0,0,0,0,0,"- ","- ",37.204689025878906,-122.14497375488281,"SANTA CRUZ",UNINCORPORATED,-122.14495086669922,37.204692840576172
94356395,2024,2024-09-02,9720,2024-08-04,2025,023611,,7,2,9,4400,0,1,3,,1,035,SR-129,"BLACKBURN ST",1162.00,E,N,A,-,Y,SCR,,129," "," ",0.753,H,,R,N,3,0,1,2,A,-,17,21200,,N,H,G,A,A,H,-,B,D,0,,Y,,,Y,Y,L,04,0,1,0,0,0,0,1,0,0,"- ","- ",36.913471221923828,-121.74226379394531,"SANTA CRUZ",UNINCORPORATED,-121.74226379394531,36.913475036621094
94356406,2024,2024-08-16,9720,2024-08-05,1435,022901,,1,2,9,4400,0,1,3,,1,015,SR-9,"LAUREL DRIVE",75.00,N,N,A,-,Y,SCR,,9," "," ",6.002,H,,R,Y,3,0,1,2,A,-,04,21703,,N,C,C,A,A,H,-,A,A,0,,,Y,,Y,,C,03,0,1,0,0,0,0,0,0,1,"- ","- ",37.046840667724609,-122.07338714599609,"SANTA CRUZ",UNINCORPORATED,-122.07340240478516,37.046840667724609
94357401,2024,2024-08-16,9720,2024-08-08,1818,023618,,4,2,9,4400,0,1,3,,1,017,"SR-17 S/B TO SCOTTS VALLEY DR","GRANITE CREEK RD",170.00,N,N,A,-,Y,,,,,,,,,,Y,3,0,1,1,A,-,03,22350,,N,F,A,A,A,H,-,A,D,0,,,,,Y,,A,01,0,1,0,0,0,0,0,0,0,"- ","- ",37.062080383300781,-122.00473785400391,"SANTA CRUZ",UNINCORPORATED,-122.0045166015625,37.061500549316406
94358766,2024,2024-08-19,9720,2024-05-15,"155 ",023636,,3,3,9,4400,0,1,3,,1,017,"SR-17 N/B","SUMMIT RD",100.00,N,N,A,-,Y,SCL,,17," "," ",0.144,H,,R,Y,3,0,3,1,A,-,08,22107,,M,E,8,A,A,H,-,D,D,0,,,,,Y,,A,01,0,3,0,0,0,0,0,0,0,"- ","- ",37.145961761474609,-121.98529052734375,"SANTA CRUZ",UNINCORPORATED,-121.98533630371094,37.145915985107422
94358767,2024,2024-08-19,9720,2024-05-15,"157 ",023636,,3,3,9,4400,0,1,3,,1,017,"SR-17 N/B","SUMMIT DR",1584.00,N,N,A,-,Y,SCL,,17," "," ",0.602,H,,R,Y,3,0,3,1,A,-,08,22107,,M,E,8,A,A,H,-,D,D,0,,,,,Y,,A,01,0,3,0,0,0,0,0,0,0,"- ","- ",37.150581359863281,-121.98507690429688,"SANTA CRUZ",UNINCORPORATED,-121.98513031005859,37.150600433349609
94358768,2024,2024-08-19,9720,2024-05-15,"158 ",023636,,3,3,9,4400,0,1,3,,1,017,"SR-17 N/B","REDWOOD ESTATES",2640.00,S,N,A,-,Y,SCL,,17," "," ",0.755,H,,R,Y,3,0,3,1,A,-,08,22107,,M,E,8,A,A,H,-,D,D,0,,,,,Y,,A,01,0,3,0,0,0,0,0,0,0,"- ","- ",37.15277099609375,-121.98487091064453,"SANTA CRUZ",UNINCORPORATED,-121.98493957519531,37.152751922607422
9435931,2022,2022-05-02,4401,2022-02-19,1155,523,4401,6,5,3,4401,0,0,0,,0,,"38TH AV","CAPITOLA RD",0.00,S,N,A,-,N,,,,,,,,,,Y,4,0,1,2,A,-,09,21801,A,N,D,C,A,A,H,-,A,A,0,,,,,Y,,D,22,0,0,1,0,0,0,0,0,0,"- ","- ",,,"SANTA CRUZ",CAPITOLA,-121.96737670898438,36.973720550537109
9436102,2022,2022-04-28,4401,2022-03-06,0132,529,4401,7,5,3,4401,0,0,0,,0,002,"WHARF RD","CAPITOLA RD",0.00,,Y,A,-,N,,,,,,,,,,Y,4,0,1,1,A,-,01,23152,A,N,E,I,A,A,H,-,C,D,0,,,,,Y,Y,A,01,0,0,1,0,0,0,0,0,0,"- ","- ",,,"SANTA CRUZ",CAPITOLA,-121.95365142822266,36.970939636230469
9436103,2022,2022-04-28,4401,2022-03-10,2135,527,4401,4,5,3,4401,0,0,0,,0,005,"41ST AV","CLARES ST",308.00,N,N,A,-,N,,,,,,,,,,Y,4,0,1,2,A,-,09,21801,A,N,D,C,A,A,H,-,C,D,0,,,,,Y,,A,07,0,0,1,0,0,0,0,0,0,"- ","- ",,,"SANTA CRUZ",CAPITOLA,-121.96506500244141,36.97918701171875
94361950,2024,2024-08-20,9720,2024-08-08,1215,023146,,4,1,9,4400,0,3,5,,2,200,"SUMMIT RD","TRAIL RIDGE",250.00,W,N,A,-,N,,,,,,,,,,Y,4,0,1,3,A,-,03,22350,,N,C,C,A,A,H,-,A,D,0,,,,,Y,,A,01,0,0,1,0,0,0,0,0,0,"- ","- ",37.132381439208984,-121.96109008789062,"SANTA CRUZ",UNINCORPORATED,-121.96107482910156,37.132335662841797
94362008,2024,2024-08-20,9720,2024-08-10,1150,023610,,6,1,9,4400,0,1,3,,1,034,"SR-152 W/B","CASSERLY RD",1056.00,W,N,A,-,Y,SCR,,152," "," ",3.476,H,,L,Y,3,0,1,1,A,-,08,22107,,N,E,8,A,A,H,-,D,D,0,,,,,Y,,A,01,0,1,0,0,0,0,0,0,0,"- ","- ",36.953929901123047,-121.72968292236328,"SANTA CRUZ",UNINCORPORATED,-121.72960662841797,36.953884124755859
94362030,2024,2024-08-20,9720,2024-08-16,"525 ",023573,,5,3,9,4400,0,3,5,,2,300,"CARLTON RD","SCURICH RD",15.00,N,N,B,-,N,,,,,,,,,,N,3,0,2,2,A,-,03,22350,,N,C,C,A,A,H,-,B,D,0,,,,,Y,,A,01,0,2,0,0,0,0,0,0,0,"- ","- ",36.945980072021484,-121.71713256835938,"SANTA CRUZ",UNINCORPORATED,-121.717041015625,36.945919036865234
94365872,2024,2024-08-22,9720,2024-08-13,1510,023331,,2,2,9,4400,0,3,5,,2,200,"LLOYD CT","SEA RIDGE RD",110.00,N,N,A,-,N,,,,,,,,,,N,3,0,1,2,A,-,08,22107,,N,B,E,A,A,H,-,A,D,0,,,Y,,Y,,C,02,0,1,0,0,0,0,0,0,1,"- ","- ",36.976970672607422,-121.91555023193359,"SANTA CRUZ",UNINCORPORATED,-121.91568756103516,36.976909637451172
94365876,2024,2024-08-22,9720,2024-08-14,"820 ",023721,,3,1,9,4400,0,3,5,,2,100,"EMPIRE GRADE RD","PINERIDGE RD",0.00,,Y,A,-,N,,,,,,,,,,Y,3,0,2,2,A,-,09,21802,A,N,D,C,A,A,H,-,A,A,0,,,,,Y,,A,07,0,2,0,0,0,0,0,0,0,"- ","- ",37.045558929443359,-122.10964202880859,"SANTA CRUZ",UNINCORPORATED,-122.10968017578125,37.04559326171875
94365895,2024,2024-08-22,9720,2024-08-15,2140,023419,,4,2,9,4400,0,3,5,,2,100,SR-35,"BEAR CREEK RD",1584.00,N,N,A,-,Y,SCR,,35," "," ",4.051,H,,R,N,3,0,1,1,A,-,08,22107,,N,E,I,A,A,H,-,D,D,0,,,,,Y,,A,01,0,1,0,0,0,0,0,0,0,"- ","- ",37.171348571777344,-122.02739715576172,"SANTA CRUZ",UNINCORPORATED,-122.02740478515625,37.171352386474609
94365910,2024,2024-08-22,9720,2024-08-16,"755 ",023316,,5,1,9,4400,0,1,3,,2,020,"SR-1 N/B","FREEDOM BLVD",20.00,N,N,A,-,Y,SCR,,1," "," ",8.390,H,,R,N,2,0,1,2,A,-,07,21658,A,N,B,C,A,A,H,-,A,D,0,,,Y,,Y,,D,22,1,0,0,0,0,0,0,0,1,"- ","- ",36.970661163330078,-121.87361907958984,"SANTA CRUZ",UNINCORPORATED,-121.87359619140625,36.970691680908203
94365940,2024,2024-08-22,9720,2024-08-16,1320,023316,,5,1,9,4400,0,3,5,,2,300,"SAN ANDREAS RD","BUENA VISTA DR",0.00,,Y,A,-,N,,,,,,,,,,Y,3,0,1,2,A,-,09,21802,A,N,A,C,A,A,H,-,A,A,0,,,,,Y,,A,01,0,1,0,0,0,0,0,0,0,"- ","- ",36.917999267578125,-121.83405303955078,"SANTA CRUZ",UNINCORPORATED,-121.83509063720703,36.918712615966797
94366114,2024,2024-08-22,9720,2024-08-17,1030,022140,,6,1,9,4400,0,3,5,,2,300,"HAMES RD","BLAKE AVE",700.00,N,N,A,-,N,,,,,,,,,,N,3,0,1,2,A,-,09,21804,A,N,H,G,A,A,H,-,A,D,0,,Y,,,Y,,D,22,0,1,0,0,0,0,1,0,0,"- ","- ",36.990760803222656,-121.81108093261719,"SANTA CRUZ",UNINCORPORATED,-121.81104278564453,36.990749359130859
94366455,2024,2024-08-22,9720,2024-08-21,1510,023316,,3,2,9,4400,0,3,5,,2,200,"SUMMIT RD","SOQUEL SAN JOSE RD",0.00,,Y,A,-,N,,,,,,,,,,Y,4,0,1,2,A,-,09,21801,A,N,D,C,A,A,H,-,A,D,0,,,,,Y,,A,01,0,0,1,0,0,0,0,0,0,"- ","- ",37.118690490722656,-121.92543792724609,"SANTA CRUZ",UNINCORPORATED,-121.92542266845703,37.118709564208984
94366586,2024,2024-08-23,9720,2024-08-18,1010,023516,,7,1,9,4400,0,3,5,,2,200,"GRANITE CREEK RD","LIONS FIELD DR",0.30,N,N,A,-,N,,,,,,,,,,Y,3,0,1,1,A,-,08,22107,,N,E,8,A,A,H,-,A,D,0,,,,,Y,,A,01,0,1,0,0,0,0,0,0,0,"- ","- ",37.041790008544922,-121.99787139892578,"SANTA CRUZ",UNINCORPORATED,-121.99678039550781,37.038551330566406
94366596,2023,2024-08-23,9720,2023-07-23,1708,022140,,7,2,9,4400,0,1,3,,1,014,SR-9,"SPRING CREEK RD",528.00,S,N,A,-,Y,SCR,,9," "," ",15.011,H,,R,Y,1,1,1,1,A,-,03,22350,,N,E,I,A,A,H,-,A,D,0,,,,,Y,,D,22,1,0,0,0,0,0,0,0,0,"- ","- ",37.149620056152344,-122.13632202148438,"SANTA CRUZ",UNINCORPORATED,-122.13629913330078,37.149623870849609
94369620,2024,2024-08-26,9720,2024-08-03,1432,023573,,6,2,9,4400,0,3,5,,2,300,"SAN ANDREAS RD","SUNSET BEACH RD",135.00,N,N,A,-,N,,,,,,,,,,N,3,0,1,2,A,-,09,21804,A,F,D,C,A,A,H,-,A,D,0,,,,,Y,,A,01,0,1,0,0,0,0,0,0,0,"- ","- ",36.902381896972656,-121.82440948486328,"SANTA CRUZ",UNINCORPORATED,-121.82438659667969,36.902347564697266
94369772,2024,2024-08-27,9720,2024-08-19,"826 ",023245,,1,1,9,4400,0,3,5,,2,100,"EMPIRE GRADE RD","CONIFER LN",546.00,S,N,A,-,N,,,,,,,,,,Y,3,0,2,2,A,-,09,21804,A,N,D,2,A,A,H,-,A,D,0,,,,,Y,,A,07,0,1,1,0,0,0,0,0,0,"- ","- ",37.083889007568359,-122.13533020019531,"SANTA CRUZ",UNINCORPORATED,-122.13542175292969,37.083919525146484
94370162,2024,2024-08-26,9720,2024-08-15,"857 ",023959,,4,1,9,4400,0,1,3,,2,030,"SR-1 N/B","SAN ANDREAS RD.",370.00,S,N,A,-,Y,SCR,,1," ",R,7.572,H,,R,N,4,0,1,2,A,-,21,22106,,N,C,C,A,A,H,-,A,D,0,,,,,Y,,A,07,0,0,1,0,0,0,0,0,0,"- ","- ",36.959571838378906,-121.86126708984375,"SANTA CRUZ",UNINCORPORATED,-121.86124420166016,36.959587097167969
94372399,2024,2024-08-27,9720,2024-08-13,1237,023959,,2,1,9,4400,0,3,5,,2,200,"BONITA DRIVE","ZANZIBAR DRIVE",640.00,S,N,A,-,N,,,,,,,,,,N,3,0,1,2,A,-,06,21755,A,N,C,G,A,A,H,-,A,D,0,,Y,,,Y,,M,91,0,1,0,0,0,0,1,0,0,"- ","- ",36.961719512939453,-121.86830139160156,"SANTA CRUZ",UNINCORPORATED,-121.86864471435547,36.962333679199219
94372435,2024,2024-08-28,9720,2024-08-15,1320,023146,,4,1,9,4400,0,3,5,,2,100,"GLEN ARBOR RD","MAPLE AVE",50.00,N,N,A,-,N,,,,,,,,,,Y,3,0,1,2,A,-,09,21804,A,N,D,C,A,A,H,-,A,D,0,,,,,Y,,A,07,0,1,0,0,0,0,0,0,0,"- ","- ",37.082218170166016,-122.07821655273438,"SANTA CRUZ",UNINCORPORATED,-122.07813262939453,37.082012176513672
9437248,2022,2022-05-31,4402,2022-04-26,1509,192,4402,2,5,5,4402,0,0,0,,0,000,"BAY DR","ESCALONA DR",7.00,N,N,A,-,N,,,,,,,,,,Y,4,0,1,2,A,-,03,22350,,N,C,C,A,A,H,-,A,D,0,,,,,Y,,A,01,0,0,1,0,0,0,0,0,0,"- ","- ",,,"SANTA CRUZ","SANTA CRUZ",-122.046142578125,36.969505310058594
94374053,2024,2024-08-28,9720,2024-08-13,1600,022044,,2,2,9,4400,0,1,3,,1,015,SR-9,"GLEN ARBOR RD",100.00,N,N,A,-,Y,SCR,,9," "," ",8.139,H,,R,Y,3,0,1,1,A,-,08,22107,,N,E,I,A,A,H,-,A,D,0,,,,,Y,,E,22,0,1,0,0,0,0,0,0,0,"- ","- ",37.074630737304688,-122.08438873291016,"SANTA CRUZ",UNINCORPORATED,-122.08451080322266,37.074634552001953
94375174,2024,2024-08-29,9720,2024-06-23,1430,023636,,7,2,9,4400,0,2,4,,1,023,"17TH AVE","RODRIGUEZ ST",0.00,,Y,A,-,N,,,,,,,,,,N,2,0,1,2,A,-,09,21800,A,N,H,G,A,A,H,-,A,A,0,,Y,,,Y,,A,07,1,0,0,0,0,0,1,0,0,"- ","- ",36.982250213623047,-121.98155975341797,"SANTA CRUZ",UNINCORPORATED,-121.98155975341797,36.982276916503906
94375218,2024,2024-08-29,9720,2024-08-14,1530,023721,,3,2,9,4400,0,1,3,,1,012,SR-236,"LAUREL ST",40.00,N,N,A,-,Y,SCR,,236," "," ",0.150,H,,R,N,2,0,1,1,A,-,08,22107,,N,F,0,A,A,H,-,A,D,0,,,,,Y,,M,94,1,0,0,0,0,0,0,0,0,"- ","- ",37.12493896484375,-122.12490081787109,"SANTA CRUZ",UNINCORPORATED,-122.12489318847656,37.1248779296875
94375882,2024,2024-08-29,9720,2024-06-11,"923 ",021304,,2,1,9,4400,0,2,4,,1,021,"SOQUEL DR","FAIRWAY DR",20.00,E,N,A,-,N,,,,,,,,,,N,3,0,1,2,A,-,03,22350,,F,C,C,A,A,H,-,A,A,0,,,,,Y,,D,22,0,1,0,0,0,0,0,0,0,"- ","- ",36.987831115722656,-121.94593811035156,"SANTA CRUZ",UNINCORPORATED,-121.946044921875,36.987743377685547