CASE_ID,ACCIDENT_YEAR,PROC_DATE,JURIS,COLLISION_DATE,COLLISION_TIME,OFFICER_ID,REPORTING_DISTRICT,DAY_OF_WEEK,CHP_SHIFT,POPULATION,CNTY_CITY_LOC,SPECIAL_COND,BEAT_TYPE,CHP_BEAT_TYPE,CITY_DIVISION_LAPD,CHP_BEAT_CLASS,BEAT_NUMBER,PRIMARY_RD,SECONDARY_RD,DISTANCE,DIRECTION,INTERSECTION,WEATHER_1,WEATHER_2,STATE_HWY_IND,CALTRANS_COUNTY,CALTRANS_DISTRICT,STATE_ROUTE,ROUTE_SUFFIX,POSTMILE_PREFIX,POSTMILE,LOCATION_TYPE,RAMP_INTERSECTION,SIDE_OF_HWY,TOW_AWAY,COLLISION_SEVERITY,NUMBER_KILLED,NUMBER_INJURED,PARTY_COUNT,PRIMARY_COLL_FACTOR,PCF_CODE_OF_VIOL,PCF_VIOL_CATEGORY,PCF_VIOLATION,PCF_VIOL_SUBSECTION,HIT_AND_RUN,TYPE_OF_COLLISION,MVIW,PED_ACTION,ROAD_SURFACE,ROAD_COND_1,ROAD_COND_2,LIGHTING,CONTROL_DEVICE,CHP_ROAD_TYPE,PEDESTRIAN_ACCIDENT,BICYCLE_ACCIDENT,MOTORCYCLE_ACCIDENT,TRUCK_ACCIDENT,NOT_PRIVATE_PROPERTY,ALCOHOL_INVOLVED,STWD_VEHTYPE_AT_FAULT,CHP_VEHTYPE_AT_FAULT,COUNT_SEVERE_INJ,COUNT_VISIBLE_INJ,COUNT_COMPLAINT_PAIN,COUNT_PED_KILLED,COUNT_PED_INJURED,COUNT_BICYCLIST_KILLED,COUNT_BICYCLIST_INJURED,COUNT_MC_KILLED,COUNT_MC_INJURED,PRIMARY_RAMP,SECONDARY_RAMP,LATITUDE,LONGITUDE,COUNTY,CITY,POINT_X,POINT_Y
94376037,2024,2024-08-30,9720,2024-08-19,2030,023419,,1,2,9,4400,0,1,3,,1,015,SR-9,"FLAT ST",5.00,N,N,A,-,Y,SCR,,9," "," ",12.700,H,,R,N,2,0,1,2,A,-,08,22107,,N,D,C,A,A,H,-,D,D,0,,,Y,,Y,,C,02,1,0,0,0,0,0,0,0,1,"- ","- ",37.119560241699219,-122.12081909179688,"SANTA CRUZ",UNINCORPORATED,-122.12080383300781,37.119560241699219
94377008,2024,2024-08-30,9720,2024-08-27,1547,019956,,2,2,9,4400,0,2,4,,1,024,"BROMMER ST","7TH AVE",500.00,E,N,A,-,N,,,,,,,,,,N,3,0,1,2,A,-,09,21804,A,N,H,G,A,A,H,-,A,A,0,,Y,,,Y,,A,01,0,1,0,0,0,0,1,0,0,"- ","- ",36.972000122070312,-121.99418640136719,"SANTA CRUZ",UNINCORPORATED,-121.99417877197266,36.972030639648438
94377456,2024,2024-08-30,9720,2024-08-28,"859 ",019956,,3,1,9,4400,0,1,3,,2,020,"SR-1 N/B","RIO DEL MAR BLVD",2640.00,N,N,B,-,Y,SCR,,1," "," ",9.641,H,,R,N,4,0,2,3,A,-,03,22350,,N,C,C,A,A,H,-,A,D,0,,,,,Y,,A,01,0,0,2,0,0,0,0,0,0,"- ","- ",36.975139617919922,-121.89511871337891,"SANTA CRUZ",UNINCORPORATED,-121.89511871337891,36.97515869140625
94377650,2024,2024-08-30,9720,2024-08-16,1148,022976,,5,1,9,4400,0,2,4,,1,031,"FREEDOM BLVD","LA VIDA DRIVE",643.00,W,N,A,-,N,,,,,,,,,,Y,3,0,1,1,A,-,08,22107,,N,E,I,A,A,H,-,A,D,0,,,,,Y,,A,01,0,1,0,0,0,0,0,0,0,"- ","- ",36.981861114501953,-121.82903289794922,"SANTA CRUZ",UNINCORPORATED,-121.82896423339844,36.981861114501953
94377690,2024,2024-08-30,9720,2024-08-23,1402,023214,,5,2,9,4400,0,1,3,,2,020,"SR-1 S/B TO SR-17 N/B","SR-1 S/B",20.00,N,N,A,-,Y,SCR,,1," "," ",17.099,H,,L,Y,3,0,1,3,A,-,03,22350,,N,C,2,A,A,H,-,A,D,0,,,,,Y,,A,01,0,1,0,0,0,0,0,0,0,"- ","- ",36.986881256103516,-122.02306365966797,"SANTA CRUZ",UNINCORPORATED,-122.02301788330078,36.986862182617188
94377692,2024,2024-08-30,9720,2024-08-24,1135,023214,,6,1,9,4400,0,1,3,,1,010,SR-1,"DAVENPORT AVE",3485.00,S,N,A,-,Y,SCR,,1," "," ",27.953,H,,R,Y,3,0,1,3,A,-,03,22350,,N,C,C,A,A,H,-,A,D,0,,,,,Y,,A,01,0,1,0,0,0,0,0,0,0,"- ","- ",37.004730224609375,-122.18433380126953,"SANTA CRUZ",UNINCORPORATED,-122.18433380126953,37.004726409912109
94377707,2024,2024-08-30,9720,2024-08-22,1628,023331,,4,2,9,4400,0,1,3,,2,020,"SR-1 S/B","PARK AVE",528.00,S,N,A,-,Y,SCR,,1," "," ",12.001,H,,L,N,3,0,1,2,A,-,07,21658,A,N,B,C,A,A,H,-,A,D,0,,,Y,,Y,,A,01,0,1,0,0,0,0,0,0,1,"- ","- ",36.983898162841797,-121.93527984619141,"SANTA CRUZ",UNINCORPORATED,-121.93527984619141,36.983905792236328
94377762,2024,2024-09-02,9720,2024-08-21,1848,023447,,3,2,9,4400,0,3,5,,2,200,"S. MAIN ST","PORTER ST",650.00,N,N,A,-,N,,,,,,,,,,Y,3,0,2,2,A,-,01,23152,A,N,D,C,A,A,H,-,A,D,0,,,,,Y,Y,A,01,0,1,1,0,0,0,0,0,0,"- ","- ",36.985031127929688,-121.95519256591797,"SANTA CRUZ",UNINCORPORATED,-121.95720672607422,36.984161376953125
94383182,2024,2024-09-05,9720,2024-08-25,1826,023611,,7,2,9,4400,0,2,4,,1,024,"PORTOLA DR","26TH AVE",0.00,,Y,A,-,N,,,,,,,,,,N,4,0,1,2,A,-,09,21801,A,N,H,G,A,A,H,-,A,D,0,,Y,,,Y,,A,07,0,0,1,0,0,0,1,0,0,"- ","- ",36.963409423828125,-121.97575378417969,"SANTA CRUZ",UNINCORPORATED,-121.97563934326172,36.963466644287109
94384868,2024,2024-09-06,9720,2024-08-27,1546,023959,,2,2,9,4400,0,3,5,,2,200,"DOLPHIN DR","SEASCAPE BLVD",520.00,N,N,A,-,N,,,,,,,,,,N,4,0,1,1,A,-,08,22107,,N,E,I,A,A,H,-,A,D,0,,,,,Y,,A,07,0,0,1,0,0,0,0,0,0,"- ","- ",36.953128814697266,-121.86976623535156,"SANTA CRUZ",UNINCORPORATED,-121.86969757080078,36.952999114990234
94384872,2024,2024-09-06,9720,2024-08-27,1545,023959,,2,2,9,4400,0,2,4,,1,023,"7TH AVENUE","RODRIGUEZ STREET",0.00,,Y,A,-,N,,,,,,,,,,Y,3,0,1,3,A,-,09,21800,C,N,D,2,A,A,H,-,A,A,0,,Y,,,Y,,A,01,0,1,0,0,0,0,1,0,0,"- ","- ",36.981529235839844,-121.98964691162109,"SANTA CRUZ",UNINCORPORATED,-121.98966217041016,36.981513977050781
9438557,2022,2022-05-16,4404,2022-03-12,1630,5291,4404,6,5,3,4404,0,0,0,,0,00N,"SCOTTS VALLEY DR","WILLIS RD",196.00,N,N,A,-,N,,,,,,,,,,Y,3,0,1,1,B,-,22,,,N,E,I,A,A,H,-,A,D,0,,,,,Y,,A,01,0,1,0,0,0,0,0,0,0,"- ","- ",37.058300018310547,-122.01097106933594,"SANTA CRUZ","SCOTTS VALLEY",-122.01043701171875,37.058406829833984
94387244,2024,2024-09-09,9720,2024-08-29,"755 ",023502,,4,1,9,4400,0,3,5,,2,200,"APTOS ST","BERNAL ST",0.00,,Y,B,-,N,,,,,,,,,,N,4,0,1,2,A,-,12,22450,A,N,H,G,A,A,H,-,A,D,0,,Y,,,Y,,M,91,0,0,1,0,0,0,1,0,0,"- ","- ",36.976268768310547,-121.89890289306641,"SANTA CRUZ",UNINCORPORATED,-121.89888763427734,36.976238250732422
94387245,2024,2024-09-09,9720,2024-08-30,1200,023502,,5,1,9,4400,0,2,4,,1,021,"SOQUEL DR","ROBERTSON ST",0.00,,Y,A,-,N,,,,,,,,,,N,4,0,1,2,A,-,12,22450,A,N,A,C,A,A,H,-,A,A,0,,,,,Y,,A,07,0,0,1,0,0,0,0,0,0,"- ","- ",36.987728118896484,-121.9605712890625,"SANTA CRUZ",UNINCORPORATED,-121.9605712890625,36.987758636474609
94387402,2024,2025-07-24,9720,2024-08-27,"730 ",020562,,2,1,9,4400,1,2,4,,1,032,"GREEN VALLEY RD","PRIMROSE LN",130.00,W,N,A,-,N,,,,,,,,,,Y,3,0,15,2,A,-,05,21460,A,M,A,C,A,A,H,-,A,D,0,,,,,Y,,A,01,0,3,12,0,0,0,0,0,0,"- ","- ",36.969718933105469,-121.768798828125,"SANTA CRUZ",UNINCORPORATED,-121.76500701904297,36.967311859130859
94388021,2024,2024-09-10,9720,2024-09-02,1315,019956,,1,1,9,4400,0,1,3,,2,020,"SR-1 N/B","PARK AVE",1584.00,N,N,A,-,Y,SCR,,1," "," ",12.397,H,,R,Y,3,0,2,2,A,-,03,22350,,N,C,C,A,A,D,-,A,D,0,,,,,Y,,-,"- ",0,1,1,0,0,0,0,0,0,"- ","- ",36.984119415283203,-121.94242858886719,"SANTA CRUZ",UNINCORPORATED,-121.94242858886719,36.984088897705078
94388037,2024,2024-09-10,9720,2024-09-03,1500,022140,,2,2,9,4400,0,3,5,,2,200,"PRESCOTT RD","GLEN HAVEN RD",3960.00,N,N,A,-,N,,,,,,,,,,N,3,0,1,1,A,-,03,22350,,N,F,A,A,A,H,-,A,D,0,,Y,,,Y,,L,04,0,1,0,0,0,0,1,0,0,"- ","- ",37.008289337158203,-121.93669128417969,"SANTA CRUZ",UNINCORPORATED,-121.94548797607422,37.001049041748047
94388607,2024,2024-09-10,9720,2024-08-28,1609,020640,,3,2,9,4400,0,3,5,,2,200,"BURNHAM CT.","RIO DEL MAR BLVD",205.00,W,N,B,-,N,,,,,,,,,,Y,2,0,2,1,A,-,21,22106,,N,E,8,A,A,H,-,A,D,0,,,,,Y,,D,22,2,0,0,0,0,0,0,0,0,"- ","- ",36.969051361083984,-121.90065765380859,"SANTA CRUZ",UNINCORPORATED,-121.90052795410156,36.969001770019531
94388617,2024,2024-09-10,9720,2024-08-30,2029,023610,,5,2,9,4400,0,3,5,,2,300,"LARKIN VALLEY RD","LARKIN VISTA LN",528.00,W,N,A,-,N,,,,,,,,,,Y,3,0,2,1,A,-,01,23152,A,F,E,J,A,A,H,-,D,D,0,,,,,Y,Y,A,01,0,2,0,0,0,0,0,0,0,"- ","- ",36.950920104980469,-121.83193206787109,"SANTA CRUZ",UNINCORPORATED,-121.83184814453125,36.95098876953125
9438887,2022,2022-06-15,4402,2022-04-14,0612,126,4402,4,5,5,4402,0,0,0,,0,000,"RT 1","WESTERN DR",0.00,,Y,B,-,Y,SCR,5,1,-,-,20.090,I,5,N,Y,4,0,1,2,A,-,03,22350,,N,D,C,A,A,H,-,B,A,0,,,,Y,Y,,G,25,0,0,1,0,0,0,0,0,0,"- ","- ",,,"SANTA CRUZ","SANTA CRUZ",-122.05667877197266,36.960914611816406
94390796,2024,2024-09-12,9720,2024-09-03,1430,019521,,2,2,9,4400,0,2,4,,1,024,"BROMMER ST.","30TH AVE.",0.00,,Y,A,-,N,,,,,,,,,,N,3,0,1,2,A,-,09,21800,A,M,H,G,A,A,H,-,A,A,0,,Y,,,Y,,A,07,0,1,0,0,0,0,1,0,0,"- ","- ",36.970180511474609,-121.97328948974609,"SANTA CRUZ",UNINCORPORATED,-121.97325897216797,36.970252990722656
9439081,2022,2022-05-25,4403,2022-05-08,1754,335,3-19,7,5,4,4403,0,0,0,,0,003,"LAKE AV","BRIDGE ST",143.00,W,N,A,-,Y,SCR,5,152,-,-,1.600,H,-,E,Y,4,0,1,2,A,-,06,21750,,F,D,C,A,A,H,-,A,D,0,,,,,Y,,D,22,0,0,1,0,0,0,0,0,0,"- ","- ",,,"SANTA CRUZ",WATSONVILLE,-121.74442291259766,36.930248260498047
94391498,2024,2024-09-12,9720,2024-08-31,1752,023610,,6,2,9,4400,0,3,5,,2,300,"BUENA VISTA DR","BOWKER RD",6.00,S,N,A,-,N,,,,,,,,,,Y,3,0,1,2,A,-,05,21460,,N,A,C,A,A,H,-,A,D,0,,,,,Y,,A,01,0,1,0,0,0,0,0,0,0,"- ","- ",36.939659118652344,-121.7913818359375,"SANTA CRUZ",UNINCORPORATED,-121.79129028320312,36.939620971679688
94391572,2024,2024-09-12,9720,2024-09-01,"57  ",023610,,7,3,9,4400,0,2,4,,1,031,"FREEDOM BLVD","LA VIDA DR",312.00,W,N,A,-,N,,,,,,,,,,Y,2,0,1,1,A,-,01,23152,A,N,E,I,A,A,H,-,D,D,0,,,,,Y,Y,D,22,1,0,0,0,0,0,0,0,0,"- ","- ",36.981098175048828,-121.82858276367188,"SANTA CRUZ",UNINCORPORATED,-121.82853698730469,36.98101806640625
94391583,2024,2024-09-12,9720,2024-09-01,1930,023618,,7,2,9,4400,0,1,3,,2,020,"SR-1 N/B","EMELINE AVE",1795.00,N,N,A,-,Y,SCR,,1," "," ",16.966,H,,R,Y,3,0,1,1,A,-,08,22107,,N,E,8,A,A,H,-,A,D,0,,,,,Y,,A,01,0,1,0,0,0,0,0,0,0,"- ","- ",36.991409301757812,-122.02166748046875,"SANTA CRUZ",UNINCORPORATED,-122.02168273925781,36.991344451904297
9439228,2022,2022-05-31,4403,2022-05-08,1306,381,224,7,5,4,4403,0,0,0,,0,002,"WALKER ST","5TH ST",60.00,S,N,A,-,N,,,,,,,,,,Y,3,0,1,2,A,-,09,21802,A,N,H,J,A,A,H,-,A,A,0,,,Y,,Y,,A,01,0,1,0,0,0,0,0,0,1,"- ","- ",,,"SANTA CRUZ",WATSONVILLE,-121.76447296142578,36.909675598144531
94392415,2024,2024-09-12,9720,2024-09-03,"730 ",022140,,2,1,9,4400,0,1,3,,2,020,"SR-1 N/B","PARK AVE",898.00,N,N,A,-,Y,SCR,,1," "," ",12.278,H,,R,Y,3,0,2,3,A,-,04,21703,,N,C,C,A,A,D,-,A,D,0,,,Y,,Y,,A,01,0,1,1,0,0,0,0,0,1,"- ","- ",36.984058380126953,-121.94026947021484,"SANTA CRUZ",UNINCORPORATED,-121.94026947021484,36.984081268310547
94393806,2024,2024-09-13,9720,2024-07-27,1247,023146,,6,1,9,4400,0,3,5,,2,100,"PINE FLAT RD","MARTIN RD",1056.00,N,N,A,-,N,,,,,,,,,,Y,3,0,1,1,C,-,18,,,N,H,7,A,A,H,-,A,D,0,,,Y,,Y,,-,"- ",0,1,0,0,0,0,0,0,1,"- ","- ",37.047031402587891,-122.15248870849609,"SANTA CRUZ",UNINCORPORATED,-122.15196990966797,37.046554565429688
94393951,2024,2024-09-13,9720,2024-09-04,1240,023146,,3,1,9,4400,0,1,3,,1,014,"BEAR CREEK RD",SR-9,0.00,,Y,A,-,N,,,,,,,,,,Y,3,0,1,2,A,-,09,21802,A,N,F,A,A,A,H,-,A,A,0,,,Y,,Y,,A,07,0,1,0,0,0,0,0,0,1,"- ","- ",37.12847900390625,-122.12300872802734,"SANTA CRUZ",UNINCORPORATED,-122.12302398681641,37.128482818603516
94393997,2024,2024-09-16,9720,2024-09-04,"310 ",023959,,3,3,9,4400,0,1,3,,2,020,"SR-1 N/B TO OCEAN ST","OCEAN ST",833.00,N,N,A,-,Y,SCR,,1," "," ",17.149,H,,R,Y,4,0,1,1,A,-,08,22107,,N,E,8,A,A,H,-,C,D,0,,,,,Y,,A,01,0,0,1,0,0,0,0,0,0,"- ","- ",36.987770080566406,-122.02356719970703,"SANTA CRUZ",UNINCORPORATED,-122.02367401123047,36.987808227539062
94393998,2024,2024-09-16,9720,2024-08-31,1115,023721,,6,1,9,4400,0,1,3,,1,015,SR-9,"LAKEVIEW DR",0.00,,Y,A,-,Y,SCR,,9," "," ",5.424,H,,R,N,4,0,2,2,A,-,09,21802,A,N,D,C,A,A,H,-,A,A,0,,,,,Y,,A,01,0,0,2,0,0,0,0,0,0,"- ","- ",37.038131713867188,-122.0673828125,"SANTA CRUZ",UNINCORPORATED,-122.06733703613281,37.038166046142578
94394001,2024,2024-09-16,9720,2024-09-01,1210,023721,,7,1,9,4400,0,1,3,,1,014,SR-9,"FERN DR",0.00,,Y,A,-,Y,SCR,,9," "," ",17.425,H,,R,N,4,0,1,2,A,-,06,21750,A,N,D,C,A,A,H,-,A,D,0,,,Y,,Y,,C,02,0,0,1,0,0,0,0,0,1,"- ","- ",37.183231353759766,-122.14108276367188,"SANTA CRUZ",UNINCORPORATED,-122.14109802246094,37.183231353759766
94394007,2024,2024-09-16,9720,2024-09-05,"950 ",023103,,4,1,9,4400,0,2,4,,1,021,"SOQUEL DR","APTOS CREEK RD",300.00,W,N,A,-,N,,,,,,,,,,N,3,0,1,2,A,-,00,21760,B,N,H,G,A,A,H,-,A,D,0,,Y,,,Y,,A,01,0,1,0,0,0,0,1,0,0,"- ","- ",36.976390838623047,-121.90334320068359,"SANTA CRUZ",UNINCORPORATED,-121.90310668945312,36.976543426513672
94394577,2024,2024-09-16,9720,2024-09-13,"834 ",023331,,5,1,9,4400,0,3,5,,2,200,"PARK AVE","SUBEC LN",3.00,N,N,A,-,N,,,,,,,,,,N,3,0,1,2,A,-,09,21801,A,N,D,G,A,A,H,-,A,D,0,,Y,,,Y,,A,07,0,1,0,0,0,0,1,0,0,"- ","- ",36.986759185791016,-121.93650817871094,"SANTA CRUZ",UNINCORPORATED,-121.93643951416016,36.986747741699219
94395323,2024,2024-09-16,9720,2024-09-04,1618,019956,,3,2,9,4400,0,1,3,,2,020,"SR-1 S/B","MORRISSEY BLVD",2112.00,S,N,A,-,Y,SCR,,1," "," ",15.461,H,,L,Y,3,0,1,3,A,-,03,22350,,N,C,C,A,A,H,-,A,D,0,,,,Y,Y,,F,26,0,1,0,0,0,0,0,0,0,"- ","- ",36.988090515136719,-121.99691772460938,"SANTA CRUZ",UNINCORPORATED,-121.99691772460938,36.988121032714844
94395344,2024,2024-09-16,9720,2024-09-05,1725,023573,,4,2,9,4400,0,3,5,,2,100,"ZAYANTE RD","QUAIL HOLLOW RD",50.00,S,N,A,-,N,,,,,,,,,,N,3,0,1,2,A,-,03,22350,,N,C,C,A,A,H,-,A,D,0,,,Y,,Y,,C,02,0,1,0,0,0,0,0,0,1,"- ","- ",37.07421875,-122.05525970458984,"SANTA CRUZ",UNINCORPORATED,-122.05577087402344,37.074378967285156
94395365,2024,2024-09-16,9720,2024-09-06,1155,023573,,5,1,9,4400,0,3,5,,2,100,"BEAN CREEK RD","GLENWOOD DR",528.00,S,N,A,-,N,,,,,,,,,,N,3,0,1,1,A,-,03,22350,,N,F,A,A,A,B,-,A,A,0,,Y,,,Y,,L,04,0,1,0,0,0,0,1,0,0,"- ","- ",37.084430694580078,-122.00962066650391,"SANTA CRUZ",UNINCORPORATED,-122.00578308105469,37.086601257324219
94395378,2024,2024-09-16,9720,2024-09-06,1745,023387,,5,2,9,4400,0,3,5,,2,200,"EATON ST","7TH AVE",18.00,W,N,A,-,N,,,,,,,,,,N,3,0,1,2,A,-,08,22107,,N,H,G,A,A,H,-,A,A,0,,Y,,,Y,,M,91,0,1,0,0,0,0,1,0,0,"- ","- ",36.967681884765625,-121.99822998046875,"SANTA CRUZ",UNINCORPORATED,-121.99806213378906,36.967674255371094
94395388,2024,2024-09-16,9720,2024-09-07,"820 ",023214,,6,1,9,4400,0,3,5,,2,100,"BEAR CREEK RD","SKYLINE BLVD",3590.00,W,N,A,-,N,,,,,,,,,,Y,3,0,1,1,A,-,08,22107,,N,E,I,A,A,H,-,A,D,0,,,,,Y,,A,01,0,1,0,0,0,0,0,0,0,"- ","- ",37.167598724365234,-122.03797149658203,"SANTA CRUZ",UNINCORPORATED,-122.03750610351562,37.167598724365234
94395393,2024,2024-09-16,9720,2024-09-05,1600,023573,,4,2,9,4400,0,1,3,,1,010,SR-1,"LAGUNA RD",150.00,N,N,A,-,Y,SCR,,1," "," ",25.991,H,,R,Y,3,0,1,2,A,-,03,22350,,N,C,C,A,A,H,-,A,D,0,,,,,Y,,A,08,0,1,0,0,0,0,0,0,0,"- ","- ",36.987068176269531,-122.15547943115234,"SANTA CRUZ",UNINCORPORATED,-122.15547180175781,36.987087249755859
94398115,2024,2024-09-18,9720,2024-09-05,1420,023502,,4,2,9,4400,0,2,4,,1,021,"SOQUEL AVE","SOQUEL DR",0.00,,Y,A,-,N,,,,,,,,,,N,4,0,1,2,A,-,08,22107,,F,H,G,A,A,H,-,A,A,0,,Y,,,Y,,-,99,0,0,1,0,0,0,1,0,0,"- ","- ",36.985870361328125,-121.98764801025391,"SANTA CRUZ",UNINCORPORATED,-121.98756408691406,36.985950469970703
94398121,2024,2024-09-18,9720,2024-09-05,1613,023502,,4,2,9,4400,0,2,4,,1,024,"CAPITOLA RD","16TH AVENUE",5.00,E,N,A,-,N,,,,,,,,,,N,2,0,1,2,A,-,03,22350,,N,A,C,A,A,H,-,A,D,0,,,Y,,Y,,C,02,1,0,0,0,0,0,0,0,1,"- ","- ",36.976158142089844,-121.98445892333984,"SANTA CRUZ",UNINCORPORATED,-121.98415374755859,36.976154327392578
9439844,2022,2022-11-03,4402,2022-04-16,0200,181,4402,6,5,5,4402,0,0,0,,0,000,"PACIFIC AV","WALNUT AV",72.00,S,N,C,-,N,,,,,,,,,,N,4,0,3,2,A,-,17,21657,,F,C,G,A,B,-,-,C,D,0,,Y,,,Y,Y,D,22,0,0,3,0,0,0,3,0,0,"- ","- ",,,"SANTA CRUZ","SANTA CRUZ",-122.02597808837891,36.973346710205078
94399014,2024,2024-09-18,9720,2024-07-10,1721,022879,,3,2,9,4400,0,3,5,,2,100,"MT. HERMON","COVENANT LN.",950.00,W,N,A,-,N,,,,,,,,,,Y,2,0,2,2,A,-,05,21651,B,N,A,C,A,A,H,-,A,D,0,,,,,Y,,A,01,2,0,0,0,0,0,0,0,0,"- ","- ",37.053440093994141,-122.06360626220703,"SANTA CRUZ",UNINCORPORATED,-122.06346130371094,37.053565979003906
94399629,2024,2025-04-22,9720,2024-09-10,"818 ",020640,,2,1,9,4400,0,2,4,,1,024,"PORTOLA DR","NOVA DR",0.00,,Y,B,-,N,,,,,,,,,,N,4,0,1,2,A,-,08,22107,,N,H,G,A,A,H,-,A,A,0,,Y,,,Y,,A,07,0,0,1,0,0,0,1,0,0,"- ","- ",36.968288421630859,-121.95874786376953,"SANTA CRUZ",UNINCORPORATED,-121.95863342285156,36.968284606933594
94399693,2024,2024-09-19,9720,2024-09-10,"927 ",023103,,2,1,9,4400,0,1,3,,1,014,SR-9,"BEEKHUIS RD",3168.00,S,N,A,-,Y,SCR,,9," "," ",22.737,H,,R,Y,3,0,1,2,A,-,05,21460,A,N,A,C,A,A,H,-,A,D,0,,,,,Y,,A,01,0,1,0,0,0,0,0,0,0,"- ","- ",37.228599548339844,-122.14827728271484,"SANTA CRUZ",UNINCORPORATED,-122.14829254150391,37.228645324707031
94400544,2024,2024-09-19,9720,2024-09-01,2030,023811,,7,2,9,4400,0,1,3,,2,030,"SR-1 S/B","VISTA POINT",2640.00,S,N,A,-,Y,SCR,,1," ",R,5.377,H,,L,Y,3,0,1,1,A,-,01,23152,A,N,E,8,A,A,H,-,C,D,0,,,,,Y,Y,A,07,0,1,0,0,0,0,0,0,0,"- ","- ",36.937858581542969,-121.83274841308594,"SANTA CRUZ",UNINCORPORATED,-121.83270263671875,36.937957763671875
94400577,2024,2024-09-19,9720,2024-09-08,1950,023636,,7,2,9,4400,0,3,5,,2,100,"EAST ZAYANTE RD","DEERHORN LN",0.00,,Y,A,-,N,,,,,,,,,,Y,3,0,2,2,A,-,05,21460,,N,A,C,A,A,H,-,D,D,0,,,,,Y,,A,01,0,1,1,0,0,0,0,0,0,"- ","- ",37.057060241699219,-122.06017303466797,"SANTA CRUZ",UNINCORPORATED,-122.06011962890625,37.057086944580078
94400919,2024,2024-09-19,9720,2024-09-10,"715 ",021211,,2,1,9,4400,0,2,4,,1,032,"GREEN VALLEY RD.","MINTO RD.",0.00,,Y,B,-,N,,,,,,,,,,Y,4,0,1,2,A,-,12,21453,A,N,D,C,A,A,H,-,A,A,0,,,,,Y,,A,07,0,0,1,0,0,0,0,0,0,"- ","- ",36.951358795166016,-121.76487731933594,"SANTA CRUZ",UNINCORPORATED,-121.76490783691406,36.951362609863281
94400928,2024,2024-09-19,9720,2024-09-10,2130,023186,,2,2,9,4400,0,2,4,,1,032,"GREEN VALLEY RD","DICK PHELPS RD",213.00,S,N,A,-,N,,,,,,,,,,Y,3,0,2,1,A,-,08,22107,,N,E,8,A,A,H,-,C,D,0,,,,,Y,,A,01,0,2,0,0,0,0,0,0,0,"- ","- ",36.948940277099609,-121.76499938964844,"SANTA CRUZ",UNINCORPORATED,-121.76506042480469,36.948932647705078
94401012,2024,2024-09-19,9720,2024-09-11,"809 ",021211,,3,1,9,4400,0,1,3,,2,030,"SR-1 N/B","LARKIN VALLEY RD",528.00,N,N,A,-,Y,SCR,,1," ",R,7.768,H,,R,N,4,0,1,2,A,-,03,22350,,N,C,C,A,A,H,-,A,A,0,,,,,Y,,A,07,0,0,1,0,0,0,0,0,0,"- ","- ",36.961750030517578,-121.86354827880859,"SANTA CRUZ",UNINCORPORATED,-121.86347961425781,36.961795806884766
94401079,2024,2024-09-20,9720,2024-09-09,2012,023959,,1,2,9,4400,0,1,3,,2,020,"SR-1 N/B FROM STATE PARK DR","STATE PARK DR.",47.00,N,N,A,-,Y,,,,,,,,,,Y,3,0,1,1,A,-,01,23152,A,N,E,I,A,A,H,-,C,A,0,,,,,Y,Y,A,01,0,1,0,0,0,0,0,0,0,"- ","- ",36.978801727294922,-121.90997314453125,"SANTA CRUZ",UNINCORPORATED,-121.91046905517578,36.978107452392578
94401081,2024,2024-09-20,9720,2024-09-09,2011,023959,,1,2,9,4400,0,1,3,,2,020,"SR-1 N/B TO STATE PARK DR.","STATE PARD DR",22.00,S,N,A,-,Y,,,,,,,,,,N,3,0,2,2,A,-,01,23152,A,F,C,C,A,A,H,-,C,A,0,,,,,Y,Y,A,01,0,1,1,0,0,0,0,0,0,"- ","- ",36.978851318359375,-121.90940093994141,"SANTA CRUZ",UNINCORPORATED,,
94401082,2024,2024-09-20,9720,2024-09-08,"48  ",023611,,7,3,9,4400,0,2,4,,1,021,"SOQUEL DR","PARK AVE",0.00,,Y,A,-,N,,,,,,,,,,Y,4,0,1,2,A,-,01,23152,A,N,D,C,A,A,H,-,C,A,0,,,,,Y,Y,A,07,0,0,1,0,0,0,0,0,0,"- ","- ",36.989189147949219,-121.93573760986328,"SANTA CRUZ",UNINCORPORATED,-121.93574523925781,36.989109039306641
94401126,2024,2024-09-20,9720,2024-09-12,1658,019521,,4,2,9,4400,0,2,4,,1,021,"SOQUEL DR","HEATHER TER",140.00,E,N,A,-,N,,,,,,,,,,N,3,0,1,2,A,-,09,21801,A,N,H,G,A,A,H,-,A,A,0,,Y,,,Y,,A,01,0,1,0,0,0,0,1,0,0,"- ","- ",36.981960296630859,-121.9105224609375,"SANTA CRUZ",UNINCORPORATED,-121.91214752197266,36.982906341552734
94403313,2024,2024-09-23,9720,2024-09-11,1700,021211,,3,2,9,4400,0,3,5,,2,300,"CARLTON RD.","THOMPSON RD.",80.00,S,N,A,-,N,,,,,,,,,,Y,4,0,1,2,A,-,03,22350,,N,A,C,A,A,H,-,A,D,0,,,,,Y,,A,01,0,0,1,0,0,0,0,0,0,"- ","- ",36.938159942626953,-121.70680236816406,"SANTA CRUZ",UNINCORPORATED,-121.70682525634766,36.938133239746094