CASE_ID,ACCIDENT_YEAR,PROC_DATE,JURIS,COLLISION_DATE,COLLISION_TIME,OFFICER_ID,REPORTING_DISTRICT,DAY_OF_WEEK,CHP_SHIFT,POPULATION,CNTY_CITY_LOC,SPECIAL_COND,BEAT_TYPE,CHP_BEAT_TYPE,CITY_DIVISION_LAPD,CHP_BEAT_CLASS,BEAT_NUMBER,PRIMARY_RD,SECONDARY_RD,DISTANCE,DIRECTION,INTERSECTION,WEATHER_1,WEATHER_2,STATE_HWY_IND,CALTRANS_COUNTY,CALTRANS_DISTRICT,STATE_ROUTE,ROUTE_SUFFIX,POSTMILE_PREFIX,POSTMILE,LOCATION_TYPE,RAMP_INTERSECTION,SIDE_OF_HWY,TOW_AWAY,COLLISION_SEVERITY,NUMBER_KILLED,NUMBER_INJURED,PARTY_COUNT,PRIMARY_COLL_FACTOR,PCF_CODE_OF_VIOL,PCF_VIOL_CATEGORY,PCF_VIOLATION,PCF_VIOL_SUBSECTION,HIT_AND_RUN,TYPE_OF_COLLISION,MVIW,PED_ACTION,ROAD_SURFACE,ROAD_COND_1,ROAD_COND_2,LIGHTING,CONTROL_DEVICE,CHP_ROAD_TYPE,PEDESTRIAN_ACCIDENT,BICYCLE_ACCIDENT,MOTORCYCLE_ACCIDENT,TRUCK_ACCIDENT,NOT_PRIVATE_PROPERTY,ALCOHOL_INVOLVED,STWD_VEHTYPE_AT_FAULT,CHP_VEHTYPE_AT_FAULT,COUNT_SEVERE_INJ,COUNT_VISIBLE_INJ,COUNT_COMPLAINT_PAIN,COUNT_PED_KILLED,COUNT_PED_INJURED,COUNT_BICYCLIST_KILLED,COUNT_BICYCLIST_INJURED,COUNT_MC_KILLED,COUNT_MC_INJURED,PRIMARY_RAMP,SECONDARY_RAMP,LATITUDE,LONGITUDE,COUNTY,CITY,POINT_X,POINT_Y
94404892,2024,2024-09-23,9720,2024-09-12,"755 ",023103,,4,1,9,4400,0,2,4,,1,032,"HOLOHAN RD","GREEN VALLEY RD",1056.00,E,N,A,-,N,,,,,,,,,,N,4,0,1,2,A,-,12,22450,A,N,H,G,A,A,H,-,A,A,0,,Y,,,Y,,A,07,0,0,1,0,0,0,1,0,0,"- ","- ",36.940418243408203,-121.76686859130859,"SANTA CRUZ",UNINCORPORATED,-121.7659912109375,36.940280914306641
94404904,2024,2024-09-23,9720,2024-09-11,"900 ",023103,,3,1,9,4400,0,2,4,,1,021,"SOQUEL DRIVE","N MAIN ST",0.00,,Y,A,-,N,,,,,,,,,,N,4,0,1,2,A,-,06,21755,A,N,H,G,A,A,H,-,A,A,0,,Y,,,Y,,M,91,0,0,1,0,0,0,1,0,0,"- ","- ",36.988899230957031,-121.95456695556641,"SANTA CRUZ",UNINCORPORATED,-121.95462799072266,36.988838195800781
94406119,2024,2024-09-24,9720,2024-09-12,"820 ",022044,,4,1,9,4400,0,2,4,,1,022,"PORTER ST","2700 PORTER ST.",0.00,,Y,A,-,N,,,,,,,,,,N,3,0,1,2,A,-,08,22107,,N,H,6,A,A,H,-,A,D,0,,Y,,,Y,,A,07,0,1,0,0,0,0,1,0,0,"- ","- ",36.985080718994141,-121.95722961425781,"SANTA CRUZ",UNINCORPORATED,-121.95712280273438,36.983646392822266
94406661,2024,2024-09-24,9720,2024-09-18,"110 ",020640,,3,3,9,4400,0,3,5,,2,200,"SAN ANDREAS RD S/B TO SEASCAPE BLVD W/B","SEASCAPE BLVD",15.00,N,N,B,-,N,,,,,,,,,,Y,3,0,1,1,A,-,03,22350,,N,E,I,A,A,H,-,D,A,0,,,,,Y,,A,01,0,1,0,0,0,0,0,0,0,"- ","- ",36.951129913330078,-121.86422729492188,"SANTA CRUZ",UNINCORPORATED,-121.86405181884766,36.951118469238281
94406680,2024,2024-09-24,9720,2024-09-16,"952 ",019956,,1,1,9,4400,0,1,3,,2,020,"SR-1 N/B","STATE PARD DR",1056.00,S,N,B,-,Y,SCR,,1," "," ",10.327,H,,R,N,4,0,1,3,A,-,04,21703,,N,C,C,A,A,D,-,A,D,0,,,,,Y,,A,07,0,0,1,0,0,0,0,0,0,"- ","- ",36.976371765136719,-121.90718078613281,"SANTA CRUZ",UNINCORPORATED,-121.90715789794922,36.976394653320312
94406837,2024,2024-09-24,9720,2024-09-13,1600,022901,,5,2,9,4400,0,1,3,,1,017,"SR17 N/B","VINE HILL RD",3115.00,N,N,A,-,Y,SCR,,17," "," ",8.194,H,,R,N,3,0,1,1,A,-,08,22107,,N,E,8,A,A,H,-,A,D,0,,,,,Y,,A,01,0,1,0,0,0,0,0,0,0,"- ","- ",37.087070465087891,-121.97904205322266,"SANTA CRUZ",UNINCORPORATED,-121.97886657714844,37.087055206298828
94406852,2024,2024-09-24,9720,2024-09-12,2000,023959,,4,2,9,4400,0,2,4,,1,021,"SOQUEL DR.","PERIMETER RD.",300.00,E,N,A,-,N,,,,,,,,,,N,4,0,1,2,A,-,08,22107,,N,B,E,A,A,H,-,C,D,0,,Y,,,Y,,M,91,0,0,1,0,0,0,1,0,0,"- ","- ",36.989330291748047,-121.92803192138672,"SANTA CRUZ",UNINCORPORATED,-121.92818450927734,36.989276885986328
94406855,2024,2024-09-25,9720,2024-09-12,1639,023103,,4,2,9,4400,0,3,5,,2,300,"LAKEVIEW RD","NICHOLAS LN",780.00,S,N,A,-,N,,,,,,,,,,Y,4,0,1,1,A,-,01,23152,A,N,E,8,A,A,H,-,A,D,0,,,,,Y,Y,A,01,0,0,1,0,0,0,0,0,0,"- ","- ",36.941791534423828,-121.72213745117188,"SANTA CRUZ",UNINCORPORATED,-121.72226715087891,36.941757202148438
9440792,2022,2022-05-10,4403,2022-04-24,1226,381,,7,5,4,4403,0,0,0,,0,,"MAIN ST",CROSSROADS,0.00,,Y,A,-,Y,SCR,5,152,-,T,1.384,I,5,W,N,3,0,3,2,A,-,12,21453,A,N,D,C,A,A,H,-,A,A,0,,,,,Y,,D,22,0,1,2,0,0,0,0,0,0,"- ","- ",,,"SANTA CRUZ",WATSONVILLE,-121.78056335449219,36.918148040771484
9440903,2022,2022-05-12,4402,2022-04-16,1718,194,4402,6,5,5,4402,0,0,0,,0,000,"CHESTNUT ST","LAUREL ST",0.00,,Y,A,-,N,,,,,,,,,,N,3,0,1,1,A,-,08,22107,,N,F,A,A,A,H,-,A,A,0,,Y,,,Y,,L,04,0,1,0,0,0,0,1,0,0,"- ","- ",,,"SANTA CRUZ","SANTA CRUZ",-122.02934265136719,36.968704223632812
9440905,2022,2022-05-12,4402,2022-04-14,1730,194,4402,4,5,5,4402,0,0,0,,0,,"CHESTNUT ST","CHURCH ST",0.00,,Y,B,-,N,,,,,,,,,,N,3,0,1,2,A,-,08,22100,A,N,D,G,A,A,H,-,A,D,0,,Y,,,Y,,A,01,0,1,0,0,0,0,1,0,0,"- ","- ",,,"SANTA CRUZ","SANTA CRUZ",-122.03089904785156,36.973747253417969
9440906,2022,2022-05-12,4402,2022-04-16,1352,194,4402,6,5,5,4402,0,0,0,,0,,"MELROSE AV","SAN JUAN AV",54.00,E,N,A,-,N,,,,,,,,,,N,3,0,1,2,C,-,18,,,N,E,G,A,A,H,-,A,D,0,,Y,,,Y,,-,"- ",0,1,0,0,0,0,1,0,0,"- ","- ",,,"SANTA CRUZ","SANTA CRUZ",-122.00333404541016,36.983085632324219
9440907,2022,2022-05-12,4402,2022-04-17,2300,174,4402,7,5,5,4402,0,0,0,,0,,"FRONT ST","LAUREL AV",100.00,N,N,A,-,N,,,,,,,,,,Y,4,0,1,1,A,-,01,23153,A,N,E,I,A,A,H,-,C,D,0,,,,,Y,Y,A,07,0,0,1,0,0,0,0,0,0,"- ","- ",,,"SANTA CRUZ","SANTA CRUZ",-122.02383422851562,36.969593048095703
9440908,2022,2022-05-12,4402,2022-04-19,1753,167,4402,2,5,5,4402,0,0,0,,0,,"OCEAN ST","SOQUEL AV",3.00,S,N,A,-,N,,,,,,,,,,N,4,0,1,2,A,-,12,21453,A,N,G,B,B,A,H,-,A,A,0,Y,,,,Y,,A,01,0,0,1,0,1,0,0,0,0,"- ","- ",,,"SANTA CRUZ","SANTA CRUZ",-122.01890563964844,36.974540710449219
94409975,2024,2024-09-26,9720,2024-09-18,1530,021833,,3,2,9,4400,0,2,4,,1,021,"SOQUEL DRIVE","FAIRWAY DRIVE",0.00,,Y,A,-,N,,,,,,,,,,Y,3,0,2,2,A,-,12,21453,A,N,D,C,A,A,H,-,A,A,0,,,,,Y,,D,22,0,1,1,0,0,0,0,0,0,"- ","- ",36.987838745117188,-121.94613647460938,"SANTA CRUZ",UNINCORPORATED,-121.94611358642578,36.987739562988281
9441002,2022,2022-05-12,4402,2022-03-30,1321,197,4402,3,5,5,4402,0,0,0,,0,000,"LAURENT ST","HIGH ST",0.00,,Y,A,-,N,,,,,,,,,,N,3,0,1,2,A,-,12,22450,,N,D,G,A,A,H,-,A,-,0,,Y,,,Y,,L,04,0,1,0,0,0,0,1,0,0,"- ","- ",,,"SANTA CRUZ","SANTA CRUZ",-122.04250335693359,36.977687835693359
94411195,2024,2024-09-27,9720,2024-09-19,"735 ",022140,,4,1,9,4400,0,1,3,,2,020,"SR-1 N/B","EMELINE AVE",630.00,N,N,B,-,Y,SCR,,1," "," ",16.756,H,,R,N,4,0,1,2,A,-,04,21703,,N,C,C,A,A,D,-,A,A,0,,,,,Y,,A,07,0,0,1,0,0,0,0,0,0,"- ","- ",36.989471435546875,-122.02020263671875,"SANTA CRUZ",UNINCORPORATED,-122.02020263671875,36.989452362060547
94411326,2024,2024-09-27,9720,2024-09-20,"635 ",023573,,5,1,9,4400,0,1,3,,1,035,SR-129,"LAKEVIEW RD",528.00,E,N,B,-,Y,SCR,,129," "," ",1.596,H,,R,Y,3,0,2,2,A,-,05,21460,A,N,A,C,A,B,H,-,B,D,0,,,,,Y,,A,01,0,2,0,0,0,0,0,0,0,"- ","- ",36.917430877685547,-121.72817230224609,"SANTA CRUZ",UNINCORPORATED,-121.72817230224609,36.917434692382812
94411346,2024,2024-09-27,9720,2024-09-20,1230,023146,,5,1,9,4400,0,3,5,,2,100,"EMPIRE GRADE RD","BONNYWOOD WAY",1320.00,S,N,A,-,N,,,,,,,,,,N,3,0,1,1,A,-,08,22107,,N,E,I,A,A,H,-,A,D,0,,,,,Y,,A,07,0,1,0,0,0,0,0,0,0,"- ","- ",37.038990020751953,-122.10748291015625,"SANTA CRUZ",UNINCORPORATED,-122.107666015625,37.038768768310547
94411810,2024,2024-09-30,9720,2024-09-24,1150,023103,,2,1,9,4400,0,2,4,,1,021,"SOQUEL DR","THURBER LN",0.00,,Y,A,-,N,,,,,,,,,,N,4,0,1,2,A,-,12,21453,A,N,H,G,A,A,H,-,A,A,0,,Y,,,Y,,M,91,0,0,1,0,0,0,1,0,0,"- ","- ",36.988861083984375,-121.97917938232422,"SANTA CRUZ",UNINCORPORATED,-121.97917938232422,36.988758087158203
94413279,2024,2024-09-30,9720,2024-09-06,1012,022044,,5,1,9,4400,0,3,5,,2,200,"VALENCIA RD","LUPINE VALLEY RD",5280.00,W,N,A,-,N,,,,,,,,,,N,4,0,1,2,D,-,00,,,M,D,C,A,A,H,-,A,D,0,,,Y,,Y,,-,"- ",0,0,1,0,0,0,0,0,1,"- ","- ",36.989189147949219,-121.86905670166016,"SANTA CRUZ",UNINCORPORATED,-121.86360931396484,36.992397308349609
94413287,2024,2024-09-30,9720,2024-08-07,1025,023959,,3,1,9,4400,0,2,4,,1,021,"SOQUEL DRIVE","HEATHER TERRACE",200.00,E,N,A,-,N,,,,,,,,,,N,3,0,1,2,A,-,03,22350,,M,H,0,A,A,H,-,A,D,0,,,Y,,Y,,C,02,0,1,0,0,0,0,0,0,1,"- ","- ",36.982021331787109,-121.91039276123047,"SANTA CRUZ",UNINCORPORATED,-121.91197204589844,36.982818603515625
94413770,2024,2024-10-01,9720,2024-09-20,1000,023507,,5,1,9,4400,0,2,4,,1,021,"SOQUEL DR","ROBERTSON ST",100.00,N,N,A,-,N,,,,,,,,,,N,4,0,1,2,C,-,18,,,N,E,J,A,A,H,-,A,D,0,,Y,,,Y,,-,"- ",0,0,1,0,0,0,0,0,0,"- ","- ",36.987918853759766,-121.96098327636719,"SANTA CRUZ",UNINCORPORATED,-121.96090698242188,36.987823486328125
94413806,2024,2024-10-01,9720,2024-09-18,2350,023186,,3,3,9,4400,0,1,3,,1,035,SR-129,"LAKEVIEW DR",168.00,W,N,A,-,Y,SCR,,129," "," ",1.377,H,,R,Y,4,0,1,1,A,-,01,23152,F,N,E,I,A,A,H,-,C,D,0,,,,,Y,,A,01,0,0,1,0,0,0,0,0,0,"- ","- ",36.916698455810547,-121.73206329345703,"SANTA CRUZ",UNINCORPORATED,-121.73207855224609,36.916740417480469
94415023,2024,2024-10-01,9720,2024-09-08,1050,023721,,7,1,9,4400,0,2,4,,1,032,"GREEN VALLEY RD","MELLO VIEW LANE",80.00,N,N,A,-,N,,,,,,,,,,Y,4,0,2,2,A,-,03,22350,,N,C,C,A,A,H,-,A,A,0,,,,,Y,,D,22,0,0,2,0,0,0,0,0,0,"- ","- ",36.950859069824219,-121.76487731933594,"SANTA CRUZ",UNINCORPORATED,-121.764892578125,36.950798034667969
94415565,2024,2024-10-01,9720,2024-09-25,1618,021833,,3,2,9,4400,0,2,4,,1,021,"SOQUEL DR.","SAN CARLOS LN",0.00,,Y,A,-,N,,,,,,,,,,N,3,0,1,2,A,-,09,21801,A,N,H,G,A,A,H,-,A,D,0,,Y,,,Y,,A,08,0,1,0,0,0,0,1,0,0,"- ","- ",36.987880706787109,-121.97293853759766,"SANTA CRUZ",UNINCORPORATED,-121.972900390625,36.987964630126953
94416732,2024,2024-10-02,9720,2024-09-21,"236 ",023610,,6,3,9,4400,0,3,5,,2,300,"LARKIN VALLEY RD","RIDGEWAY ST",128.00,S,N,F,-,N,,,,,,,,,,Y,3,0,2,1,A,-,01,23152,A,F,E,8,A,B,H,-,D,D,0,,,,,Y,Y,A,01,0,2,0,0,0,0,0,0,0,"- ","- ",36.927669525146484,-121.80149841308594,"SANTA CRUZ",UNINCORPORATED,-121.80143737792969,36.927749633789062
94417111,2024,2024-10-02,9720,2024-09-23,1225,021211,,1,1,9,4400,0,2,4,,1,024,"CAPITOLA RD.","JOSE AVE.",0.00,,Y,A,-,N,,,,,,,,,,Y,3,0,2,2,A,-,03,22350,,N,C,C,A,A,H,-,A,D,0,,,,,Y,,A,01,0,1,1,0,0,0,0,0,0,"- ","- ",36.977958679199219,-121.9893798828125,"SANTA CRUZ",UNINCORPORATED,-121.98921203613281,36.97796630859375
94417853,2024,2024-10-03,9730,2024-09-27,1631,023317,,5,2,9,4400,0,2,S,,2,904,"SOQUEL SAN JOSE RD","SOQUEL DR",2640.00,N,N,A,-,N,,,,,,,,,,N,4,0,1,2,A,-,03,22350,,N,C,C,A,A,H,-,A,D,0,,,,,Y,,A,01,0,0,1,0,0,0,0,0,0,"- ","- ",36.994838714599609,-121.95690155029297,"SANTA CRUZ",UNINCORPORATED,,
94418195,2024,2024-10-03,9720,2024-09-07,1705,023721,,6,2,9,4400,0,1,3,,1,035,SR-129,"ROGGE LN",5280.00,E,N,A,-,Y,SCR,,129," "," ",8.284,H,,R,Y,3,0,1,2,A,-,01,23152,A,N,D,C,A,A,H,-,A,D,0,,,,,Y,Y,A,01,0,1,0,0,0,0,0,0,0,"- ","- ",36.911270141601562,-121.62474822998047,"SANTA CRUZ",UNINCORPORATED,-121.624755859375,36.911262512207031
94418209,2024,2024-10-03,9720,2024-09-14,1745,023721,,6,2,9,4400,0,1,3,,1,015,"SR-9 N/B","PIKE RD",1056.00,S,N,A,-,Y,SCR,,9," "," ",10.385,H,,R,Y,3,0,1,1,A,-,01,23152,A,N,E,8,A,A,H,-,A,D,0,,,,,Y,Y,A,07,0,1,0,0,0,0,0,0,0,"- ","- ",37.098381042480469,-122.09792327880859,"SANTA CRUZ",UNINCORPORATED,-122.09797668457031,37.098335266113281
94418249,2024,2024-10-03,9720,2024-09-20,1828,023721,,5,2,9,4400,0,1,3,,1,014,SR-9,"RED MOUNTAIN TRAIL",850.00,N,N,A,-,Y,SCR,,9," "," ",26.252,H,,R,N,2,0,1,1,A,-,03,22350,,N,F,A,A,A,H,-,A,D,0,,,Y,,Y,,C,02,1,0,0,0,0,0,0,0,1,"- ","- ",37.254051208496094,-122.13468170166016,"SANTA CRUZ",UNINCORPORATED,-122.13463592529297,37.254043579101562
94418705,2024,2024-10-04,9720,2024-09-23,1515,023811,,1,2,9,4400,0,3,5,,2,100,"BEAR CREEK RD.","SUNSET RIDGE RD",2112.00,E,N,A,-,N,,,,,,,,,,Y,3,0,1,3,A,-,05,21460,,N,A,C,A,A,H,-,A,D,0,,,,Y,Y,,A,01,0,1,0,0,0,0,0,0,0,"- ","- ",37.167449951171875,-122.03479766845703,"SANTA CRUZ",UNINCORPORATED,-122.03610992431641,37.167304992675781
94422129,2024,2024-10-07,9720,2024-09-25,"300 ",023959,,3,3,9,4400,0,2,4,,1,024,"EAST CLIFF DR","PROSPECT ST",520.00,W,N,A,-,N,,,,,,,,,,Y,4,0,1,1,A,-,01,23152,F,N,E,I,A,A,H,-,C,D,0,,,,,Y,,A,01,0,0,1,0,0,0,0,0,0,"- ","- ",36.962070465087891,-121.99601745605469,"SANTA CRUZ",UNINCORPORATED,-121.99589538574219,36.962070465087891
94422151,2024,2024-10-22,9720,2024-09-10,2124,023419,,2,2,9,4400,0,2,4,,1,024,"BROMMER ST","LIVE OAK AVE",0.00,,Y,A,-,N,,,,,,,,,,Y,2,0,1,2,A,-,09,21801,A,N,D,C,A,A,H,-,C,D,0,,,Y,,Y,,D,22,1,0,0,0,0,0,0,0,0,"- ","- ",36.972049713134766,-121.9915771484375,"SANTA CRUZ",UNINCORPORATED,-121.99150085449219,36.972053527832031
94422164,2024,2024-10-08,9720,2024-02-18,1205,022901,,7,1,9,4400,0,3,5,,2,300,"EUREKA CANYON ROAD","LAS COLINAS DRIVE",1056.00,S,N,B,-,N,,,,,,,,,,Y,1,1,0,1,A,-,08,22107,,N,E,8,A,B,H,-,A,D,0,,,,,Y,,A,07,0,0,0,0,0,0,0,0,0,"- ","- ",37.005550384521484,-121.808837890625,"SANTA CRUZ",UNINCORPORATED,-121.80874633789062,37.00543212890625
9442479,2022,2022-05-02,4404,2022-02-14,1259,5440,4404,1,5,3,4404,0,0,0,,0,00S,"MT HERMON RD","KINGS VILLAGE RD",103.00,E,N,A,-,N,,,,,,,,,,Y,3,0,1,2,A,-,21,22106,,N,D,C,A,A,H,-,A,A,0,,,,,Y,,A,01,0,1,0,0,0,0,0,0,0,"- ","- ",37.405338287353516,-122.02707672119141,"SANTA CRUZ","SCOTTS VALLEY",-122.02799224853516,37.045852661132812
94425464,2024,2024-10-09,9720,2024-09-28,1120,023214,,6,1,9,4400,0,1,3,,1,014,SR-9,SR-236,1637.00,S,N,A,-,Y,SCR,,9," "," ",20.497,H,,R,Y,3,0,1,1,A,-,08,22107,,N,E,8,A,A,H,-,A,D,0,,,,,Y,,A,01,0,1,0,0,0,0,0,0,0,"- ","- ",37.210960388183594,-122.1513671875,"SANTA CRUZ",UNINCORPORATED,-122.15132141113281,37.211021423339844
94426869,2024,2024-10-10,9720,2024-09-29,"410 ",023447,,7,3,9,4400,0,1,3,,1,017,"SR-17 S/B","GLENWOOD DR",0.25,S,N,E,-,Y,SCR,,17," "," ",10.355,H,,L,Y,4,0,1,1,A,-,08,22107,,N,E,I,A,A,H,-,D,D,0,,,,,Y,,A,07,0,0,1,0,0,0,0,0,0,"- ","- ",37.115989685058594,-121.97590637207031,"SANTA CRUZ",UNINCORPORATED,-121.97579956054688,37.116008758544922
94426883,2024,2024-10-10,9720,2024-09-29,"955 ",022901,,7,1,9,4400,0,3,5,,2,200,"SOQUEL AVENUE","CAPITOLA ROAD EXTENSION",0.00,,Y,B,-,N,,,,,,,,,,Y,4,0,1,2,A,-,09,21801,A,N,D,C,A,A,H,-,A,D,0,,,,,Y,,A,07,0,0,1,0,0,0,0,0,0,"- ","- ",36.983860015869141,-121.99349975585938,"SANTA CRUZ",UNINCORPORATED,-121.99337768554688,36.983871459960938
94426977,2024,2024-10-10,9720,2024-09-26,"805 ",021833,,4,1,9,4400,0,2,4,,1,021,"SOQUEL DR.","CENTER ST.",0.00,,Y,A,-,N,,,,,,,,,,N,3,0,1,2,A,-,09,21804,A,N,D,G,A,A,H,-,A,A,0,,Y,,,Y,,M,91,0,1,0,0,0,0,1,0,0,"- ","- ",36.988620758056641,-121.95348358154297,"SANTA CRUZ",UNINCORPORATED,-121.95332336425781,36.988380432128906
94427000,2024,2024-10-10,9720,2024-09-30,2120,023419,,1,2,9,4400,0,1,3,,2,020,"SR-1 S/B","BRANCIFORTE AVE OVERCROSSING",100.00,N,N,A,-,Y,SCR,,1," "," ",16.256,H,,L,Y,3,0,1,2,A,-,08,22107,,N,B,C,A,A,H,-,D,D,0,,,,,Y,,A,07,0,1,0,0,0,0,0,0,0,"- ","- ",36.988479614257812,-122.01125335693359,"SANTA CRUZ",UNINCORPORATED,-122.01124572753906,36.988491058349609
94427022,2024,2024-10-11,9720,2024-10-02,"740 ",024071,,3,1,9,4400,0,1,3,,2,020,"SR-1 N/B","RIO DEL MAR BLVD OVERCROSSING",1901.00,N,N,A,-,Y,SCR,,1," "," ",9.516,H,,R,N,3,0,1,3,A,-,07,21658,A,N,B,C,A,A,H,-,A,D,0,,,Y,,Y,,A,01,0,1,0,0,0,0,0,0,1,"- ","- ",36.975330352783203,-121.89283752441406,"SANTA CRUZ",UNINCORPORATED,-121.89283752441406,36.975303649902344
94427030,2024,2024-10-11,9720,2024-10-02,1655,024071,,3,2,9,4400,0,2,4,,1,021,"SOQUEL DR","ORCHARD ST",0.00,,Y,A,-,N,,,,,,,,,,N,3,0,1,2,A,-,09,21801,A,N,H,G,A,A,H,-,A,D,0,,Y,,,Y,,A,08,0,1,0,0,0,0,1,0,0,"- ","- ",36.987560272216797,-121.9468994140625,"SANTA CRUZ",UNINCORPORATED,-121.94686126708984,36.987686157226562
94428418,2024,2024-10-11,9720,2024-09-29,1625,023214,,7,2,9,4400,0,2,4,,1,016,"GRAHAM HILL RD","HIDDEN CREEK LN",470.00,N,N,A,-,N,,,,,,,,,,Y,3,0,1,1,A,-,08,22107,,N,E,8,A,A,H,-,A,D,0,,,,,Y,,A,07,0,1,0,0,0,0,0,0,0,"- ","- ",37.005519866943359,-122.0340576171875,"SANTA CRUZ",UNINCORPORATED,-122.03398132324219,37.005500793457031
94428532,2024,2024-10-14,9720,2024-10-03,2035,023387,,4,2,9,4400,0,1,3,,2,020,"SR-1 S/B","RIO DEL MAR BLVD",2640.00,N,N,A,-,Y,SCR,,1," "," ",9.621,H,,L,Y,3,0,2,2,A,-,04,21703,,N,C,C,A,A,H,-,D,D,0,,,,,Y,Y,A,01,0,1,1,0,0,0,0,0,0,"- ","- ",36.975090026855469,-121.89479064941406,"SANTA CRUZ",UNINCORPORATED,-121.89479064941406,36.975082397460938
94428984,2024,2024-10-14,9720,2024-10-02,"700 ",022901,,3,1,9,4400,0,1,3,,1,017,"SR-17 N/B","CARL DRIVE",0.00,,Y,A,-,Y,SCR,,17," "," ",8.887,H,,R,Y,3,0,1,1,A,-,01,23152,A,N,F,0,A,A,H,-,A,D,0,,,Y,,Y,Y,C,02,0,1,0,0,0,0,0,0,1,"- ","- ",37.097640991210938,-121.97501373291016,"SANTA CRUZ",UNINCORPORATED,-121.97506713867188,37.097640991210938
94428985,2024,2024-10-14,9720,2024-10-02,1731,022879,,3,2,9,4400,0,1,3,,2,020,"SR-1 S/B","MORRISSEY BLVD.",1478.00,S,N,A,-,Y,SCR,,1," "," ",15.534,H,,L,Y,2,0,1,2,A,-,01,23152,A,N,C,C,A,A,H,-,A,D,0,,,,,Y,Y,D,22,1,0,0,0,0,0,0,0,0,"- ","- ",36.988170623779297,-121.99823760986328,"SANTA CRUZ",UNINCORPORATED,-121.99823760986328,36.988140106201172
94429886,2024,2024-10-14,9720,2024-10-06,"935 ",022976,,7,1,9,4400,0,1,3,,1,017,SR-17,"VINE HILL RD",20.00,W,N,A,-,Y,SCR,,17," "," ",7.661,H,,R,N,4,0,1,2,A,-,09,21801,A,N,D,C,A,A,H,-,A,D,0,,,,,Y,,A,07,0,0,1,0,0,0,0,0,0,"- ","- ",37.078861236572266,-121.97956848144531,"SANTA CRUZ",UNINCORPORATED,-121.97956848144531,37.078861236572266
94430003,2024,2024-10-14,9720,2024-10-06,2350,023447,,7,3,9,4400,0,3,5,,2,200,"FELT ST","17TH AVE",250.00,E,N,A,-,N,,,,,,,,,,Y,3,0,1,3,A,-,01,23152,A,N,C,C,A,A,H,-,C,D,0,,,,,Y,Y,A,07,0,1,0,0,0,0,0,0,0,"- ","- ",36.967311859130859,-121.98446655273438,"SANTA CRUZ",UNINCORPORATED,-121.98439025878906,36.967258453369141
94430439,2024,2024-10-14,9720,2024-10-05,1720,023214,,6,2,9,4400,0,1,3,,1,014,SR-9,"CRESTA DR",520.00,N,N,A,-,Y,SCR,,9," "," ",14.219,H,,R,Y,3,0,2,1,A,-,08,22107,,N,E,I,A,A,H,-,A,D,0,,,,,Y,,D,22,0,2,0,0,0,0,0,0,0,"- ","- ",37.139610290527344,-122.13041687011719,"SANTA CRUZ",UNINCORPORATED,-122.13048553466797,37.139568328857422
94430581,2024,2024-10-14,9720,2024-10-07,1540,023959,,1,2,9,4400,0,1,3,,2,020,"SR-1 S/B","STATE PARD DR",370.00,S,N,A,-,Y,SCR,,1," "," ",10.137,H,,L,N,4,0,1,4,A,-,03,22350,,N,C,C,A,A,H,-,A,D,0,,,,,Y,,A,01,0,0,1,0,0,0,0,0,0,"- ","- ",36.975311279296875,-121.90415954589844,"SANTA CRUZ",UNINCORPORATED,-121.90415191650391,36.975341796875
94431799,2024,2024-10-15,9720,2024-10-06,"45  ",023618,,7,3,9,4400,0,1,3,,1,035,SR-129,"ROGGE LANE",830.00,W,N,A,-,Y,SCR,,129," "," ",7.041,H,,R,Y,2,0,2,1,A,-,01,23152,A,N,E,8,A,A,H,-,D,D,0,,,,,Y,Y,A,01,1,1,0,0,0,0,0,0,0,"- ","- ",36.903968811035156,-121.64206695556641,"SANTA CRUZ",UNINCORPORATED,-121.64207458496094,36.903926849365234
94431815,2024,2024-10-15,9720,2024-10-07,"805 ",023959,,1,1,9,4400,0,2,4,,1,021,"SOQUEL DR","41ST AVENUE",0.00,,Y,A,-,N,,,,,,,,,,N,4,0,1,2,A,-,12,21453,A,N,H,G,A,A,H,-,A,A,0,,Y,,,Y,,M,91,0,0,1,0,0,0,1,0,0,"- ","- ",36.987499237060547,-121.96504211425781,"SANTA CRUZ",UNINCORPORATED,-121.96498107910156,36.987400054931641
94431818,2024,2024-10-15,9720,2024-10-07,"950 ",024071,,1,1,9,4400,0,1,3,,2,020,"SR-1 N/B TO RIO DEL MAR BLVD","RIO DEL MAR BLVD",12.00,S,N,A,-,Y,,,,,,,,,,N,3,0,2,2,A,-,03,22350,,N,C,C,A,A,H,-,A,D,0,,,,,Y,,-,31,0,2,0,0,0,0,0,0,0,"- ","- ",36.975540161132812,-121.88546752929688,"SANTA CRUZ",UNINCORPORATED,-121.88612365722656,36.975078582763672
94432324,2024,2024-10-15,9720,2024-10-08,1140,024053,,2,1,9,4400,0,2,4,,1,021,"SOQUEL SAN JOSE RD S/B","HILLTOP RD",317.00,N,N,A,-,N,,,,,,,,,,N,2,0,1,1,A,-,08,22107,,M,F,A,A,A,H,-,A,D,0,,Y,,,Y,,L,04,1,0,0,0,0,0,1,0,0,"- ","- ",36.998569488525391,-121.95606231689453,"SANTA CRUZ",UNINCORPORATED,-121.95600891113281,36.998374938964844