CASE_ID,ACCIDENT_YEAR,PROC_DATE,JURIS,COLLISION_DATE,COLLISION_TIME,OFFICER_ID,REPORTING_DISTRICT,DAY_OF_WEEK,CHP_SHIFT,POPULATION,CNTY_CITY_LOC,SPECIAL_COND,BEAT_TYPE,CHP_BEAT_TYPE,CITY_DIVISION_LAPD,CHP_BEAT_CLASS,BEAT_NUMBER,PRIMARY_RD,SECONDARY_RD,DISTANCE,DIRECTION,INTERSECTION,WEATHER_1,WEATHER_2,STATE_HWY_IND,CALTRANS_COUNTY,CALTRANS_DISTRICT,STATE_ROUTE,ROUTE_SUFFIX,POSTMILE_PREFIX,POSTMILE,LOCATION_TYPE,RAMP_INTERSECTION,SIDE_OF_HWY,TOW_AWAY,COLLISION_SEVERITY,NUMBER_KILLED,NUMBER_INJURED,PARTY_COUNT,PRIMARY_COLL_FACTOR,PCF_CODE_OF_VIOL,PCF_VIOL_CATEGORY,PCF_VIOLATION,PCF_VIOL_SUBSECTION,HIT_AND_RUN,TYPE_OF_COLLISION,MVIW,PED_ACTION,ROAD_SURFACE,ROAD_COND_1,ROAD_COND_2,LIGHTING,CONTROL_DEVICE,CHP_ROAD_TYPE,PEDESTRIAN_ACCIDENT,BICYCLE_ACCIDENT,MOTORCYCLE_ACCIDENT,TRUCK_ACCIDENT,NOT_PRIVATE_PROPERTY,ALCOHOL_INVOLVED,STWD_VEHTYPE_AT_FAULT,CHP_VEHTYPE_AT_FAULT,COUNT_SEVERE_INJ,COUNT_VISIBLE_INJ,COUNT_COMPLAINT_PAIN,COUNT_PED_KILLED,COUNT_PED_INJURED,COUNT_BICYCLIST_KILLED,COUNT_BICYCLIST_INJURED,COUNT_MC_KILLED,COUNT_MC_INJURED,PRIMARY_RAMP,SECONDARY_RAMP,LATITUDE,LONGITUDE,COUNTY,CITY,POINT_X,POINT_Y
94432345,2024,2024-10-15,9720,2024-10-09,"750 ",024053,,3,1,9,4400,0,1,3,,2,030,"SR-1 N/B","LARKIN VALLEY RD",1478.00,N,N,A,-,Y,SCR,,1," ",R,7.972,H,,R,N,4,0,1,2,A,-,07,21658,A,N,F,A,A,A,D,-,A,D,0,,,Y,,Y,,A,01,0,0,1,0,0,0,0,0,1,"- ","- ",36.964061737060547,-121.86589813232422,"SANTA CRUZ",UNINCORPORATED,-121.86587524414062,36.964076995849609
94432394,2024,2024-10-16,9720,2024-10-13,"755 ",023322,,7,1,9,4400,0,2,4,,1,031,"FREEDOM BLVD","SHADOWMERE WAY",0.00,,Y,A,-,N,,,,,,,,,,N,4,0,1,2,A,-,09,21804,A,N,D,C,A,A,H,-,A,D,0,,,,,Y,,A,01,0,0,1,0,0,0,0,0,0,"- ","- ",36.979438781738281,-121.86580657958984,"SANTA CRUZ",UNINCORPORATED,-121.86679840087891,36.978309631347656
94433813,2024,2024-10-16,9720,2024-10-11,1600,019956,,5,2,9,4400,0,1,3,,2,020,"SR-1 S/B","STATE PARD DR",150.00,N,N,A,-,Y,SCR,,1," "," ",10.568,H,,L,N,4,0,1,2,A,-,03,22350,,N,C,C,A,A,D,-,A,D,0,,,,,Y,,D,22,0,0,1,0,0,0,0,0,0,"- ","- ",36.978168487548828,-121.91098022460938,"SANTA CRUZ",UNINCORPORATED,-121.91096496582031,36.978191375732422
94433987,2024,2024-10-17,9720,2024-10-14,1715,021211,,1,2,9,4400,0,2,4,,1,021,"SOQUEL DR.","DOVER DR.",0.00,,Y,A,-,N,,,,,,,,,,N,3,0,2,3,A,-,03,22350,,N,C,C,A,A,H,-,A,A,0,,,,,Y,,A,07,0,2,0,0,0,0,0,0,0,"- ","- ",36.987968444824219,-121.97210693359375,"SANTA CRUZ",UNINCORPORATED,-121.97232055664062,36.987930297851562
94435190,2024,2024-10-17,9720,2024-10-15,1251,023103,,2,1,9,4400,0,1,3,,1,015,SR-9,"GROVE ST",110.00,S,N,A,-,Y,SCR,,9," "," ",12.529,H,,R,Y,3,0,2,2,A,-,09,21801,A,N,D,C,A,A,H,-,A,D,0,,,,,Y,,A,07,0,1,1,0,0,0,0,0,0,"- ","- ",37.117298126220703,-122.12055969238281,"SANTA CRUZ",UNINCORPORATED,-122.12052154541016,37.117301940917969
94435204,2024,2024-10-17,9720,2024-10-15,1159,023103,,2,1,9,4400,0,1,3,,1,015,SR-9,"PIKE RD",360.00,S,N,A,-,Y,SCR,,9," "," ",10.523,H,,R,N,4,0,2,3,A,-,03,22350,,N,C,2,A,A,H,-,A,D,0,,,,Y,Y,,F,26,0,0,2,0,0,0,0,0,0,"- ","- ",37.099510192871094,-122.09992218017578,"SANTA CRUZ",UNINCORPORATED,-122.09990692138672,37.099533081054688
94435411,2024,2024-10-17,9720,2024-10-05,"820 ",023214,,6,1,9,4400,0,3,5,,2,100,"BEAR CREEK RD.",SR-9,0.00,,Y,A,-,Y,SCR,,9," "," ",13.238,H,,R,Y,3,0,2,3,A,-,09,21802,A,N,D,2,A,A,H,-,A,A,0,,,,,Y,,A,01,0,2,0,0,0,0,0,0,0,"- ","- ",37.128471374511719,-122.12299346923828,"SANTA CRUZ",UNINCORPORATED,-122.12300872802734,37.128471374511719
94435466,2024,2024-10-17,9720,2024-10-12,1105,023214,,6,1,9,4400,0,1,3,,2,020,"SR-1 N/B","41ST AVE.",15.00,N,N,A,-,Y,SCR,,1," "," ",13.631,H,,R,Y,3,0,1,2,A,-,07,21658,A,N,B,C,A,A,H,-,A,D,0,,,Y,,Y,,A,07,0,1,0,0,0,0,0,0,1,"- ","- ",36.98284912109375,-121.964599609375,"SANTA CRUZ",UNINCORPORATED,-121.964599609375,36.982872009277344
94435588,2024,2024-10-17,9720,2024-10-07,1400,024068,,1,2,9,4400,0,1,3,,1,012,SR-236,"HILTON DR",0.00,,Y,A,-,Y,SCR,,236," "," ",3.185,H,,R,Y,3,0,2,2,A,-,09,21801,A,N,D,C,A,A,H,-,A,D,0,,,,,Y,,A,01,0,1,1,0,0,0,0,0,0,"- ","- ",37.153591156005859,-122.16139984130859,"SANTA CRUZ",UNINCORPORATED,-122.16138458251953,37.153594970703125
94435594,2024,2024-10-17,9720,2024-10-06,1410,024068,,7,2,9,4400,0,1,3,,1,015,"SR-9 S/B","GLENGARY RD",7920.00,S,N,A,-,Y,SCR,,9," "," ",3.270,H,,L,N,3,0,1,1,A,-,03,22350,,N,F,A,A,A,H,-,A,D,0,,,Y,,Y,,C,02,0,1,0,0,0,0,0,0,1,"- ","- ",37.0159912109375,-122.06262969970703,"SANTA CRUZ",UNINCORPORATED,-122.06262969970703,37.015987396240234
94435662,2024,2024-10-17,9720,2024-10-08,2253,022879,,2,3,9,4400,0,2,4,,1,023,"7TH AVE.","EDDY LN.",20.00,S,N,A,-,N,,,,,,,,,,N,3,0,1,1,A,-,03,22350,,N,F,A,A,A,H,-,D,D,0,,Y,,,Y,,M,91,0,1,0,0,0,0,1,0,0,"- ","- ",36.975799560546875,-121.993896484375,"SANTA CRUZ",UNINCORPORATED,-121.99380493164062,36.975898742675781
94438653,2024,2024-10-21,9720,2024-10-03,1240,023573,,4,1,9,4400,0,2,4,,1,031,"FREEDOM BLVD","WHITE RD",50.00,E,N,A,-,N,,,,,,,,,,N,3,0,1,2,A,-,08,22107,,N,H,A,A,A,H,-,A,D,0,,Y,,,Y,,M,91,0,1,0,0,0,0,1,0,0,"- ","- ",36.971229553222656,-121.81941986083984,"SANTA CRUZ",UNINCORPORATED,-121.81949615478516,36.971328735351562
94438769,2024,2024-10-21,9720,2024-10-14,1430,023959,,1,2,9,4400,0,1,3,,1,015,SR-9,"LOMOND ST",30.00,N,N,A,-,N,,,,,,,,,,Y,3,0,1,4,A,-,03,22350,,N,B,E,A,A,H,-,A,D,0,,,,,Y,,A,07,0,1,0,0,0,0,0,0,0,"- ","- ",37.123611450195312,-122.12165832519531,"SANTA CRUZ",UNINCORPORATED,-122.12168121337891,37.123420715332031
94442843,2024,2024-10-23,9720,2024-10-14,1620,024071,,1,2,9,4400,0,1,3,,1,017,"SR-17 N/B","TIMBER RIDGE LN.",1214.00,N,N,A,-,Y,SCR,,17," "," ",6.684,H,,R,Y,3,0,1,1,A,-,08,22107,,N,E,I,A,A,H,-,A,D,0,,,,,Y,,A,01,0,1,0,0,0,0,0,0,0,"- ","- ",37.073310852050781,-121.98963928222656,"SANTA CRUZ",UNINCORPORATED,-121.98963165283203,37.07330322265625
94442846,2024,2024-10-23,9720,2024-10-15,1730,023419,,2,2,9,4400,0,1,3,,2,020,"SR-1 S/B","OCEAN ST",528.00,N,N,A,-,Y,SCR,,1," "," ",17.342,H,,L,N,3,0,1,2,A,-,03,22350,,N,C,C,A,A,H,-,A,D,0,,,,,Y,,A,01,0,1,0,0,0,0,0,0,0,"- ","- ",36.985431671142578,-122.02619171142578,"SANTA CRUZ",UNINCORPORATED,-122.02618408203125,36.985424041748047
94442847,2024,2024-10-23,9720,2024-10-15,1731,023419,,2,2,9,4400,0,1,3,,2,020,"SR-1 S/B","OCEAN ST",528.00,N,N,A,-,Y,SCR,,1," "," ",17.348,H,,L,Y,4,0,1,4,A,-,03,22350,,N,C,C,A,A,H,-,A,D,0,,,,,Y,,A,01,0,0,1,0,0,0,0,0,0,"- ","- ",36.985389709472656,-122.02629852294922,"SANTA CRUZ",UNINCORPORATED,-122.02629852294922,36.985393524169922
94443009,2024,2024-10-23,9720,2024-03-22,"150 ",023447,,5,3,9,4400,0,1,3,,2,030,"SR-1 N/B",SR-152,680.00,S,N,A,-,Y,SCR,,1," ",R,2.567,H,,R,N,1,1,0,2,A,-,11,21954,A,N,G,B,E,A,H,-,D,A,0,Y,,,,Y,,N,60,0,0,0,1,0,0,0,0,0,"- ","- ",36.918220520019531,-121.78917694091797,"SANTA CRUZ",UNINCORPORATED,-121.78920745849609,36.918209075927734
94443110,2024,2024-10-23,9720,2024-10-13,1910,023573,,7,2,9,4400,0,1,3,,2,020,"SR-1 S/B","BAY AVE",528.00,N,N,A,-,Y,SCR,,1," "," ",13.322,H,,L,Y,3,0,1,2,A,-,03,22350,,N,C,C,A,A,D,-,C,D,0,,,,,Y,,D,22,0,1,0,0,0,0,0,0,0,"- ","- ",36.982929229736328,-121.95913696289062,"SANTA CRUZ",UNINCORPORATED,-121.95914459228516,36.982986450195312
94444169,2024,2024-10-24,9720,2024-10-18,2349,023636,,5,3,9,4400,0,3,5,,2,100,"EMPIRE GRADE RD","HELLER DR",4066.00,N,N,A,-,N,,,,,,,,,,Y,4,0,1,1,A,-,08,22107,,N,E,8,A,A,H,-,D,D,0,,,,,Y,,A,01,0,0,1,0,0,0,0,0,0,"- ","- ",36.999019622802734,-122.06876373291016,"SANTA CRUZ",UNINCORPORATED,-122.06874847412109,36.998580932617188
94444715,2024,2024-10-24,9720,2024-10-13,1507,024068,,7,2,9,4400,0,2,4,,1,022,"SOQUEL SAN JOSE ROAD","RANCHO SOQUEL DRIVE",1584.00,N,N,A,-,Y,,,,,,,,,,N,4,0,1,2,A,-,09,21804,A,N,D,C,A,A,H,-,A,D,0,,,Y,,Y,,A,01,0,0,1,0,0,0,0,0,1,"- ","- ",37.009521484375,-121.95355987548828,"SANTA CRUZ",UNINCORPORATED,-121.95353698730469,37.009353637695312
94444784,2024,2024-10-25,9720,2024-10-20,"830 ",023502,,7,1,9,4400,0,1,3,,2,030,SR-1,"FREEDOM BLVD",1320.00,S,N,A,-,Y,SCR,,1," ",R,8.228,H,,L,Y,3,0,1,1,A,-,08,22107,,N,E,8,A,A,D,-,A,D,0,,,,,Y,,A,01,0,1,0,0,0,0,0,0,0,"- ","- ",36.966720581054688,-121.86917877197266,"SANTA CRUZ",UNINCORPORATED,-121.86911010742188,36.966766357421875
94448045,2024,2024-10-28,9720,2024-10-12,"426 ",023636,,6,3,9,4400,0,1,3,,1,017,"SR-17 N/B","LAUREL RD",739.00,N,N,A,-,Y,SCR,,17," "," ",9.580,H,,R,Y,3,0,1,1,A,-,01,23152,A,M,E,8,A,A,H,-,D,D,0,,,,,Y,Y,A,01,0,1,0,0,0,0,0,0,0,"- ","- ",37.106281280517578,-121.97525787353516,"SANTA CRUZ",UNINCORPORATED,-121.975341796875,37.106212615966797
94448070,2024,2025-01-27,9720,2024-09-28,2321,023636,,6,3,9,4400,0,1,3,,1,017,"SR-17 S/B TO SCOTTS VALLEY DR","SCOTTS VALLEY DRIVE",380.00,E,N,A,-,Y,SCR,,17," "," ",5.517,H,,L,Y,3,0,4,2,A,-,05,21651,B,F,A,C,A,A,H,-,C,A,0,,,,,Y,,A,01,0,4,0,0,0,0,0,0,0,"- ","- ",37.062179565429688,-122.00444793701172,"SANTA CRUZ",UNINCORPORATED,-122.00421905517578,37.062103271484375
94448254,2024,2024-10-29,9720,2024-10-15,"815 ",024067,,2,1,9,4400,0,1,3,,2,020,"SR-1 N/B","MORRISSEY BLVD",600.00,S,N,A,-,Y,SCR,,1," "," ",15.663,H,,R,Y,3,0,1,1,C,-,18,,,N,E,8,A,A,H,-,A,D,0,,,,,Y,,-,"- ",0,1,0,0,0,0,0,0,0,"- ","- ",36.988391876220703,-122.00045776367188,"SANTA CRUZ",UNINCORPORATED,-122.00045776367188,36.988334655761719
94448260,2024,2024-10-29,9720,2024-10-15,1827,023516,,2,2,9,4400,0,1,3,,2,030,"SR-1 S/B","FREEDOM BOULEVARD O/C",10.00,N,N,A,-,Y,SCR,,1," "," ",8.351,H,,L,Y,3,0,1,1,A,-,01,23152,A,N,E,I,A,A,H,-,B,D,0,,,,,Y,Y,A,01,0,1,0,0,0,0,0,0,0,"- ","- ",36.970199584960938,-121.87329864501953,"SANTA CRUZ",UNINCORPORATED,-121.87323760986328,36.970268249511719
94451417,2024,2024-10-30,9720,2024-10-23,1620,019521,,3,2,9,4400,0,1,3,,1,017,"SR-17 N/B S/OF SPANISH OAKS","SPANISH OAKS RD.",470.00,S,N,A,-,Y,SCR,,17," "," ",9.971,H,,R,N,3,0,1,2,A,-,03,22350,,N,C,C,A,A,H,-,A,D,0,,,,,Y,,D,22,0,1,0,0,0,0,0,0,0,"- ","- ",37.111160278320312,-121.9761962890625,"SANTA CRUZ",UNINCORPORATED,-121.97624206542969,37.111167907714844
94451703,2024,2024-10-30,9720,2024-10-23,1545,024071,,3,2,9,4400,0,1,3,,1,017,"SR-17 S/B","MOUNT HERMON RD.",2112.00,S,N,A,-,Y,SCR,,17," "," ",2.947,H,,L,Y,4,0,1,2,A,-,08,22107,,N,B,C,A,A,H,-,A,D,0,,,Y,,Y,Y,C,02,0,0,1,0,0,0,0,0,1,"- ","- ",37.029029846191406,-122.02342987060547,"SANTA CRUZ",UNINCORPORATED,-122.02344512939453,37.029037475585938
94451712,2024,2024-10-30,9720,2024-10-17,2140,023573,,4,2,9,4400,0,1,3,,2,020,"SR-1 S/B","PARK AVE",1584.00,S,N,A,-,Y,SCR,,1," "," ",11.763,H,,L,Y,3,0,1,3,A,-,03,22350,,N,C,C,A,A,D,-,D,D,0,,,,,Y,,A,07,0,1,0,0,0,0,0,0,0,"- ","- ",36.983711242675781,-121.93100738525391,"SANTA CRUZ",UNINCORPORATED,-121.93101501464844,36.983692169189453
94451720,2024,2024-10-31,9720,2024-10-21,1155,024053,,1,1,9,4400,0,2,4,,1,024,"PORTOLA DR","41ST AVE",5.00,W,N,A,-,N,,,,,,,,,,N,3,0,1,2,A,-,10,21950,A,F,G,B,B,A,H,-,A,A,0,Y,,,,Y,,-,99,0,1,0,0,1,0,0,0,0,"- ","- ",36.963550567626953,-121.96502685546875,"SANTA CRUZ",UNINCORPORATED,-121.96492004394531,36.963535308837891
94451721,2024,2024-10-31,9720,2024-10-20,2228,023447,,7,3,9,4400,0,1,3,,2,020,"SR-1 N/B","PARK  AVE",200.00,N,N,A,-,Y,SCR,,1," "," ",12.365,H,,R,Y,3,0,1,1,A,-,08,22107,,N,E,I,A,A,D,-,D,D,0,,,,,Y,,A,01,0,1,0,0,0,0,0,0,0,"- ","- ",36.984039306640625,-121.94184875488281,"SANTA CRUZ",UNINCORPORATED,-121.94184875488281,36.984085083007812
94451745,2024,2024-10-31,9720,2024-10-18,1200,024068,,5,1,9,4400,0,1,3,,2,030,"SR-1 S/B TO SR-129",SR-129,0.00,,Y,A,-,Y,,,,,,,,,,Y,4,0,1,2,A,-,09,21802,A,N,D,C,A,A,H,-,A,A,0,,,,,Y,,A,01,0,0,1,0,0,0,0,0,0,"- ","- ",36.893840789794922,-121.7757568359375,"SANTA CRUZ",UNINCORPORATED,-121.77433776855469,36.894268035888672
94452660,2024,2024-10-31,9720,2024-10-25,1720,022976,,5,2,9,4400,0,1,3,,2,020,"SR-1 S/B","SOQUEL DRIVE",1109.00,N,N,A,-,Y,SCR,,1," "," ",15.089,H,,L,N,4,0,1,2,A,-,03,22350,,N,C,C,A,A,H,-,A,D,0,,,,,Y,,D,22,0,0,1,0,0,0,0,0,0,"- ","- ",36.987659454345703,-121.99027252197266,"SANTA CRUZ",UNINCORPORATED,-121.99027252197266,36.987655639648438
94452661,2024,2024-10-31,9720,2024-10-30,"803 ",018171,,3,1,9,4400,0,2,4,,1,024,"CAPITOLA RD","WOODROSE AVE",0.00,,Y,A,-,N,,,,,,,,,,Y,4,0,1,2,A,-,09,21802,A,N,D,C,A,A,H,-,A,D,0,,,,,Y,,A,01,0,0,1,0,0,0,0,0,0,"- ","- ",36.975410461425781,-121.97859954833984,"SANTA CRUZ",UNINCORPORATED,-121.97853088378906,36.975429534912109
94452945,2024,2024-10-31,9720,2024-10-20,"545 ",022976,,7,3,9,4400,0,1,3,,2,020,"SR-1 N/B","STATE PARD DR",1320.00,N,N,A,-,Y,SCR,,1," "," ",10.773,H,,R,N,4,0,1,1,C,-,18,,,N,H,H,A,A,H,-,C,D,0,,,,,Y,,-,"- ",0,0,1,0,0,0,0,0,0,"- ","- ",36.979930877685547,-121.91394805908203,"SANTA CRUZ",UNINCORPORATED,-121.91393280029297,36.979949951171875
94452998,2024,2024-10-31,9720,2024-10-19,1210,023502,,6,1,9,4400,0,1,3,,1,034,SR-152,"PACIFIC VIEW TERRACE",2270.00,W,N,A,-,Y,SCR,,152," "," ",6.779,H,,R,N,2,0,1,2,A,-,06,21750,,N,B,2,A,A,H,-,A,D,0,,,Y,,Y,,C,02,1,0,0,0,0,0,0,0,1,"- ","- ",36.98406982421875,-121.71392059326172,"SANTA CRUZ",UNINCORPORATED,-121.71388244628906,36.984050750732422
94453164,2024,2024-11-01,9720,2024-10-19,1740,023387,,6,2,9,4400,0,1,3,,1,015,SR-9,"MILL ST",300.00,N,N,A,-,Y,SCR,,9," "," ",9.693,H,,R,N,2,0,1,1,A,-,01,23152,A,N,F,0,A,A,H,-,A,D,0,,,Y,,Y,Y,C,02,1,0,0,0,0,0,0,0,1,"- ","- ",37.089618682861328,-122.09323883056641,"SANTA CRUZ",UNINCORPORATED,-122.09323120117188,37.089633941650391
94453178,2024,2024-11-01,9720,2024-10-19,1000,023811,,6,1,9,4400,0,1,3,,1,015,SR-9,SR-236,2112.00,S,N,A,-,Y,SCR,,9," "," ",20.379,H,,R,N,3,0,1,1,A,-,08,22107,,N,E,I,A,A,H,-,A,D,0,,,Y,,Y,,C,02,0,1,0,0,0,0,0,0,1,"- ","- ",37.210060119628906,-122.14967346191406,"SANTA CRUZ",UNINCORPORATED,-122.14967346191406,37.210094451904297
9445397,2022,2022-06-09,4403,2022-05-25,0907,324,1-09,3,5,4,4403,0,0,0,,0,001,"MAIN ST","LAKE AV",20.00,S,N,A,-,Y,SCR,5,152,-,T,2.810,H,-,W,,4,0,2,2,A,-,03,22350,,N,C,C,A,A,H,-,A,D,0,,,,,Y,,A,01,0,0,2,0,0,0,0,0,0,"- ","- ",,,"SANTA CRUZ",WATSONVILLE,-121.75831604003906,36.911525726318359
94456052,2024,2024-11-04,9720,2024-10-27,1144,023331,,7,1,9,4400,0,1,3,,1,015,"SR-9 S/B","WESTERN AVE",100.00,S,N,A,-,Y,SCR,,9," "," ",11.011,H,,L,N,3,0,1,1,A,-,03,22350,,N,E,I,A,A,H,-,A,D,0,,,Y,,Y,,C,02,0,1,0,0,0,0,0,0,1,"- ","- ",37.104389190673828,-122.10453796386719,"SANTA CRUZ",UNINCORPORATED,-122.10454559326172,37.104385375976562
9445606,2022,2022-05-25,4402,2022-04-26,1648,813SM,,2,5,5,4402,0,0,0,,0,,"HAGAR DR","HAGAR SOUND BOUND FOG LINE",4.00,E,N,A,-,N,,,,,,,,,,N,3,0,1,1,A,-,03,22350,,N,A,-,A,A,H,-,A,D,0,,Y,,,Y,,L,04,0,1,0,0,0,0,1,0,0,"- ","- ",36.981010437011719,-122.04891967773438,"SANTA CRUZ","SANTA CRUZ",-122.05104827880859,36.982051849365234
94457579,2024,2024-11-04,9720,2024-10-23,"525 ",023959,,3,3,9,4400,0,1,3,,2,020,"SR-1 N/B","FREEDOM BLVD",528.00,S,N,A,-,Y,SCR,,1," "," ",8.338,H,,R,Y,3,0,1,1,A,-,01,23152,A,N,E,I,A,A,D,-,B,D,0,,,,,Y,Y,A,01,0,1,0,0,0,0,0,0,0,"- ","- ",36.970321655273438,-121.87275695800781,"SANTA CRUZ",UNINCORPORATED,-121.87279510498047,36.970283508300781
94457612,2024,2024-11-18,9720,2024-10-24,2244,023345,,4,3,9,4400,0,1,3,,1,015,SR-9,"KEYSTONE WAY",1212.00,S,N,A,-,Y,SCR,,9," "," ",1.105,H,,R,Y,3,0,1,1,A,-,03,22350,,N,E,8,A,A,H,-,D,D,0,,,,,Y,,A,01,0,1,0,0,0,0,0,0,0,"- ","- ",36.996978759765625,-122.03746032714844,"SANTA CRUZ",UNINCORPORATED,-122.03737640380859,36.996974945068359
94457687,2024,2024-11-04,9720,2024-10-25,1420,023502,,5,2,9,4400,0,2,4,,1,031,"FREEDOM BLVD","BOWKER RD",85.00,S,N,A,-,N,,,,,,,,,,Y,4,0,1,2,A,-,03,22350,,N,C,C,A,A,H,-,A,D,0,,,,,Y,,A,01,0,0,1,0,0,0,0,0,0,"- ","- ",36.944580078125,-121.78742980957031,"SANTA CRUZ",UNINCORPORATED,-121.78748321533203,36.944602966308594
94458621,2024,2024-11-05,9720,2024-05-26,"245 ",023419,,7,3,9,4400,0,2,4,,1,016,"GRAHAM HILL ROAD","DEER PATH ROAD",7.00,S,N,A,-,N,,,,,,,,,,Y,1,1,0,1,A,-,01,23152,G,N,E,8,A,A,H,-,D,D,0,,,,,Y,Y,A,01,0,0,0,0,0,0,0,0,0,"- ","- ",37.006641387939453,-122.03404998779297,"SANTA CRUZ",UNINCORPORATED,-122.03410339355469,37.006599426269531
9445995,2022,2022-06-07,4403,2022-05-16,1024,324,3-15,1,5,4,4403,0,0,0,,0,003,"BEACH ST","HUSHBECK AV",70.00,W,N,B,-,N,,,,,,,,,,N,4,0,1,3,A,-,08,22107,,N,C,E,A,A,H,-,A,D,0,,,,,Y,,A,01,0,0,1,0,0,0,0,0,0,"- ","- ",,,"SANTA CRUZ",WATSONVILLE,-121.74551391601562,36.918540954589844
94460363,2024,2024-11-06,9720,2024-06-23,2114,023573,,7,2,9,4400,0,2,4,,1,016,"GRAHAM HILL ROAD","QUARRY ROAD",800.00,N,N,B,-,N,,,,,,,,,,Y,1,1,0,1,A,-,01,23152,G,N,E,9,A,A,H,-,D,D,0,,,,,Y,Y,D,22,0,0,0,0,0,0,0,0,0,"- ","- ",37.042678833007812,-122.05030059814453,"SANTA CRUZ",UNINCORPORATED,,
94460394,2024,2024-11-06,9720,2024-09-30,1210,023507,,1,1,9,4400,0,3,5,,2,100,"BOULDER ST","MOLASKEY ST",50.00,N,N,A,-,N,,,,,,,,,,N,2,0,2,2,A,-,03,22350,,N,G,B,E,A,H,-,A,D,0,Y,Y,,,Y,,M,91,1,1,0,0,1,0,1,0,0,"- ","- ",37.116668701171875,-122.12161254882812,"SANTA CRUZ",UNINCORPORATED,,
94461142,2024,2024-11-07,9720,2024-10-28,2015,022879,,1,2,9,4400,0,1,3,,2,020,"SR-1 S/B","MORRISSEY BLVD.",1478.00,N,N,A,-,Y,SCR,,1," "," ",16.105,H,,L,Y,4,0,1,2,A,-,03,22350,,N,C,C,A,A,H,-,D,D,0,,,,,Y,Y,A,07,0,0,1,0,0,0,0,0,0,"- ","- ",36.988330841064453,-122.00853729248047,"SANTA CRUZ",UNINCORPORATED,-122.00853729248047,36.988391876220703
94462702,2024,2024-11-07,9720,2024-11-06,1245,022901,,3,1,9,4400,0,1,3,,1,017,"SR-17 S/B","SUMMIT ROAD",5280.00,S,N,A,-,Y,SCR,,17," "," ",12.352,H,,L,Y,3,0,1,4,A,-,03,22350,,N,C,C,A,A,H,-,A,D,0,,,,,Y,,A,01,0,1,0,0,0,0,0,0,0,"- ","- ",37.141101837158203,-121.98512268066406,"SANTA CRUZ",UNINCORPORATED,-121.985107421875,37.141101837158203
94462722,2024,2024-11-08,9720,2024-06-23,1241,023507,,7,1,9,4400,0,1,3,,1,010,SR-1,"DIMEO LN",533.00,S,N,A,-,Y,SCR,,1," "," ",22.600,H,,R,Y,1,1,0,1,A,-,01,23152,G,N,E,8,A,A,H,-,A,D,0,,,,,Y,Y,A,08,0,0,0,0,0,0,0,0,0,"- ","- ",36.963581085205078,-122.10340881347656,"SANTA CRUZ",UNINCORPORATED,-122.10335540771484,36.963645935058594
94463025,2024,2024-11-08,9720,2024-10-29,"755 ",023959,,2,1,9,4400,0,2,4,,1,021,"SOQUEL DR","PERIMETER RD",0.00,,Y,A,-,N,,,,,,,,,,N,3,0,1,2,A,-,08,22107,,N,H,G,A,A,H,-,A,A,0,,Y,,,Y,,A,07,0,1,0,0,0,0,1,0,0,"- ","- ",36.987720489501953,-121.9217529296875,"SANTA CRUZ",UNINCORPORATED,-121.928955078125,36.989810943603516
94463054,2024,2024-11-08,9720,2024-10-29,1522,023959,,2,2,9,4400,0,2,4,,1,021,"SOQUEL DR","CABRILLO COLLEGE DR",10.00,W,N,A,-,N,,,,,,,,,,N,3,0,1,2,A,-,08,22107,,N,D,G,A,A,H,-,A,A,0,,Y,,,Y,,A,01,0,1,0,0,0,0,1,0,0,"- ","- ",36.988311767578125,-121.92523193359375,"SANTA CRUZ",UNINCORPORATED,-121.92509460449219,36.988388061523438
9446497,2022,2022-06-13,4403,2022-05-18,2320,421,"3 05",3,5,4,4403,0,0,0,,0,003,"MARTINELLI ST","MADISON ST",0.00,,Y,A,-,N,,,,,,,,,,Y,4,0,1,2,A,-,01,23152,A,N,D,C,A,A,H,-,C,A,0,,,,,Y,Y,A,01,0,0,1,0,0,0,0,0,0,"- ","- ",,,"SANTA CRUZ",WATSONVILLE,-121.76168060302734,36.925479888916016
94464971,2024,2024-11-11,9720,2024-10-31,1015,023507,,4,1,9,4400,0,3,5,,2,100,"EMPIRE GRADE RD","FELTON EMPIRE RD",3168.00,S,N,B,-,N,,,,,,,,,,Y,3,0,1,1,A,-,03,22350,,N,E,8,A,B,H,-,A,D,0,,,,,Y,,A,01,0,1,0,0,0,0,0,0,0,"- ","- ",37.052970886230469,-122.1151123046875,"SANTA CRUZ",UNINCORPORATED,-122.1151123046875,37.052696228027344