CASE_ID,ACCIDENT_YEAR,PROC_DATE,JURIS,COLLISION_DATE,COLLISION_TIME,OFFICER_ID,REPORTING_DISTRICT,DAY_OF_WEEK,CHP_SHIFT,POPULATION,CNTY_CITY_LOC,SPECIAL_COND,BEAT_TYPE,CHP_BEAT_TYPE,CITY_DIVISION_LAPD,CHP_BEAT_CLASS,BEAT_NUMBER,PRIMARY_RD,SECONDARY_RD,DISTANCE,DIRECTION,INTERSECTION,WEATHER_1,WEATHER_2,STATE_HWY_IND,CALTRANS_COUNTY,CALTRANS_DISTRICT,STATE_ROUTE,ROUTE_SUFFIX,POSTMILE_PREFIX,POSTMILE,LOCATION_TYPE,RAMP_INTERSECTION,SIDE_OF_HWY,TOW_AWAY,COLLISION_SEVERITY,NUMBER_KILLED,NUMBER_INJURED,PARTY_COUNT,PRIMARY_COLL_FACTOR,PCF_CODE_OF_VIOL,PCF_VIOL_CATEGORY,PCF_VIOLATION,PCF_VIOL_SUBSECTION,HIT_AND_RUN,TYPE_OF_COLLISION,MVIW,PED_ACTION,ROAD_SURFACE,ROAD_COND_1,ROAD_COND_2,LIGHTING,CONTROL_DEVICE,CHP_ROAD_TYPE,PEDESTRIAN_ACCIDENT,BICYCLE_ACCIDENT,MOTORCYCLE_ACCIDENT,TRUCK_ACCIDENT,NOT_PRIVATE_PROPERTY,ALCOHOL_INVOLVED,STWD_VEHTYPE_AT_FAULT,CHP_VEHTYPE_AT_FAULT,COUNT_SEVERE_INJ,COUNT_VISIBLE_INJ,COUNT_COMPLAINT_PAIN,COUNT_PED_KILLED,COUNT_PED_INJURED,COUNT_BICYCLIST_KILLED,COUNT_BICYCLIST_INJURED,COUNT_MC_KILLED,COUNT_MC_INJURED,PRIMARY_RAMP,SECONDARY_RAMP,LATITUDE,LONGITUDE,COUNTY,CITY,POINT_X,POINT_Y
94464973,2024,2024-11-11,9720,2024-10-31,"840 ",023507,,4,1,9,4400,0,1,3,,1,015,SR-9,"PIKE RD",200.00,N,N,B,-,Y,SCR,,9," "," ",10.613,H,,R,Y,3,0,1,3,A,-,05,21460,,N,D,2,A,B,H,-,A,D,0,,,,,Y,,A,01,0,1,0,0,0,0,0,0,0,"- ","- ",37.100109100341797,-122.10124969482422,"SANTA CRUZ",UNINCORPORATED,-122.10117340087891,37.100116729736328
94465009,2024,2024-11-11,9720,2024-09-20,1800,023611,,5,2,9,4400,0,2,4,,1,021,"SOQUEL DR","41ST AVE",528.00,E,N,A,-,N,,,,,,,,,,N,4,0,1,2,A,-,03,22350,,F,C,C,A,A,H,-,A,D,0,,,,,Y,,-,99,0,0,1,0,0,0,0,0,0,"- ","- ",36.987701416015625,-121.96365356445312,"SANTA CRUZ",UNINCORPORATED,-121.96322631835938,36.987751007080078
94465045,2024,2024-11-11,9720,2024-10-27,"520 ",023636,,7,3,9,4400,0,1,3,,2,020,"SR-1 N/B TO SR-17 N/B","SR-17 N/B",250.00,S,N,A,-,Y,,,,,,,,,,Y,4,0,1,2,A,-,01,23152,A,N,E,8,A,A,H,-,D,D,0,,,,Y,Y,Y,A,01,0,0,1,0,0,0,0,0,0,"- ","- ",36.990039825439453,-122.02082061767578,"SANTA CRUZ",UNINCORPORATED,-122.02098083496094,36.989566802978516
94465052,2024,2024-11-11,9720,2024-11-01,1725,023573,,5,2,9,4400,0,2,4,,1,023,"7TH AVE","MANOR AVE",100.00,S,N,A,-,N,,,,,,,,,,N,3,0,1,2,A,-,08,22107,,N,B,G,A,A,H,-,A,D,0,,Y,,,Y,,A,07,0,1,0,0,0,0,1,0,0,"- ","- ",36.973968505859375,-121.99497985839844,"SANTA CRUZ",UNINCORPORATED,,
94465098,2024,2024-11-11,9720,2024-10-31,1715,023146,,4,2,9,4400,0,1,3,,1,017,"SR-17 S/B","GLENWOOD DR",1000.00,N,N,A,-,Y,SCR,,17," "," ",10.856,H,,L,Y,2,0,2,2,A,-,03,22350,,N,C,C,A,A,H,-,A,D,0,,,Y,,Y,,C,02,1,1,0,0,0,0,0,0,2,"- ","- ",37.122058868408203,-121.97360992431641,"SANTA CRUZ",UNINCORPORATED,-121.97361755371094,37.1220703125
94465103,2024,2024-11-11,9720,2024-11-11,1226,020562,,1,1,9,4400,0,1,3,,2,020,"SR-1 N/B","STATE PARD DR",3960.00,N,N,B,C,Y,SCR,,1," "," ",11.301,H,,R,N,4,0,1,1,A,-,08,22107,,N,E,I,A,B,D,-,A,D,0,,,,,Y,,A,01,0,0,1,0,0,0,0,0,0,"- ","- ",36.982830047607422,-121.92268371582031,"SANTA CRUZ",UNINCORPORATED,-121.92270660400391,36.982704162597656
9446593,2022,2022-07-13,4402,2022-04-15,1753,194,4402,5,5,5,4402,0,0,0,,0,000,"LAUREL ST","WASHINGTION ST",24.00,E,N,A,-,N,,,,,,,,,,N,3,0,1,2,A,-,03,22350,,N,C,E,A,A,H,-,A,D,0,,,,,Y,,M,94,0,1,0,0,0,0,0,0,0,"- ","- ",,,"SANTA CRUZ","SANTA CRUZ",-122.02819061279297,36.968830108642578
94469140,2024,2024-11-14,9730,2024-10-18,2107,023439,,5,2,4,4403,0,2,S,,2,901,"452 BARON CT","BECK ST",10.00,W,N,A,-,N,,,,,,,,,,N,3,0,1,1,A,-,01,23152,A,M,E,8,A,A,H,-,C,D,0,,,,,Y,Y,B,01,0,1,0,0,0,0,0,0,0,"- ","- ",36.914409637451172,-121.74497222900391,"SANTA CRUZ",WATSONVILLE,-121.74522399902344,36.914642333984375
94470241,2024,2024-11-14,9720,2024-10-27,1008,022976,,7,1,9,4400,0,1,3,,1,010,SR-1,"LOWER SWANTON RD",4224.00,N,N,A,-,Y,SCR,,1," "," ",31.268,H,,R,N,3,0,3,3,A,-,01,23152,A,N,B,2,A,A,H,-,A,D,0,,,,,Y,Y,A,07,0,2,1,0,0,0,0,0,0,"- ","- ",37.036918640136719,-122.22654724121094,"SANTA CRUZ",UNINCORPORATED,-122.22657775878906,37.036914825439453
94473078,2024,2024-11-18,9720,2024-11-05,"330 ",024053,,2,3,9,4400,0,3,5,,2,100,"BEAR CREEK RD","BEAR CANYON RD",2640.00,W,N,A,-,N,,,,,,,,,,N,3,0,1,1,A,-,08,22107,,N,E,8,A,A,H,-,D,D,0,,,,,Y,,D,22,0,1,0,0,0,0,0,0,0,"- ","- ",37.167278289794922,-122.05019378662109,"SANTA CRUZ",UNINCORPORATED,-122.05029296875,37.167423248291016
94474181,2024,2024-11-18,9720,2024-11-11,"654 ",023516,,1,1,9,4400,0,3,5,,2,100,"FELTON EMPIRE RD","KRAZY ACRE LN",2640.00,W,N,C,-,N,,,,,,,,,,Y,4,0,2,2,A,-,03,22350,,N,A,C,A,B,H,-,B,D,0,,,,,Y,,A,01,0,0,2,0,0,0,0,0,0,"- ","- ",37.050739288330078,-122.09265899658203,"SANTA CRUZ",UNINCORPORATED,-122.09968566894531,37.056137084960938
94474232,2024,2024-11-18,9720,2024-11-13,2018,023618,,3,2,9,4400,0,1,3,,2,020,"SR-1 S/B","SOQUEL DRIVE",200.00,N,N,A,-,Y,SCR,,1," "," ",14.919,H,,L,N,4,0,1,2,A,-,03,22350,,N,C,C,A,A,D,-,C,A,0,,,,,Y,,A,07,0,0,1,0,0,0,0,0,0,"- ","- ",36.987239837646484,-121.98728942871094,"SANTA CRUZ",UNINCORPORATED,-121.98728179931641,36.987262725830078
94474325,2024,2024-11-18,9720,2024-11-14,1300,023507,,4,1,9,4400,0,1,3,,2,020,"SR-1 N/B",SR-17,500.00,S,N,B,-,Y,SCR,,1," "," ",16.698,H,,R,Y,4,0,4,2,A,-,03,22350,,N,C,C,A,B,D,-,A,D,0,,,,,Y,,A,07,0,0,4,0,0,0,0,0,0,"- ","- ",36.989280700683594,-122.01909637451172,"SANTA CRUZ",UNINCORPORATED,-122.01909637451172,36.989299774169922
94474374,2024,2024-11-18,9720,2024-10-25,1415,023811,,5,2,9,4400,0,2,4,,1,021,"SOQUEL DR","CHRISTOPHER CT",45.00,W,N,A,-,N,,,,,,,,,,N,3,0,2,1,A,-,08,22107,,N,F,A,A,A,H,-,A,D,0,,,Y,,Y,,O,05,0,2,0,0,0,0,0,0,2,"- ","- ",36.987720489501953,-121.94753265380859,"SANTA CRUZ",UNINCORPORATED,-121.94752502441406,36.987632751464844
94474376,2024,2024-11-18,9720,2024-10-29,1155,024071,,2,1,9,4400,0,1,3,,2,020,"SR-1 N/B","PARK AVE",4488.00,S,N,A,-,Y,SCR,,1," "," ",11.242,H,,R,Y,4,0,1,2,A,-,03,22350,,N,C,C,A,A,H,-,A,D,0,,,,,Y,,A,01,0,0,1,0,0,0,0,0,0,"- ","- ",36.982528686523438,-121.92166900634766,"SANTA CRUZ",UNINCORPORATED,-121.92166137695312,36.982559204101562
94474379,2024,2024-11-18,9720,2024-10-31,1310,023507,,4,1,9,4400,0,3,5,,2,100,"EMPIRE GRADE RD","LLAMA RANCH LN",290.00,N,N,A,-,N,,,,,,,,,,Y,2,0,1,1,A,-,01,23152,A,N,E,I,A,A,H,-,A,D,0,,,,,Y,Y,A,07,1,0,0,0,0,0,0,0,0,"- ","- ",37.009868621826172,-122.07585906982422,"SANTA CRUZ",UNINCORPORATED,-122.07579040527344,37.009822845458984
94474394,2024,2024-11-19,9720,2024-11-01,1600,023146,,5,2,9,4400,0,2,4,,1,024,"BROMMER ST","17TH AVE",300.00,W,N,B,-,N,,,,,,,,,,N,3,0,2,2,A,-,17,21209,A,N,D,G,A,A,H,-,A,D,0,,,Y,,Y,,C,02,0,1,1,0,0,0,0,0,2,"- ","- ",36.971199035644531,-121.98497009277344,"SANTA CRUZ",UNINCORPORATED,-121.98549652099609,36.971271514892578
94475691,2024,2024-11-19,9720,2024-10-31,"817 ",022976,,4,1,9,4400,0,1,3,,2,030,"SR-1 S/B","MAR MONTE AVENUE OVERCROSSING",0.00,,Y,B,C,Y,SCR,,1," ",R,6.693,H,,L,N,3,0,1,2,A,-,07,21658,A,F,E,I,A,B,H,-,A,D,0,,,,,Y,,-,99,0,1,0,0,0,0,0,0,0,"- ","- ",36.949729919433594,-121.85108184814453,"SANTA CRUZ",UNINCORPORATED,-121.85128021240234,36.949581146240234
94476025,2024,2024-11-19,9720,2024-11-06,1620,023573,,3,2,9,4400,0,2,4,,1,032,"GREEN VALLEY RD","AMESTI RD",0.00,,Y,A,-,N,,,,,,,,,,Y,3,0,1,2,A,-,09,21802,A,N,D,C,A,A,D,-,A,D,0,,,,,Y,,A,07,0,1,0,0,0,0,0,0,0,"- ","- ",36.945549011230469,-121.76692962646484,"SANTA CRUZ",UNINCORPORATED,-121.76686859130859,36.945621490478516
94476036,2024,2024-11-19,9720,2024-11-06,"500 ",024071,,3,3,9,4400,0,3,5,,2,300,"SILLIMAN RD",SR-129,2165.00,N,N,A,-,N,,,,,,,,,,N,4,0,1,1,A,-,08,22107,,N,E,I,A,A,H,-,A,D,0,,,,Y,Y,,G,25,0,0,1,0,0,0,0,0,0,"- ","- ",36.924510955810547,-121.68335723876953,"SANTA CRUZ",UNINCORPORATED,-121.68373107910156,36.92449951171875
94479284,2024,2024-11-21,9720,2024-11-12,1715,021211,,2,2,9,4400,0,2,4,,1,031,"FREEDOM BLVD.","KLINSKY LN.",1056.00,N,N,A,-,N,,,,,,,,,,Y,3,0,3,3,A,-,03,22350,,N,C,2,A,A,H,-,C,D,0,,,,,Y,,A,01,0,2,1,0,0,0,0,0,0,"- ","- ",36.947170257568359,-121.79009246826172,"SANTA CRUZ",UNINCORPORATED,-121.79102325439453,36.948078155517578
94480889,2024,2024-11-22,9720,2024-11-10,1152,023214,,7,1,9,4400,0,1,3,,1,017,"SR-17 N/B","OLD SANTA CRUZ HWY",590.00,S,N,A,-,Y,SCR,,17," "," ",11.203,H,,R,N,3,0,1,2,A,-,03,22350,,N,C,C,A,A,H,-,A,D,0,,,Y,,Y,,C,02,0,1,0,0,0,0,0,0,1,"- ","- ",37.126789093017578,-121.97442626953125,"SANTA CRUZ",UNINCORPORATED,-121.97446441650391,37.126750946044922
94480891,2024,2025-01-29,9720,2024-11-10,1144,023959,,7,1,9,4400,0,3,5,,2,100,"ICE CREAM GRADE","PINE FLAT ROAD",0.00,,Y,A,-,N,,,,,,,,,,Y,3,0,1,2,A,-,09,21802,A,N,D,C,A,A,H,-,A,A,0,,,Y,,Y,,A,07,0,1,0,0,0,0,0,0,1,"- ","- ",37.062801361083984,-122.14775848388672,"SANTA CRUZ",UNINCORPORATED,-122.14775848388672,37.062862396240234
94480893,2024,2024-11-25,9720,2024-11-10,1344,023959,,7,1,9,4400,0,3,5,,2,100,"EAST ZAYANTE RD","DEERHORN LN",0.00,,Y,A,-,N,,,,,,,,,,Y,4,0,1,2,A,-,04,21703,,N,D,C,A,A,H,-,A,D,0,,,Y,,Y,,C,02,0,0,1,0,0,0,0,0,1,"- ","- ",37.057071685791016,-122.0601806640625,"SANTA CRUZ",UNINCORPORATED,-122.06011962890625,37.057086944580078
94480896,2024,2024-11-25,9720,2024-11-12,"240 ",024053,,2,3,9,4400,0,1,3,,2,020,"SR-1 S/B","RIO DEL MAR BLVD",3274.00,N,N,A,-,Y,SCR,,1," "," ",9.781,H,,L,Y,3,0,1,1,A,-,01,23152,A,N,E,8,A,A,H,-,D,D,0,,,,,Y,Y,A,07,0,1,0,0,0,0,0,0,0,"- ","- ",36.974918365478516,-121.89766693115234,"SANTA CRUZ",UNINCORPORATED,-121.89766693115234,36.974903106689453
94483249,2024,2024-11-25,9720,2024-11-13,2050,024053,,3,2,9,4400,0,3,5,,2,200,"EATON ST","LAKE AVE",70.00,W,N,A,-,N,,,,,,,,,,Y,3,0,1,1,A,-,01,23152,F,N,E,I,A,A,H,-,C,D,0,,,,,Y,,D,22,0,1,0,0,0,0,0,0,0,"- ","- ",36.967960357666016,-122.00147247314453,"SANTA CRUZ",UNINCORPORATED,-122.00141906738281,36.967922210693359
94483286,2024,2024-11-25,9720,2024-11-07,1702,024071,,4,2,9,4400,0,3,5,,2,300,"BROWNS VALLEY RD","CAUDILL RD",105.00,N,N,A,-,N,,,,,,,,,,Y,3,0,2,2,A,-,05,21460,,N,B,C,A,A,H,-,A,D,0,,,,,Y,,E,22,0,2,0,0,0,0,0,0,0,"- ","- ",37.012611389160156,-121.79353332519531,"SANTA CRUZ",UNINCORPORATED,-121.79360961914062,37.012565612792969
94483303,2024,2024-11-26,9720,2024-11-15,"618 ",023573,,5,1,9,4400,0,2,4,,1,032,"GREEN VALLEY RD","HOLOHAN RD",450.00,E,N,A,-,N,,,,,,,,,,Y,3,0,1,4,A,-,03,22350,,N,C,C,A,A,H,-,A,D,0,,,,,Y,,D,22,0,1,0,0,0,0,0,0,0,"- ","- ",36.942371368408203,-121.76879119873047,"SANTA CRUZ",UNINCORPORATED,-121.76882171630859,36.942180633544922
94484935,2024,2024-11-26,9720,2024-11-19,1040,019956,,2,1,9,4400,0,3,5,,2,100,"MT HERMON RD","SYCAMORE LN (LILAC LN)",0.00,,Y,A,-,N,,,,,,,,,,Y,4,0,1,2,A,-,03,22350,,N,C,C,A,A,H,-,A,D,0,,,,,Y,,D,22,0,0,1,0,0,0,0,0,0,"- ","- ",37.055789947509766,-122.05840301513672,"SANTA CRUZ",UNINCORPORATED,,
94484942,2024,2024-11-26,9720,2024-11-16,1115,023146,,6,1,9,4400,0,1,3,,1,017,"SR-17 S/B","MT HERMON RD",2000.00,N,N,A,-,Y,SCR,,17," "," ",3.818,H,,L,N,4,0,5,4,A,-,03,22350,,N,C,2,A,A,H,-,A,D,0,,,,,Y,,A,01,0,0,5,0,0,0,0,0,0,"- ","- ",37.039909362792969,-122.01712036132812,"SANTA CRUZ",UNINCORPORATED,-122.01714324951172,37.0399169921875
94485034,2024,2024-11-27,9720,2024-11-14,1840,023611,,4,2,9,4400,0,2,4,,1,022,"SOQUEL SAN JOSE RD","HESTER CREEK RD",1320.00,N,N,A,-,N,,,,,,,,,,Y,3,0,1,1,A,-,01,23152,A,N,E,8,A,A,H,-,D,D,0,,,,,Y,Y,D,22,0,1,0,0,0,0,0,0,0,"- ","- ",37.083110809326172,-121.94959259033203,"SANTA CRUZ",UNINCORPORATED,-121.94948577880859,37.083152770996094
94486788,2024,2024-11-27,9720,2024-11-19,"644 ",019521,,2,1,9,4400,0,1,3,,2,030,"SR-1 N/B","BUENA VISTA DR",4490.00,N,N,A,-,Y,SCR,,1," ",R,4.935,H,,R,Y,2,0,1,2,A,-,03,22350,,N,C,C,A,A,H,-,B,D,0,,,,,Y,Y,D,22,1,0,0,0,0,0,0,0,0,"- ","- ",36.936008453369141,-121.82494354248047,"SANTA CRUZ",UNINCORPORATED,-121.82491302490234,36.936061859130859
94486850,2024,2024-11-28,9720,2024-11-18,1030,024068,,1,1,9,4400,0,3,5,,2,200,"NORTH RODEO GULCH ROAD","SOQUEL DRIVE",0.00,,Y,A,-,N,,,,,,,,,,N,3,0,1,2,A,-,10,21950,A,N,G,B,B,A,H,-,A,A,0,Y,,,,Y,,D,22,0,1,0,0,1,0,0,0,0,"- ","- ",36.987541198730469,-121.96949005126953,"SANTA CRUZ",UNINCORPORATED,-121.96955871582031,36.987606048583984
94487698,2024,2024-12-02,9720,2024-11-16,"200 ",023636,,6,3,9,4400,0,1,3,,1,015,SR-9,"PIKE ROAD",1003.00,S,N,A,-,Y,SCR,,9," "," ",10.384,H,,R,Y,4,0,1,1,A,-,01,23152,A,N,E,8,A,A,H,-,D,D,0,,,,,Y,Y,D,22,0,0,1,0,0,0,0,0,0,"- ","- ",37.098358154296875,-122.09792327880859,"SANTA CRUZ",UNINCORPORATED,-122.09796905517578,37.098323822021484
94488716,2024,2024-12-02,9720,2024-11-23,1940,023618,,6,2,9,4400,0,3,5,,2,300,"EUREKA CANYON ROAD","LOWER HIGHLAND ROAD",2851.00,S,N,B,-,N,,,,,,,,,,Y,4,0,1,1,A,-,03,22350,,N,E,I,A,B,H,-,D,D,0,,,,,Y,,A,01,0,0,1,0,0,0,0,0,0,"- ","- ",37.038528442382812,-121.81867980957031,"SANTA CRUZ",UNINCORPORATED,-121.81758880615234,37.038948059082031
94489513,2024,2024-12-02,9720,2024-11-04,2135,022976,,1,2,9,4400,0,1,3,,2,030,"SR-1 S/B","BUENA VISTA DR",1531.00,S,N,A,-,Y,SCR,,1," ",R,3.810,H,,L,Y,3,0,1,1,A,-,01,23152,F,N,F,0,A,A,H,-,C,D,0,,,,,Y,,A,01,0,1,0,0,0,0,0,0,0,"- ","- ",36.929828643798828,-121.80619049072266,"SANTA CRUZ",UNINCORPORATED,-121.80619812011719,36.929821014404297
94489611,2024,2024-12-02,9720,2024-11-15,2124,023811,,5,2,9,4400,0,3,5,,2,100,"GLENWOOD DR","BEAN CREEK RD",1214.00,S,N,A,-,N,,,,,,,,,,Y,3,0,1,1,A,-,01,23152,A,N,E,I,A,A,H,-,D,D,0,,,Y,,Y,Y,C,02,0,1,0,0,0,0,0,0,1,"- ","- ",37.083568572998047,-122.00743865966797,"SANTA CRUZ",UNINCORPORATED,-122.00673675537109,37.083793640136719
94489632,2024,2024-12-02,9720,2024-11-15,2231,023636,,5,3,9,4400,0,2,4,,1,023,"17TH  AVENUE","PORTOLA DR",70.00,N,N,A,-,N,,,,,,,,,,Y,4,0,1,1,A,-,01,23152,A,N,E,I,A,A,H,-,C,D,0,,,,,Y,Y,A,01,0,0,1,0,0,0,0,0,0,"- ","- ",36.963069915771484,-121.98798370361328,"SANTA CRUZ",UNINCORPORATED,-121.98790740966797,36.962944030761719
94489646,2024,2024-12-03,9720,2024-11-21,1325,024071,,4,1,9,4400,0,2,4,,1,022,"SOQUEL SAN JOSE RD","SPRING HOLLOW RD",303.00,N,N,B,C,N,,,,,,,,,,Y,4,0,1,2,A,-,05,21460,A,N,A,C,A,B,H,-,A,D,0,,,,,Y,,A,01,0,0,1,0,0,0,0,0,0,"- ","- ",37.117061614990234,-121.93096923828125,"SANTA CRUZ",UNINCORPORATED,-121.93123626708984,37.116756439208984
94491157,2024,2024-12-03,9720,2024-11-21,1724,020562,,4,2,9,4400,0,1,3,,1,034,"SR-152 W/B","CASSERLY RD",686.00,E,N,B,-,Y,SCR,,152," "," ",3.829,H,,L,Y,3,0,1,3,A,-,03,22350,,N,C,C,A,A,H,-,D,D,0,,,,,Y,,D,22,0,1,0,0,0,0,0,0,0,"- ","- ",36.957668304443359,-121.72586822509766,"SANTA CRUZ",UNINCORPORATED,-121.72584533691406,36.957649230957031
9449190,2022,2022-06-16,4402,2022-05-13,2348,,4402,5,5,5,4402,0,0,0,,0,,"CAYUGA ST",BROADWAY,0.00,,Y,A,-,N,,,,,,,,,,N,3,0,1,2,A,-,12,22450,,M,G,B,B,A,H,-,C,D,0,Y,,,,Y,,D,22,0,1,0,0,1,0,0,0,0,"- ","- ",,,"SANTA CRUZ","SANTA CRUZ",-122.01040649414062,36.975139617919922
94492200,2024,2024-12-04,9720,2024-11-21,1630,024068,,4,2,9,4400,0,1,3,,1,017,"SR-17 S/B","SUMMIT RD",528.00,S,N,B,C,Y,SCL,,17," "," ",0.000,H,,L,Y,3,0,1,1,A,-,03,22350,,N,E,I,A,B,H,-,B,D,0,,,,,Y,,D,22,0,1,0,0,0,0,0,0,0,"- ","- ",37.144069671630859,-121.98475646972656,"SANTA CRUZ",UNINCORPORATED,-121.98479461669922,37.144077301025391
94492292,2024,2024-12-04,9720,2024-11-23,1245,023516,,6,1,9,4400,0,1,3,,2,020,"SR-1 S/B","SOQUEL DRIVE",300.00,N,N,A,-,Y,SCR,,1," "," ",15.004,H,,L,Y,4,0,1,2,A,-,03,22350,,N,C,2,A,A,H,-,A,D,0,,,,,Y,,D,22,0,0,1,0,0,0,0,0,0,"- ","- ",36.987461090087891,-121.98876953125,"SANTA CRUZ",UNINCORPORATED,-121.98876190185547,36.98748779296875
94493860,2024,2024-12-05,9720,2024-11-23,1700,023959,,6,2,9,4400,0,2,4,,1,031,"FREEDOM BLVD","COFFEY LN",0.00,,Y,A,-,N,,,,,,,,,,Y,4,0,1,2,A,-,01,23152,A,N,D,C,A,A,H,-,C,D,0,,,,,Y,Y,A,01,0,0,1,0,0,0,0,0,0,"- ","- ",36.940319061279297,-121.78150177001953,"SANTA CRUZ",UNINCORPORATED,-121.78144836425781,36.940319061279297
94497334,2024,2024-12-13,9720,2024-11-23,"829 ",023214,,6,1,9,4400,0,1,3,,1,017,"SR-17 S/B","SUMMIT RD",550.00,S,N,B,-,Y,SCR,,17," "," ",12.546,H,,L,Y,4,0,1,2,A,-,03,22350,,N,D,E,A,B,H,-,A,D,0,,,,,Y,,A,01,0,0,1,0,0,0,0,0,0,"- ","- ",37.143989562988281,-121.98487854003906,"SANTA CRUZ",UNINCORPORATED,-121.98482513427734,37.143978118896484
94497347,2024,2024-12-13,9720,2024-11-23,1930,023811,,6,2,9,4400,0,3,5,,2,100,"BEAR CREEK RD","BEAR CREEK WAY",350.00,E,N,A,-,N,,,,,,,,,,N,4,0,1,1,A,-,03,22350,,N,E,9,A,A,C,-,D,D,0,,,,,Y,,A,07,0,0,1,0,0,0,0,0,0,"- ","- ",37.173450469970703,-122.05770111083984,"SANTA CRUZ",UNINCORPORATED,-122.05766296386719,37.173454284667969
94497357,2024,2024-12-13,9720,2024-11-24,1105,023146,,7,1,9,4400,0,1,3,,1,014,SR-9,"SARATOGA TOLL RD",350.00,N,N,B,-,Y,SCR,,9," "," ",19.342,H,,R,Y,3,0,1,1,A,-,03,22350,,N,E,I,A,B,H,-,A,D,0,,,,,Y,,A,01,0,1,0,0,0,0,0,0,0,"- ","- ",37.207740783691406,-122.14452362060547,"SANTA CRUZ",UNINCORPORATED,-122.14450073242188,37.207714080810547
94497423,2024,2024-12-13,9720,2024-11-24,1727,023146,,7,2,9,4400,0,1,3,,1,015,SR-9,"LAZY WOODS RD",450.00,S,N,A,-,Y,SCR,,9," "," ",7.375,H,,R,Y,4,0,1,3,A,-,09,21804,A,N,A,C,A,A,H,-,B,D,0,,,,,Y,Y,D,22,0,0,1,0,0,0,0,0,0,"- ","- ",37.064048767089844,-122.07972717285156,"SANTA CRUZ",UNINCORPORATED,-122.07971954345703,37.064048767089844
94497445,2024,2024-12-13,9720,2024-11-25,"210 ",023419,,1,3,9,4400,0,1,3,,1,012,SR-236,"N ESCAPE ROAD",5808.00,N,N,C,E,Y,SCR,,236," "," ",11.069,H,,R,Y,4,0,1,1,A,-,03,22350,,M,E,I,A,B,H,-,D,D,0,,,,,Y,,A,01,0,0,1,0,0,0,0,0,0,"- ","- ",37.185970306396484,-122.2132568359375,"SANTA CRUZ",UNINCORPORATED,-122.21327209472656,37.186195373535156
94497654,2024,2024-12-13,9720,2024-11-24,"137 ",023636,,7,3,9,4400,0,1,3,,1,017,"SR-17 S/B","GRANITE CREEK RD",3960.00,S,N,A,-,Y,SCR,,17," "," ",4.692,H,,L,Y,3,0,1,2,A,-,01,23152,A,N,C,C,A,A,H,-,D,D,0,,,,,Y,Y,A,01,0,1,0,0,0,0,0,0,0,"- ","- ",37.051250457763672,-122.01035308837891,"SANTA CRUZ",UNINCORPORATED,-122.01033782958984,37.051242828369141
94497667,2024,2024-12-13,9720,2024-11-19,"155 ",024053,,2,3,9,4400,0,1,S,,2,904,"SR-17 N/B TO WHITE OAKS RD.","WHITE OAKS RD.",45.00,W,N,A,-,Y,,,,,,,,,,N,4,0,1,1,A,-,01,23152,F,M,E,8,A,A,H,-,C,D,0,,,,,Y,,A,01,0,0,1,0,0,0,0,0,0,"- ","- ",37.269119262695312,-121.94712829589844,"SANTA CRUZ",UNINCORPORATED,,
94497668,2024,2024-12-13,9720,2024-11-19,"203 ",024053,,2,3,9,4400,0,2,S,,2,904,"S BASCOM AVE.","CURTNER AVE.",140.00,S,N,A,-,N,,,,,,,,,,Y,4,0,1,1,A,-,01,23152,F,M,E,I,A,A,H,-,C,D,0,,,,,Y,,A,01,0,0,1,0,0,0,0,0,0,"- ","- ",37.272121429443359,-121.93601226806641,"SANTA CRUZ",UNINCORPORATED,,
94497671,2024,2024-12-13,9720,2024-11-25,"323 ",023636,,1,3,9,4400,0,1,3,,1,035,SR-129,"MURPHY ROAD",3010.00,E,N,C,-,Y,SCR,,129," "," ",5.323,H,,R,Y,2,0,1,1,A,-,01,23152,A,N,E,8,A,B,H,-,D,D,0,,,,,Y,Y,D,22,1,0,0,0,0,0,0,0,0,"- ","- ",36.914249420166016,-121.66639709472656,"SANTA CRUZ",UNINCORPORATED,-121.66641998291016,36.914169311523438
94497673,2024,2024-12-13,9720,2024-11-25,"150 ",023611,,1,3,9,4400,0,3,5,,2,300,"MOUNT MADONNA RD","GAFFEY RD",145.00,S,N,C,-,N,,,,,,,,,,Y,3,0,2,1,A,-,01,23152,A,N,E,8,A,B,H,-,D,D,0,,,,,Y,Y,A,01,0,1,1,0,0,0,0,0,0,"- ","- ",36.988800048828125,-121.73960876464844,"SANTA CRUZ",UNINCORPORATED,-121.73961639404297,36.988689422607422
94498737,2024,2024-12-13,9720,2024-11-27,"645 ",024068,,3,1,9,4400,0,1,3,,2,030,"BUENA VISTA DR","SR-1 S/B FROM BUENA VISTA DR",0.00,,Y,A,-,Y,,,,,,,,,,Y,3,0,2,2,A,-,09,21801,A,N,A,C,A,A,H,-,B,D,0,,,,,Y,,A,01,0,1,1,0,0,0,0,0,0,"- ","- ",36.931060791015625,-121.81105041503906,"SANTA CRUZ",UNINCORPORATED,,