CASE_ID,ACCIDENT_YEAR,PROC_DATE,JURIS,COLLISION_DATE,COLLISION_TIME,OFFICER_ID,REPORTING_DISTRICT,DAY_OF_WEEK,CHP_SHIFT,POPULATION,CNTY_CITY_LOC,SPECIAL_COND,BEAT_TYPE,CHP_BEAT_TYPE,CITY_DIVISION_LAPD,CHP_BEAT_CLASS,BEAT_NUMBER,PRIMARY_RD,SECONDARY_RD,DISTANCE,DIRECTION,INTERSECTION,WEATHER_1,WEATHER_2,STATE_HWY_IND,CALTRANS_COUNTY,CALTRANS_DISTRICT,STATE_ROUTE,ROUTE_SUFFIX,POSTMILE_PREFIX,POSTMILE,LOCATION_TYPE,RAMP_INTERSECTION,SIDE_OF_HWY,TOW_AWAY,COLLISION_SEVERITY,NUMBER_KILLED,NUMBER_INJURED,PARTY_COUNT,PRIMARY_COLL_FACTOR,PCF_CODE_OF_VIOL,PCF_VIOL_CATEGORY,PCF_VIOLATION,PCF_VIOL_SUBSECTION,HIT_AND_RUN,TYPE_OF_COLLISION,MVIW,PED_ACTION,ROAD_SURFACE,ROAD_COND_1,ROAD_COND_2,LIGHTING,CONTROL_DEVICE,CHP_ROAD_TYPE,PEDESTRIAN_ACCIDENT,BICYCLE_ACCIDENT,MOTORCYCLE_ACCIDENT,TRUCK_ACCIDENT,NOT_PRIVATE_PROPERTY,ALCOHOL_INVOLVED,STWD_VEHTYPE_AT_FAULT,CHP_VEHTYPE_AT_FAULT,COUNT_SEVERE_INJ,COUNT_VISIBLE_INJ,COUNT_COMPLAINT_PAIN,COUNT_PED_KILLED,COUNT_PED_INJURED,COUNT_BICYCLIST_KILLED,COUNT_BICYCLIST_INJURED,COUNT_MC_KILLED,COUNT_MC_INJURED,PRIMARY_RAMP,SECONDARY_RAMP,LATITUDE,LONGITUDE,COUNTY,CITY,POINT_X,POINT_Y
94498775,2024,2024-12-13,9720,2024-11-27,1059,024068,,3,1,9,4400,0,1,3,,2,030,"SR-1 S/B","MAR MONTE AVENUE",150.00,S,N,A,-,Y,SCR,,1," ",R,6.653,H,,L,N,4,0,1,1,C,-,18,,,N,E,J,A,A,H,-,A,D,0,,,,,Y,,-,"- ",0,0,1,0,0,0,0,0,0,"- ","- ",36.949188232421875,-121.85076904296875,"SANTA CRUZ",UNINCORPORATED,-121.85079193115234,36.949172973632812
94499258,2024,2024-12-13,9720,2024-12-09,1647,020640,,1,2,9,4400,0,2,4,,1,021,"SOQUEL DR","CAPITOLA AVE",0.00,,Y,A,-,N,,,,,,,,,,N,3,0,1,1,A,-,08,22107,,N,E,8,A,A,H,-,B,A,0,,Y,,,Y,,M,91,0,1,0,0,0,0,1,0,0,"- ","- ",36.987289428710938,-121.95118713378906,"SANTA CRUZ",UNINCORPORATED,-121.95116424560547,36.987190246582031
94500081,2024,2024-12-13,9720,2024-11-15,1730,023618,,5,2,9,4400,0,3,5,,2,200,"GREY SEAL ROAD","CAPITOLA ROAD",10.00,N,N,A,-,N,,,,,,,,,,N,3,0,1,2,A,-,10,21950,A,F,G,B,B,A,H,-,C,D,0,Y,,,,Y,,-,99,0,1,0,0,1,0,0,0,0,"- ","- ",36.978851318359375,-121.99066925048828,"SANTA CRUZ",UNINCORPORATED,-121.99065399169922,36.978763580322266
94500158,2024,2024-12-13,9720,2024-11-21,1555,018171,,4,2,9,4400,0,2,4,,1,031,"FREEDOM BLVD","WHITE RD",10.00,S,N,B,-,N,,,,,,,,,,Y,4,0,2,3,A,-,03,22350,,N,C,C,A,A,H,-,A,D,0,,,,,Y,,A,01,0,0,2,0,0,0,0,0,0,"- ","- ",36.971389770507812,-121.81948852539062,"SANTA CRUZ",UNINCORPORATED,-121.81956481933594,36.971424102783203
94500178,2024,2024-12-13,9720,2024-11-29,1732,023610,,5,2,9,4400,0,2,4,,1,024,"BROMMER ST","30TH AVE",5.00,E,N,A,-,N,,,,,,,,,,N,3,0,1,2,A,-,10,21950,A,N,G,B,B,A,H,-,D,A,0,Y,,,,Y,,A,01,0,1,0,0,1,0,0,0,0,"- ","- ",36.970211029052734,-121.97316741943359,"SANTA CRUZ",UNINCORPORATED,-121.97324371337891,36.970249176025391
94502433,2024,2024-12-13,9720,2024-11-30,"332 ",023618,,6,3,9,4400,0,1,3,,2,030,"SR-1 N/B","AIRPORT BLVD",1742.00,S,N,A,-,Y,SCR,,1," ",R,2.853,H,,R,Y,3,0,1,1,A,-,01,23152,A,N,E,8,A,A,H,-,C,D,0,,,,,Y,Y,A,01,0,1,0,0,0,0,0,0,0,"- ","- ",36.921730041503906,-121.79200744628906,"SANTA CRUZ",UNINCORPORATED,-121.79209136962891,36.921665191650391
94502474,2024,2024-12-13,9720,2024-11-29,1930,023447,,5,2,9,4400,0,1,3,,1,017,"SR-17 S/B","ALTA VISTA DR",200.00,S,N,A,-,Y,SCR,,17," "," ",11.190,H,,L,Y,2,0,1,1,A,-,08,22107,,N,E,I,A,A,H,-,D,D,0,,,,,Y,,A,01,1,0,0,0,0,0,0,0,0,"- ","- ",37.126628875732422,-121.97435760498047,"SANTA CRUZ",UNINCORPORATED,-121.97437286376953,37.126613616943359
94502500,2024,2024-12-13,9720,2024-12-03,2006,023610,,2,2,9,4400,0,2,4,,1,031,"FREEDOM BLVD","WHITE RD",511.00,S,N,A,-,N,,,,,,,,,,Y,4,0,3,2,A,-,05,21460,,N,B,2,A,A,H,-,D,D,0,,,,,Y,,A,01,0,0,3,0,0,0,0,0,0,"- ","- ",36.970180511474609,-121.81868743896484,"SANTA CRUZ",UNINCORPORATED,-121.81871795654297,36.970230102539062
94502503,2024,2024-12-13,9720,2024-11-21,"717 ",023103,,4,1,9,4400,0,3,5,,2,100,"HOPKINS GULCH ROAD","DORRANCE ROAD",5808.00,N,N,B,C,N,,,,,,,,,,N,4,0,1,2,A,-,09,21661,,N,B,C,A,B,H,-,A,D,0,,,,,Y,,A,01,0,0,1,0,0,0,0,0,0,"- ","- ",37.152248382568359,-122.10430145263672,"SANTA CRUZ",UNINCORPORATED,-122.10491180419922,37.152431488037109
94502504,2024,2024-12-13,9720,2024-11-23,1525,024067,,6,2,9,4400,0,2,4,,1,021,"SOQUEL DR","ROBERTSON ST",0.00,,Y,A,-,N,,,,,,,,,,N,3,0,1,2,A,-,12,22450,A,N,D,C,A,A,H,-,A,A,0,,,Y,,Y,,D,22,0,1,0,0,0,0,0,0,1,"- ","- ",36.987739562988281,-121.96050262451172,"SANTA CRUZ",UNINCORPORATED,-121.9605712890625,36.987758636474609
94505523,2024,2024-12-16,9720,2024-12-03,1042,019521,,2,1,9,4400,0,1,3,,2,020,"SR-1 N/B","RIO DEL MAR BLVD OVERCROSSING",1320.00,N,N,A,-,Y,SCR,,1," "," ",9.404,H,,R,N,4,0,1,2,A,-,03,22350,,N,C,C,A,A,H,-,A,D,0,,,,,Y,,A,01,0,0,1,0,0,0,0,0,0,"- ","- ",36.975448608398438,-121.89080047607422,"SANTA CRUZ",UNINCORPORATED,-121.89080047607422,36.975433349609375
94505976,2024,2024-12-16,9720,2024-12-03,"946 ",021211,,2,1,9,4400,0,2,4,,1,032,"AIRPORT BLVD.","PAJARO LN.",0.00,,Y,A,-,N,,,,,,,,,,Y,4,0,2,2,A,-,03,22350,,N,B,C,A,A,H,-,A,A,0,,,,,Y,,A,01,0,0,2,0,0,0,0,0,0,"- ","- ",36.941200256347656,-121.77452850341797,"SANTA CRUZ",UNINCORPORATED,-121.77446746826172,36.941219329833984
94506051,2024,2024-12-16,9720,2024-10-31,2053,023636,,4,2,9,4400,0,3,5,,2,100,"ICE CREAM GRADE","WINTER CREEK ROAD",1848.00,E,N,A,-,N,,,,,,,,,,Y,4,0,1,1,A,-,01,23152,A,M,F,A,A,A,H,-,D,D,0,,,,,Y,Y,D,22,0,0,1,0,0,0,0,0,0,"- ","- ",37.062168121337891,-122.13421630859375,"SANTA CRUZ",UNINCORPORATED,-122.13431549072266,37.059558868408203
94506115,2024,2025-03-24,9720,2024-11-28,1342,023331,,4,1,9,4400,0,2,4,,1,021,"SOQUEL DR","41ST AVE",450.00,E,N,A,-,N,,,,,,,,,,N,2,0,1,2,A,-,09,21804,A,N,B,C,A,A,H,-,A,A,0,,,Y,,Y,,A,01,1,0,0,0,0,0,0,0,1,"- ","- ",36.987770080566406,-121.96337127685547,"SANTA CRUZ",UNINCORPORATED,-121.96348571777344,36.987693786621094
94506159,2024,2024-12-16,9720,2024-12-04,1455,023502,,3,2,9,4400,0,3,5,,2,300,"VARNI ROAD","AMESTI RD",796.00,S,N,A,-,N,,,,,,,,,,N,3,0,1,2,A,-,09,21801,A,N,A,C,A,A,H,-,A,D,0,,,,,Y,,D,22,0,1,0,0,0,0,0,0,0,"- ","- ",36.969638824462891,-121.79686737060547,"SANTA CRUZ",UNINCORPORATED,-121.79666900634766,36.971153259277344
94507042,2024,2024-12-17,9720,2024-12-10,"839 ",020640,,2,1,9,4400,0,1,3,,2,030,"SR-1 N/B","LARKIN VALLEY RD",1584.00,S,N,A,-,Y,SCR,,1," ",R,7.340,H,,R,Y,3,0,3,3,A,-,03,22350,,N,C,2,A,A,H,-,A,D,0,,,,Y,Y,,F,26,0,3,0,0,0,0,0,0,0,"- ","- ",36.957019805908203,-121.85858154296875,"SANTA CRUZ",UNINCORPORATED,-121.85858917236328,36.957015991210938
94507446,2024,2025-03-19,9720,2024-12-11,1300,019956,,3,1,9,4400,0,1,3,,1,017,"SUGARLOAF RD",SR-17,45.00,E,N,A,-,Y,SCR,,17," "," ",8.702,H,,R,N,4,0,1,2,A,-,06,21750,A,N,D,C,A,A,H,-,A,D,0,,,,Y,Y,,D,22,0,0,1,0,0,0,0,0,0,"- ","- ",37.095119476318359,-121.97647857666016,"SANTA CRUZ",UNINCORPORATED,-121.97666168212891,37.095218658447266
94507829,2024,2024-12-17,9720,2024-12-05,2032,023618,,4,2,9,4400,0,1,3,,1,015,SR-9,"SAN LORENZO WAY",320.00,N,N,A,-,Y,SCR,,9," "," ",6.903,H,,R,Y,4,0,1,2,A,-,09,21801,A,N,D,C,A,A,H,-,D,D,0,,,,,Y,,A,01,0,0,1,0,0,0,0,0,0,"- ","- ",37.058158874511719,-122.07742309570312,"SANTA CRUZ",UNINCORPORATED,-122.07740020751953,37.058193206787109
94507860,2024,2024-12-18,9720,2024-12-05,1700,023419,,4,2,9,4400,0,2,4,,1,023,"17TH AVENUE","BROMMER ST",0.00,,Y,A,-,N,,,,,,,,,,N,3,0,1,2,A,-,17,21209,A,N,B,C,A,A,H,-,B,A,0,,,Y,,Y,,C,02,0,1,0,0,0,0,0,0,1,"- ","- ",36.971019744873047,-121.98448944091797,"SANTA CRUZ",UNINCORPORATED,-121.98450469970703,36.971073150634766
94507868,2024,2024-12-18,9720,2024-12-05,1730,023811,,4,2,9,4400,0,2,4,,1,032,"HOLOHAN RD","GRIMMER RD",680.00,E,N,A,-,N,,,,,,,,,,N,3,0,2,2,A,-,03,22350,,N,C,C,A,A,H,-,D,D,0,,,,,Y,,A,01,0,1,1,0,0,0,0,0,0,"- ","- ",36.938411712646484,-121.75344085693359,"SANTA CRUZ",UNINCORPORATED,-121.75349426269531,36.938392639160156
94508880,2024,2024-12-18,9720,2024-12-06,"240 ",023636,,5,3,9,4400,0,1,3,,1,010,SR-1,"DAVENPORT AVE",1267.00,S,N,A,-,Y,SCR,,1," "," ",28.376,H,,R,Y,3,0,1,1,A,-,01,23152,A,N,E,8,A,A,H,-,D,D,0,,,,,Y,Y,D,22,0,1,0,0,0,0,0,0,0,"- ","- ",37.008869171142578,-122.18994140625,"SANTA CRUZ",UNINCORPORATED,-122.18998718261719,37.008804321289062
94509361,2024,2024-12-19,9720,2024-12-07,2015,023322,,6,2,9,4400,0,1,3,,1,034,SR-152,"BEVERLY DR",110.00,E,N,A,-,Y,SCR,,152," "," ",1.859,H,,R,Y,4,0,1,2,A,-,01,23152,A,M,C,4,A,A,H,-,C,D,0,,,,,Y,Y,D,22,0,0,1,0,0,0,0,0,0,"- ","- ",36.93389892578125,-121.74349975585938,"SANTA CRUZ",UNINCORPORATED,-121.74342346191406,36.933891296386719
94510779,2024,2024-12-19,9720,2024-12-12,1230,023146,,4,1,9,4400,0,3,5,,2,100,"EAST ZAYANTE RD","WEST ZAYANTE RD",2400.00,N,N,B,C,N,,,,,,,,,,N,4,0,1,1,A,-,08,22107,,N,E,I,A,B,H,-,A,A,0,,,,,Y,,D,22,0,0,1,0,0,0,0,0,0,"- ","- ",37.064659118652344,-122.05673980712891,"SANTA CRUZ",UNINCORPORATED,-122.05692291259766,37.065044403076172
94510897,2024,2024-12-19,9720,2024-12-10,"730 ",023959,,2,1,9,4400,0,3,5,,2,100,"SAN LORENZO AVE","LINCOLN WAY",528.00,E,N,A,-,N,,,,,,,,,,N,3,0,2,1,A,-,03,22350,,N,F,A,A,B,H,-,A,D,0,,Y,,,Y,,M,91,0,1,1,0,0,0,1,0,0,"- ","- ",37.041351318359375,-122.07337188720703,"SANTA CRUZ",UNINCORPORATED,-122.07256317138672,37.041721343994141
94510938,2024,2024-12-20,9720,2024-12-10,1710,024207,,2,2,5,4402,0,2,4,,1,032,"GREEN VALLEY RD","DUTCHMAN RD",0.00,,Y,A,-,N,,,,,,,,,,N,3,0,1,2,A,-,10,21950,A,N,G,B,B,A,H,-,C,D,0,Y,,,,Y,,A,07,0,1,0,0,1,0,0,0,0,"- ","- ",36.960479736328125,-121.764892578125,"SANTA CRUZ","SANTA CRUZ",-121.76496887207031,36.960460662841797
94514692,2024,2024-12-24,9720,2024-12-12,"730 ",023502,,4,1,9,4400,0,1,3,,1,034,SR-152,"BELLA VISTA LN",426.00,W,N,B,-,Y,SCR,,152," "," ",8.017,H,,R,Y,4,0,1,1,A,-,03,22350,,N,E,I,A,B,H,-,A,D,0,,,,,Y,,D,22,0,0,1,0,0,0,0,0,0,"- ","- ",36.992458343505859,-121.71613311767578,"SANTA CRUZ",UNINCORPORATED,-121.71616363525391,36.992462158203125
94514717,2024,2024-12-24,9720,2024-12-13,"546 ",023103,,5,3,9,4400,0,1,3,,2,020,"SR-1 N/B","41ST AVE",250.00,N,N,B,-,Y,SCR,,1," "," ",13.681,H,,R,Y,4,0,1,2,A,-,07,21658,A,M,E,I,A,B,D,-,C,D,0,,,,,Y,,-,99,0,0,1,0,0,0,0,0,0,"- ","- ",36.982860565185547,-121.96552276611328,"SANTA CRUZ",UNINCORPORATED,-121.96551513671875,36.982913970947266
94514753,2024,2024-12-24,9720,2024-12-13,"730 ",024053,,5,1,9,4400,0,1,3,,2,020,"SR-1 N/B","RIO DEL MAR BLVD",1848.00,S,N,A,-,Y,SCR,,1," "," ",8.793,H,,R,N,4,0,1,2,A,-,03,22350,,N,C,C,A,B,H,-,A,D,0,,,,,Y,,A,01,0,0,1,0,0,0,0,0,0,"- ","- ",36.973068237304688,-121.8802490234375,"SANTA CRUZ",UNINCORPORATED,-121.88024139404297,36.973091125488281
94515116,2024,2024-12-24,9720,2024-12-13,1815,023387,,5,2,9,4400,0,3,5,,2,200,"SPRECKLES DR","CREEK DR",15.00,S,N,B,-,N,,,,,,,,,,Y,3,0,1,1,A,-,08,22107,,N,E,I,A,B,H,-,D,D,0,,,,,Y,,A,01,0,1,0,0,0,0,0,0,0,"- ","- ",36.973609924316406,-121.90396118164062,"SANTA CRUZ",UNINCORPORATED,,
94515754,2024,2024-12-24,9720,2024-12-17,"930 ",019521,,2,1,9,4400,0,2,4,,1,023,"41ST AVE","PORTOLA DR",335.00,S,N,A,-,N,,,,,,,,,,N,4,0,1,3,C,-,18,,,N,B,E,A,A,H,-,A,D,0,,,,,Y,,-,"- ",0,0,1,0,0,0,0,0,0,"- ","- ",36.962539672851562,-121.96495819091797,"SANTA CRUZ",UNINCORPORATED,-121.96489715576172,36.962619781494141
94515773,2024,2024-12-24,9720,2024-11-29,1555,023331,,5,2,9,4400,0,3,5,,2,200,"SOQUEL AVE","SOQUEL DR",10.00,W,N,A,-,N,,,,,,,,,,N,4,0,3,2,A,-,01,23152,A,N,C,C,A,A,H,-,A,A,0,,,,,Y,Y,A,01,0,0,3,0,0,0,0,0,0,"- ","- ",36.985889434814453,-121.98774719238281,"SANTA CRUZ",UNINCORPORATED,-121.98759460449219,36.985939025878906
94515821,2024,2024-12-24,9720,2024-12-10,1640,023502,,2,2,9,4400,0,3,5,,2,200,"MILLER CUT OFF RD","SOQUEL SAN JOSE RD",463.00,S,N,A,-,N,,,,,,,,,,N,3,0,1,1,A,-,03,22350,,N,F,A,A,A,H,-,B,D,0,,,Y,,Y,,C,02,0,1,0,0,0,0,0,0,1,"- ","- ",37.114818572998047,-121.933349609375,"SANTA CRUZ",UNINCORPORATED,-121.93329620361328,37.114818572998047
94515828,2024,2024-12-24,9720,2024-12-16,1120,023959,,1,1,9,4400,0,3,5,,2,100,"EMPIRE GRADE","CAVE GULCH",528.00,S,N,B,C,N,,,,,,,,,,Y,2,0,1,2,A,-,03,22350,,N,A,C,A,B,H,-,A,D,0,,,,,Y,,A,07,1,0,0,0,0,0,0,0,0,"- ","- ",37.005100250244141,-122.07366180419922,"SANTA CRUZ",UNINCORPORATED,-122.07407379150391,37.005931854248047
94515830,2024,2024-12-24,9720,2024-12-12,2220,023507,,4,3,5,4402,0,1,3,,1,017,"SR-17 S/B","MOUNT HERMON RD",2640.00,S,N,C,-,Y,SCR,,17," "," ",2.878,H,,L,Y,4,0,1,1,A,-,03,22350,,N,F,8,A,B,H,-,D,D,0,,,,,Y,,D,22,0,0,1,0,0,0,0,0,0,"- ","- ",37.028221130371094,-122.02416229248047,"SANTA CRUZ","SANTA CRUZ",-122.02408599853516,37.028175354003906
94515835,2024,2024-12-24,9720,2024-12-18,"820 ",019956,,3,1,9,4400,0,2,4,,1,021,"SOQUEL DR","CABRILLO COLLEGE DR",252.00,E,N,A,-,N,,,,,,,,,,Y,4,0,1,2,A,-,03,22350,,N,C,C,A,A,H,-,A,D,0,,,,,Y,,A,07,0,0,1,0,0,0,0,0,0,"- ","- ",36.988010406494141,-121.92324066162109,"SANTA CRUZ",UNINCORPORATED,-121.92423248291016,36.988193511962891
94515836,2024,2024-12-24,9720,2024-12-14,1752,023776,,6,2,9,4400,0,2,4,,1,022,"SOQUEL SAN JOSE RD","AMAYA RIDGE RD",1600.00,S,N,A,-,N,,,,,,,,,,Y,4,0,1,1,A,-,01,23152,A,N,F,A,A,A,H,-,D,D,0,,,,,Y,Y,D,22,0,0,1,0,0,0,0,0,0,"- ","- ",37.067859649658203,-121.93997192382812,"SANTA CRUZ",UNINCORPORATED,-121.94007873535156,37.067359924316406
94516003,2024,2024-12-25,9720,2024-12-13,"640 ",023146,,5,1,9,4400,0,1,3,,1,017,"SR-17 S/B","MT HERMON RD",2800.00,S,N,B,C,Y,SCR,,17," "," ",2.902,H,,L,N,4,0,1,1,A,-,08,22107,,N,F,A,A,B,H,-,D,D,0,,,,,Y,,A,07,0,0,1,0,0,0,0,0,0,"- ","- ",37.028480529785156,-122.02387237548828,"SANTA CRUZ",UNINCORPORATED,-122.02382659912109,37.028457641601562
94516009,2024,2024-12-25,9720,2024-12-18,1155,023502,,3,1,9,4400,0,2,4,,1,032,"GREEN VALLEY RD","ARROYO DR",125.00,N,N,A,-,N,,,,,,,,,,N,4,0,1,2,A,-,11,21954,A,N,G,B,E,A,H,-,A,D,0,Y,,,,Y,,N,60,0,0,1,0,1,0,0,0,0,"- ","- ",36.964710235595703,-121.76502990722656,"SANTA CRUZ",UNINCORPORATED,-121.76499176025391,36.964672088623047
94517312,2024,2024-12-27,9720,2024-12-14,1005,023103,,6,1,9,4400,0,2,4,,1,023,"41ST AVE","SOQUEL DR",560.00,W,N,C,-,N,,,,,,,,,,Y,4,0,1,2,A,-,09,21804,A,N,D,C,A,B,H,-,A,A,0,,,,,Y,,A,01,0,0,1,0,0,0,0,0,0,"- ","- ",36.985828399658203,-121.96489715576172,"SANTA CRUZ",UNINCORPORATED,-121.96498107910156,36.987400054931641
94517321,2024,2024-12-27,9720,2024-12-08,1725,024053,,7,2,9,4400,0,1,3,,2,020,"SR-1 S/B","SOQUEL DR",1109.00,N,N,A,-,Y,SCR,,1," "," ",15.094,H,,L,N,4,0,2,2,A,-,03,22350,,F,C,C,A,A,H,-,B,D,0,,,,,Y,,A,01,0,0,2,0,0,0,0,0,0,"- ","- ",36.987628936767578,-121.99037170410156,"SANTA CRUZ",UNINCORPORATED,-121.99036407470703,36.987667083740234
94517322,2024,2024-12-27,9720,2024-12-19,"710 ",023245,,4,1,9,4400,0,2,4,,1,021,"SOQUEL DR","APTOS CREEK RD",305.00,W,N,A,-,N,,,,,,,,,,N,3,0,1,1,A,-,03,22350,,N,F,A,A,A,H,-,A,D,0,,Y,,,Y,,L,04,0,1,0,0,0,0,1,0,0,"- ","- ",36.976509094238281,-121.90322875976562,"SANTA CRUZ",UNINCORPORATED,-121.90312194824219,36.976535797119141
94520534,2024,2024-12-30,9720,2024-12-02,1735,023611,,1,2,9,4400,0,3,5,,2,300,"BUENA VISTA DR","CALABASAS RD",30.00,W,N,A,-,N,,,,,,,,,,Y,4,0,1,3,A,-,01,23152,A,N,C,4,A,A,H,-,B,D,0,,,,,Y,Y,A,07,0,0,1,0,0,0,0,0,0,"- ","- ",36.940849304199219,-121.78797912597656,"SANTA CRUZ",UNINCORPORATED,-121.78781890869141,36.940959930419922
94521755,2024,2024-12-31,9720,2024-12-18,"830 ",024207,,3,1,9,4400,0,3,5,,2,200,"CHERRYVALE AVE","GLEN HAVEN RD",1584.00,N,N,A,-,N,,,,,,,,,,Y,4,0,1,1,A,-,08,22107,,N,E,I,A,A,H,-,A,D,0,,,,,Y,,A,07,0,0,1,0,0,0,0,0,0,"- ","- ",37.003231048583984,-121.95079803466797,"SANTA CRUZ",UNINCORPORATED,-121.95008087158203,37.002170562744141
94522629,2024,2025-01-02,9720,2024-10-05,"410 ",023611,,6,3,9,4400,0,1,3,,2,020,"SR-1 S/B","STATE PARD DR",3326.00,N,N,A,-,Y,SCR,,1," "," ",11.227,H,,L,Y,4,0,1,2,A,-,03,22350,,F,C,2,A,A,D,-,C,D,0,,,,,Y,,A,01,0,0,1,0,0,0,0,0,0,"- ","- ",36.982341766357422,-121.92150115966797,"SANTA CRUZ",UNINCORPORATED,-121.92149353027344,36.982372283935547
94522630,2024,2025-01-02,9720,2024-11-01,"315 ",023611,,5,3,9,4400,0,2,4,,1,016,"GRAHAM HILL RD","MICHAEL LN",485.00,S,N,A,-,N,,,,,,,,,,Y,2,0,1,1,A,-,01,23152,A,N,E,8,A,A,H,-,D,D,0,,,,,Y,Y,A,01,1,0,0,0,0,0,0,0,0,"- ","- ",36.997398376464844,-122.02873229980469,"SANTA CRUZ",UNINCORPORATED,-122.02874755859375,36.997486114501953
94522631,2024,2025-01-02,9720,2024-12-18,2028,023618,,3,2,9,4400,0,2,4,,1,016,"GRAHAM HILL ROAD","SUMMIT AVENUE",2640.00,S,N,A,-,N,,,,,,,,,,N,3,0,4,1,A,-,08,22107,,N,E,I,A,A,H,-,D,D,0,,,,,Y,,A,08,0,1,3,0,0,0,0,0,0,"- ","- ",37.0435791015625,-122.05249786376953,"SANTA CRUZ",UNINCORPORATED,-122.06597137451172,37.049877166748047
94524220,2024,2025-01-08,9720,2024-12-19,"730 ",024207,,4,1,9,4400,0,2,4,,1,031,"FREEDOM BLVD.","PARKHURST CIR.",20.00,W,N,A,-,N,,,,,,,,,,Y,4,0,2,3,A,-,03,22350,,N,C,C,A,A,H,-,A,D,0,,,,,Y,,A,01,0,0,2,0,0,0,0,0,0,"- ","- ",36.986488342285156,-121.85624694824219,"SANTA CRUZ",UNINCORPORATED,-121.85618591308594,36.986473083496094
94524222,2024,2025-01-03,9720,2024-12-22,"250 ",024071,,7,3,9,4400,0,3,5,,2,300,"FREEDOM BLVD.","PARKHURST CIR.",0.00,,Y,C,-,N,,,,,,,,,,Y,3,0,2,1,A,-,01,23153,A,F,F,I,A,B,H,-,C,D,0,,,,,Y,Y,A,01,0,2,0,0,0,0,0,0,0,"- ","- ",36.986499786376953,-121.85605621337891,"SANTA CRUZ",UNINCORPORATED,-121.85611724853516,36.986473083496094
9452430,2022,2022-06-08,4402,2022-05-21,1215,194,4402,6,5,5,4402,0,0,0,,0,000,"BEACH ST","PACIFIC AV",0.00,,Y,A,-,N,,,,,,,,,,N,3,0,1,1,A,-,08,22107,,N,F,A,A,A,H,-,A,D,0,,Y,,,Y,,L,04,0,1,0,0,0,0,1,0,0,"- ","- ",,,"SANTA CRUZ","SANTA CRUZ",-122.02403259277344,36.962875366210938
94525797,2024,2025-01-06,9720,2024-12-21,2035,022976,,6,2,9,4400,0,3,5,,2,300,"LAKEVIEW RD","CARLTON RD",75.00,S,N,C,-,N,,,,,,,,,,N,4,0,2,2,A,-,03,22350,,F,C,C,A,B,H,-,D,D,0,,,,,Y,,-,99,0,0,2,0,0,0,0,0,0,"- ","- ",36.946060180664062,-121.71772003173828,"SANTA CRUZ",UNINCORPORATED,-121.71769714355469,36.946113586425781
94525832,2024,2025-01-06,9720,2024-12-21,1914,023447,,6,2,9,4400,0,1,S,,2,904,"101 N/B","E MAIN AVE",1056.00,S,N,A,-,Y,SCL,,101," ",R,16.579,H,,R,N,4,0,1,2,A,-,03,22350,,N,C,C,A,A,H,-,D,D,0,,,,,Y,,A,07,0,0,1,0,0,0,0,0,0,"- ","- ",37.138858795166016,-121.63863372802734,"SANTA CRUZ",UNINCORPORATED,-121.63862609863281,37.138862609863281
94526032,2024,2025-01-06,9720,2024-12-21,1420,024053,,6,2,9,4400,0,3,5,,2,300,"LARKIN VALLEY RD","BUENA VISTA DR",1267.00,W,N,B,-,N,,,,,,,,,,N,3,0,1,1,A,-,08,22107,,N,E,I,A,A,H,-,A,D,0,,,,,Y,,A,08,0,1,0,0,0,0,0,0,0,"- ","- ",36.940788269042969,-121.81008148193359,"SANTA CRUZ",UNINCORPORATED,-121.81003570556641,36.940681457519531
94526036,2024,2025-01-06,9720,2024-12-24,2009,023610,,2,2,9,4400,0,3,5,,2,200,"SEA RIDGE RD","MAR VISTA DR",112.00,E,N,A,-,N,,,,,,,,,,Y,4,0,1,2,A,-,08,22107,,N,C,E,A,A,H,-,D,D,0,,,,,Y,,A,01,0,0,1,0,0,0,0,0,0,"- ","- ",36.976940155029297,-121.91652679443359,"SANTA CRUZ",UNINCORPORATED,-121.91651916503906,36.976886749267578
94526085,2024,2025-01-06,9720,2024-12-23,"632 ",023573,,1,1,9,4400,0,3,5,,2,300,"CARLTON RD","COWARD RD",20.00,W,N,C,-,N,,,,,,,,,,Y,4,0,1,1,A,-,08,22107,,N,E,I,A,B,H,-,B,D,0,,,,,Y,,A,01,0,0,1,0,0,0,0,0,0,"- ","- ",36.931758880615234,-121.71234893798828,"SANTA CRUZ",UNINCORPORATED,-121.71212005615234,36.931739807128906
94526094,2024,2025-01-06,9720,2024-12-22,1205,023146,,7,1,9,4400,0,3,5,,2,100,"BEAR CREEK RD","BEAR CANYON RD",1320.00,W,N,B,-,N,,,,,,,,,,N,4,0,1,1,A,-,03,22350,,N,E,8,A,B,H,-,A,D,0,,,,,Y,,A,01,0,0,1,0,0,0,0,0,0,"- ","- ",37.168281555175781,-122.04724884033203,"SANTA CRUZ",UNINCORPORATED,-122.04656982421875,37.167797088623047