CASE_ID,ACCIDENT_YEAR,PROC_DATE,JURIS,COLLISION_DATE,COLLISION_TIME,OFFICER_ID,REPORTING_DISTRICT,DAY_OF_WEEK,CHP_SHIFT,POPULATION,CNTY_CITY_LOC,SPECIAL_COND,BEAT_TYPE,CHP_BEAT_TYPE,CITY_DIVISION_LAPD,CHP_BEAT_CLASS,BEAT_NUMBER,PRIMARY_RD,SECONDARY_RD,DISTANCE,DIRECTION,INTERSECTION,WEATHER_1,WEATHER_2,STATE_HWY_IND,CALTRANS_COUNTY,CALTRANS_DISTRICT,STATE_ROUTE,ROUTE_SUFFIX,POSTMILE_PREFIX,POSTMILE,LOCATION_TYPE,RAMP_INTERSECTION,SIDE_OF_HWY,TOW_AWAY,COLLISION_SEVERITY,NUMBER_KILLED,NUMBER_INJURED,PARTY_COUNT,PRIMARY_COLL_FACTOR,PCF_CODE_OF_VIOL,PCF_VIOL_CATEGORY,PCF_VIOLATION,PCF_VIOL_SUBSECTION,HIT_AND_RUN,TYPE_OF_COLLISION,MVIW,PED_ACTION,ROAD_SURFACE,ROAD_COND_1,ROAD_COND_2,LIGHTING,CONTROL_DEVICE,CHP_ROAD_TYPE,PEDESTRIAN_ACCIDENT,BICYCLE_ACCIDENT,MOTORCYCLE_ACCIDENT,TRUCK_ACCIDENT,NOT_PRIVATE_PROPERTY,ALCOHOL_INVOLVED,STWD_VEHTYPE_AT_FAULT,CHP_VEHTYPE_AT_FAULT,COUNT_SEVERE_INJ,COUNT_VISIBLE_INJ,COUNT_COMPLAINT_PAIN,COUNT_PED_KILLED,COUNT_PED_INJURED,COUNT_BICYCLIST_KILLED,COUNT_BICYCLIST_INJURED,COUNT_MC_KILLED,COUNT_MC_INJURED,PRIMARY_RAMP,SECONDARY_RAMP,LATITUDE,LONGITUDE,COUNTY,CITY,POINT_X,POINT_Y
9452645,2022,2022-06-07,4403,2022-05-15,1310,T0008,"3 06",7,5,4,4403,0,0,0,,0,003,"FREEDOM BL","MILES LN",5.00,N,N,A,-,N,,,,,,,,,,Y,2,0,1,1,A,-,01,23152,A,N,E,I,A,A,H,-,A,D,0,,,,,Y,Y,A,01,1,0,0,0,0,0,0,0,0,"- ","- ",,,"SANTA CRUZ",WATSONVILLE,-121.76166534423828,36.922943115234375
9452646,2022,2022-06-07,4403,2022-05-21,1213,418,"3 17",6,5,4,4403,0,0,0,,0,003,"MCKENZIE AV","HUSHBECK AV",0.00,,Y,A,-,N,,,,,,,,,,Y,4,0,1,2,A,-,09,21802,A,N,D,C,A,A,H,-,A,A,0,,,,,Y,,A,01,0,0,1,0,0,0,0,0,0,"- ","- ",,,"SANTA CRUZ",WATSONVILLE,-121.74451446533203,36.918243408203125
94526524,2024,2025-01-06,9720,2024-12-24,2005,023636,,2,2,9,4400,0,2,4,,1,021,"SOQUEL DR","WALNUT AVE",18.00,E,N,A,-,N,,,,,,,,,,Y,3,0,1,1,A,-,01,23152,A,N,E,8,A,A,H,-,C,D,0,,,,,Y,Y,A,07,0,1,0,0,0,0,0,0,0,"- ","- ",36.987350463867188,-121.95245361328125,"SANTA CRUZ",UNINCORPORATED,-122.02595520019531,36.973278045654297
94526598,2024,2025-01-06,9720,2024-12-24,2237,023618,,2,3,9,4400,0,1,3,,2,020,"SR-1 N/B TO STATE PAR DRIVE","STATE PARK DRIVE",500.00,S,N,A,-,Y,SCR,,1," "," ",10.429,H,,R,Y,3,0,1,1,A,-,01,23152,A,N,E,I,A,A,H,-,D,D,0,,,,,Y,Y,A,01,0,1,0,0,0,0,0,0,0,"- ","- ",36.977390289306641,-121.90857696533203,"SANTA CRUZ",UNINCORPORATED,-121.90872192382812,36.977214813232422
9452664,2022,2022-06-10,4402,2022-04-23,1622,194,4402,6,5,5,4402,0,0,0,,0,004,"MURRAY ST","SEABRIGHT AV",72.00,E,N,A,-,N,,,,,,,,,,N,3,0,2,3,A,-,03,22350,,N,C,C,A,A,H,-,A,A,0,,,,,Y,,A,08,0,1,1,0,0,0,0,0,0,"- ","- ",,,"SANTA CRUZ","SANTA CRUZ",-122.00765228271484,36.967319488525391
94526949,2024,2025-01-06,9720,2024-12-26,1205,018171,,4,1,9,4400,0,1,3,,1,017,"SR-17 S/B","SUMMIT RD",100.00,S,N,C,-,Y,SCR,,17," "," ",12.544,H,,L,N,4,0,2,2,A,-,03,22350,,N,E,J,A,B,H,-,A,D,0,,,,,Y,,A,01,0,0,2,0,0,0,0,0,0,"- ","- ",37.143928527832031,-121.98480987548828,"SANTA CRUZ",UNINCORPORATED,-121.98484039306641,37.143936157226562
94526955,2024,2025-01-06,9720,2024-12-27,1000,020562,,5,1,9,4400,0,1,3,,2,020,SR-1,SR-17,350.00,S,N,B,-,Y,SCR,,1," "," ",16.777,H,,R,Y,3,0,1,1,A,-,03,22350,,N,E,I,A,B,H,-,A,D,0,,,,,Y,,A,07,0,1,0,0,0,0,0,0,0,"- ","- ",36.989341735839844,-122.02062225341797,"SANTA CRUZ",UNINCORPORATED,-122.02058410644531,36.989501953125
94527056,2024,2025-01-06,9720,2024-12-27,"600 ",020562,,5,1,9,4400,0,1,3,,2,020,"SR-1 N/B","PARK AVE",100.00,N,N,B,C,Y,SCR,,1," "," ",12.118,H,,R,Y,3,0,3,6,A,-,08,22107,,N,E,I,A,A,H,-,D,D,0,,,,,Y,,A,01,0,1,2,0,0,0,0,0,0,"- ","- ",36.984039306640625,-121.93734741210938,"SANTA CRUZ",UNINCORPORATED,-121.93734741210938,36.98406982421875
94527119,2024,2025-01-06,9720,2024-12-26,1229,024053,,4,1,9,4400,0,1,3,,1,034,SR-152,"BELLA VISTA LN",1901.00,W,N,B,-,Y,SCR,,152," "," ",7.719,H,,R,Y,3,0,1,1,A,-,08,22107,,N,F,I,A,B,H,-,A,D,0,,,,,Y,,A,07,0,1,0,0,0,0,0,0,0,"- ","- ",36.990669250488281,-121.71407318115234,"SANTA CRUZ",UNINCORPORATED,-121.71404266357422,36.990631103515625
94527266,2024,2025-01-06,9720,2024-12-28,1527,020562,,6,2,9,4400,0,1,3,,1,017,"SR-17 S/B","GLENWOOD DR",280.00,N,N,B,-,Y,SCR,,17," "," ",10.700,H,,L,Y,3,0,1,1,A,-,08,22107,,N,E,I,A,A,H,-,A,D,0,,,,,Y,,A,07,0,1,0,0,0,0,0,0,0,"- ","- ",37.120700836181641,-121.97590637207031,"SANTA CRUZ",UNINCORPORATED,-121.97595977783203,37.120716094970703
94527294,2024,2025-01-06,9720,2024-12-25,1806,023610,,3,2,9,4400,0,3,5,,2,300,"CALABASAS RD","VIA NICOLA",1584.00,W,N,A,-,N,,,,,,,,,,N,4,0,1,2,A,-,06,21750,A,N,B,C,A,A,H,-,D,D,0,,,,,Y,,A,07,0,0,1,0,0,0,0,0,0,"- ","- ",36.9486083984375,-121.80197143554688,"SANTA CRUZ",UNINCORPORATED,-121.80201721191406,36.948684692382812
94527468,2024,2025-01-06,9720,2024-12-19,1800,023387,,4,2,9,4400,0,1,3,,2,020,"SR-1 S/B FROM 41ST AVE","41ST AVE",320.00,S,N,B,-,Y,SCR,,1," "," ",13.549,H,,L,N,4,0,3,3,A,-,21,22106,,N,C,C,A,A,H,-,D,D,0,,,,,Y,,A,01,0,0,3,0,0,0,0,0,0,"- ","- ",36.982440948486328,-121.96317291259766,"SANTA CRUZ",UNINCORPORATED,-121.96318054199219,36.982677459716797
94527475,2024,2025-01-06,9720,2024-12-16,"122 ",024071,,1,3,9,4400,0,2,4,,1,024,"CAPITOLA RD","MACIEL AVE",179.00,E,N,A,-,N,,,,,,,,,,Y,4,0,1,1,A,-,01,23152,A,N,E,I,A,A,H,-,C,D,0,,,,,Y,Y,A,01,0,0,1,0,0,0,0,0,0,"- ","- ",36.974750518798828,-121.97567749023438,"SANTA CRUZ",UNINCORPORATED,-121.97573852539062,36.974880218505859
94529045,2024,2025-01-07,9720,2024-12-26,1210,023146,,4,1,9,4400,0,1,3,,1,015,SR-9,"IRWIN WAY",0.00,,Y,B,C,Y,SCR,,9," "," ",12.001,H,,R,N,4,0,2,2,A,-,04,21703,,N,C,C,A,B,H,-,A,D,0,,,,,Y,,A,07,0,0,2,0,0,0,0,0,0,"- ","- ",37.112388610839844,-122.11485290527344,"SANTA CRUZ",UNINCORPORATED,-122.11480712890625,37.112415313720703
9453002,2022,2022-06-17,4403,2022-05-30,1033,418,315,1,5,4,4403,0,0,0,,0,003,"BECK ST","BARON ST",82.00,E,N,A,-,N,,,,,,,,,,N,3,0,1,3,A,-,09,21804,A,N,D,C,A,A,H,-,A,A,0,,,,,Y,,A,01,0,1,0,0,0,0,0,0,0,"- ","- ",,,"SANTA CRUZ",WATSONVILLE,-121.74501037597656,36.914493560791016
9453028,2022,2022-07-12,4403,2022-05-30,1224,418,I-09,1,5,4,4403,0,0,0,,0,001,"MAIN ST","5TH ST",6.00,N,N,A,-,Y,SCR,5,152,-,T,2.670,I,5,W,,3,0,1,2,A,-,10,21950,A,F,G,B,B,A,H,-,A,A,0,Y,,,,Y,,D,22,0,1,0,0,1,0,0,0,0,"- ","- ",,,"SANTA CRUZ",WATSONVILLE,-121.75973510742188,36.913135528564453
9453049,2022,2022-06-22,4403,2022-05-17,1059,418,2-23,2,5,4,4403,0,0,0,,0,002,"GREEN VALLEY RD","QUIET MEADOW DR",0.00,,Y,A,-,N,,,,,,,,,,Y,4,0,1,2,A,-,12,21453,A,N,D,C,A,A,H,-,A,A,0,,,,,Y,,A,08,0,0,1,0,0,0,0,0,0,"- ","- ",,,"SANTA CRUZ",WATSONVILLE,-121.7845458984375,36.916801452636719
94530751,2024,2025-01-08,9720,2024-12-23,2220,023507,,1,3,9,4400,0,3,5,,2,200,"GLEN CANYON RD","REDWOOD DR",500.00,S,N,B,-,N,,,,,,,,,,Y,3,0,1,2,A,-,08,22107,,N,E,8,A,B,H,-,D,D,0,,,,,Y,,A,01,0,1,0,0,0,0,0,0,0,"- ","- ",37.010311126708984,-122.01100158691406,"SANTA CRUZ",UNINCORPORATED,-122.01111602783203,37.010623931884766
94530765,2024,2025-01-08,9720,2024-12-29,1240,023146,,7,1,9,4400,0,1,3,,1,017,"SR-17 S/B","MT HERMON RD",3168.00,S,N,B,-,Y,SCR,,17," "," ",2.838,H,,L,Y,3,0,1,1,A,-,03,22350,,N,E,I,A,B,H,-,A,D,0,,,,,Y,,D,22,0,1,0,0,0,0,0,0,0,"- ","- ",37.027698516845703,-122.02449035644531,"SANTA CRUZ",UNINCORPORATED,-122.02454376220703,37.027740478515625
94532352,2024,2025-01-10,9720,2024-12-13,"915 ",023331,,5,1,9,4400,0,3,5,,2,200,"APTOS VILLAGE WAY","APTOS CREEK RD",100.00,E,N,B,-,N,,,,,,,,,,N,4,0,1,2,B,-,22,,,N,G,B,F,A,H,-,A,D,0,Y,,,,Y,,A,01,0,0,1,0,1,0,0,0,0,"- ","- ",36.978099822998047,-121.90216827392578,"SANTA CRUZ",UNINCORPORATED,-121.90231323242188,36.978118896484375
9453274,2022,2022-07-01,4403,2022-06-10,1236,T0009,224,5,5,4,4403,0,0,0,,0,002,"WALKER ST","2ND ST",0.00,,Y,A,-,N,,,,,,,,,,Y,4,0,1,2,A,-,09,21802,A,N,-,C,A,A,H,-,A,D,0,,,,,Y,,D,22,0,0,1,0,0,0,0,0,0,"- ","- ",,,"SANTA CRUZ",WATSONVILLE,-121.75956726074219,36.906444549560547
9453276,2022,2022-07-11,4403,2022-06-16,0740,T0009,1-09,4,5,4,4403,0,0,0,,0,001,"MAIN ST","LAKE AV",0.00,,Y,A,-,Y,SCR,5,152,-,T,2.803,I,5,E,Y,4,0,2,2,A,-,09,21801,A,N,A,C,A,A,H,-,A,A,0,,,,,Y,,D,22,0,0,2,0,0,0,0,0,0,"- ","- ",,,"SANTA CRUZ",WATSONVILLE,-121.75839996337891,36.911598205566406
94533812,2024,2025-01-13,9720,2024-12-28,1455,023146,,6,2,9,4400,0,1,3,,2,020,"SR-1 S/B","PARK AVE",300.00,N,N,A,-,Y,SCR,,1," "," ",12.354,H,,L,Y,3,0,1,1,A,-,08,22107,,N,E,I,A,A,D,-,A,D,0,,,,,Y,,A,07,0,1,0,0,0,0,0,0,0,"- ","- ",36.983848571777344,-121.94168090820312,"SANTA CRUZ",UNINCORPORATED,-121.94168090820312,36.983932495117188
94534275,2024,2025-01-13,9720,2024-12-21,"245 ",022976,,6,3,9,4400,0,1,3,,2,030,"SR-1 S/B","HARKINS SLOUGH RD",3010.00,S,N,A,-,Y,SCR,,1," ",R,1.690,H,,L,Y,3,0,1,2,A,-,01,23152,A,N,C,2,A,A,H,-,D,D,0,,,,,Y,Y,D,22,0,1,0,0,0,0,0,0,0,"- ","- ",36.906909942626953,-121.78231811523438,"SANTA CRUZ",UNINCORPORATED,-121.78226470947266,36.906932830810547
94534283,2024,2025-01-13,9720,2024-12-15,2140,024068,,7,2,9,4400,0,1,3,,2,030,"SR-1 N/B","MAR MONTE AVE",4752.00,S,N,A,-,Y,SCR,,1," ",R,5.778,H,,R,N,4,0,1,1,A,-,01,23152,F,N,E,I,A,B,H,-,D,D,0,,,,,Y,,A,01,0,0,1,0,0,0,0,0,0,"- ","- ",36.941238403320312,-121.838623046875,"SANTA CRUZ",UNINCORPORATED,-121.83857727050781,36.941287994384766
94536796,2025,2025-01-14,9720,2025-01-01,2130,023507,,3,2,9,4400,0,1,3,,1,017,"SR-17 N/B","GLENWOOD DR",200.00,S,N,A,-,Y,SCR,,17," "," ",10.550,H,,R,Y,4,0,1,1,A,-,01,23152,A,N,E,8,A,A,H,-,D,D,0,,,,,Y,Y,A,07,0,0,1,0,0,0,0,0,0,"- ","- ",37.118759155273438,-121.97514343261719,"SANTA CRUZ",UNINCORPORATED,-121.97526550292969,37.118721008300781
94537670,2024,2025-01-14,9720,2024-11-24,"100 ",023611,,7,3,9,4400,0,1,3,,1,015,SR-9,"MILL ST",255.00,N,N,A,-,Y,SCR,,9," "," ",9.698,H,,R,Y,3,0,1,1,A,-,08,22107,,M,E,8,A,A,H,-,C,D,0,,,,,Y,,D,22,0,1,0,0,0,0,0,0,0,"- ","- ",37.089641571044922,-122.09336090087891,"SANTA CRUZ",UNINCORPORATED,-122.09331512451172,37.089687347412109
9453768,2022,2022-07-11,4402,2022-06-11,1557,177,4402,6,5,5,4402,0,0,0,,0,000,"MORA ST","AMAT ST",39.00,W,N,A,-,N,,,,,,,,,,N,3,0,1,1,A,-,03,22350,,N,E,-,A,A,A,-,A,D,0,,Y,,,Y,,L,04,0,1,0,0,0,0,1,0,0,"- ","- ",,,"SANTA CRUZ","SANTA CRUZ",-122.030029296875,36.980129241943359
94540653,2024,2025-01-16,9720,2024-12-16,1700,024207,,1,2,9,4400,0,2,4,,1,031,"FREEDOM BLVD","PETERY LN",185.00,E,N,C,-,N,,,,,,,,,,Y,4,0,1,3,A,-,03,22350,,F,A,C,A,B,H,-,B,D,0,,,,,Y,,-,99,0,0,1,0,0,0,0,0,0,"- ","- ",36.987201690673828,-121.84420013427734,"SANTA CRUZ",UNINCORPORATED,-121.84421539306641,36.987239837646484
9454301,2022,2022-07-20,4401,2022-05-04,1650,524,4401,3,5,3,4401,0,0,0,,0,005,"41ST AV","JADE ST",0.00,,Y,A,-,N,,,,,,,,,,N,4,0,2,2,A,-,03,22350,,N,C,C,A,A,H,-,A,A,0,,,,,Y,,A,07,0,0,2,0,0,0,0,0,0,"- ","- ",,,"SANTA CRUZ",CAPITOLA,-121.96492004394531,36.970279693603516
94544794,2024,2025-11-27,9720,2024-08-17,"730 ",023573,,6,1,9,4400,0,2,4,,1,031,"FREEDOM BLVD","MCDONALD RD",150.00,E,N,A,-,N,,,,,,,,,,Y,1,1,1,2,A,-,05,21460,A,N,A,C,A,A,H,-,A,D,0,,,,,Y,,A,07,0,1,0,0,0,0,0,0,0,"- ","- ",36.986579895019531,-121.85930633544922,"SANTA CRUZ",UNINCORPORATED,-121.85956573486328,36.986534118652344
94545764,2025,2025-01-22,9720,2025-01-01,2330,022976,,3,3,9,4400,0,1,3,,1,035,SR-129,"LEE ROAD",65.00,N,N,A,-,Y,,,,,,,,,,N,3,0,2,1,A,-,01,23152,A,F,F,A,A,A,H,-,D,D,0,,,,,Y,Y,A,07,0,2,0,0,0,0,0,0,0,"- ","- ",36.893699645996094,-121.77671813964844,"SANTA CRUZ",UNINCORPORATED,-121.77634429931641,36.893611907958984
94546005,2024,2025-01-22,9720,2024-09-27,"550 ",023317,,5,3,9,4400,0,3,5,,2,200,"OPAL CLIFF DR","COURT DR",430.00,E,N,A,-,N,,,,,,,,,,N,1,1,1,2,B,-,22,,,N,H,B,E,A,H,-,B,D,0,Y,Y,,,Y,,M,91,1,0,0,1,0,0,1,0,0,"- ","- ",36.965919494628906,-121.960693359375,"SANTA CRUZ",UNINCORPORATED,-121.96080017089844,36.965896606445312
9454870,2022,2022-06-29,4402,2022-06-03,2019,126,4402,5,5,5,4402,0,0,0,,0,000,"WESTERN DR","MEDER ST",145.00,N,N,B,-,N,,,,,,,,,,N,3,0,1,1,A,-,03,22350,,N,F,-,A,A,H,-,B,D,0,,Y,,,Y,,L,04,0,1,0,0,0,0,1,0,0,"- ","- ",,,"SANTA CRUZ","SANTA CRUZ",-122.05839538574219,36.975067138671875
9455854,2022,2022-06-28,4403,2022-06-14,1103,418,527,2,5,4,4403,0,0,0,,0,005,"AIRPORT BL","FREEDOM BL",212.00,S,N,A,-,N,,,,,,,,,,N,4,0,1,2,A,-,09,21804,A,N,A,C,A,A,H,-,A,A,0,,,,,Y,,A,07,0,0,1,0,0,0,0,0,0,"- ","- ",,,"SANTA CRUZ",WATSONVILLE,-121.77822875976562,36.937824249267578
9455858,2022,2022-06-28,4403,2022-06-14,1924,281,527,2,5,4,4403,0,0,0,,0,005,"FREEDOM BL","BURCHELL AV",0.00,,Y,A,-,N,,,,,,,,,,N,4,0,1,2,A,-,09,21801,A,N,D,G,A,A,H,-,A,D,0,,Y,,,Y,,A,08,0,0,1,0,0,0,1,0,0,"- ","- ",,,"SANTA CRUZ",WATSONVILLE,-121.77877807617188,36.938808441162109
9456370,2022,2022-07-12,4403,2022-05-31,1605,418,1-08,2,5,4,4403,0,0,0,,0,001,"CARR ST","LAKE AV",0.00,,Y,A,-,Y,SCR,5,152,-,T,3.119,I,5,W,Y,4,0,1,3,A,-,09,21802,A,N,D,C,A,A,H,-,A,A,0,,,,,Y,,A,01,0,0,1,0,0,0,0,0,0,"- ","- ",,,"SANTA CRUZ",WATSONVILLE,-121.75583648681641,36.913486480712891
9456474,2022,2022-09-21,4402,2022-04-28,1533,171,4402,4,5,5,4402,0,0,0,,0,000,"RT 1","KING ST",0.00,,Y,A,-,Y,SCR,5,1,-,-,18.260,I,5,N,Y,3,0,1,2,A,-,09,21804,A,N,H,-,A,A,H,-,A,D,0,,,Y,,Y,,-,99,0,1,0,0,0,0,0,0,1,"- ","- ",,,"SANTA CRUZ","SANTA CRUZ",-122.03308868408203,36.975730895996094
9456478,2022,2022-07-12,4402,2022-04-24,1927,175,4402,7,5,5,4402,0,0,0,,0,000,"RT 1","LOCUST ST",2.00,S,N,A,-,Y,SCR,5,1,-,-,18.321,I,5,S,Y,4,0,1,2,A,-,09,21801,A,N,D,C,A,A,H,-,A,D,0,,,Y,,Y,,A,01,0,0,1,0,0,0,0,0,1,"- ","- ",,,"SANTA CRUZ","SANTA CRUZ",-122.033935546875,36.974864959716797
94565187,2024,2025-02-04,9720,2024-10-17,2213,023618,,4,3,9,4400,0,1,3,,1,014,SR-9,"JUANITA ROAD",225.00,S,N,A,-,Y,SCR,,9," "," ",14.224,H,,R,Y,1,1,0,1,A,-,01,23152,A,N,E,8,A,A,H,-,D,D,0,,,,,Y,Y,A,01,0,0,0,0,0,0,0,0,0,"- ","- ",37.139659881591797,-122.13050079345703,"SANTA CRUZ",UNINCORPORATED,-122.13054656982422,37.139629364013672
9457164,2022,2022-07-20,4403,2022-06-23,0703,T0008,1-13,4,5,4,4403,0,0,0,,0,001,"RIVERSIDE DR","LINCOLN ST",6.00,E,N,B,-,Y,SCR,5,129,-,-,0.350,I,5,E,Y,3,0,1,2,A,-,10,21950,A,N,G,B,B,A,H,-,A,A,0,Y,,,,Y,,D,22,0,1,0,0,1,0,0,0,0,"- ","- ",,,"SANTA CRUZ",WATSONVILLE,-121.74874877929688,36.910606384277344
9458179,2022,2022-06-13,4402,2022-04-30,1338,176,4402,6,5,5,4402,0,0,0,,0,000,"SOQUEL AV","SAN JUAN AV",88.00,E,N,A,-,N,,,,,,,,,,Y,4,0,1,2,A,-,09,21804,A,N,D,C,A,A,H,-,A,D,0,,,Y,,Y,,C,02,0,0,1,0,0,0,0,0,0,"- ","- ",,,"SANTA CRUZ","SANTA CRUZ",-122.00386047363281,36.981491088867188
9458180,2022,2022-06-13,4402,2022-04-28,0942,138,SANTA,4,5,5,4402,0,0,0,,0,000,"CAMPBELL ST","BARSON ST",0.00,,Y,A,-,N,,,,,,,,,,N,3,0,1,2,A,-,06,21951,,N,G,B,D,A,H,-,A,D,0,Y,,,,Y,,N,60,0,1,0,0,1,0,0,0,0,"- ","- ",,,"SANTA CRUZ","SANTA CRUZ",-122.01969909667969,36.970596313476562
9458182,2022,2022-06-13,4402,2022-04-30,1522,196,4402,6,5,5,4402,0,0,0,,0,,"BEACH ST","MAIN ST",194.00,W,N,A,-,N,,,,,,,,,,N,4,0,1,1,A,-,08,22107,,N,F,A,A,A,H,-,A,D,0,,Y,,,Y,,L,04,0,0,1,0,0,0,1,0,0,"- ","- ",,,"SANTA CRUZ","SANTA CRUZ",-122.02266693115234,36.963172912597656
9458301,2022,2022-06-14,4402,2022-05-13,2156,152,4402,5,5,5,4402,0,0,0,,0,000,"SEABRIGHT AV","EFFEY ST",84.00,S,N,A,-,N,,,,,,,,,,N,3,0,1,2,A,-,00,21685,A,N,C,G,A,A,H,-,C,D,0,,Y,,,Y,Y,L,04,0,1,0,0,0,0,1,0,0,"- ","- ",,,"SANTA CRUZ","SANTA CRUZ",-122.00895690917969,36.976299285888672
9458304,2022,2022-06-14,4402,2022-05-17,1824,186,4402,2,5,5,4402,0,0,0,,0,000,"NORTH BRANCIFORTE","DOYLE ST",21.00,W,N,A,-,N,,,,,,,,,,N,4,0,1,2,A,-,00,21760,D,N,D,G,A,A,H,-,A,D,0,,Y,,,Y,,A,01,0,0,1,0,0,0,1,0,0,"- ","- ",,,"SANTA CRUZ","SANTA CRUZ",-122.01486206054688,36.979564666748047
94590495,2024,2025-02-26,9720,2024-11-13,"245 ",022976,,3,3,9,4400,0,2,4,,1,023,"7TH AVE","EDDY LANE",0.00,,Y,A,-,N,,,,,,,,,,N,1,1,0,2,A,-,03,22350,,F,G,B,E,A,H,-,C,A,0,Y,,,,Y,,D,22,0,0,0,1,0,0,0,0,0,"- ","- ",36.975898742675781,-121.99382781982422,"SANTA CRUZ",UNINCORPORATED,-121.99378204345703,36.9759521484375
9459109,2022,2022-06-09,4403,2022-05-23,1343,418,107,1,5,4,4403,0,0,0,,0,001,"WHITE ST","RIVERSIDE DR",307.00,S,N,A,-,N,,,,,,,,,,Y,3,0,1,2,A,-,05,21650,1,N,D,G,A,A,H,-,A,D,0,,Y,,,Y,,L,04,0,1,0,0,0,0,1,0,0,"- ","- ",,,"SANTA CRUZ",WATSONVILLE,-121.74879455566406,36.909450531005859
9459202,2022,2022-07-06,4403,2022-06-02,1222,418,402,4,5,4,4403,0,0,0,,0,004,"FREEDOM BL","BLANCA LN",0.00,,Y,A,-,N,,,,,,,,,,Y,4,0,2,2,A,-,09,21801,A,N,A,C,A,A,H,-,A,A,0,,,,,Y,,A,01,0,0,2,0,0,0,0,0,0,"- ","- ",,,"SANTA CRUZ",WATSONVILLE,-121.76915740966797,36.931255340576172
9459214,2022,2022-06-17,4403,2022-06-01,0642,381,108,3,5,4,4403,0,0,0,,0,001,"UNION ST","MAPLE AV",0.00,,Y,A,-,N,,,,,,,,,,,4,0,1,2,A,-,03,22350,,N,D,C,A,A,H,-,A,A,0,,,,,Y,,A,01,0,0,1,0,0,0,0,0,0,"- ","- ",,,"SANTA CRUZ",WATSONVILLE,-121.7548828125,36.909820556640625
9459216,2022,2022-06-17,4403,2022-06-01,1610,281,113,3,5,4,4403,0,0,0,,0,001,"BLACKBURN ST","J ST",0.00,,Y,A,-,N,,,,,,,,,,Y,3,0,1,2,A,-,09,21802,A,N,D,C,A,A,H,-,A,D,0,,,Y,,Y,,A,01,0,1,0,0,0,0,0,0,1,"- ","- ",,,"SANTA CRUZ",WATSONVILLE,-121.74864196777344,36.91448974609375
9460244,2022,2022-06-28,4402,2022-05-21,1624,194,4402,6,5,5,4402,0,0,0,,0,,"CHESTNUT ST","MAPLE ST",206.00,N,N,A,-,N,,,,,,,,,,N,3,0,1,1,A,-,01,21200,5,N,F,J,A,A,H,-,A,A,0,,Y,,,Y,Y,L,04,0,1,0,0,0,0,1,0,0,"- ","- ",,,"SANTA CRUZ","SANTA CRUZ",-122.02993011474609,36.970321655273438
9460567,2022,2022-06-21,4402,2022-05-17,1821,182,4402,2,5,5,4402,0,0,0,,0,00E,"FREDERICK ST","WINDHAM ST",280.00,N,N,A,-,N,,,,,,,,,,N,3,0,1,1,A,-,03,22350,,N,F,A,A,A,H,-,A,D,0,,Y,,,Y,Y,L,04,0,1,0,0,0,0,1,0,0,"- ","- ",,,"SANTA CRUZ","SANTA CRUZ",-122.00302124023438,36.974338531494141
9463218,2022,2022-08-31,4403,2022-07-02,2055,417,,6,5,4,4403,0,0,0,,0,,"LINCOLN ST","PROSPECT ST",12.00,S,N,A,-,N,,,,,,,,,,Y,2,0,1,2,A,-,09,21802,A,F,D,C,A,A,H,-,C,A,0,,,Y,,Y,,A,01,1,0,0,0,0,0,0,0,0,"- ","- ",,,"SANTA CRUZ",WATSONVILLE,-121.76084899902344,36.92254638671875
94635234,2024,2025-04-03,9720,2024-10-13,2350,023447,,7,3,9,4400,0,1,3,,2,030,"SR-1 S/B","BUENA VISTA DR",5808.00,N,N,E,-,Y,SCR,,1," ",R,5.287,H,,L,Y,1,1,0,1,A,-,01,23152,A,N,E,I,A,B,D,-,D,D,0,,,,,Y,Y,A,07,0,0,0,0,0,0,0,0,0,"- ","- ",36.937431335449219,-121.83123016357422,"SANTA CRUZ",UNINCORPORATED,-121.83119201660156,36.937511444091797
9463848,2022,2022-09-14,4403,2022-08-31,1144,418,3-15,3,5,4,4403,0,0,0,,0,003,"LAKE AV","BLACKBURN ST",130.00,S,N,A,-,Y,SCR,5,152,-,-,0.540,H,-,W,Y,4,0,1,2,A,-,09,21804,A,N,D,C,A,A,H,-,A,D,0,,,,,Y,,A,07,0,0,1,0,0,0,0,0,0,"- ","- ",,,"SANTA CRUZ",WATSONVILLE,-121.75167083740234,36.916526794433594
9464301,2022,2023-04-21,4402,2022-10-27,1845,157,4402,4,5,5,4402,0,0,0,,0,000,"OCEAN ST","HUBBARD ST",57.00,S,N,A,-,N,,,,,,,,,,N,1,1,0,2,A,-,11,21954,A,N,G,B,D,A,H,-,C,D,0,Y,,,,Y,,N,60,0,0,0,1,0,0,0,0,0,"- ","- ",,,"SANTA CRUZ","SANTA CRUZ",-122.02222442626953,36.981922149658203
94660599,2024,2025-04-23,9720,2024-12-18,"940 ",021211,,3,1,9,4400,0,2,4,,1,022,"SOQUEL SAN JOSE RD.","OLD TURNPIKE RD.",792.00,N,N,A,-,N,,,,,,,,,,Y,1,1,0,2,A,-,03,22350,,N,F,A,A,A,H,-,A,D,0,,,Y,,Y,,C,02,0,0,0,0,0,0,0,1,0,"- ","- ",37.09075927734375,-121.94969940185547,"SANTA CRUZ",UNINCORPORATED,-121.94979095458984,37.090621948242188
9467286,2022,2023-02-14,4404,2022-10-18,1126,5730,4404,2,5,3,4404,0,0,0,,0,00N,"SCOTTS VALLEY DR","VICTOR SQUARE EXT",0.00,,Y,A,-,N,,,,,,,,,,Y,3,0,1,2,A,-,03,22350,,N,C,C,A,-,H,-,A,D,0,,,,,Y,,-,"- ",0,1,0,0,0,0,0,0,0,"- ","- ",37.059169769287109,-122.00926971435547,"SANTA CRUZ","SCOTTS VALLEY",-122.00997161865234,37.059055328369141