CASE_ID,ACCIDENT_YEAR,PROC_DATE,JURIS,COLLISION_DATE,COLLISION_TIME,OFFICER_ID,REPORTING_DISTRICT,DAY_OF_WEEK,CHP_SHIFT,POPULATION,CNTY_CITY_LOC,SPECIAL_COND,BEAT_TYPE,CHP_BEAT_TYPE,CITY_DIVISION_LAPD,CHP_BEAT_CLASS,BEAT_NUMBER,PRIMARY_RD,SECONDARY_RD,DISTANCE,DIRECTION,INTERSECTION,WEATHER_1,WEATHER_2,STATE_HWY_IND,CALTRANS_COUNTY,CALTRANS_DISTRICT,STATE_ROUTE,ROUTE_SUFFIX,POSTMILE_PREFIX,POSTMILE,LOCATION_TYPE,RAMP_INTERSECTION,SIDE_OF_HWY,TOW_AWAY,COLLISION_SEVERITY,NUMBER_KILLED,NUMBER_INJURED,PARTY_COUNT,PRIMARY_COLL_FACTOR,PCF_CODE_OF_VIOL,PCF_VIOL_CATEGORY,PCF_VIOLATION,PCF_VIOL_SUBSECTION,HIT_AND_RUN,TYPE_OF_COLLISION,MVIW,PED_ACTION,ROAD_SURFACE,ROAD_COND_1,ROAD_COND_2,LIGHTING,CONTROL_DEVICE,CHP_ROAD_TYPE,PEDESTRIAN_ACCIDENT,BICYCLE_ACCIDENT,MOTORCYCLE_ACCIDENT,TRUCK_ACCIDENT,NOT_PRIVATE_PROPERTY,ALCOHOL_INVOLVED,STWD_VEHTYPE_AT_FAULT,CHP_VEHTYPE_AT_FAULT,COUNT_SEVERE_INJ,COUNT_VISIBLE_INJ,COUNT_COMPLAINT_PAIN,COUNT_PED_KILLED,COUNT_PED_INJURED,COUNT_BICYCLIST_KILLED,COUNT_BICYCLIST_INJURED,COUNT_MC_KILLED,COUNT_MC_INJURED,PRIMARY_RAMP,SECONDARY_RAMP,LATITUDE,LONGITUDE,COUNTY,CITY,POINT_X,POINT_Y
9467972,2022,2023-01-13,4403,2022-12-15,1145,417,4-31,4,5,4,4403,0,0,0,,0,004,"MAIN ST","PACIFICA BL",239.00,N,N,A,-,Y,SCR,5,152,-,T,1.980,H,-,W,N,2,0,1,2,A,-,03,22350,,F,G,B,E,A,H,-,A,D,0,Y,,,,Y,,A,01,1,0,0,0,1,0,0,0,0,"- ","- ",,,"SANTA CRUZ",WATSONVILLE,-121.77039337158203,36.916400909423828
9467976,2022,2023-01-13,4403,2022-12-06,1434,418,5-26,2,5,4,4403,0,0,0,,0,005,"HOLM RD","RT 152",0.00,,Y,A,-,Y,SCR,5,152,-,T,0.330,I,5,W,Y,4,0,1,2,A,-,09,21802,A,N,D,C,A,A,H,-,A,A,0,,,,,Y,,A,01,0,0,1,0,0,0,0,0,0,"- ","- ",,,"SANTA CRUZ",WATSONVILLE,-121.78968048095703,36.920223236083984
9467980,2022,2023-01-13,4403,2022-12-07,1421,356,2-23,3,5,4,4403,0,0,0,,0,002,"MAIN ST","AUTO CENTER DR",135.00,N,N,A,-,Y,SCR,5,152,-,T,2.100,H,-,E,Y,4,0,1,2,A,-,03,22350,,N,C,C,A,A,H,-,A,A,0,,,,,Y,,A,01,0,0,1,0,0,0,0,0,0,"- ","- ",,,"SANTA CRUZ",WATSONVILLE,-121.76834869384766,36.915939331054688
9468292,2022,2023-01-30,4403,2022-12-23,1322,417,1-09,5,5,4,4403,0,0,0,,0,001,"MAIN ST","5TH ST",0.00,,Y,A,-,Y,SCR,5,152,-,T,2.670,I,5,E,N,4,0,1,2,A,-,17,21451,A,M,D,G,A,A,H,-,A,A,0,,Y,,,Y,,A,01,0,0,1,0,0,0,1,0,0,"- ","- ",,,"SANTA CRUZ",WATSONVILLE,-121.75973510742188,36.913135528564453
9470474,2023,2023-10-18,4403,2023-08-21,1751,T0016,1-09,1,5,4,4403,0,0,0,,0,001,"RT 129","MAIN ST",75.00,W,N,A,-,Y,SCR,5,129,-,L,1.440,H,-,E,N,2,0,1,3,A,-,09,21804,A,N,D,C,A,A,H,-,A,A,0,,,Y,,Y,,A,07,1,0,0,0,0,0,0,0,1,"- ","- ",,,"SANTA CRUZ",WATSONVILLE,-121.75375366210938,36.906822204589844
9471772,2023,2024-01-11,4403,2023-09-28,1713,433,109,4,5,4,4403,0,0,0,,0,001,"MAIN ST","LAKE AV",260.00,S,N,A,-,N,,,,,,,,,,N,4,0,1,2,A,-,10,21950,A,N,G,B,C,A,H,-,A,A,0,Y,,,,Y,,D,22,0,0,1,0,1,0,0,0,0,"- ","- ",,,"SANTA CRUZ",WATSONVILLE,-121.75783538818359,36.911075592041016
9471773,2023,2023-11-07,4403,2023-09-27,2218,398,528,3,5,4,4403,0,0,0,,0,005,"GREEN VALLEY RD","LAWRENCE AV",0.00,,Y,A,-,N,,,,,,,,,,Y,3,0,2,2,A,-,12,21453,A,F,A,C,A,A,H,-,C,A,0,,,,,Y,,A,07,0,2,0,0,0,0,0,0,0,"- ","- ",,,"SANTA CRUZ",WATSONVILLE,-121.77950286865234,36.926200866699219
9471837,2023,2023-11-01,4403,2023-09-19,2140,T0013,,2,5,4,4403,0,0,0,,0,,"RIVERSIDE DR","UNION ST",0.00,,Y,A,-,N,,,,,,,,,,N,4,0,1,2,A,-,12,21453,A,N,D,D,A,A,H,-,E,A,0,,,,,Y,,A,07,0,0,1,0,0,0,0,0,0,"- ","- ",,,"SANTA CRUZ",WATSONVILLE,-121.75254821777344,36.907794952392578
9472108,2022,2022-07-15,4401,2022-06-12,1505,525,4401,7,5,3,4401,0,0,0,,0,,"RT 1","41ST AV",0.00,,Y,A,-,N,,,,,,,,,,N,4,0,1,2,A,-,03,22350,,N,C,C,A,A,H,-,A,-,0,,,,,Y,,A,08,0,0,1,0,0,0,0,0,0,"- ","- ",,,"SANTA CRUZ",CAPITOLA,-121.96439361572266,36.982837677001953
9472208,2022,2022-07-20,4401,2022-05-07,1004,528,SANTA,6,5,3,4401,0,0,0,,0,007,"BAY AV","HILL ST",0.00,,Y,A,-,N,,,,,,,,,,Y,4,0,1,2,A,-,09,21800,A,N,B,C,A,A,H,-,A,A,0,,,,,Y,,A,01,0,0,1,0,0,0,0,0,0,"- ","- ",,,"SANTA CRUZ",CAPITOLA,-121.95550537109375,36.981098175048828
9472209,2022,2022-08-04,4401,2022-05-05,1748,523,4401,4,5,3,4401,0,0,0,,0,,"BAY AV","OAK DR",0.00,,Y,A,-,N,,,,,,,,,,N,2,0,1,1,A,-,03,22350,,N,H,-,A,A,-,-,A,A,0,,Y,,,Y,Y,L,04,1,0,0,0,0,0,1,0,0,"- ","- ",,,"SANTA CRUZ",CAPITOLA,-121.95382690429688,36.979408264160156
9472650,2022,2022-08-08,4401,2022-04-28,1749,528,SANTA,4,5,3,4401,0,0,0,,0,005,"41ST AV","GROSS RD",140.00,N,N,A,-,N,,,,,,,,,,Y,4,0,1,2,A,-,03,22350,,N,C,D,A,A,H,-,A,A,0,,,,,Y,,A,01,0,0,1,0,0,0,0,0,0,"- ","- ",,,"SANTA CRUZ",CAPITOLA,-121.96465301513672,36.981456756591797
9473426,2022,2022-08-12,4402,2022-07-16,1956,168,4402,6,5,5,4402,0,0,0,,0,000,"BEACH ST","PARK PL",0.00,,Y,A,-,N,,,,,,,,,,N,4,0,1,1,A,-,08,22107,,N,E,I,A,A,H,-,A,D,0,,Y,,,Y,Y,L,04,0,0,1,0,0,0,1,0,0,"- ","- ",,,"SANTA CRUZ","SANTA CRUZ",-122.01471710205078,36.965240478515625
9473427,2022,2022-08-12,4402,2022-07-25,0738,140,4402,1,5,5,4402,0,0,0,,0,000,"CENTER ST","MISSION ST",0.00,,Y,B,-,N,,,,,,,,,,N,4,0,1,2,A,-,09,21453,C,N,G,B,B,A,H,-,A,A,0,Y,,Y,,Y,,C,02,0,0,1,0,1,0,0,0,0,"- ","- ",,,"SANTA CRUZ","SANTA CRUZ",-122.02792358398438,36.976879119873047
9473428,2022,2022-08-12,4402,2022-07-25,2029,146,4402,1,5,5,4402,0,0,0,,0,000,"EAST CLIFF DR","MURRAY ST",0.00,,Y,A,-,N,,,,,,,,,,N,3,0,1,1,A,-,01,21200,5,N,E,I,A,A,H,-,B,A,0,,Y,,,Y,Y,L,04,0,1,0,0,0,0,1,0,0,"- ","- ",,,"SANTA CRUZ","SANTA CRUZ",-122.0118408203125,36.9661865234375
9473438,2022,2022-08-12,4402,2022-07-16,1432,194,4402,6,5,5,4402,0,0,0,,0,000,"WEST CLIFF DR","LIGHTHOUSE FIELD PK LOT A",12.00,E,N,A,-,N,,,,,,,,,,Y,3,0,1,2,A,-,06,21750,A,N,D,C,A,A,H,-,A,A,0,,,Y,,Y,,C,02,0,1,0,0,0,0,0,0,1,"- ","- ",,,"SANTA CRUZ","SANTA CRUZ",,
9473439,2022,2022-08-26,4402,2022-07-10,1600,145,4402,7,5,5,4402,0,0,0,,0,000,"BEACH ST","PACIFIC AV",0.00,,Y,A,-,N,,,,,,,,,,N,3,0,2,1,A,-,08,22107,,N,F,J,A,A,G,-,A,D,0,,Y,,,Y,,L,04,0,2,0,0,0,0,2,0,0,"- ","- ",,,"SANTA CRUZ","SANTA CRUZ",-122.02403259277344,36.962875366210938
94741273,2024,2025-06-26,9720,2024-11-19,"627 ",022140,,2,1,9,4400,0,2,4,,1,032,"GREEN VALLEY RD","PINTO LAKE RD",0.00,,Y,A,-,N,,,,,,,,,,N,1,1,0,2,A,-,10,21950,A,N,G,B,B,A,D,-,B,D,0,Y,,,,Y,,A,01,0,0,0,1,0,0,0,0,0,"- ","- ",36.948211669921875,-121.76548004150391,"SANTA CRUZ",UNINCORPORATED,,
9474799,2022,2022-07-11,4403,2022-06-13,1629,418,224,1,5,4,4403,0,0,0,,0,002,"BEACH ST","LEE RD",480.00,W,N,A,-,N,,,,,,,,,,Y,4,0,1,2,A,-,08,22107,,N,A,C,A,A,H,-,A,D,0,,,Y,,Y,,C,02,0,0,1,0,0,0,0,0,1,"- ","- ",,,"SANTA CRUZ",WATSONVILLE,-121.77847290039062,36.897140502929688
9475929,2022,2022-07-13,4402,2022-06-11,0223,157,4402,6,5,5,4402,0,0,0,,0,000,"PLYMOUTH ST","GRANT ST",164.00,N,N,A,-,N,,,,,,,,,,Y,4,0,1,1,A,-,03,22350,,N,F,I,A,A,H,-,C,A,0,,,,,Y,Y,D,22,0,0,1,0,0,0,0,0,0,"- ","- ",,,"SANTA CRUZ","SANTA CRUZ",-122.02287292480469,36.986183166503906
9475931,2022,2022-07-21,4402,2022-06-15,1424,194,4402,3,5,5,4402,0,0,0,,0,000,BROADWAY,"SUMNER ST",0.00,,Y,A,-,N,,,,,,,,,,Y,3,0,1,2,A,-,09,21804,A,N,D,C,A,A,D,H,A,A,0,,,,Y,Y,,D,22,0,1,0,0,0,0,0,0,0,"- ","- ",,,"SANTA CRUZ","SANTA CRUZ",-122.00725555419922,36.975601196289062
9476462,2022,2022-09-26,4402,2022-06-30,1132,132,4402,4,5,5,4402,0,0,0,,0,000,"CEDAR ST","MAPLE ST",15.00,S,N,A,-,N,,,,,,,,,,Y,4,0,2,3,A,-,01,23153,F,N,C,E,E,A,H,-,A,A,0,Y,,,,Y,,D,22,0,0,2,0,1,0,0,0,0,"- ","- ",,,"SANTA CRUZ","SANTA CRUZ",-122.02642059326172,36.969978332519531
9476463,2022,2023-04-27,4402,2022-06-26,2145,174,4402,7,5,5,4402,0,0,0,,0,000,"OCEAN ST","FRANKLIN ST",125.00,N,N,A,-,N,,,,,,,,,,N,1,1,0,2,A,-,11,21954,A,N,G,B,E,A,H,-,C,D,0,Y,,,,Y,,N,60,0,0,0,1,0,0,0,0,0,"- ","- ",,,"SANTA CRUZ","SANTA CRUZ",-122.02314758300781,36.984176635742188
9477749,2022,2022-08-03,4402,2022-06-28,1618,146,4402,2,5,5,4402,0,0,0,,0,000,"MURRAY ST","SEABRIGHT AV",345.00,E,N,A,-,N,,,,,,,,,,N,3,0,1,3,A,-,11,21954,A,F,G,B,E,A,H,-,A,A,0,Y,,Y,,Y,,N,60,0,1,0,0,0,0,0,0,1,"- ","- ",,,"SANTA CRUZ","SANTA CRUZ",-122.00674438476562,36.967506408691406
9477813,2022,2022-07-27,4402,2022-05-31,1048,199,4402,2,5,5,4402,0,0,0,,0,00E,"WATER ST","MAY AV",0.00,,Y,A,-,N,,,,,,,,,,N,4,0,1,2,A,-,00,22950,A,N,G,B,B,A,H,-,A,D,0,Y,,,,Y,,A,01,0,0,1,0,1,0,0,0,0,"- ","- ",,,"SANTA CRUZ","SANTA CRUZ",-122.02036285400391,36.979892730712891
9477871,2022,2022-09-08,4402,2022-06-18,1541,194,4402,6,5,5,4402,0,0,0,,0,000,"CENTER ST","LAUREL ST",147.00,N,N,A,-,N,,,,,,,,,,N,4,0,1,2,A,-,"- ",,,F,G,B,E,A,H,-,A,D,0,Y,,,,Y,,A,01,0,0,1,0,1,0,0,0,0,"- ","- ",,,"SANTA CRUZ","SANTA CRUZ",-122.02733612060547,36.969326019287109
9478993,2022,2022-09-26,4403,2022-07-27,1941,417,221,3,5,4,4403,0,0,0,,0,002,"2ND ST","RODRIGUEZ ST",151.00,W,N,A,-,N,,,,,,,,,,N,2,0,1,1,A,-,05,21650,1,N,E,J,A,A,H,-,A,D,0,,Y,,,Y,,L,04,1,0,0,0,0,0,1,0,0,"- ","- ",,,"SANTA CRUZ",WATSONVILLE,-121.75727844238281,36.908039093017578
9479043,2022,2022-08-16,4403,2022-08-02,1710,324,838,2,5,4,4403,0,0,0,,0,,"AIRPORT BL","FREEDOM BL",467.00,E,N,B,-,N,,,,,,,,,,N,3,0,1,2,A,-,03,22350,,N,B,C,A,A,H,-,A,D,0,,,Y,,Y,Y,C,02,0,1,0,0,0,0,0,0,1,"- ","- ",,,"SANTA CRUZ",WATSONVILLE,-121.77717590332031,36.939479827880859
9480415,2022,2022-07-25,4402,2022-07-09,0727,194,4402,6,5,5,4402,0,0,0,,0,,"WEST CLIFF DR","PACIFIC AV",54.00,S,N,B,-,N,,,,,,,,,,N,3,0,1,1,C,-,18,,,N,H,A,A,A,H,-,A,A,0,,Y,,,Y,,-,"- ",0,1,0,0,0,0,1,0,0,"- ","- ",,,"SANTA CRUZ","SANTA CRUZ",-122.02613830566406,36.964759826660156
9481795,2022,2022-08-08,4404,2022-04-21,1446,5440,4404,4,5,3,4404,0,0,0,,0,00S,"BEAN CREEK RD","SCOTTS VALLEY DR",101.00,W,N,B,-,N,,,,,,,,,,N,4,0,1,2,A,-,11,21954,A,N,G,B,D,A,H,-,A,A,0,Y,,,,Y,,N,60,0,0,1,0,1,0,0,0,0,"- ","- ",37.046119689941406,-122.02384185791016,"SANTA CRUZ","SCOTTS VALLEY",-122.02389526367188,37.044456481933594
9481891,2022,2022-09-19,4404,2022-04-16,1040,5750,4404,6,5,3,4404,0,0,0,,0,00S,"MT HERMON RD","SCOTTS VALLEY DR",200.00,W,N,-,-,N,,,,,,,,,,N,4,0,1,3,A,-,03,22350,A,N,-,-,A,-,-,-,-,-,0,,,,,Y,,A,07,0,0,1,0,0,0,0,0,0,"- ","- ",37.043430328369141,-122.02565002441406,"SANTA CRUZ","SCOTTS VALLEY",-122.02549743652344,37.043659210205078
9482030,2022,2022-08-12,4403,2022-07-23,2044,421,438,6,5,4,4403,0,0,0,,0,004,"CLIFFORD AV","EVELYN AV",0.00,,Y,A,-,N,,,,,,,,,,Y,4,0,2,2,A,-,03,22350,,F,C,C,A,A,H,-,C,A,0,,,,,Y,,D,22,0,0,2,0,0,0,0,0,0,"- ","- ",,,"SANTA CRUZ",WATSONVILLE,-121.76994323730469,36.928962707519531
9482153,2022,2022-08-16,4403,2022-08-01,1505,418,306,1,5,4,4403,0,0,0,,0,003,"PROSPECT ST","FREEDOM BL",13.00,W,N,A,-,N,,,,,,,,,,Y,3,0,1,1,A,-,01,23152,A,N,E,I,A,A,H,-,A,A,0,,,,,Y,Y,A,01,0,1,0,0,0,0,0,0,0,"- ","- ",,,"SANTA CRUZ",WATSONVILLE,-121.76141357421875,36.922271728515625
9482850,2022,2022-07-29,4403,2022-07-11,1526,418,306,1,5,4,4403,0,0,0,,0,003,"MARIN ST","FREEDOM BL",7.00,S,N,A,-,N,,,,,,,,,,N,4,0,1,2,A,-,05,21650,1,N,D,G,A,A,H,-,A,A,0,,Y,,,Y,,L,04,0,0,1,0,0,0,1,0,0,"- ","- ",,,"SANTA CRUZ",WATSONVILLE,-121.76264953613281,36.924240112304688
9483079,2022,2022-08-11,4403,2022-07-21,1601,418,5-28,4,5,4,4403,0,0,0,,0,005,"GREEN VALLEY RD","MAGNOLIA DR",0.00,,Y,A,-,N,,,,,,,,,,Y,4,0,2,2,A,-,08,22100,A,N,B,D,A,A,H,-,A,D,0,,,,,Y,,D,22,0,0,2,0,0,0,0,0,0,"- ","- ",,,"SANTA CRUZ",WATSONVILLE,-121.78090667724609,36.923770904541016
9483131,2022,2022-08-03,4403,2022-07-17,1155,368,220,7,5,4,4403,0,0,0,,0,002,"RODRIGUEZ ST","LAKE AV",4.00,E,N,A,-,N,,,,,,,,,,N,3,0,1,2,A,-,05,21650,1,N,C,G,A,A,H,-,A,A,0,,Y,,,Y,,L,04,0,1,0,0,0,0,1,0,0,"- ","- ",,,"SANTA CRUZ",WATSONVILLE,-121.76017761230469,36.910312652587891
9483132,2022,2022-08-03,4403,2022-07-13,1946,281,306,3,5,4,4403,0,0,0,,0,003,"LINCOLN ST","PROSPECT ST",0.00,,Y,A,-,N,,,,,,,,,,Y,3,0,1,2,A,-,09,21802,A,N,D,C,A,A,H,-,A,D,0,,,,,Y,,A,01,0,1,0,0,0,0,0,0,0,"- ","- ",,,"SANTA CRUZ",WATSONVILLE,-121.76087951660156,36.922573089599609
9483134,2022,2022-08-03,4403,2022-07-25,0708,418,224,1,5,4,4403,0,0,0,,0,002,"LEE RD","RIVERSIDE DR",605.00,N,N,B,-,N,,,,,,,,,,Y,4,0,1,1,A,-,03,22350,,N,E,I,A,A,H,-,A,D,0,,,,,Y,,A,01,0,0,1,0,0,0,0,0,0,"- ","- ",,,"SANTA CRUZ",WATSONVILLE,-121.77737426757812,36.895088195800781
9483333,2022,2022-08-22,4404,2022-05-24,1732,5291,4404,2,5,3,4404,0,0,0,,0,00S,"MT HERMON RD","GLEN CANYON RD",350.00,E,N,A,-,N,,,,,,,,,,N,3,0,1,3,A,-,03,22350,,N,C,C,A,A,H,-,A,A,0,,,,,Y,,D,22,0,1,0,0,0,0,0,0,0,"- ","- ",37.041011810302734,-122.02395629882812,"SANTA CRUZ","SCOTTS VALLEY",-122.02370452880859,37.040012359619141
9483341,2022,2022-08-08,4404,2022-07-22,1022,5211,4404,5,5,3,4404,0,0,0,,0,SOUTH,"MT HERMON RD","SCOTTS VALLEY DR",0.00,,Y,A,-,N,,,,,,,,,,Y,3,0,1,2,A,-,09,21453,C,N,D,C,A,A,H,-,A,A,0,,,,,Y,,A,07,0,1,0,0,0,0,0,0,0,"- ","- ",37.043128967285156,-122.02520751953125,"SANTA CRUZ","SCOTTS VALLEY",-122.02519226074219,37.043170928955078
9483405,2022,2022-08-04,4404,2022-05-17,1520,5451,4404,2,5,3,4404,0,0,0,,0,00S,"MT HERMON RD","KINGS VILLAGE RD",0.00,,Y,A,-,N,,,,,,,,,,N,3,0,1,2,A,-,09,21453,B,N,H,G,A,A,H,-,A,A,0,,Y,,,Y,,A,01,0,1,0,0,0,0,1,0,0,"- ","- ",37.046230316162109,-122.02751922607422,"SANTA CRUZ","SCOTTS VALLEY",-122.02828979492188,37.046005249023438
9483443,2022,2022-08-26,4404,2022-07-22,1549,5730,4404,5,5,3,4404,0,0,0,,0,00N,"BETHANY DR","SCOTTS VALLEY DR",528.00,N,N,A,-,N,,,,,,,,,,N,3,0,2,2,A,-,03,22350,,N,C,C,A,A,H,-,A,D,0,,,,,Y,,A,01,0,1,1,0,0,0,0,0,0,"- ","- ",37.069351196289062,-121.99653625488281,"SANTA CRUZ","SCOTTS VALLEY",-121.99673461914062,37.068679809570312
9485718,2022,2022-08-31,4403,2022-08-14,1041,368,223,7,5,4,4403,0,0,0,,0,002,"OHLONE PKWY","HARKINS SLOUGH RD",0.00,,Y,A,-,N,,,,,,,,,,N,4,0,1,2,A,-,05,21650,1,N,D,G,A,A,H,-,A,A,0,,Y,,,Y,,L,04,0,0,1,0,0,0,1,0,0,"- ","- ",,,"SANTA CRUZ",WATSONVILLE,-121.77842712402344,36.915019989013672
9485719,2022,2022-08-31,4403,2022-08-13,1419,410,107,6,5,4,4403,0,0,0,,0,001,"LINCOLN ST","HIGH ST",155.00,S,N,A,-,N,,,,,,,,,,Y,2,0,1,2,A,-,09,21804,A,N,B,G,A,A,H,-,A,D,0,,Y,,,Y,,L,04,1,0,0,0,0,0,1,0,0,"- ","- ",,,"SANTA CRUZ",WATSONVILLE,-121.75800323486328,36.919681549072266
9485720,2022,2022-08-31,4403,2022-08-14,1318,387,524,7,5,4,4403,0,0,0,,0,005,"AIRPORT BL","HOLM RD",113.00,E,N,A,-,N,,,,,,,,,,Y,3,0,1,2,A,-,12,21453,A,N,C,C,A,A,H,-,A,A,0,,,,,Y,,A,01,0,1,0,0,0,0,0,0,0,"- ","- ",,,"SANTA CRUZ",WATSONVILLE,-121.78710174560547,36.932239532470703
9485729,2022,2022-08-31,4401,2022-07-05,1354,525,4401,2,5,3,4401,0,0,0,,0,,"PARK AV","WESLEY ST",270.00,W,N,A,-,N,,,,,,,,,,Y,4,0,3,2,A,-,03,22350,,N,C,C,A,A,H,-,A,A,0,,,,,Y,,A,01,0,0,3,0,0,0,0,0,0,"- ","- ",,,"SANTA CRUZ",CAPITOLA,-121.94427490234375,36.976974487304688
9485734,2022,2022-09-01,4403,2022-07-30,1250,344,438,6,5,4,4403,0,0,0,,0,004,"PENNSYLVANIA AV","WINDING WY",300.00,S,N,A,-,N,,,,,,,,,,N,2,0,1,1,A,-,03,22350,,N,F,A,A,A,H,-,A,D,0,,,Y,,Y,,C,02,1,0,0,0,0,0,0,0,1,"- ","- ",,,"SANTA CRUZ",WATSONVILLE,-121.2734375,38.644718170166016
9487157,2022,2022-09-27,4402,2022-08-26,0304,153,4402,5,5,5,4402,0,0,0,,0,,"SEASIDE ST","DELAWARE AV",41.00,N,N,A,F,N,,,,,,,,,,Y,4,0,1,2,A,-,03,22350,,N,D,E,A,A,H,-,C,D,0,,,,,Y,,A,01,0,0,1,0,0,0,0,0,0,"- ","- ",,,"SANTA CRUZ","SANTA CRUZ",-122.04194641113281,36.956581115722656
9488074,2022,2022-08-15,4402,2022-06-29,1942,177,4402,3,5,5,4402,0,0,0,,0,000,"ALMENA ST","SUBURBIA AV",181.00,E,N,A,-,N,,,,,,,,,,Y,4,0,1,3,A,-,08,22107,,N,C,E,A,A,H,-,A,D,0,,,,Y,Y,,A,01,0,0,1,0,0,0,0,0,0,"- ","- ",,,"SANTA CRUZ","SANTA CRUZ",-121.99815368652344,36.98529052734375
9490430,2022,2022-09-02,4402,2022-07-14,1900,133,4402,4,5,5,4402,0,0,0,,0,000,"WESTERN DR","MEDER ST",195.00,S,N,A,-,N,,,,,,,,,,Y,3,0,1,2,C,-,18,,,N,C,E,A,A,H,-,A,D,0,,,,,Y,,-,"- ",0,1,0,0,0,0,0,0,0,"- ","- ",,,"SANTA CRUZ","SANTA CRUZ",-122.05841064453125,36.974132537841797
9490693,2022,2022-09-01,4402,2022-08-01,1535,157,4402,1,5,5,4402,0,0,0,,0,000,"PACIFIC AV","ELM ST",93.00,S,N,A,-,N,,,,,,,,,,N,3,0,1,2,A,-,11,21954,A,N,G,B,D,A,H,-,A,D,0,Y,,,,Y,,N,60,0,1,0,0,1,0,0,0,0,"- ","- ",,,"SANTA CRUZ","SANTA CRUZ",-122.02516174316406,36.970668792724609
9490694,2022,2022-09-01,4402,2022-08-09,1710,157,4402,2,5,5,4402,0,0,0,,0,000,"OCEAN ST","LEONARD ST",0.00,,Y,A,-,N,,,,,,,,,,N,3,0,1,2,A,-,09,21800,A,N,D,G,A,A,H,-,A,D,0,,Y,,,Y,,A,07,0,1,0,0,0,0,1,0,0,"- ","- ",,,"SANTA CRUZ","SANTA CRUZ",-122.02078247070312,36.978084564208984
9490760,2022,2022-08-29,4402,2022-07-30,2348,176,,6,5,5,4402,0,0,0,,0,000,BROADWAY,"OCEAN ST",130.00,W,N,A,-,N,,,,,,,,,,N,4,0,1,1,A,-,01,21200,5,N,E,I,A,A,H,-,-,D,0,,Y,,,Y,Y,L,04,0,0,1,0,0,0,1,0,0,"- ","- ",,,"SANTA CRUZ","SANTA CRUZ",-122.01866149902344,36.973129272460938
9490761,2022,2022-08-29,4402,2022-07-16,0021,164,4402,6,5,5,4402,0,0,0,,0,000,"LAUREL ST","SAN LORENZO BL",185.00,W,N,A,-,N,,,,,,,,,,Y,2,0,1,2,A,-,01,23152,A,F,C,C,A,A,H,-,C,A,0,,,,,Y,Y,A,01,1,0,0,0,0,0,0,0,0,"- ","- ",,,"SANTA CRUZ","SANTA CRUZ",-122.02264404296875,36.969894409179688
9491251,2022,2022-09-09,4403,2022-08-26,2151,421,108,5,5,4,4403,0,0,0,,0,001,"SUDDEN ST","WATERS ALY",0.00,,Y,A,-,N,,,,,,,,,,N,2,0,1,2,A,-,09,21804,A,N,D,G,A,A,H,-,C,A,0,,Y,,,Y,,L,04,1,0,0,0,0,0,1,0,0,"- ","- ",,,"SANTA CRUZ",WATSONVILLE,-121.75627136230469,36.913986206054688
9491601,2022,2022-09-02,4401,2022-07-23,2200,534,4401,6,5,3,4401,0,0,0,,0,,"41ST AV","CAPITOLA RD",226.00,S,N,E,F,N,,,,,,,,,,Y,3,0,1,1,A,-,03,22350,,N,E,-,A,A,H,-,C,A,0,,,,,Y,,A,01,0,1,0,0,0,0,0,0,0,"- ","- ",,,"SANTA CRUZ",CAPITOLA,-121.96498870849609,36.973098754882812
9492721,2022,2022-09-16,4403,2022-08-26,0724,358,527,5,5,4,4403,0,0,0,,0,005,"RANPORT RD","AIRPORT BL",0.00,,Y,B,C,N,,,,,,,,,,,4,0,1,1,A,-,03,22350,,N,F,A,A,B,H,-,A,A,0,,,Y,,Y,,C,02,0,0,1,0,0,0,0,0,1,"- ","- ",,,"SANTA CRUZ",WATSONVILLE,-121.79732513427734,36.923904418945312
9492722,2022,2022-09-16,4403,2022-08-29,0821,418,434,1,5,4,4403,0,0,0,,0,004,"ALTA VISTA AV","FREEDOM BL",0.00,,Y,A,-,N,,,,,,,,,,,3,0,1,2,A,-,09,21802,A,N,D,C,A,A,H,-,A,A,0,,,,,Y,,A,07,0,1,0,0,0,0,0,0,0,"- ","- ",,,"SANTA CRUZ",WATSONVILLE,-121.76638793945312,36.928375244140625
9493744,2022,2022-09-23,4403,2022-09-11,2030,335,539,7,5,4,4403,0,0,0,,0,005,"GREEN VALLEY RD","HOPE DR",0.00,,Y,A,-,N,,,,,,,,,,N,3,0,1,2,A,-,11,21950,B,F,G,B,D,A,H,-,C,D,0,Y,,,,Y,,N,60,0,1,0,0,1,0,0,0,0,"- ","- ",,,"SANTA CRUZ",WATSONVILLE,-121.77838897705078,36.928108215332031
9495729,2022,2022-10-14,4401,2022-08-01,1316,525,4401,1,5,3,4401,0,0,0,,0,,"MONTEREY AV","PARK AV",0.00,,Y,A,-,N,,,,,,,,,,Y,4,0,1,2,A,-,03,22350,,N,A,C,A,A,H,-,A,A,0,,,,,Y,,A,01,0,0,1,0,0,0,0,0,0,"- ","- ",,,"SANTA CRUZ",CAPITOLA,-121.95021820068359,36.975635528564453
9495749,2022,2022-10-14,4401,2022-08-30,0725,525,4401,2,5,3,4401,0,0,0,,0,,"CAPITOLA RD","CLARES ST",0.00,,Y,A,-,N,,,,,,,,,,N,3,0,1,2,A,-,07,21658,A,F,B,G,A,A,-,-,A,A,0,,Y,,,Y,,D,22,0,1,0,0,0,0,1,0,0,"- ","- ",,,"SANTA CRUZ",CAPITOLA,-121.96940612792969,36.973720550537109
9495924,2022,2022-10-14,4401,2022-09-04,2042,528,4401,7,5,3,4401,0,0,0,,0,007,"CAPITOLA AV","BAY AV",58.00,S,N,A,-,N,,,,,,,,,,N,3,0,1,1,A,-,03,22350,A,N,F,A,A,A,H,-,C,D,0,,Y,,,Y,Y,L,04,0,1,0,0,0,0,1,0,0,"- ","- ",,,"SANTA CRUZ",CAPITOLA,-121.95315551757812,36.978511810302734
9496083,2022,2022-08-23,4403,2022-08-07,1130,368,403,7,5,4,4403,0,0,0,,0,004,"FREEDOM BL","CRESTVIEW DR",0.00,,Y,A,-,N,,,,,,,,,,N,4,0,1,2,A,-,05,21650,1,N,D,G,A,A,H,-,A,A,0,,Y,,,Y,,L,04,0,0,1,0,0,0,1,0,0,"- ","- ",,,"SANTA CRUZ",WATSONVILLE,-121.76461791992188,36.926460266113281