CASE_ID,ACCIDENT_YEAR,PROC_DATE,JURIS,COLLISION_DATE,COLLISION_TIME,OFFICER_ID,REPORTING_DISTRICT,DAY_OF_WEEK,CHP_SHIFT,POPULATION,CNTY_CITY_LOC,SPECIAL_COND,BEAT_TYPE,CHP_BEAT_TYPE,CITY_DIVISION_LAPD,CHP_BEAT_CLASS,BEAT_NUMBER,PRIMARY_RD,SECONDARY_RD,DISTANCE,DIRECTION,INTERSECTION,WEATHER_1,WEATHER_2,STATE_HWY_IND,CALTRANS_COUNTY,CALTRANS_DISTRICT,STATE_ROUTE,ROUTE_SUFFIX,POSTMILE_PREFIX,POSTMILE,LOCATION_TYPE,RAMP_INTERSECTION,SIDE_OF_HWY,TOW_AWAY,COLLISION_SEVERITY,NUMBER_KILLED,NUMBER_INJURED,PARTY_COUNT,PRIMARY_COLL_FACTOR,PCF_CODE_OF_VIOL,PCF_VIOL_CATEGORY,PCF_VIOLATION,PCF_VIOL_SUBSECTION,HIT_AND_RUN,TYPE_OF_COLLISION,MVIW,PED_ACTION,ROAD_SURFACE,ROAD_COND_1,ROAD_COND_2,LIGHTING,CONTROL_DEVICE,CHP_ROAD_TYPE,PEDESTRIAN_ACCIDENT,BICYCLE_ACCIDENT,MOTORCYCLE_ACCIDENT,TRUCK_ACCIDENT,NOT_PRIVATE_PROPERTY,ALCOHOL_INVOLVED,STWD_VEHTYPE_AT_FAULT,CHP_VEHTYPE_AT_FAULT,COUNT_SEVERE_INJ,COUNT_VISIBLE_INJ,COUNT_COMPLAINT_PAIN,COUNT_PED_KILLED,COUNT_PED_INJURED,COUNT_BICYCLIST_KILLED,COUNT_BICYCLIST_INJURED,COUNT_MC_KILLED,COUNT_MC_INJURED,PRIMARY_RAMP,SECONDARY_RAMP,LATITUDE,LONGITUDE,COUNTY,CITY,POINT_X,POINT_Y
9496475,2022,2022-09-30,4403,2022-09-21,0652,418,4-34,3,5,4,4403,0,0,0,,0,004,"FREEDOM BL","ARTHUR RD",89.00,S,N,A,-,N,,,,,,,,,,Y,4,0,1,2,A,-,09,21801,A,N,D,C,A,A,H,-,A,D,0,,,,,Y,,A,01,0,0,1,0,0,0,0,0,0,"- ","- ",,,"SANTA CRUZ",WATSONVILLE,-121.76740264892578,36.929481506347656
9496476,2022,2022-09-30,4402,2022-09-12,1706,130,4402,1,5,5,4402,0,0,0,,0,000,"DELAWARE AV","JOHN ST",49.00,E,N,A,-,N,,,,,,,,,,Y,3,0,2,3,A,-,01,23152,A,F,C,C,A,A,H,-,A,D,0,,Y,,,Y,Y,A,01,0,2,0,0,0,0,2,0,0,"- ","- ",,,"SANTA CRUZ","SANTA CRUZ",-122.04717254638672,36.955787658691406
9497106,2022,2022-09-14,4403,2022-08-21,1859,423,1-07,7,5,4,4403,0,0,0,,0,001,"FREEDOM BL","BRENNAN ST",0.00,,Y,A,-,N,,,,,,,,,,,4,0,1,2,A,-,05,21650,1,N,A,G,A,A,H,-,A,A,0,,Y,,,Y,,L,04,0,0,1,0,0,0,1,0,0,"- ","- ",,,"SANTA CRUZ",WATSONVILLE,-121.76052093505859,36.916641235351562
9498220,2022,2022-10-04,4402,2022-09-07,0202,128,4402,3,5,5,4402,0,0,0,,0,000,"LA FONDA AV","ABBY CT",389.00,N,N,A,-,N,,,,,,,,,,Y,3,0,1,2,A,-,01,23152,A,N,C,E,A,A,H,-,C,D,0,,,,,Y,Y,A,07,0,1,0,0,0,0,0,0,0,"- ","- ",,,"SANTA CRUZ","SANTA CRUZ",-121.99577331542969,36.984825134277344
9498221,2022,2022-10-19,4403,2022-09-12,1411,418,111,1,5,4,4403,0,0,0,,0,001,"UNION ST","RIVERSIDE DR",0.00,,Y,A,-,Y,SCR,5,129,-,-,0.060,I,5,E,,2,0,1,2,A,-,10,21950,A,F,D,B,B,A,H,-,A,A,0,Y,,,,Y,,D,22,1,0,0,0,1,0,0,0,0,"- ","- ",,,"SANTA CRUZ",WATSONVILLE,-121.75248718261719,36.907737731933594
9498342,2022,2022-10-13,4401,2022-08-29,1821,533,4401,1,5,3,4401,0,0,0,,0,010,"STOCKTON AV","CAPITOLA AV",0.00,,Y,A,-,N,,,,,,,,,,N,3,0,1,2,A,-,10,21950,,N,G,B,B,A,-,-,A,A,0,Y,,,,Y,,A,07,0,1,0,0,1,0,0,0,0,"- ","- ",,,"SANTA CRUZ",CAPITOLA,-121.95198822021484,36.973079681396484
9498787,2022,2022-12-16,4403,2022-11-21,1630,417,3-14,1,5,4,4403,0,0,0,,0,003,"LAKE AV","BLACKBURN ST",0.00,,Y,A,-,Y,SCR,5,152,-,-,0.571,I,5,E,,4,0,1,2,A,-,10,21950,A,M,G,B,B,A,H,-,A,D,0,Y,,,,Y,,A,01,0,0,1,0,1,0,0,0,0,"- ","- ",,,"SANTA CRUZ",WATSONVILLE,-121.75119781494141,36.916873931884766
9500759,2022,2022-10-19,4402,2022-09-09,1943,187,4402,5,5,5,4402,0,0,0,,0,000,"SOQUEL DR","FREDERICK ST",92.00,E,N,A,-,N,,,,,,,,,,Y,4,0,1,2,A,-,01,23152,A,N,A,D,A,A,D,-,C,A,0,,,,,Y,Y,A,01,0,0,1,0,0,0,0,0,0,"- ","- ",,,"SANTA CRUZ","SANTA CRUZ",-122.00442504882812,36.981502532958984
9500825,2022,2022-10-12,4402,2022-09-22,1258,140,4402,4,5,5,4402,0,0,0,,0,000,"WATER ST","NORTH BRANCIFORTE",0.00,,Y,A,-,N,,,,,,,,,,N,2,0,1,2,A,-,12,21453,A,N,H,G,A,A,H,-,A,A,0,,Y,,,Y,,L,04,1,0,0,0,0,0,1,0,0,"- ","- ",,,"SANTA CRUZ","SANTA CRUZ",-122.0140380859375,36.981441497802734
9500976,2022,2022-10-13,4402,2022-08-31,2016,128,4402,3,5,5,4402,0,0,0,,0,000,"WESTERN DR","MOUNTAIN WY",64.00,N,N,A,-,N,,,,,,,,,,N,3,0,1,3,A,-,01,23152,A,M,C,E,A,A,H,-,C,D,0,,,,,Y,Y,A,01,0,1,0,0,0,0,0,0,0,"- ","- ",,,"SANTA CRUZ","SANTA CRUZ",-122.05675506591797,36.966121673583984
9501055,2022,2022-10-19,4403,2022-09-26,1249,418,306,1,5,4,4403,0,0,0,,0,003,"FREEDOM BL","MARIN ST",0.00,,Y,A,-,N,,,,,,,,,,Y,4,0,1,2,A,-,09,21802,A,N,D,C,A,A,H,-,A,A,0,,,,,Y,,D,22,0,0,1,0,0,0,0,0,0,"- ","- ",,,"SANTA CRUZ",WATSONVILLE,-121.76262664794922,36.924247741699219
9501607,2022,2022-10-31,4403,2022-09-22,0934,417,438,4,5,4,4403,0,0,0,,0,004,"GREEN VALLEY RD","CAREY AV",0.00,,Y,A,-,N,,,,,,,,,,Y,4,0,1,2,A,-,09,21801,A,N,D,C,A,A,H,-,A,D,0,,,,Y,Y,,F,26,0,0,1,0,0,0,0,0,0,"- ","- ",,,"SANTA CRUZ",WATSONVILLE,-121.77420043945312,36.934200286865234
9501686,2022,2022-10-31,4402,2022-09-11,1930,130,4402,7,5,5,4402,0,0,0,,0,000,"KING ST","VAN NESS AV",0.00,,Y,A,-,N,,,,,,,,,,N,4,0,1,2,A,-,09,21802,A,N,D,C,A,A,H,-,C,-,0,,,,,Y,,A,01,0,0,1,0,0,0,0,0,0,"- ","- ",,,"SANTA CRUZ","SANTA CRUZ",-122.04106903076172,36.970172882080078
9501687,2022,2022-10-31,4402,2022-09-05,0109,174,4402,1,5,5,4402,0,0,0,,0,000,"SOQUEL AV","FOREST AV",40.00,E,N,A,-,N,,,,,,,,,,Y,4,0,1,1,A,-,08,22107,,N,A,I,A,A,H,-,C,D,0,,,,,Y,,A,01,0,0,1,0,0,0,0,0,0,"- ","- ",,,"SANTA CRUZ","SANTA CRUZ",-122.00032043457031,36.981548309326172
9501688,2022,2022-11-15,4402,2022-09-27,1937,187,4402,2,5,5,4402,0,0,0,,0,000,"SOQUEL AV","MAY AV",265.00,E,N,A,-,N,,,,,,,,,,N,3,0,1,2,A,-,05,21650,1,N,H,G,A,A,H,-,C,D,0,,Y,,,Y,,L,04,0,1,0,0,0,0,1,0,0,"- ","- ",,,"SANTA CRUZ","SANTA CRUZ",-122.01744079589844,36.9757080078125
9502772,2022,2022-09-16,4402,2022-08-25,2101,187,4402,4,5,5,4402,0,0,0,,0,000,"BROADWAY ST","SEABRIGHT AV",0.00,,Y,A,-,N,,,,,,,,,,N,3,0,1,2,A,-,09,21801,A,N,H,G,A,A,H,-,D,A,0,,Y,,,Y,,A,01,0,1,0,0,0,0,1,0,0,"- ","- ",,,"SANTA CRUZ","SANTA CRUZ",-122.00856018066406,36.975292205810547
9504231,2022,2022-11-04,4402,2022-08-13,1505,809RF,,6,5,5,4402,0,0,0,,0,,"MCHENRY RD",STEINHART,250.00,S,N,A,-,N,,,,,,,,,,N,3,0,1,1,A,-,03,22350,,N,F,-,A,A,H,-,A,D,0,,Y,,,Y,,L,04,0,1,0,0,0,0,1,0,0,"- ","- ",36.996189117431641,-122.05921173095703,"SANTA CRUZ","SANTA CRUZ",,
9504287,2022,2022-10-19,4402,2022-09-06,1837,198,4402,2,5,5,4402,0,0,0,,0,000,"RT 1","LAUREL ST",0.00,,Y,A,-,Y,SCR,5,1,-,-,18.730,I,5,S,N,2,0,1,2,A,-,12,21453,A,N,H,G,A,B,H,-,A,A,0,,Y,,,Y,,L,04,1,0,0,0,0,0,1,0,0,"- ","- ",,,"SANTA CRUZ","SANTA CRUZ",-122.03733062744141,36.969581604003906
9504291,2022,2022-10-19,4403,2022-09-20,0805,418,111,2,5,4,4403,0,0,0,,0,001,"LINCOLN ST","RIVERSIDE DR",0.00,,Y,A,-,Y,SCR,5,129,-,-,0.350,I,5,W,,3,0,2,3,A,-,10,21950,A,N,G,B,B,A,H,-,A,A,0,Y,,,,Y,,A,08,0,1,1,0,2,0,0,0,0,"- ","- ",,,"SANTA CRUZ",WATSONVILLE,-121.748779296875,36.910648345947266
9504326,2022,2022-10-11,4402,2022-09-05,2234,174,4402,1,5,5,4402,0,0,0,,0,000,"DAKOTA AV","OCEAN ST",15.00,W,N,A,-,N,,,,,,,,,,N,4,0,1,2,A,-,11,21954,A,N,G,B,D,A,H,-,C,A,0,Y,,,,Y,,N,60,0,0,1,0,1,0,0,0,0,"- ","- ",,,"SANTA CRUZ","SANTA CRUZ",-122.02005004882812,36.976821899414062
9504328,2022,2022-10-20,4401,2022-09-02,1615,531,4401,5,5,3,4401,0,0,0,,0,001,"CLARES ST","41ST AV",73.00,W,N,A,-,N,,,,,,,,,,N,3,0,1,2,A,-,00,21568,A,N,H,I,A,A,H,-,A,A,0,,,Y,,Y,Y,A,01,0,1,0,0,0,0,0,0,1,"- ","- ",,,"SANTA CRUZ",CAPITOLA,-121.96527862548828,36.978336334228516
9504330,2022,2022-10-18,4402,2022-09-12,1122,164,4402,1,5,5,4402,0,0,0,,0,000,"RT 1","RIGG ST",0.00,,Y,A,-,Y,SCR,5,1,-,-,18.650,I,5,S,Y,4,0,2,2,A,-,09,21802,A,N,F,C,A,A,H,-,A,A,0,,,,,Y,,A,07,0,0,2,0,0,0,0,0,0,"- ","- ",,,"SANTA CRUZ","SANTA CRUZ",-122.03668212890625,36.970569610595703
9504383,2022,2022-10-20,4403,2022-09-06,0730,418,525,2,5,4,4403,0,0,0,,0,005,"SILVER LEAF DR","GREEN VALLEY RD",0.00,,Y,A,-,N,,,,,,,,,,,4,0,2,3,A,-,10,21950,A,N,G,B,B,A,H,-,A,A,0,Y,,,,Y,,A,07,0,0,2,0,2,0,0,0,0,"- ","- ",,,"SANTA CRUZ",WATSONVILLE,-121.78546142578125,36.915092468261719
9504387,2022,2022-10-26,4403,2022-09-19,1610,418,109,1,5,4,4403,0,0,0,,0,001,"BEACH ST","MAIN ST",0.00,,Y,A,-,Y,SCR,5,152,-,T,2.928,I,5,W,,3,0,1,2,A,-,10,21950,A,N,G,B,B,A,H,-,A,A,0,Y,,,,Y,,A,07,0,1,0,0,1,0,0,0,0,"- ","- ",,,"SANTA CRUZ",WATSONVILLE,-121.75690460205078,36.910259246826172
9505291,2022,2022-10-26,4403,2022-10-04,0741,T0013,1-11,2,5,4,4403,0,0,0,,0,001,"RIVERSIDE DR","MARCHANT ST",0.00,,Y,A,-,N,,,,,,,,,,N,4,0,1,3,A,-,09,21801,A,N,D,C,A,A,H,-,A,D,0,,,,,Y,,A,01,0,0,1,0,0,0,0,0,0,"- ","- ",,,"SANTA CRUZ",WATSONVILLE,-121.75038146972656,36.909423828125
9506933,2022,2022-10-20,4403,2022-09-18,0630,368,527,7,5,4,4403,0,0,0,,0,005,"AIRPORT BL","HANGAR WY",504.00,W,N,A,C,N,,,,,,,,,,N,3,0,1,2,A,-,11,21955,,N,G,B,D,B,H,-,D,D,0,Y,,,,Y,,N,60,0,1,0,0,1,0,0,0,0,"- ","- ",,,"SANTA CRUZ",WATSONVILLE,-121.79277038574219,36.930400848388672
9509578,2022,2022-11-30,4403,2022-10-29,1900,398,,6,5,4,4403,0,0,0,,0,004,"GREEN VALLEY RD","MARANATHA DR",200.00,W,N,B,-,N,,,,,,,,,,Y,4,0,1,2,A,-,03,22350,,N,C,E,A,A,C,-,C,D,0,,,,,Y,,A,01,0,0,1,0,0,0,0,0,0,"- ","- ",,,"SANTA CRUZ",WATSONVILLE,-121.78031921386719,36.924774169921875
9509635,2022,2022-12-13,4403,2022-11-07,0818,324,223,1,5,4,4403,0,0,0,,0,002,"OHLONE PKWY","KINGFISHER DR",20.00,N,N,B,-,N,,,,,,,,,,N,4,0,7,2,A,-,03,22350,,N,C,C,A,B,H,-,A,D,0,,,,,Y,,A,01,0,0,7,0,0,0,0,0,0,"- ","- ",,,"SANTA CRUZ",WATSONVILLE,-121.77772521972656,36.912673950195312
9509897,2022,2022-12-07,4402,2022-10-25,1654,161,4402,2,5,5,4402,0,0,0,,0,000,"OCEAN ST","DAKOTA AV",0.00,,Y,A,-,N,,,,,,,,,,Y,3,0,1,2,-,-,"- ",,A,N,D,C,A,A,H,-,A,D,0,,,,,Y,,A,01,0,1,0,0,0,0,0,0,0,"- ","- ",,,"SANTA CRUZ","SANTA CRUZ",-122.02005004882812,36.976825714111328
9510335,2022,2022-12-07,4402,2022-11-10,0741,185JG,4402,4,5,5,4402,0,0,0,,0,000,"DARWIN ST","SOQUEL AV",0.00,,Y,A,-,N,,,,,,,,,,N,4,0,1,2,A,-,09,21800,A,N,D,G,A,A,H,-,A,A,0,,Y,,,Y,,L,04,0,0,1,0,0,0,1,0,0,"- ","- ",,,"SANTA CRUZ","SANTA CRUZ",-122.0078125,36.981063842773438
9510348,2022,2022-12-12,4402,2022-11-06,2500,192,4402,7,5,5,4402,0,0,0,,0,000,"RT 1","KING ST",0.00,N,N,B,-,Y,SCR,5,1,-,-,19.630,H,-,N,Y,4,0,2,4,A,-,05,21460,A,F,B,C,A,A,-,-,A,D,0,,,,,Y,,A,01,0,0,2,0,0,0,0,0,0,"- ","- ",,,"SANTA CRUZ","SANTA CRUZ",-122.04841613769531,36.9609375
9511182,2022,2023-02-01,4403,2022-12-17,1351,341,220,6,5,4,4403,0,0,0,,0,002,"RODRIGUEZ ST","5TH ST",42.00,S,N,A,-,N,,,,,,,,,,Y,4,0,1,3,A,-,08,22107,,F,C,E,A,A,H,-,A,D,0,,,,,Y,Y,A,01,0,0,1,0,0,0,0,0,0,"- ","- ",,,"SANTA CRUZ",WATSONVILLE,-121.76235961914062,36.911815643310547
9511243,2022,2023-01-31,4402,2022-12-07,1708,163,4402,3,5,5,4402,0,0,0,,0,000,"BROADWAY ST","SEABRIGHT AV",0.00,,Y,A,-,N,,,,,,,,,,Y,4,0,1,2,A,-,17,21451,A,N,D,C,A,A,H,-,C,A,0,,,,,Y,,A,01,0,0,1,0,0,0,0,0,0,"- ","- ",,,"SANTA CRUZ","SANTA CRUZ",-122.00856018066406,36.975292205810547
9511244,2022,2023-02-01,4402,2022-12-19,0819,192,4402,1,5,5,4402,0,0,0,,0,000,"PROSPECT HEIGHTS","MORRISSEY BL",0.00,,Y,A,-,N,,,,,,,,,,N,3,0,1,3,A,-,10,21950,A,N,G,B,B,A,H,-,A,A,0,Y,,,,Y,,A,01,0,1,0,0,1,0,0,0,0,"- ","- ",,,"SANTA CRUZ","SANTA CRUZ",-121.99440002441406,36.990890502929688
9511245,2022,2023-02-01,4402,2022-12-02,1845,447,4402,5,5,5,4402,0,0,0,,0,000,"POPLAR AV","MELROSE AV",15.00,S,N,A,-,N,,,,,,,,,,N,2,0,1,2,A,-,00,21954,,N,G,B,D,A,H,-,E,D,0,Y,Y,,,Y,,N,60,1,0,0,0,1,0,0,0,0,"- ","- ",,,"SANTA CRUZ","SANTA CRUZ",-122.00834655761719,36.982868194580078
9511246,2022,2023-02-01,4402,2022-12-25,1500,158,4402,7,5,5,4402,0,0,0,,0,000,"MISSION ST","NATURAL BRIDGES DR",0.00,,Y,A,-,N,,,,,,,,,,N,2,0,1,2,A,-,10,21950,A,N,G,B,B,A,H,-,A,D,0,Y,,,,Y,,A,01,1,0,0,0,1,0,0,0,0,"- ","- ",,,"SANTA CRUZ","SANTA CRUZ",-122.05760192871094,36.959785461425781
9511740,2022,2023-02-01,4403,2022-12-04,1156,324,111,7,5,4,4403,0,0,0,,0,001,"FRONT ST","UNION ST",341.00,E,N,B,-,N,,,,,,,,,,Y,4,0,1,2,A,-,09,21804,A,N,D,C,A,A,H,-,A,A,0,,,,,Y,,A,01,0,0,1,0,0,0,0,0,0,"- ","- ",,,"SANTA CRUZ",WATSONVILLE,-121.75045776367188,36.907321929931641
9511925,2023,2023-02-01,4403,2023-01-02,1636,T0012,527,1,5,4,4403,0,0,0,,0,005,"RT 1","MAIN ST",179.00,N,N,C,-,Y,SCR,5,1,-,R,2.860,H,-,N,N,4,0,1,2,A,-,08,22107,,M,B,C,A,B,H,-,A,D,0,,,,,Y,,D,22,0,0,1,0,0,0,0,0,0,"- ","- ",,,"SANTA CRUZ",WATSONVILLE,-121.79218292236328,36.921733856201172
9511929,2022,2023-01-30,4403,2022-12-17,2111,389,438,6,5,4,4403,0,0,0,,0,004,"GREEN VALLEY RD","PENNSYLVANIA DR",0.00,,Y,A,-,N,,,,,,,,,,Y,2,0,6,3,A,-,01,23152,A,N,D,C,A,A,H,-,C,A,0,,,,,Y,Y,A,01,1,0,5,0,0,0,0,0,0,"- ","- ",,,"SANTA CRUZ",WATSONVILLE,-121.77712249755859,36.930328369140625
9512400,2022,2022-11-01,4403,2022-10-17,1728,281,,1,5,4,4403,0,0,0,,0,,"FREEDOM BL","CLIFFORD AV",75.00,N,N,A,-,N,,,,,,,,,,,4,0,2,3,A,-,03,22350,,F,C,C,A,-,H,-,A,A,0,,,,,Y,,A,07,0,0,2,0,0,0,0,0,0,"- ","- ",,,"SANTA CRUZ",WATSONVILLE,-121.76837158203125,36.930461883544922
9512401,2022,2022-11-10,4403,2022-10-10,1521,418,430,1,5,4,4403,0,0,0,,0,004,"MONTEBELLO DR","CLIFFORD AV",0.00,,Y,A,-,N,,,,,,,,,,Y,3,0,2,2,A,-,09,21802,A,N,D,C,A,A,H,-,A,A,0,,,,,Y,,A,07,0,1,1,0,0,0,0,0,0,"- ","- ",,,"SANTA CRUZ",WATSONVILLE,-121.77587890625,36.919044494628906
9512664,2022,2022-11-03,4403,2022-10-11,1154,417,2-23,2,5,4,4403,0,0,0,,0,002,"MAIN ST","PENNSYLVANIA DR",0.00,,Y,A,-,Y,SCR,5,152,-,T,1.906,I,5,E,N,2,0,1,2,A,-,10,21950,A,N,G,B,B,A,H,-,A,A,0,Y,,,,Y,,D,22,1,0,0,0,1,0,0,0,0,"- ","- ",,,"SANTA CRUZ",WATSONVILLE,-121.77169036865234,36.916488647460938
9513472,2022,2022-11-29,4402,2022-10-21,1913,175,4402,5,5,5,4402,0,0,0,,0,000,"FRONT ST","LAUREL ST",463.00,N,N,A,-,N,,,,,,,,,,Y,3,0,1,2,A,-,01,23152,A,N,C,G,A,A,H,-,C,D,0,,Y,,,Y,Y,A,07,0,1,0,0,0,0,1,0,0,"- ","- ",,,"SANTA CRUZ","SANTA CRUZ",-122.02401733398438,36.970577239990234
9513859,2022,2022-11-14,4403,2022-10-12,0831,418,430,3,5,4,4403,0,0,0,,0,004,"CLIFFORD AV","ALISA CIR",100.00,E,N,A,-,N,,,,,,,,,,Y,3,0,1,3,A,-,08,22107,,M,C,E,A,A,H,-,A,D,0,,,,,Y,,A,01,0,1,0,0,0,0,0,0,0,"- ","- ",,,"SANTA CRUZ",WATSONVILLE,-121.77519989013672,36.919792175292969
9513860,2022,2022-11-18,4403,2022-10-02,0815,T0014,430,7,5,4,4403,0,0,0,,0,004,"PENNSYLVANIA DR","CLIFFORD AV",340.00,N,N,B,-,N,,,,,,,,,,Y,3,0,2,1,A,-,01,23152,A,M,E,J,A,A,H,-,A,D,0,,,,,Y,Y,A,01,0,2,0,0,0,0,0,0,0,"- ","- ",,,"SANTA CRUZ",WATSONVILLE,-121.77475738525391,36.922557830810547
9514139,2023,2023-02-27,4403,2023-01-18,1349,418,223,3,5,4,4403,0,0,0,,0,002,"MAIN ST",CROSSROADS,15.00,S,N,A,-,Y,SCR,5,152,-,T,1.384,I,5,E,N,3,0,1,2,A,-,09,21801,A,N,A,G,A,A,H,-,A,A,0,,Y,,,Y,,A,01,0,1,0,0,0,0,1,0,0,"- ","- ",,,"SANTA CRUZ",WATSONVILLE,-121.78060913085938,36.917991638183594
9514140,2023,2023-02-27,4403,2023-01-26,1425,418,224,4,5,4,4403,0,0,0,,0,002,"HARVEST DR","RIVERSIDE DR",0.00,,Y,A,-,Y,SCR,5,129,-,L,0.810,I,5,W,Y,4,0,1,2,A,-,09,21802,A,N,D,C,A,A,H,-,A,A,0,,,,,Y,,A,01,0,0,1,0,0,0,0,0,0,"- ","- ",,,"SANTA CRUZ",WATSONVILLE,-121.76307678222656,36.901641845703125
9514154,2023,2023-02-27,4403,2023-01-24,1446,418,5-25,2,5,4,4403,0,0,0,,0,005,"MAIN ST","GREEN VALLEY RD",362.00,N,N,A,-,N,,,,,,,,,,,4,0,1,2,A,-,08,22107,,N,D,C,A,A,H,-,A,A,0,,,,,Y,,A,01,0,0,1,0,0,0,0,0,0,"- ","- ",,,"SANTA CRUZ",WATSONVILLE,-121.78511810302734,36.918788909912109
9516308,2022,2023-01-31,4402,2022-11-30,0814,192,4402,3,5,5,4402,0,0,0,,0,000,"MORRISSEY BL","PARNELL ST",205.00,S,N,A,-,N,,,,,,,,,,Y,3,0,3,3,A,-,04,21703,,N,C,C,A,A,-,-,A,D,0,,,,,Y,,A,07,0,1,2,0,0,0,0,0,0,"- ","- ",,,"SANTA CRUZ","SANTA CRUZ",-122.00531005859375,36.984977722167969
9516561,2022,2022-12-22,4402,2022-11-10,2130,175,4402,4,5,5,4402,0,0,0,,0,000,"WATER ST","NORTH BRANCIFORTE",0.00,,Y,A,-,N,,,,,,,,,,N,4,0,1,2,A,-,12,22450,A,N,D,G,A,A,H,-,C,A,0,,Y,,,Y,,L,04,0,0,1,0,0,0,1,0,0,"- ","- ",,,"SANTA CRUZ","SANTA CRUZ",-122.0140380859375,36.981441497802734
9516666,2022,2022-12-23,4402,2022-11-12,1826,168,4402,6,5,5,4402,0,0,0,,0,000,"BAY ST","SEASIDE ST",0.00,,Y,A,-,N,,,,,,,,,,N,3,0,1,2,A,-,12,22450,A,N,B,G,A,A,-,-,D,D,0,,Y,,,Y,,L,04,0,1,0,0,0,0,1,0,0,"- ","- ",,,"SANTA CRUZ","SANTA CRUZ",-122.03842926025391,36.96533203125
9516756,2022,2022-12-12,4402,2022-10-31,1716,176,4402,1,5,5,4402,0,0,0,,0,000,"HIGH ST","LAURENT ST",115.00,W,N,-,-,N,,,,,,,,,,N,4,0,1,1,A,-,03,22350,,N,F,A,A,A,H,-,A,D,0,,Y,,,Y,,L,04,0,0,1,0,0,0,1,0,0,"- ","- ",,,"SANTA CRUZ","SANTA CRUZ",-122.04288482666016,36.977756500244141
9516757,2022,2022-12-12,4402,2022-10-19,1651,145,4402,3,5,5,4402,0,0,0,,0,000,"BAY ST","LAGUNA ST",0.00,,Y,A,-,N,,,,,,,,,,N,3,0,1,2,A,-,09,21801,A,N,D,G,A,A,H,-,A,D,0,,Y,,,Y,,A,01,0,1,0,0,0,0,1,0,0,"- ","- ",,,"SANTA CRUZ","SANTA CRUZ",-122.02909088134766,36.960498809814453
9516758,2022,2022-12-12,4402,2022-10-27,1844,157,4402,4,5,5,4402,0,0,0,,0,000,"OCEAN ST","HUBBARD ST",57.00,S,N,A,-,N,,,,,,,,,,N,2,0,1,2,A,-,11,21954,A,N,G,B,D,A,H,-,C,D,0,Y,,,,Y,,N,60,1,0,0,0,1,0,0,0,0,"- ","- ",,,"SANTA CRUZ","SANTA CRUZ",-122.02222442626953,36.981922149658203
9516807,2022,2023-01-20,4402,2022-11-26,1816,173,4402,6,5,5,4402,0,0,0,,0,000,"PACIFIC AV","FRONT ST",0.00,,Y,A,-,N,,,,,,,,,,N,4,0,1,2,A,-,11,21954,A,N,G,B,B,A,H,-,C,D,0,Y,,,,Y,,N,60,0,0,1,0,1,0,0,0,0,"- ","- ",,,"SANTA CRUZ","SANTA CRUZ",-122.02703857421875,36.976894378662109
9516893,2022,2022-12-28,4402,2022-11-13,1543,192,4402,7,5,5,4402,0,0,0,,0,000,"DAKOTA AV","OCEAN ST",399.00,W,N,A,-,N,,,,,,,,,,Y,3,0,2,2,A,-,01,23152,A,F,F,E,A,A,H,-,A,D,0,,,,,Y,Y,A,01,0,2,0,0,0,0,0,0,0,"- ","- ",,,"SANTA CRUZ","SANTA CRUZ",-122.02005004882812,36.976821899414062
9516894,2022,2022-12-28,4402,2022-11-14,1558,192,4402,1,5,5,4402,0,0,0,,0,000,"WASHINGTON ST","LAUREL ST",4.00,N,N,A,-,N,,,,,,,,,,N,3,0,1,2,A,-,03,22350,,N,D,G,A,A,H,-,A,A,0,,Y,,,Y,,L,04,0,1,0,0,0,0,1,0,0,"- ","- ",,,"SANTA CRUZ","SANTA CRUZ",-122.02827453613281,36.968830108642578
9516896,2022,2022-12-28,4402,2022-11-08,0824,192,4402,2,5,5,4402,0,0,0,,0,000,"DELAWARE AV","ALMAR AV",0.00,,Y,B,C,N,,,,,,,,,,Y,3,0,4,2,A,-,01,23152,A,N,D,C,A,B,-,-,A,A,0,,,,,Y,Y,A,08,0,2,2,0,0,0,0,0,0,"- ","- ",,,"SANTA CRUZ","SANTA CRUZ",-122.04286956787109,36.956348419189453
9517609,2022,2023-01-27,4402,2022-12-08,1132,152,4402,4,5,5,4402,0,0,0,,0,000,BROADWAY,"FREDERICK ST",35.00,W,N,B,-,N,,,,,,,,,,N,4,0,1,2,A,-,01,23152,A,N,C,C,A,A,H,-,A,A,0,,,,,Y,Y,A,01,0,0,1,0,0,0,0,0,0,"- ","- ",,,"SANTA CRUZ","SANTA CRUZ",-122.00364685058594,36.976551055908203
9517610,2022,2023-01-27,4402,2022-12-07,1558,160,4402,3,5,5,4402,0,0,0,,0,000,BROADWAY,"RIVERSIDE AV",16.00,W,N,A,-,N,,,,,,,,,,N,3,0,1,2,A,-,17,21209,,N,C,G,A,A,H,-,A,D,0,,Y,,,Y,,A,01,0,1,0,0,0,0,1,0,0,"- ","- ",,,"SANTA CRUZ","SANTA CRUZ",-122.02163696289062,36.971698760986328
9519944,2022,2023-02-15,4402,2022-12-24,0014,164,4402,6,5,5,4402,0,0,0,,0,000,"BARSON ST","BIXBY ST",42.00,W,N,A,-,N,,,,,,,,,,N,4,0,2,2,C,-,18,,,N,C,C,A,A,H,-,C,D,0,,,,,Y,,-,"- ",0,0,2,0,0,0,0,0,0,"- ","- ",,,"SANTA CRUZ","SANTA CRUZ",-122.01811218261719,36.970813751220703
9520240,2022,2023-01-31,4403,2022-09-22,2032,417,"5 39",4,5,4,4403,0,0,0,,0,005,"GREEN VALLEY RD","PENNSYLVANIA DR",948.00,N,N,A,-,N,,,,,,,,,,Y,1,2,5,4,A,-,11,21954,A,N,G,B,D,A,H,-,D,D,0,Y,,,,Y,,N,60,3,2,0,2,0,0,0,0,0,"- ","- ",,,"SANTA CRUZ",WATSONVILLE,-121.77576446533203,36.932693481445312
9520522,2023,2023-05-26,4403,2023-01-06,2354,358,"2 23",5,5,4,4403,0,0,0,,0,002,"RT 152","RODRIGUEZ ST",474.00,W,N,A,-,Y,SCR,5,152,-,T,2.250,H,-,E,N,1,1,0,2,A,-,11,21954,A,N,G,B,E,A,H,-,D,D,0,Y,,,,Y,,N,60,0,0,0,1,0,0,0,0,0,"- ","- ",,,"SANTA CRUZ",WATSONVILLE,-121.76580810546875,36.915512084960938
9521387,2022,2022-11-10,4401,2022-09-05,1801,528,4401,1,5,3,4401,0,0,0,,0,007,"STOCKTON AV","CAPITOLA AV",0.00,,Y,F,G,N,,,,,,,,,,N,4,0,1,2,A,-,08,22107,,N,G,B,B,A,H,-,A,A,0,Y,,,,Y,,A,01,0,0,1,0,1,0,0,0,0,"- ","- ",,,"SANTA CRUZ",CAPITOLA,-121.95198822021484,36.973079681396484