CASE_ID,ACCIDENT_YEAR,PROC_DATE,JURIS,COLLISION_DATE,COLLISION_TIME,OFFICER_ID,REPORTING_DISTRICT,DAY_OF_WEEK,CHP_SHIFT,POPULATION,CNTY_CITY_LOC,SPECIAL_COND,BEAT_TYPE,CHP_BEAT_TYPE,CITY_DIVISION_LAPD,CHP_BEAT_CLASS,BEAT_NUMBER,PRIMARY_RD,SECONDARY_RD,DISTANCE,DIRECTION,INTERSECTION,WEATHER_1,WEATHER_2,STATE_HWY_IND,CALTRANS_COUNTY,CALTRANS_DISTRICT,STATE_ROUTE,ROUTE_SUFFIX,POSTMILE_PREFIX,POSTMILE,LOCATION_TYPE,RAMP_INTERSECTION,SIDE_OF_HWY,TOW_AWAY,COLLISION_SEVERITY,NUMBER_KILLED,NUMBER_INJURED,PARTY_COUNT,PRIMARY_COLL_FACTOR,PCF_CODE_OF_VIOL,PCF_VIOL_CATEGORY,PCF_VIOLATION,PCF_VIOL_SUBSECTION,HIT_AND_RUN,TYPE_OF_COLLISION,MVIW,PED_ACTION,ROAD_SURFACE,ROAD_COND_1,ROAD_COND_2,LIGHTING,CONTROL_DEVICE,CHP_ROAD_TYPE,PEDESTRIAN_ACCIDENT,BICYCLE_ACCIDENT,MOTORCYCLE_ACCIDENT,TRUCK_ACCIDENT,NOT_PRIVATE_PROPERTY,ALCOHOL_INVOLVED,STWD_VEHTYPE_AT_FAULT,CHP_VEHTYPE_AT_FAULT,COUNT_SEVERE_INJ,COUNT_VISIBLE_INJ,COUNT_COMPLAINT_PAIN,COUNT_PED_KILLED,COUNT_PED_INJURED,COUNT_BICYCLIST_KILLED,COUNT_BICYCLIST_INJURED,COUNT_MC_KILLED,COUNT_MC_INJURED,PRIMARY_RAMP,SECONDARY_RAMP,LATITUDE,LONGITUDE,COUNTY,CITY,POINT_X,POINT_Y
9522164,2022,2022-11-29,4402,2022-10-31,1938,163,4402,1,5,5,4402,0,0,0,,0,000,"WATER ST","REED WY",209.00,W,N,A,-,N,,,,,,,,,,N,2,0,1,1,A,-,01,21200,5,N,E,G,A,A,H,-,C,D,0,,Y,,,Y,Y,L,04,1,0,0,0,0,0,1,0,0,"- ","- ",,,"SANTA CRUZ","SANTA CRUZ",-122.01788330078125,36.980735778808594
9522686,2022,2022-12-21,4401,2022-10-21,1630,523,4401,5,5,3,4401,0,0,0,,0,,"41ST AV","GROSS RD",260.00,S,N,A,-,N,,,,,,,,,,N,2,0,1,2,A,-,08,22107,,N,D,G,A,A,H,-,A,A,0,,Y,,,Y,Y,A,01,1,0,0,0,0,0,1,0,0,"- ","- ",,,"SANTA CRUZ",CAPITOLA,-121.96503448486328,36.980415344238281
9522899,2022,2023-02-08,4403,2022-12-20,1556,418,1-09,2,5,4,4403,0,0,0,,0,001,"RIVERSIDE DR","RODRIGUEZ ST",55.00,E,N,A,-,Y,SCR,5,129,-,L,1.400,H,-,W,Y,4,0,1,2,A,-,03,22350,,N,C,C,A,A,H,-,A,A,0,,,,Y,Y,,A,07,0,0,1,0,0,0,0,0,0,"- ","- ",,,"SANTA CRUZ",WATSONVILLE,-121.75440979003906,36.906547546386719
9523815,2022,2022-11-23,4402,2022-09-21,1550,181,4402,3,5,5,4402,0,0,0,,0,000,"WEST CLIFF DR","COLUMBIA ST",1500.00,E,N,A,-,N,,,,,,,,,,N,3,0,1,2,A,-,06,21750,A,N,H,G,A,A,H,-,A,D,0,,Y,,,Y,,A,01,0,1,0,0,0,0,1,0,0,"- ","- ",,,"SANTA CRUZ","SANTA CRUZ",-122.02854919433594,36.952308654785156
9523816,2022,2022-11-23,4402,2022-09-29,1923,136,4402,4,5,5,4402,0,0,0,,0,000,"OCEAN ST","OCEAN ST EXT",0.00,,Y,A,-,N,,,,,,,,,,Y,4,0,1,1,A,-,08,22107,,N,E,I,A,A,H,-,D,D,0,,,,,Y,,A,01,0,0,1,0,0,0,0,0,0,"- ","- ",,,"SANTA CRUZ","SANTA CRUZ",-122.02907562255859,36.991870880126953
9523817,2022,2022-11-23,4402,2022-09-24,1549,177,4402,6,5,5,4402,0,0,0,,0,000,"OCEAN ST","WATER ST",68.00,S,N,A,-,N,,,,,,,,,,N,3,0,1,1,A,-,08,22107,,N,H,A,A,A,H,-,A,D,0,,Y,,,Y,Y,L,04,0,1,0,0,0,0,1,0,0,"- ","- ",,,"SANTA CRUZ","SANTA CRUZ",-122.02129364013672,36.979408264160156
9525745,2023,2023-03-08,4404,2023-01-24,"919 ",5790,4404,2,5,3,4404,0,0,0,,0,NORTH,"GRANITE CREEK RD","NAVARRA DR",0.00,,Y,A,-,N,,,,,,,,,,Y,3,0,1,2,A,-,03,22350,,N,C,C,A,A,H,-,A,D,0,,,,,Y,,A,01,0,1,0,0,0,0,0,0,0,"- ","- ",37.057731628417969,-121.99854278564453,"SANTA CRUZ","SCOTTS VALLEY",-122.00142669677734,37.059967041015625
9525746,2023,2023-03-08,4404,2023-01-24,1540,5790,4404,2,5,3,4404,0,0,0,,0,NORTH,"GLENWOOD DR","KERRY CT",165.00,S,N,A,-,N,,,,,,,,,,N,3,0,1,2,A,-,03,22350,,N,C,C,A,A,H,-,A,D,0,,,,,Y,,A,01,0,1,0,0,0,0,0,0,0,"- ","- ",37.067089080810547,-122.00614929199219,"SANTA CRUZ","SCOTTS VALLEY",-122.00553131103516,37.06719970703125
9525969,2022,2023-02-08,4404,2022-10-17,0734,5730,4404,1,5,3,4404,0,0,0,,0,00N,"SCOTTS VALLEY DR","VICTOR SQUARE EXTENSION",0.00,,Y,B,-,N,,,,,,,,,,N,3,0,1,2,A,-,09,21802,A,N,H,G,A,A,H,-,A,A,0,,Y,,,Y,,A,08,0,1,0,0,0,0,1,0,0,"- ","- ",37.061420440673828,-122.00775909423828,"SANTA CRUZ","SCOTTS VALLEY",-122.00997161865234,37.059055328369141
9525978,2022,2023-02-07,4404,2022-09-21,1941,5291,4404,3,5,3,4404,0,0,0,,0,00S,"MT HERMON RD","SKYPARK DR",0.00,,Y,A,-,N,,,,,,,,,,Y,3,0,3,2,A,-,12,21453,A,N,D,C,A,A,H,-,C,A,0,,,,,Y,,A,01,0,2,1,0,0,0,0,0,0,"- ","- ",37.048290252685547,-122.03433227539062,"SANTA CRUZ","SCOTTS VALLEY",-122.03433990478516,37.04833984375
9526010,2022,2023-02-07,4404,2022-10-18,0759,5730,4404,2,5,3,4404,0,0,0,,0,00S,"MT HERMON RD","GLEN CANYON RD",326.00,E,N,B,-,N,,,,,,,,,,N,4,0,1,3,A,-,03,22350,,N,C,C,A,A,H,-,A,D,0,,,,,Y,,A,08,0,0,1,0,0,0,0,0,0,"- ","- ",37.040790557861328,-122.02500152587891,"SANTA CRUZ","SCOTTS VALLEY",-122.02373504638672,37.040069580078125
9526012,2022,2023-02-07,4404,2022-10-10,1708,5291,4404,1,5,3,4404,0,0,0,,0,00S,"SCOTTS VALLEY DR","BEAN CREEK RD",42.00,S,N,A,-,N,,,,,,,,,,N,4,0,1,2,A,-,03,22350,,N,C,C,A,A,H,-,A,A,0,,,,,Y,,A,01,0,0,1,0,0,0,0,0,0,"- ","- ",37.045249938964844,-122.02197265625,"SANTA CRUZ","SCOTTS VALLEY",-122.02381134033203,37.044158935546875
9526013,2022,2023-02-07,4404,2022-10-12,0631,5100,4404,3,5,3,4404,0,0,0,,0,SOUTH,"MT HERMON RD","SCOTTS VALLEY DR",0.00,,Y,E,-,N,,,,,,,,,,Y,3,0,1,1,A,-,05,21651,A,N,E,I,A,A,H,-,B,A,0,,,,,Y,,A,01,0,1,0,0,0,0,0,0,0,"- ","- ",37.043190002441406,-122.02507019042969,"SANTA CRUZ","SCOTTS VALLEY",-122.02519226074219,37.043170928955078
9526065,2023,2023-02-08,4402,2023-01-17,"859 ",192,4402,2,5,5,4402,0,0,0,,0,000,"NORTH BRANCIFORTE","KEYSTONE AV",0.00,,Y,B,-,N,,,,,,,,,,Y,4,0,1,3,A,-,08,22107,,N,C,E,A,B,H,-,A,D,0,,,,,Y,,A,01,0,0,1,0,0,0,0,0,0,"- ","- ",,,"SANTA CRUZ","SANTA CRUZ",-122.0123291015625,36.985336303710938
9526333,2023,2023-02-28,4403,2023-01-20,1546,417,220,5,5,4,4403,0,0,0,,0,002,"RODRIGUEZ ST","6TH ST",0.00,,Y,A,-,N,,,,,,,,,,Y,4,0,1,2,A,-,09,21802,A,N,D,C,A,A,H,-,A,A,0,,,Y,,Y,,A,07,0,0,1,0,0,0,0,0,1,"- ","- ",,,"SANTA CRUZ",WATSONVILLE,-121.76342010498047,36.912509918212891
9527433,2023,2023-02-25,4402,2023-02-01,1114,139,4402,3,5,5,4402,0,0,0,,0,,"HIGH ST","LAURENT ST",650.00,E,N,A,-,N,,,,,,,,,,N,3,0,1,2,-,-,"- ",,A,N,D,C,A,A,H,-,A,D,0,,,Y,,Y,,C,02,0,1,0,0,0,0,0,0,1,"- ","- ",,,"SANTA CRUZ","SANTA CRUZ",-122.04032135009766,36.977317810058594
9528407,2022,2022-11-21,4402,2022-10-06,1625,192,4402,4,5,5,4402,0,0,0,,0,000,"WEST CLIFF DR","PELTON AV",765.00,S,N,A,-,N,,,,,,,,,,N,3,0,2,3,A,-,10,21950,A,N,G,B,C,A,H,-,A,D,0,Y,,,,Y,,A,01,0,1,1,0,2,0,0,0,0,"- ","- ",,,"SANTA CRUZ","SANTA CRUZ",-122.02581024169922,36.952808380126953
9529071,2022,2022-12-06,4402,2022-10-06,1712,175,4402,4,5,5,4402,0,0,0,,0,000,"SOQUEL AV","175 FEET EAST FROM EAST POPLAR AVE.",10.00,N,N,A,-,N,,,,,,,,,,N,3,0,1,2,A,-,08,22100,A,N,H,G,A,A,H,-,A,D,0,,Y,,,Y,,A,01,0,1,0,0,0,0,1,0,0,"- ","- ",,,"SANTA CRUZ","SANTA CRUZ",-122.00808715820312,36.980922698974609
9529076,2022,2022-11-29,4402,2022-10-14,1240,146,4402,5,5,5,4402,0,0,0,,0,000,"LAUREL ST","WALTI ST",8.00,W,N,B,-,N,,,,,,,,,,N,2,0,1,2,A,-,08,22107,,N,B,G,A,A,H,-,A,A,0,,Y,,,Y,,A,01,1,0,0,0,0,0,1,0,0,"- ","- ",,,"SANTA CRUZ","SANTA CRUZ",-122.03331756591797,36.968421936035156
9531770,2022,2022-11-14,4403,2022-10-28,1631,417,304,5,5,4,4403,0,0,0,,0,003,"MARTINELLI ST","BREWINGTON AV",0.00,,Y,A,-,N,,,,,,,,,,Y,4,0,2,2,A,-,12,22450,A,N,D,C,A,A,H,-,A,A,0,,,,,Y,,A,08,0,0,2,0,0,0,0,0,0,"- ","- ",,,"SANTA CRUZ",WATSONVILLE,-121.75869750976562,36.92626953125
9532141,2022,2022-11-16,4403,2022-11-02,1328,417,401,3,5,4,4403,0,0,0,,0,004,"GREEN VALLEY RD","TOSCANO LOOP",0.00,,Y,A,-,N,,,,,,,,,,N,4,0,1,2,A,-,09,21804,A,N,D,C,A,D,H,-,A,D,0,,,,,Y,,A,01,0,0,1,0,0,0,0,0,0,"- ","- ",,,"SANTA CRUZ",WATSONVILLE,-121.77189636230469,36.936901092529297
9532144,2022,2022-11-16,4403,2022-11-01,1602,418,316,2,5,4,4403,0,0,0,,0,003,"TUTTLE AV","HILL AV",32.00,E,N,A,-,N,,,,,,,,,,Y,4,0,1,1,A,-,01,23152,A,M,E,I,A,A,H,-,A,D,0,,,,,Y,Y,A,01,0,0,1,0,0,0,0,0,0,"- ","- ",,,"SANTA CRUZ",WATSONVILLE,-121.75334167480469,36.923717498779297
9532795,2022,2022-11-28,4403,2022-09-30,1856,388,315,5,5,4,4403,0,0,0,,0,003,"BERMAN LN","MCKENZIE AV",10.00,S,N,A,-,N,,,,,,,,,,N,4,0,1,2,A,-,08,22107,,M,B,E,A,A,H,-,A,D,0,,,,,Y,,A,01,0,0,1,0,0,0,0,0,0,"- ","- ",,,"SANTA CRUZ",WATSONVILLE,-121.745849609375,36.917209625244141
9533468,2022,2023-02-06,4401,2022-11-25,1750,527,4401,5,5,3,4401,0,0,0,,0,005,"41ST AV","CAPITOLA RD",209.00,S,N,A,-,N,,,,,,,,,,N,4,0,1,2,A,-,05,21650,1,N,B,G,A,A,H,-,C,A,0,,Y,,,Y,,L,04,0,0,1,0,0,0,1,0,0,"- ","- ",,,"SANTA CRUZ",CAPITOLA,-121.96498870849609,36.97314453125
9533469,2022,2023-01-26,4401,2022-11-15,1536,528,SANTA,2,5,3,4401,0,0,0,,0,002,"45TH AV","CAPITOLA RD",0.00,,Y,A,-,N,,,,,,,,,,N,2,0,1,2,A,-,08,22107,,N,G,B,B,A,H,-,A,A,0,Y,,,,Y,,A,01,1,0,0,0,1,0,0,0,0,"- ","- ",,,"SANTA CRUZ",CAPITOLA,-121.95980834960938,36.973720550537109
9533696,2022,2023-02-01,4402,2022-12-31,1324,152,4402,6,5,5,4402,0,0,0,,0,000,"SOQUEL AV","NORTH BRANCIFORTE",0.00,,Y,C,-,N,,,,,,,,,,Y,4,0,1,2,A,-,12,21453,A,N,D,C,A,B,H,-,A,A,0,,,,,Y,,A,01,0,0,1,0,0,0,0,0,0,"- ","- ",,,"SANTA CRUZ","SANTA CRUZ",-122.01593780517578,36.976940155029297
9534052,2022,2023-02-06,4401,2022-12-09,1824,528,SANTA,5,5,3,4401,0,0,0,,0,007,"BAY AV","HILL ST",0.00,,Y,A,-,N,,,,,,,,,,N,2,0,1,2,A,-,08,22107,,N,G,B,B,A,H,-,C,A,0,Y,,,,Y,,D,22,1,0,0,0,1,0,0,0,0,"- ","- ",,,"SANTA CRUZ",CAPITOLA,-121.95550537109375,36.981098175048828
9534061,2022,2023-02-06,4403,2022-12-31,1817,398,539,6,5,4,4403,0,0,0,,0,005,"FREEDOM BL","GREEN VALLEY RD",134.00,N,N,C,-,N,,,,,,,,,,Y,4,0,2,3,A,-,01,23152,A,N,C,C,A,B,H,-,C,A,0,,,,,Y,Y,D,22,0,0,2,0,0,0,0,0,0,"- ","- ",,,"SANTA CRUZ",WATSONVILLE,-121.77368927001953,36.935302734375
9535896,2023,2023-03-16,4402,2023-01-12,"220 ",153,4402,4,5,5,4402,0,0,0,,0,000,"PELTON AV","HARVARD ST",17.00,W,N,A,-,N,,,,,,,,,,N,4,0,1,1,A,-,08,22107,,N,A,-,A,A,H,-,D,D,0,,,,,Y,,A,01,0,0,1,0,0,0,0,0,0,"- ","- ",,,"SANTA CRUZ","SANTA CRUZ",-122.03528594970703,36.953742980957031
9535897,2023,2023-03-07,4402,2023-01-22,2320,145,4402,7,5,5,4402,0,0,0,,0,000,"SOQUEL AV","MARNELL AV",54.00,E,N,A,-,N,,,,,,,,,,N,3,0,1,2,A,-,07,21658,,F,B,G,A,A,H,-,C,D,0,,Y,,,Y,,A,01,0,1,0,0,0,0,1,0,0,"- ","- ",,,"SANTA CRUZ","SANTA CRUZ",-122.00273895263672,36.981433868408203
9535898,2023,2023-03-07,4402,2023-01-20,"53  ",153,4402,5,5,5,4402,0,0,0,,0,000,"LIGHTHOUSE AV","COWELL ST",0.00,,Y,A,-,N,,,,,,,,,,N,3,0,1,3,A,-,08,22107,,N,A,E,A,A,H,-,C,D,0,,,,,Y,,A,01,0,1,0,0,0,0,0,0,0,"- ","- ",,,"SANTA CRUZ","SANTA CRUZ",-122.02738952636719,36.960479736328125
9536205,2022,2022-12-22,4403,2022-12-02,0833,T0015,1-09,5,5,4,4403,0,0,0,,0,001,"MAPLE AV","MAIN ST",6.00,W,N,A,-,N,,,,,,,,,,N,4,0,1,2,A,-,05,21650,1,N,H,G,A,A,H,-,A,A,0,,Y,,,Y,,L,04,0,0,1,0,0,0,1,0,0,"- ","- ",,,"SANTA CRUZ",WATSONVILLE,-121.75572967529297,36.909198760986328
9536209,2022,2023-01-04,4403,2022-12-05,0611,356,2-23,1,5,4,4403,0,0,0,,0,001,"MAIN ST","CLIFFORD AV",0.00,,Y,B,-,Y,SCR,5,152,-,T,1.594,I,5,E,Y,4,0,1,2,A,-,12,21453,A,N,D,C,A,A,H,-,C,A,0,,,,,Y,,A,07,0,0,1,0,0,0,0,0,0,"- ","- ",,,"SANTA CRUZ",WATSONVILLE,-121.77699279785156,36.917377471923828
9537067,2022,2022-12-22,4403,2022-11-14,1916,379,430,1,5,4,4403,0,0,0,,0,004,"PENNSYLVANIA DR","CLIFFORD AV",0.00,,Y,A,-,N,,,,,,,,,,N,3,0,1,2,A,-,10,21950,A,M,G,B,B,A,H,-,C,D,0,Y,,,,Y,,A,01,0,1,0,0,1,0,0,0,0,"- ","- ",,,"SANTA CRUZ",WATSONVILLE,-121.77475738525391,36.922557830810547
9537068,2022,2022-12-22,4403,2022-11-03,1523,418,527,4,5,4,4403,0,0,0,,0,005,"AIRPORT BL","NIELSON ST",380.00,S,N,A,-,N,,,,,,,,,,Y,4,0,2,2,A,-,03,22350,,N,C,C,A,A,H,-,A,A,0,,,,,Y,,A,07,0,0,2,0,0,0,0,0,0,"- ","- ",,,"SANTA CRUZ",WATSONVILLE,-121.79519653320312,36.927616119384766
9537069,2022,2022-12-22,4403,2022-11-24,0734,387,224,4,5,4,4403,0,0,0,,0,002,"OHLONE PKWY","BEACH ST",531.00,N,N,A,-,N,,,,,,,,,,N,4,0,2,2,A,-,08,22100,B,N,D,C,A,A,H,-,A,D,0,,,,,Y,,A,01,0,0,2,0,0,0,0,0,0,"- ","- ",,,"SANTA CRUZ",WATSONVILLE,-121.7728271484375,36.903209686279297
9537194,2022,2022-12-30,4403,2022-11-06,1116,T0015,224,7,5,4,4403,0,0,0,,0,002,"WALKER ST","6TH ST",3.00,E,N,A,-,N,,,,,,,,,,Y,2,0,1,1,A,-,03,22350,,N,E,I,A,A,H,-,A,D,0,,,,,Y,,A,01,1,0,0,0,0,0,0,0,0,"- ","- ",,,"SANTA CRUZ",WATSONVILLE,-121.76557159423828,36.910415649414062
9537198,2022,2023-01-04,4403,2022-11-27,1536,402,,7,5,4,4403,0,0,0,,0,,"MAIN ST","CLIFFORD AV",300.00,S,N,A,-,N,,,,,,,,,,N,4,0,1,2,A,-,08,22107,,N,B,C,A,A,H,-,A,D,0,,,,,Y,,A,01,0,0,1,0,0,0,0,0,0,"- ","- ",,,"SANTA CRUZ",WATSONVILLE,-121.77597808837891,36.917354583740234
9537199,2022,2023-01-04,4403,2022-11-28,0946,418,,1,5,4,4403,0,0,0,,0,,"LAKE AV","TUTTLE AV",195.00,W,N,A,-,N,,,,,,,,,,Y,4,0,1,2,A,-,08,22100,A,N,D,C,A,A,H,-,A,A,0,,,,,Y,,A,07,0,0,1,0,0,0,0,0,0,"- ","- ",,,"SANTA CRUZ",WATSONVILLE,-121.74709320068359,36.921878814697266
9537409,2022,2023-01-11,4403,2022-11-29,0645,387,220,2,5,4,4403,0,0,0,,0,002,"LAKE AV","RODRIGUEZ ST",154.00,W,N,A,-,N,,,,,,,,,,Y,4,0,1,1,A,-,21,22106,,N,E,I,A,A,H,-,A,D,0,,,,,Y,,A,01,0,0,1,0,0,0,0,0,0,"- ","- ",,,"SANTA CRUZ",WATSONVILLE,-121.76058197021484,36.910041809082031
9537608,2022,2023-01-31,4403,2022-12-15,0650,358,530,4,5,4,4403,0,0,0,,0,005,"FREEDOM BL","AIRPORT BL",71.00,S,N,A,-,N,,,,,,,,,,N,3,0,1,2,A,-,08,22107,,N,D,C,A,A,H,-,A,A,0,,,Y,,Y,,A,08,0,1,0,0,0,0,0,0,1,"- ","- ",,,"SANTA CRUZ",WATSONVILLE,-121.77771759033203,36.938240051269531
9537974,2022,2023-01-12,4403,2022-12-18,0626,387,108,7,5,4,4403,0,0,0,,0,001,"LINCOLN ST","CENTER ST",0.00,,Y,A,-,N,,,,,,,,,,N,4,0,1,2,A,-,10,21950,A,N,G,B,D,A,H,-,B,D,0,Y,,,,Y,,A,01,0,0,1,0,1,0,0,0,0,"- ","- ",,,"SANTA CRUZ",WATSONVILLE,-121.75302124023438,36.914337158203125
9539821,2022,2023-02-03,4402,2022-12-11,1000,128,4402,7,5,5,4402,0,0,0,,0,000,"OCEAN ST","WATER ST",0.00,,Y,B,-,N,,,,,,,,,,Y,3,0,1,2,A,-,03,22350,,N,C,C,A,B,H,-,A,A,0,,,,,Y,,A,01,0,1,0,0,0,0,0,0,0,"- ","- ",,,"SANTA CRUZ","SANTA CRUZ",-122.02135467529297,36.979587554931641
9539843,2022,2023-02-01,4402,2022-12-16,1439,152,4402,5,5,5,4402,0,0,0,,0,000,"SOQUEL AV","PARK WY",33.00,E,N,A,-,N,,,,,,,,,,N,2,0,1,2,A,-,06,21750,A,N,B,G,A,A,D,-,A,A,0,,Y,,,Y,,A,01,1,0,0,0,0,0,1,0,0,"- ","- ",,,"SANTA CRUZ","SANTA CRUZ",-121.99861907958984,36.981689453125
9540415,2022,2023-02-01,4402,2022-12-28,0123,136,4402,3,5,5,4402,0,0,0,,0,000,"PACIFIC AV","LAUREL ST",102.00,S,N,A,-,N,,,,,,,,,,N,3,0,1,2,A,-,00,21954,,N,G,B,E,B,H,-,C,D,0,Y,,,,Y,Y,N,60,0,1,0,0,1,0,0,0,0,"- ","- ",,,"SANTA CRUZ","SANTA CRUZ",-122.02471923828125,36.96893310546875
9541759,2022,2023-01-12,4403,2022-12-08,0810,418,"4 29",4,5,4,4403,0,0,0,,0,004,"PENNSYLVANIA DR","CLIFFORD AV",0.00,,Y,A,-,N,,,,,,,,,,Y,4,0,1,2,A,-,09,21803,A,N,D,C,A,A,H,-,A,A,0,,,,,Y,,A,01,0,0,1,0,0,0,0,0,0,"- ","- ",,,"SANTA CRUZ",WATSONVILLE,-121.77475738525391,36.922557830810547
9543296,2022,2023-02-02,4402,2022-12-03,0340,821JP,,6,5,5,4402,0,0,0,,0,,"COOLIDGE DR","MCLAUGHLIN DR",105.00,S,N,B,-,N,,,,,,,,,,N,3,0,1,1,A,-,12,22450,A,N,E,I,A,B,H,-,C,A,0,,,,,Y,,A,01,0,1,0,0,0,0,0,0,0,"- ","- ",36.998069763183594,-122.05023956298828,"SANTA CRUZ","SANTA CRUZ",-122.05022430419922,36.998161315917969
9544041,2023,2023-01-27,4403,2023-01-03,1305,T0012,4-31,2,5,4,4403,0,0,0,,0,004,"MAIN ST","AUTO CENTER DR",25.00,N,N,A,-,Y,SCR,5,152,-,T,2.139,I,5,W,N,4,0,1,2,A,-,10,21950,A,N,G,B,B,A,H,-,A,A,0,Y,,,,Y,,A,01,0,0,1,0,1,0,0,0,0,"- ","- ",,,"SANTA CRUZ",WATSONVILLE,-121.76767730712891,36.915935516357422
9544258,2022,2023-02-01,4404,2022-09-24,1112,5361,4404,6,5,3,4404,0,0,0,,0,SOUTH,"MOUNT HERMON RD","SCOTTS VALLEY DR",0.00,,Y,A,-,N,,,,,,,,,,N,2,0,1,2,A,-,10,21950,,N,G,B,B,A,H,-,A,A,0,Y,,,,Y,Y,A,01,1,0,0,0,1,0,0,0,0,"- ","- ",37.043190002441406,-122.02507019042969,"SANTA CRUZ","SCOTTS VALLEY",-122.02519226074219,37.043170928955078
9544259,2023,2023-02-01,4402,2023-01-07,1736,175,4402,6,5,5,4402,0,0,0,,0,000,"SOQUEL DR","DARWIN ST",72.00,W,N,A,C,N,,,,,,,,,,N,4,0,1,2,A,-,11,21950,B,N,G,B,B,B,H,-,C,D,0,Y,,,,Y,,N,60,0,0,1,0,1,0,0,0,0,"- ","- ",,,"SANTA CRUZ","SANTA CRUZ",-122.00801849365234,36.98095703125
9544278,2022,2023-02-08,4402,2022-12-16,0530,153,4402,5,5,5,4402,0,0,0,,0,000,"RT 1","WALNUT AV",1.00,S,N,A,-,Y,SCR,5,1,-,-,18.500,I,5,S,N,2,0,1,2,A,-,11,21453,D,N,G,B,B,A,H,-,C,A,0,Y,,,,Y,Y,N,60,1,0,0,0,1,0,0,0,0,"- ","- ",,,"SANTA CRUZ","SANTA CRUZ",-122.03546905517578,36.972434997558594
9546093,2022,2023-02-16,4404,2022-12-15,0250,5291,4404,4,5,3,4404,0,0,0,,0,00N,"EL PUEBLO DR","CARBONERO WY",0.00,,Y,A,-,N,,,,,,,,,,Y,3,0,1,1,A,-,17,21663,,N,E,I,A,A,H,-,D,D,0,,,,,Y,,A,01,0,1,0,0,0,0,0,0,0,"- ","- ",37.049411773681641,-122.01241302490234,"SANTA CRUZ","SCOTTS VALLEY",-122.012451171875,37.050010681152344
9546975,2023,2023-03-07,4403,2023-02-05,2228,414,5-26,7,5,4,4403,0,0,0,,0,005,"GREEN VALLEY RD","MAIN ST",75.00,E,N,A,-,Y,SCR,5,152,-,T,1.195,I,6,W,N,4,0,1,2,A,-,11,21954,A,M,G,B,D,A,H,-,C,A,0,Y,,,,Y,Y,N,60,0,0,1,0,1,0,0,0,0,"- ","- ",,,"SANTA CRUZ",WATSONVILLE,-121.78380584716797,36.918701171875
9546976,2023,2023-03-01,4403,2023-02-04,"401 ",425,3-19,6,5,4,4403,0,0,0,,0,003,"BRIDGE ST","CIRVELO ST",101.00,W,N,A,-,N,,,,,,,,,,,3,0,1,5,A,-,03,22350,,N,A,E,A,A,H,-,C,D,0,,,,,Y,,A,07,0,1,0,0,0,0,0,0,0,"- ","- ",,,"SANTA CRUZ",WATSONVILLE,-121.73917388916016,36.925765991210938
9547085,2023,2023-03-08,4403,2023-02-06,1335,418,1-07,1,5,4,4403,0,0,0,,0,001,"FREEDOM BL","BRENNAN ST",310.00,N,N,A,-,N,,,,,,,,,,Y,4,0,2,2,A,-,03,22350,,N,C,C,A,A,H,-,A,A,0,,,,,Y,,D,22,0,0,2,0,0,0,0,0,0,"- ","- ",,,"SANTA CRUZ",WATSONVILLE,-121.76018524169922,36.917446136474609
9549119,2023,2023-03-03,4401,2023-01-21,1557,523,4401,6,5,3,4401,0,0,0,,0,,"CLARES ST","40TH AV",0.00,,Y,A,-,N,,,,,,,,,,N,2,0,1,2,A,-,10,21950,A,N,D,B,-,A,H,-,A,A,0,Y,,,,Y,,A,01,1,0,0,0,1,0,0,0,0,"- ","- ",,,"SANTA CRUZ",CAPITOLA,-121.96610260009766,36.978328704833984
9549367,2023,2023-03-01,4402,2023-01-14,1514,161,4402,6,5,5,4402,0,0,0,,0,000,"BAY DR","NOBEL DR",0.00,,Y,B,-,N,,,,,,,,,,N,3,0,1,2,A,-,12,21453,A,N,D,G,A,B,H,-,A,A,0,,Y,,,Y,,L,04,0,1,0,0,0,0,1,0,0,"- ","- ",,,"SANTA CRUZ","SANTA CRUZ",-122.05034637451172,36.973945617675781
9549472,2023,2023-03-24,4401,2023-02-01,"815 ",525,0041,3,5,3,4401,0,0,0,,0,,"BAY AV","BURLINGAME AV",0.00,,Y,A,-,N,,,,,,,,,,N,3,0,1,2,A,-,03,22350,,F,D,G,A,A,H,-,A,A,0,,Y,,,Y,Y,A,01,0,1,0,0,0,0,1,0,0,"- ","- ",,,"SANTA CRUZ",CAPITOLA,-121.95234680175781,36.978065490722656
9549956,2023,2023-03-04,4402,2023-01-16,1737,178,4402,1,5,5,4402,0,0,0,,0,000,"LOCUST ST","PACIFIC AV",0.00,,Y,C,-,N,,,,,,,,,,N,4,0,1,3,A,-,10,21950,A,N,G,B,B,B,H,-,C,A,0,Y,,,,Y,,D,23,0,0,1,0,1,0,0,0,0,"- ","- ",,,"SANTA CRUZ","SANTA CRUZ",-122.02655792236328,36.975303649902344
9550881,2023,2023-05-01,4401,2023-02-10,"911 ",523,4401,5,5,3,4401,0,0,0,,0,,"CLARES ST","CAPITOLA RD",0.00,,Y,A,-,N,,,,,,,,,,N,4,0,1,2,A,-,09,21453,B,N,D,G,A,A,H,-,A,A,0,,Y,,,Y,Y,A,01,0,0,1,0,0,0,1,0,0,"- ","- ",,,"SANTA CRUZ",CAPITOLA,-121.96940612792969,36.973720550537109
9550924,2023,2023-05-04,4401,2023-01-19,1422,523,4401,4,5,3,4401,0,0,0,,0,,"STOCKTON AV",ESPLANADE,0.00,,Y,A,-,N,,,,,,,,,,N,2,0,1,2,A,-,10,21950,A,N,-,-,B,A,H,-,A,A,0,Y,Y,,,Y,,L,04,1,0,0,0,1,0,0,0,0,"- ","- ",,,"SANTA CRUZ",CAPITOLA,-121.95256805419922,36.972694396972656
9554811,2023,2023-03-23,4403,2023-02-01,1537,418,1-07,3,5,4,4403,0,0,0,,0,001,"MARCHANT ST","RIVERSIDE DR",0.00,,Y,A,-,Y,SCR,5,129,-,-,0.230,I,5,E,Y,4,0,1,2,A,-,09,21802,A,N,D,C,A,A,H,-,A,A,0,,,,,Y,,A,07,0,0,1,0,0,0,0,0,0,"- ","- ",,,"SANTA CRUZ",WATSONVILLE,-121.7503662109375,36.909442901611328