CASE_ID,ACCIDENT_YEAR,PROC_DATE,JURIS,COLLISION_DATE,COLLISION_TIME,OFFICER_ID,REPORTING_DISTRICT,DAY_OF_WEEK,CHP_SHIFT,POPULATION,CNTY_CITY_LOC,SPECIAL_COND,BEAT_TYPE,CHP_BEAT_TYPE,CITY_DIVISION_LAPD,CHP_BEAT_CLASS,BEAT_NUMBER,PRIMARY_RD,SECONDARY_RD,DISTANCE,DIRECTION,INTERSECTION,WEATHER_1,WEATHER_2,STATE_HWY_IND,CALTRANS_COUNTY,CALTRANS_DISTRICT,STATE_ROUTE,ROUTE_SUFFIX,POSTMILE_PREFIX,POSTMILE,LOCATION_TYPE,RAMP_INTERSECTION,SIDE_OF_HWY,TOW_AWAY,COLLISION_SEVERITY,NUMBER_KILLED,NUMBER_INJURED,PARTY_COUNT,PRIMARY_COLL_FACTOR,PCF_CODE_OF_VIOL,PCF_VIOL_CATEGORY,PCF_VIOLATION,PCF_VIOL_SUBSECTION,HIT_AND_RUN,TYPE_OF_COLLISION,MVIW,PED_ACTION,ROAD_SURFACE,ROAD_COND_1,ROAD_COND_2,LIGHTING,CONTROL_DEVICE,CHP_ROAD_TYPE,PEDESTRIAN_ACCIDENT,BICYCLE_ACCIDENT,MOTORCYCLE_ACCIDENT,TRUCK_ACCIDENT,NOT_PRIVATE_PROPERTY,ALCOHOL_INVOLVED,STWD_VEHTYPE_AT_FAULT,CHP_VEHTYPE_AT_FAULT,COUNT_SEVERE_INJ,COUNT_VISIBLE_INJ,COUNT_COMPLAINT_PAIN,COUNT_PED_KILLED,COUNT_PED_INJURED,COUNT_BICYCLIST_KILLED,COUNT_BICYCLIST_INJURED,COUNT_MC_KILLED,COUNT_MC_INJURED,PRIMARY_RAMP,SECONDARY_RAMP,LATITUDE,LONGITUDE,COUNTY,CITY,POINT_X,POINT_Y
9555136,2023,2023-04-03,4403,2023-02-11,2153,T0015,1-09,6,5,4,4403,0,0,0,,0,001,"W BEACH ST","MAIN ST",6.00,W,N,A,-,Y,SCR,5,152,-,T,2.928,I,5,W,Y,4,0,1,2,A,-,05,21650,1,N,A,G,A,A,H,-,C,A,0,,Y,,,Y,,L,04,0,0,1,0,0,0,1,0,0,"- ","- ",,,"SANTA CRUZ",WATSONVILLE,-121.75690460205078,36.910259246826172
9555144,2023,2023-04-03,4403,2023-03-13,1034,418,1-11,1,5,4,4403,0,0,0,,0,001,"MARCHANT ST","RIVERSIDE DR",0.00,,Y,A,-,Y,SCR,5,129,-,-,0.230,I,5,W,Y,4,0,1,3,A,-,09,21802,A,N,D,C,A,A,H,-,A,A,0,,,,,Y,,A,01,0,0,1,0,0,0,0,0,0,"- ","- ",,,"SANTA CRUZ",WATSONVILLE,-121.7503662109375,36.909442901611328
9555148,2023,2023-04-03,4403,2023-03-16,"719 ",417,2-23,4,5,4,4403,0,0,0,,0,002,"MAIN ST","AUTO CENTER DR",66.00,N,N,A,-,Y,SCR,5,152,-,T,2.139,I,5,W,Y,4,0,1,2,A,-,09,21453,B,N,D,C,A,A,H,-,A,A,0,,,,,Y,,A,07,0,0,1,0,0,0,0,0,0,"- ","- ",,,"SANTA CRUZ",WATSONVILLE,-121.76767730712891,36.915935516357422
9555798,2023,2023-03-17,4402,2023-01-31,1710,161,4402,2,5,5,4402,0,0,0,,0,000,"DELAWARE AV","WOODROW AV",33.00,E,N,A,-,N,,,,,,,,,,N,2,0,1,3,A,-,08,22107,,N,B,E,A,A,H,-,A,D,0,,Y,,,Y,,L,04,1,0,0,0,0,0,1,0,0,"- ","- ",,,"SANTA CRUZ","SANTA CRUZ",-122.03775787353516,36.957038879394531
9560048,2023,2023-03-22,4402,2023-01-19,"704 ",153,4402,4,5,5,4402,0,0,0,,0,000,"MURRAY ST","SEABRIGHT AV",951.00,E,N,A,-,N,,,,,,,,,,N,3,0,2,2,A,-,08,22107,,N,B,C,A,A,H,-,A,D,0,,,,,Y,,A,01,0,1,1,0,0,0,0,0,0,"- ","- ",,,"SANTA CRUZ","SANTA CRUZ",-122.00473785400391,36.967914581298828
9560219,2023,2023-04-10,4403,2023-02-25,2130,T0012,1-07,6,5,4,4403,0,0,0,,0,001,"WESTERN DR","MAIN ST",10.00,N,N,A,-,N,,,,,,,,,,N,4,0,1,2,A,-,21,22106,,N,C,C,A,A,H,-,C,A,0,,,,,Y,,A,08,0,0,1,0,0,0,0,0,0,"- ","- ",,,"SANTA CRUZ",WATSONVILLE,,
9560568,2023,2023-03-23,4402,2023-01-07,1038,166,4402,6,5,5,4402,0,0,0,,0,000,"NOBEL DR","BAY DR",0.00,,Y,B,-,N,,,,,,,,,,Y,4,0,1,2,A,-,12,21453,,N,D,C,A,A,H,-,A,A,0,,,,,Y,,A,01,0,0,1,0,0,0,0,0,0,"- ","- ",,,"SANTA CRUZ","SANTA CRUZ",-122.05034637451172,36.973945617675781
9560689,2023,2023-03-22,4402,2023-02-14,1238,178,4402,2,5,5,4402,0,0,0,,0,000,"FREDERICK ST","HANOVER ST",274.00,N,N,A,-,N,,,,,,,,,,Y,2,0,2,2,A,-,01,23153,F,N,B,E,A,A,H,-,A,D,0,,,,,Y,,A,01,2,0,0,0,0,0,0,0,0,"- ","- ",,,"SANTA CRUZ","SANTA CRUZ",-122.00431823730469,36.979709625244141
9562860,2023,2023-04-24,4403,2023-03-17,1311,417,525,5,5,4,4403,0,0,0,,0,005,"AIRPORT BL","HOLM RD",399.00,W,N,A,-,N,,,,,,,,,,Y,3,0,1,2,A,-,09,21801,A,N,D,C,A,A,H,-,A,D,0,,,,,Y,,A,01,0,1,0,0,0,0,0,0,0,"- ","- ",,,"SANTA CRUZ",WATSONVILLE,-121.78855895996094,36.931453704833984
9563602,2023,2023-04-19,4403,2023-03-13,1549,418,527,1,5,4,4403,0,0,0,,0,005,"HANGAR WY","ANNA ST",0.00,,Y,A,-,N,,,,,,,,,,Y,4,0,1,2,A,-,09,21804,A,N,D,C,A,A,H,-,A,A,0,,,,,Y,,A,07,0,0,1,0,0,0,0,0,0,"- ","- ",,,"SANTA CRUZ",WATSONVILLE,-121.79080963134766,36.925937652587891
9563621,2023,2023-05-25,4403,2023-03-10,1142,417,2-20,5,5,4,4403,0,0,0,,0,002,"5TH ST","KILBURN ST",202.00,E,N,C,-,N,,,,,,,,,,Y,4,0,1,3,A,-,09,21801,A,N,D,C,A,B,H,-,A,D,0,,,,,Y,,A,01,0,0,1,0,0,0,0,0,0,"- ","- ",,,"SANTA CRUZ",WATSONVILLE,-121.76071166992188,36.912628173828125
9564316,2023,2023-04-28,4403,2023-03-31,1642,358,224,5,5,4,4403,0,0,0,,0,002,"HARKINS SLOUGH RD","SUNSET VISTA DR",0.00,,Y,A,-,N,,,,,,,,,,N,4,0,1,2,A,-,10,21950,A,N,G,B,B,A,H,-,A,A,0,Y,,,,Y,,A,01,0,0,1,0,1,0,0,0,0,"- ","- ",,,"SANTA CRUZ",WATSONVILLE,-121.77619934082031,36.914661407470703
9564979,2023,2023-05-10,4403,2023-04-07,1635,418,1-09,5,5,4,4403,0,0,0,,0,001,"LAKE AV","MAIN ST",5.00,E,N,A,-,N,,,,,,,,,,N,3,0,1,2,A,-,10,21950,A,N,G,B,B,A,H,-,A,A,0,Y,,,,Y,,A,08,0,1,0,0,1,0,0,0,0,"- ","- ",,,"SANTA CRUZ",WATSONVILLE,-121.75841522216797,36.911617279052734
9565297,2023,2023-05-26,4403,2023-03-30,1756,388,2-21,4,5,4,4403,0,0,0,,0,002,"RODRIGUEZ ST","KEARNEY ST",76.00,N,N,A,-,N,,,,,,,,,,N,4,0,1,2,A,-,05,21650,,N,H,G,A,A,H,-,A,D,0,,Y,,,Y,,L,04,0,0,1,0,0,0,1,0,0,"- ","- ",,,"SANTA CRUZ",WATSONVILLE,-121.76158905029297,36.911293029785156
9565298,2023,2023-05-26,4403,2023-03-16,1728,T0015,2-21,4,5,4,4403,0,0,0,,0,002,"WEST LAKE AV","MAIN ST",222.00,W,N,A,-,N,,,,,,,,,,Y,4,0,1,2,A,-,08,22107,,N,B,C,A,A,H,-,A,D,0,,,Y,,Y,,A,01,0,0,1,0,0,0,0,0,1,"- ","- ",,,"SANTA CRUZ",WATSONVILLE,-121.75898742675781,36.911197662353516
9565299,2023,2023-05-26,4402,2023-03-28,1424,176,4402,2,5,5,4402,0,0,0,,0,000,"SOQUEL AV","PINE ST",0.00,,Y,B,C,N,,,,,,,,,,N,4,0,1,2,A,-,03,22350,,F,C,C,A,B,H,-,A,D,0,,,,,Y,,A,07,0,0,1,0,0,0,0,0,0,"- ","- ",,,"SANTA CRUZ","SANTA CRUZ",-122.01404571533203,36.977977752685547
9565308,2023,2023-05-02,4403,2023-04-14,"858 ",417,223,5,5,4,4403,0,0,0,,0,002,"OHLONE PKWY","HARKINS SLOUGH RD",200.00,E,N,A,-,N,,,,,,,,,,N,4,0,1,2,A,-,09,21804,A,N,D,C,A,A,H,-,A,A,0,,,,,Y,,A,01,0,0,1,0,0,0,0,0,0,"- ","- ",,,"SANTA CRUZ",WATSONVILLE,-121.77823638916016,36.915542602539062
9565309,2023,2023-05-02,4403,2023-04-08,1406,387,107,6,5,4,4403,0,0,0,,0,001,"FREEDOM BL","SUDDEN ST",27.00,W,N,A,-,N,,,,,,,,,,Y,4,0,1,3,A,-,03,22350,,M,C,C,A,A,H,-,A,D,0,,,,,Y,,A,01,0,0,1,0,0,0,0,0,0,"- ","- ",,,"SANTA CRUZ",WATSONVILLE,-121.75998687744141,36.918254852294922
9565310,2023,2023-05-02,4403,2023-04-01,1417,387,107,6,5,4,4403,0,0,0,,0,001,"LAKE AV","SUDDEN ST",5.00,W,N,A,-,N,,,,,,,,,,Y,4,0,1,2,C,-,18,,,N,G,B,B,A,H,-,A,D,0,Y,,,,Y,,-,"- ",0,0,1,0,1,0,0,0,0,"- ","- ",,,"SANTA CRUZ",WATSONVILLE,-121.75597381591797,36.913379669189453
9565311,2023,2023-05-02,4402,2023-04-01,1037,153,4402,6,5,5,4402,0,0,0,,0,000,"MORRISSEY BL","PARNELL ST",4.00,E,N,A,-,N,,,,,,,,,,N,2,0,1,2,A,-,08,22100,A,N,H,G,A,A,H,-,A,D,0,,Y,,,Y,,A,01,1,0,0,0,0,0,1,0,0,"- ","- ",,,"SANTA CRUZ","SANTA CRUZ",-122.00504302978516,36.985511779785156
9565312,2023,2023-05-02,4402,2023-04-10,1420,192,4402,1,5,5,4402,0,0,0,,0,000,"WEST CLIFF DR","AUBURN AV",446.00,W,N,A,-,N,,,,,,,,,,N,3,0,1,2,A,-,05,21460,A,N,D,G,A,A,H,-,A,D,0,,Y,,,Y,,A,01,0,1,0,0,0,0,1,0,0,"- ","- ",,,"SANTA CRUZ","SANTA CRUZ",-122.05384826660156,36.949542999267578
9567127,2023,2023-05-05,4402,2023-03-27,1428,192,4402,1,5,5,4402,0,0,0,,0,000,"MURRAY ST","SEABRIGHT AV",86.00,W,N,A,-,N,,,,,,,,,,Y,3,0,1,1,C,-,18,,,N,E,I,A,A,H,-,A,D,0,,,,,Y,,-,"- ",0,1,0,0,0,0,0,0,0,"- ","- ",,,"SANTA CRUZ","SANTA CRUZ",-122.00817108154297,36.967201232910156
9567635,2023,2023-05-31,4403,2023-05-12,1438,358,306,5,5,4,4403,0,0,0,,0,003,"FREEDOM BL","MARIN ST",0.00,,Y,A,-,N,,,,,,,,,,Y,4,0,1,3,A,-,09,21801,A,N,A,C,A,A,H,-,A,A,0,,,,,Y,,A,07,0,0,1,0,0,0,0,0,0,"- ","- ",,,"SANTA CRUZ",WATSONVILLE,-121.76262664794922,36.924247741699219
9567636,2023,2023-05-31,4403,2023-05-07,1714,335,434,7,5,4,4403,0,0,0,,0,004,"FREEDOM BL","ALTA VISTA AV",20.00,S,N,A,-,N,,,,,,,,,,Y,4,0,1,2,A,-,21,22106,,N,C,C,A,A,H,-,A,A,0,,,,,Y,,A,01,0,0,1,0,0,0,0,0,0,"- ","- ",,,"SANTA CRUZ",WATSONVILLE,-121.76634979248047,36.928333282470703
9567637,2023,2023-05-31,4403,2023-05-07,1705,416,408,7,5,4,4403,0,0,0,,0,004,"FREEDOM BL","SYDNEY AV",137.00,N,N,A,-,N,,,,,,,,,,N,3,0,2,2,A,-,09,21804,A,N,D,C,A,A,H,-,A,D,0,,,,,Y,Y,A,08,0,2,0,0,0,0,0,0,0,"- ","- ",,,"SANTA CRUZ",WATSONVILLE,-121.77011108398438,36.93218994140625
9568073,2023,2023-04-21,4403,2023-04-05,1515,417,3-06,3,5,4,4403,0,0,0,,0,003,"LAKE AV","BECK ST",0.00,,Y,A,-,Y,SCR,5,152,-,-,0.714,I,6,E,N,3,0,1,2,A,-,05,21650,1,N,D,G,A,A,H,-,A,A,0,,Y,,,Y,,L,04,0,1,0,0,0,0,1,0,0,"- ","- ",,,"SANTA CRUZ",WATSONVILLE,-121.74925994873047,36.918289184570312
9568282,2023,2023-05-04,4402,2023-03-20,1709,166,4402,1,5,5,4402,0,0,0,,0,000,"RT 1","OCEAN ST",500.00,W,N,A,-,Y,SCR,5,1,-,-,17.331,R,1,S,Y,3,0,1,2,A,-,01,23152,A,N,C,C,A,A,H,-,A,D,0,,,Y,,Y,Y,A,01,0,1,0,0,0,0,0,0,1,FR,"- ",,,"SANTA CRUZ","SANTA CRUZ",-122.02601623535156,36.985469818115234
9568827,2023,2023-06-05,4402,2023-04-23,1550,138,4402,7,5,5,4402,0,0,0,,0,000,"RT 1","WALNUT AV",150.00,S,N,A,-,Y,SCR,5,1,-,-,18.470,H,-,S,Y,3,0,2,4,A,-,03,22350,,N,C,C,A,A,H,-,A,D,0,,,,,Y,,A,07,0,1,1,0,0,0,0,0,0,"- ","- ",,,"SANTA CRUZ","SANTA CRUZ",-122.03516387939453,36.972911834716797
9569162,2023,2023-06-28,4402,2023-05-15,1049,138,4402,1,5,5,4402,0,0,0,,0,000,"RT 1","MIRAMAR DR",74.00,N,N,A,-,Y,SCR,5,1,-,-,19.430,H,-,N,Y,3,0,1,2,A,-,09,21801,,N,D,C,A,A,H,-,A,D,0,,,,,Y,,A,07,0,1,0,0,0,0,0,0,0,"- ","- ",,,"SANTA CRUZ","SANTA CRUZ",-122.04543304443359,36.961986541748047
9569430,2023,2023-07-05,4403,2023-06-09,1549,358,1-09,5,5,4,4403,0,0,0,,0,001,"MAIN ST","5TH ST",0.00,,Y,A,-,Y,SCR,5,152,-,T,2.670,I,5,W,N,3,0,1,2,A,-,10,21950,A,N,G,B,B,A,H,-,A,A,0,Y,,,,Y,,A,08,0,1,0,0,1,0,0,0,0,"- ","- ",,,"SANTA CRUZ",WATSONVILLE,-121.75973510742188,36.913135528564453
9569461,2023,2023-07-13,4403,2023-05-18,2118,419,1-09,4,5,4,4403,0,0,0,,0,001,"MAIN ST","1ST ST",26.00,N,N,A,-,Y,SCR,5,129,-,-,0.000,I,6,W,Y,3,0,1,1,A,-,08,22107,,N,E,I,A,A,H,-,C,D,0,,,,,Y,Y,A,01,0,1,0,0,0,0,0,0,0,"- ","- ",,,"SANTA CRUZ",WATSONVILLE,-121.75340270996094,36.907169342041016
9569505,2023,2023-07-13,4403,2023-06-18,1435,80,1-09,7,5,4,4403,0,0,0,,0,001,"MAIN ST","RIVERSIDE DR",164.00,N,N,A,-,Y,SCR,5,129,-,-,0.000,I,6,W,Y,4,0,1,2,A,-,01,23152,B,N,B,C,A,A,H,-,A,D,0,,,,,Y,Y,A,01,0,0,1,0,0,0,0,0,0,"- ","- ",,,"SANTA CRUZ",WATSONVILLE,-121.75340270996094,36.907169342041016
9569513,2023,2023-07-12,4403,2023-06-15,"959 ",418,108,4,5,4,4403,0,0,0,,0,001,"UNION ST","BEACH ST",8.00,N,N,B,-,Y,SCR,5,152,-,T,2.991,I,5,E,N,3,0,2,3,A,-,10,21950,A,N,G,B,B,A,H,-,A,A,0,Y,,,,Y,,A,01,0,1,1,0,2,0,0,0,0,"- ","- ",,,"SANTA CRUZ",WATSONVILLE,-121.75605010986328,36.910881042480469
9569538,2023,2023-07-07,4402,2023-06-14,2356,178,4402,3,5,5,4402,0,0,0,,0,000,"RIVERSIDE AV","3RD ST",0.00,,Y,A,-,N,,,,,,,,,,Y,3,0,3,2,A,-,17,21461,A,N,D,C,A,A,H,-,C,A,0,,,,,Y,Y,A,01,0,2,1,0,0,0,0,0,0,"- ","- ",,,"SANTA CRUZ","SANTA CRUZ",-122.01876831054688,36.967735290527344
9570647,2023,2023-04-29,4402,2023-03-04,1517,130,4402,6,5,5,4402,0,0,0,,0,000,"WATER ST","OCEAN ST",1.00,,N,A,-,N,,,,,,,,,,N,3,0,1,2,A,-,11,21453,D,F,G,B,B,A,H,-,A,A,0,Y,,,,Y,,N,60,0,1,0,0,1,0,0,0,0,"- ","- ",,,"SANTA CRUZ","SANTA CRUZ",-122.02135467529297,36.979587554931641
9571108,2023,2023-04-14,4402,2023-02-23,2214,177,4402,4,5,5,4402,0,0,0,,0,000,"OCEAN ST",BROADWAY,4.00,S,N,C,F,N,,,,,,,,,,Y,3,0,1,1,A,-,03,22350,,N,E,J,A,B,H,-,C,A,0,,,,,Y,,A,01,0,1,0,0,0,0,0,0,0,"- ","- ",,,"SANTA CRUZ","SANTA CRUZ",-122.01827239990234,36.973308563232422
9571527,2023,2023-05-08,4402,2023-04-07,"953 ",153,4402,5,5,5,4402,0,0,0,,0,,"RIVER ST","MORA ST",5.00,S,N,B,C,N,,,,,,,,,,N,4,0,1,2,A,-,05,21650,,N,D,G,A,B,H,-,A,D,0,,Y,,,Y,,L,04,0,0,1,0,0,0,1,0,0,"- ","- ",,,"SANTA CRUZ","SANTA CRUZ",-122.02867889404297,36.980457305908203
9572177,2023,2023-05-18,4402,2023-04-19,"822 ",130,4402,3,5,5,4402,0,0,0,,0,000,"BAY ST","LIBERTY ST",0.00,,Y,A,-,N,,,,,,,,,,N,2,0,2,2,A,-,09,21802,A,N,D,G,A,A,H,-,A,D,0,,Y,,,Y,,A,07,1,1,0,0,0,0,1,0,0,"- ","- ",,,"SANTA CRUZ","SANTA CRUZ",-122.03020477294922,36.960407257080078
9572178,2023,2023-05-18,4402,2023-04-09,2245,139,4402,7,5,5,4402,0,0,0,,0,000,"LAUREL ST","CENTER ST",0.00,,Y,A,-,N,,,,,,,,,,N,3,0,1,1,A,-,01,21200,5,N,F,A,A,A,H,-,C,A,0,,Y,,,Y,Y,L,04,0,1,0,0,0,0,1,0,0,"- ","- ",,,"SANTA CRUZ","SANTA CRUZ",-122.02725219726562,36.968929290771484
9572180,2023,2023-05-19,4402,2023-04-18,1657,165,4402,2,5,5,4402,0,0,0,,0,000,"SOQUEL AV","S RIVER ST",0.00,,Y,A,-,N,,,,,,,,,,N,3,0,1,1,A,-,08,22107,,N,A,A,A,A,G,-,A,D,0,,Y,,,Y,,L,04,0,1,0,0,0,0,1,0,0,"- ","- ",,,"SANTA CRUZ","SANTA CRUZ",-122.02363586425781,36.97344970703125
9572181,2023,2023-05-18,4402,2023-04-26,1628,446,4402,3,5,5,4402,0,0,0,,0,000,"BEACH ST","PACIFIC AV",105.00,S,N,A,-,N,,,,,,,,,,N,3,0,1,2,A,-,03,22350,,N,A,B,E,A,H,-,A,D,0,Y,Y,,,Y,,L,04,0,1,0,0,0,0,1,0,0,"- ","- ",,,"SANTA CRUZ","SANTA CRUZ",-122.02439117431641,36.962730407714844
9572182,2023,2023-05-19,4402,2023-04-18,1737,160,4402,2,5,5,4402,0,0,0,,0,000,"ESCALONA AV","BAY DR",0.00,,Y,A,-,N,,,,,,,,,,N,3,0,1,2,A,-,09,21804,A,N,B,G,A,A,H,-,A,D,0,,Y,,,Y,,A,01,0,1,0,0,0,0,1,0,0,"- ","- ",,,"SANTA CRUZ","SANTA CRUZ",-122.04612731933594,36.969490051269531
9573074,2023,2023-05-19,4403,2023-04-11,"759 ",418,4-34,2,5,4,4403,0,0,0,,0,004,"FREEDOM BL","ARTHUR RD",48.00,E,N,A,-,N,,,,,,,,,,,3,0,1,2,A,-,06,21750,,F,C,G,A,B,H,-,A,A,0,,Y,,,Y,,D,22,0,1,0,0,0,0,1,0,0,"- ","- ",,,"SANTA CRUZ",WATSONVILLE,-121.76748657226562,36.929573059082031
9573118,2023,2023-05-12,4403,2023-04-17,1256,418,527,1,5,4,4403,0,0,0,,0,005,"FREEDOM BL","EMME LN",45.00,N,N,A,-,N,,,,,,,,,,Y,3,0,1,2,A,-,09,21804,A,N,D,C,A,A,H,-,A,D,0,,,,,Y,,D,22,0,1,0,0,0,0,0,0,0,"- ","- ",,,"SANTA CRUZ",WATSONVILLE,-121.78096771240234,36.939983367919922
9574031,2023,2023-04-25,4403,2023-03-24,"655 ",387,315,5,5,4,4403,0,0,0,,0,003,"BEACH ST","BLACKBURN ST",7.00,N,N,A,-,N,,,,,,,,,,N,4,0,1,2,A,-,10,21950,A,N,G,B,B,A,H,-,B,D,0,Y,,,,Y,,A,01,0,0,1,0,1,0,0,0,0,"- ","- ",,,"SANTA CRUZ",WATSONVILLE,-121.74971008300781,36.915493011474609
9574279,2023,2023-05-05,4403,2023-04-02,1943,416,4-37,7,5,4,4403,0,0,0,,0,004,"CLIFFORD AV","CLAREMONT ST",524.00,W,N,A,-,N,,,,,,,,,,N,3,0,1,1,A,-,03,22350,,N,H,G,A,A,H,-,C,D,0,,Y,,,Y,,L,04,0,1,0,0,0,0,1,0,0,"- ","- ",,,"SANTA CRUZ",WATSONVILLE,-121.77352905273438,36.924854278564453
9575191,2023,2023-05-04,4402,2023-02-28,1706,161,4402,2,5,5,4402,0,0,0,,0,000,"LAUREL ST","WALTI ST",185.00,W,N,B,C,N,,,,,,,,,,N,4,0,1,1,C,-,18,,,N,E,A,A,B,B,G,A,D,0,,,,,Y,,-,"- ",0,0,1,0,0,0,0,0,0,"- ","- ",,,"SANTA CRUZ","SANTA CRUZ",-122.03390502929688,36.968536376953125
9575192,2023,2023-05-04,4402,2023-02-19,1738,169,4402,7,5,5,4402,0,0,0,,0,000,"BEACH ST","MAIN ST",415.00,W,N,A,-,N,,,,,,,,,,N,3,0,1,2,A,-,17,22517,,N,B,G,A,A,H,-,A,D,0,,Y,,,Y,,A,01,0,1,0,0,0,0,1,0,0,"- ","- ",,,"SANTA CRUZ","SANTA CRUZ",-122.02334594726562,36.962898254394531
9575193,2023,2023-05-04,4402,2023-02-28,1933,193,4402,2,5,5,4402,0,0,0,,0,000,"RIVER ST","NORTH PACIFIC AV",0.00,,Y,C,-,N,,,,,,,,,,Y,3,0,1,2,A,-,17,21451,A,N,-,C,A,B,H,-,C,A,0,,,,,Y,,A,01,0,1,0,0,0,0,0,0,0,"- ","- ",,,"SANTA CRUZ","SANTA CRUZ",-122.02702331542969,36.978832244873047
9577136,2023,2023-05-19,4403,2023-04-18,2028,432,S27,2,5,4,4403,0,0,0,,0,005,"AIRPORT BL","AIRPORT RD",239.00,E,N,A,-,N,,,,,,,,,,N,4,0,1,2,A,-,11,21956,A,N,G,B,E,A,D,-,C,D,0,Y,,,,Y,Y,N,60,0,0,1,0,1,0,0,0,0,"- ","- ",,,"SANTA CRUZ",WATSONVILLE,-121.78268432617188,36.93463134765625
9577981,2023,2023-05-09,4401,2023-04-09,1244,528,SANTA,7,5,3,4401,0,0,0,,0,005,"41ST AV","CLARES ST",121.00,S,N,A,-,N,,,,,,,,,,N,3,0,1,1,A,-,08,22107,,N,F,A,A,A,H,-,A,D,0,,Y,,,Y,,L,04,0,1,0,0,0,0,1,0,0,"- ","- ",,,"SANTA CRUZ",CAPITOLA,-121.96502685546875,36.978008270263672
9578195,2023,2023-05-08,4401,2023-03-31,1819,484,4401,5,5,3,4401,0,0,0,,0,,"41ST AV","CAPITOLA RD",0.00,,Y,A,-,N,,,,,,,,,,N,4,0,1,2,A,-,08,22107,,N,B,C,A,A,H,-,A,A,0,,,,,Y,,A,01,0,0,1,0,0,0,0,0,0,"- ","- ",,,"SANTA CRUZ",CAPITOLA,-121.96499633789062,36.973720550537109
9578256,2023,2023-05-08,4401,2023-02-10,1504,523,4401,5,5,3,4401,0,0,0,,0,,"42ND AV","VIGA CT",60.00,N,N,A,-,N,,,,,,,,,,Y,3,0,1,3,A,-,03,22350,,N,C,C,A,A,H,-,A,D,0,,,,,Y,,A,01,0,1,0,0,0,0,0,0,0,"- ","- ",,,"SANTA CRUZ",CAPITOLA,-121.96272277832031,36.977104187011719
9579403,2023,2023-05-27,4402,2023-05-01,1640,91,4402,1,5,5,4402,0,0,0,,0,000,"SOQUEL AV","MARNELL AV",0.00,,Y,A,-,N,,,,,,,,,,N,4,0,1,2,A,-,09,21804,A,N,D,C,A,A,H,-,A,D,0,,,,Y,Y,,F,26,0,0,1,0,0,0,0,0,0,"- ","- ",,,"SANTA CRUZ","SANTA CRUZ",-122.00292205810547,36.981441497802734
9579407,2023,2023-05-27,4402,2023-05-03,1210,195,4402,3,5,5,4402,0,0,0,,0,000,"OCEAN ST","BLAINE ST",0.00,,Y,B,C,N,,,,,,,,,,Y,4,0,2,2,A,-,09,21802,A,N,D,C,A,B,A,H,A,-,0,,,,,Y,,A,01,0,0,2,0,0,0,0,0,0,"- ","- ",,,"SANTA CRUZ","SANTA CRUZ",-122.02201080322266,36.981269836425781
9579832,2023,2023-06-08,4403,2023-04-22,2115,418,1-32,6,5,4,4403,0,0,0,,0,001,"MAIN ST","WESTERN DR",275.00,W,N,A,-,Y,SCR,5,1,-,-,20.140,H,-,N,Y,4,0,1,2,A,-,08,22107,,F,C,G,A,A,H,-,C,D,0,,Y,,,Y,Y,D,22,0,0,1,0,0,0,1,0,0,"- ","- ",,,"SANTA CRUZ",WATSONVILLE,-122.05754852294922,36.960964202880859
9581226,2023,2023-06-27,4402,2023-06-07,1307,192,4402,3,5,5,4402,0,0,0,,0,000,"FREDERICK ST",BROADWAY,0.00,,Y,A,-,N,,,,,,,,,,N,3,0,1,1,A,-,08,22107,,N,H,A,A,A,H,-,A,A,0,,Y,,,Y,,L,04,0,1,0,0,0,0,1,0,0,"- ","- ",,,"SANTA CRUZ","SANTA CRUZ",-122.00353240966797,36.976581573486328
9581227,2023,2023-06-27,4402,2023-06-09,1247,186,4402,5,5,5,4402,0,0,0,,0,000,"WATER ST","OCEAN ST",0.00,,Y,A,-,N,,,,,,,,,,N,4,0,1,1,C,-,18,,,N,H,A,A,A,H,-,A,A,0,,Y,,,Y,,-,"- ",0,0,1,0,0,0,1,0,0,"- ","- ",,,"SANTA CRUZ","SANTA CRUZ",-122.02135467529297,36.979587554931641
9581711,2023,2023-06-30,4401,2023-05-13,1203,523,4401,6,5,3,4401,0,0,0,,0,,"41ST AV","CAPTOLA RD",396.00,S,N,A,-,N,,,,,,,,,,N,4,0,1,2,A,-,03,22350,,N,D,G,A,A,H,-,A,D,0,,Y,,,Y,,L,04,0,0,1,0,0,0,1,0,0,"- ","- ",,,"SANTA CRUZ",CAPITOLA,-121.96498870849609,36.972633361816406
9582466,2023,2023-06-09,4401,2023-03-31,1231,523,4401,5,5,3,4401,0,0,0,,0,,"CAPITOLA RD","CAPITOLA AV",0.00,,Y,A,-,N,,,,,,,,,,N,4,0,1,2,A,-,03,22350,,N,C,C,A,A,H,-,A,A,0,,,,,Y,,B,01,0,0,1,0,0,0,0,0,0,"- ","- ",,,"SANTA CRUZ",CAPITOLA,-121.95233154296875,36.982456207275391
9582659,2023,2023-06-06,4401,2023-05-12,1619,484,4401,5,5,3,4401,0,0,0,,0,,"CAPITOLA RD","THOMPSON AV",0.00,,Y,A,-,N,,,,,,,,,,N,4,0,1,2,A,-,08,22107,,N,D,C,A,A,H,-,A,A,0,,,,,Y,,A,01,0,0,1,0,0,0,0,0,0,"- ","- ",,,"SANTA CRUZ",CAPITOLA,-121.97093200683594,36.97369384765625
9582676,2023,2023-06-08,4401,2023-04-18,2237,526,4401,2,5,3,4401,0,0,0,,0,,"STOCKTON AV","RIVERVIEW AV",67.00,S,N,A,-,N,,,,,,,,,,N,3,0,1,1,A,-,01,21200,5,N,E,-,A,-,H,-,C,A,0,,Y,,,Y,Y,L,04,0,1,0,0,0,0,1,0,0,"- ","- ",,,"SANTA CRUZ",CAPITOLA,-121.9527587890625,36.972587585449219
9582807,2023,2023-06-26,4403,2023-05-26,1346,358,1-07,5,5,4,4403,0,0,0,,0,001,"SUDDEN ST","PALM AV",200.00,N,N,A,-,N,,,,,,,,,,,3,0,1,1,A,-,03,22350,,N,F,A,A,A,H,-,A,D,0,,,Y,,Y,,C,03,0,1,0,0,0,0,0,0,1,"- ","- ",,,"SANTA CRUZ",WATSONVILLE,-121.75891876220703,36.917060852050781
9582808,2023,2023-06-26,4403,2023-05-11,1345,417,4-30,4,5,4,4403,0,0,0,,0,004,"CLIFFORD AV","TERRY LOOP",0.00,,Y,A,-,N,,,,,,,,,,,4,0,1,2,A,-,03,22350,,N,C,C,A,A,H,-,A,A,0,,,,,Y,,A,01,0,0,1,0,0,0,0,0,0,"- ","- ",,,"SANTA CRUZ",WATSONVILLE,-121.77635192871094,36.918521881103516