CASE_ID,ACCIDENT_YEAR,PROC_DATE,JURIS,COLLISION_DATE,COLLISION_TIME,OFFICER_ID,REPORTING_DISTRICT,DAY_OF_WEEK,CHP_SHIFT,POPULATION,CNTY_CITY_LOC,SPECIAL_COND,BEAT_TYPE,CHP_BEAT_TYPE,CITY_DIVISION_LAPD,CHP_BEAT_CLASS,BEAT_NUMBER,PRIMARY_RD,SECONDARY_RD,DISTANCE,DIRECTION,INTERSECTION,WEATHER_1,WEATHER_2,STATE_HWY_IND,CALTRANS_COUNTY,CALTRANS_DISTRICT,STATE_ROUTE,ROUTE_SUFFIX,POSTMILE_PREFIX,POSTMILE,LOCATION_TYPE,RAMP_INTERSECTION,SIDE_OF_HWY,TOW_AWAY,COLLISION_SEVERITY,NUMBER_KILLED,NUMBER_INJURED,PARTY_COUNT,PRIMARY_COLL_FACTOR,PCF_CODE_OF_VIOL,PCF_VIOL_CATEGORY,PCF_VIOLATION,PCF_VIOL_SUBSECTION,HIT_AND_RUN,TYPE_OF_COLLISION,MVIW,PED_ACTION,ROAD_SURFACE,ROAD_COND_1,ROAD_COND_2,LIGHTING,CONTROL_DEVICE,CHP_ROAD_TYPE,PEDESTRIAN_ACCIDENT,BICYCLE_ACCIDENT,MOTORCYCLE_ACCIDENT,TRUCK_ACCIDENT,NOT_PRIVATE_PROPERTY,ALCOHOL_INVOLVED,STWD_VEHTYPE_AT_FAULT,CHP_VEHTYPE_AT_FAULT,COUNT_SEVERE_INJ,COUNT_VISIBLE_INJ,COUNT_COMPLAINT_PAIN,COUNT_PED_KILLED,COUNT_PED_INJURED,COUNT_BICYCLIST_KILLED,COUNT_BICYCLIST_INJURED,COUNT_MC_KILLED,COUNT_MC_INJURED,PRIMARY_RAMP,SECONDARY_RAMP,LATITUDE,LONGITUDE,COUNTY,CITY,POINT_X,POINT_Y
9583070,2023,2023-06-07,4403,2023-05-21,"955 ",414,4-29,7,5,4,4403,0,0,0,,0,004,"GREEN VALLEY RD","PENNSYLVANIA DR",0.00,,Y,A,-,N,,,,,,,,,,Y,4,0,2,2,A,-,12,21453,A,N,D,C,A,A,H,-,A,A,0,,,,,Y,,A,01,0,0,2,0,0,0,0,0,0,"- ","- ",,,"SANTA CRUZ",WATSONVILLE,-121.77712249755859,36.930328369140625
9583170,2023,2023-07-10,4402,2023-05-17,1814,832DY,,3,5,5,4402,0,0,0,,0,,"KERR RD","FOUNDRY RD",0.00,,Y,A,-,N,,,,,,,,,,N,2,0,2,2,A,-,03,22350,,N,D,-,A,A,H,-,A,D,0,,Y,,,Y,,-,"- ",1,0,1,0,0,0,2,0,0,"- ","- ",36.994960784912109,-122.06143188476562,"SANTA CRUZ","SANTA CRUZ",-122.06131744384766,36.995670318603516
9583654,2023,2023-08-02,4403,2023-07-10,"901 ",T0016,223,1,5,4,4403,0,0,0,,0,002,"MAIN ST","PENNSYLVANIA DR",31.00,N,N,A,-,Y,SCR,5,152,-,T,1.890,H,-,E,Y,4,0,2,2,A,-,03,22350,,N,C,C,A,A,H,-,A,A,0,,,,,Y,,A,01,0,0,2,0,0,0,0,0,0,"- ","- ",,,"SANTA CRUZ",WATSONVILLE,-121.77191925048828,36.916526794433594
9583775,2023,2023-08-09,4401,2023-05-07,1809,521,4401,7,5,3,4401,0,0,0,,0,010,ESPLANADE,"MONTEREY AV",0.00,,Y,A,-,N,,,,,,,,,,N,4,0,1,3,C,-,18,,,N,C,E,-,A,H,-,A,D,0,Y,,Y,,Y,Y,-,"- ",0,0,1,0,0,0,0,0,1,"- ","- ",,,"SANTA CRUZ",CAPITOLA,-121.95117950439453,36.971920013427734
9583807,2023,2023-08-09,4403,2023-07-18,1104,T0016,109,2,5,4,4403,0,0,0,,0,001,"MAIN ST","BEACH ST",14.00,E,N,A,-,Y,SCR,5,152,-,T,2.929,I,5,E,Y,4,0,1,2,A,-,12,21453,A,N,D,C,A,A,H,-,A,A,0,,,,,Y,,A,07,0,0,1,0,0,0,0,0,0,"- ","- ",,,"SANTA CRUZ",WATSONVILLE,-121.75688934326172,36.910247802734375
9583916,2023,2023-08-24,4403,2023-07-28,1248,341,539,5,5,4,4403,0,0,0,,0,005,"GREEN VALLEY RD","FREEDOM BL",102.00,E,N,A,-,N,,,,,,,,,,N,4,0,1,2,A,-,09,21804,A,N,D,C,A,A,H,-,A,D,0,,,,,Y,,D,22,0,0,1,0,0,0,0,0,0,"- ","- ",,,"SANTA CRUZ",WATSONVILLE,-121.77317047119141,36.935272216796875
9584182,2023,2023-05-17,4402,2023-03-25,"218 ",178,4402,6,5,5,4402,0,0,0,,0,000,"WEST CLIFF DR","SWIFT ST",0.00,,Y,A,-,N,,,,,,,,,,Y,2,0,1,1,A,-,01,23152,F,N,E,I,A,A,H,-,C,A,0,,,,,Y,,A,07,1,0,0,0,0,0,0,0,0,"- ","- ",,,"SANTA CRUZ","SANTA CRUZ",-122.04756164550781,36.950038909912109
9584284,2023,2023-05-23,4402,2023-04-16,1258,804,,7,5,5,4402,0,0,0,,0,,"CHINQUAPIN RD","MCLAUGHLIN DR",0.00,,-,A,-,N,,,,,,,,,,N,4,0,1,1,A,-,03,22350,,N,H,J,A,A,H,-,A,A,0,,Y,,,Y,,L,04,0,0,1,0,0,0,1,0,0,"- ","- ",37.000171661376953,-122.05779266357422,"SANTA CRUZ","SANTA CRUZ",-122.05628967285156,36.999973297119141
9585711,2023,2023-06-01,4403,2023-05-14,"159 ",409,527,7,5,4,4403,0,0,0,,0,005,"AIRPORT BL","HANGAR WY",300.00,W,N,A,-,N,,,,,,,,,,Y,4,0,1,1,A,-,08,22107,,N,E,I,A,A,H,-,C,D,0,,,,,Y,,D,22,0,0,1,0,0,0,0,0,0,"- ","- ",,,"SANTA CRUZ",WATSONVILLE,-121.79216003417969,36.930671691894531
9587459,2023,2023-06-23,4402,2023-03-15,2050,63,4402,3,5,5,4402,0,0,0,,0,000,"MISSION ST","PALM ST",0.00,,Y,A,-,Y,SCR,5,1,-,-,19.160,H,-,S,Y,3,0,2,2,A,-,03,22350,,N,C,C,A,A,H,-,C,D,0,,,,,Y,,A,01,0,1,1,0,0,0,0,0,0,"- ","- ",,,"SANTA CRUZ","SANTA CRUZ",-122.04200744628906,36.964717864990234
9589003,2023,2023-06-13,4402,2023-05-18,1420,153,4402,4,5,5,4402,0,0,0,,0,000,"RIVER ST","WATER ST",215.00,S,N,A,-,N,,,,,,,,,,Y,4,0,1,1,C,-,18,,,N,E,I,A,A,H,-,A,D,0,,,,,Y,,-,"- ",0,0,1,0,0,0,0,0,0,"- ","- ",,,"SANTA CRUZ","SANTA CRUZ",-122.02485656738281,36.977432250976562
9589530,2023,2023-06-20,4402,2023-05-31,1048,169,4402,3,5,5,4402,0,0,0,,0,000,"UNION ST","CENTER ST",155.00,W,N,A,-,N,,,,,,,,,,N,4,0,1,2,A,-,10,21950,A,N,G,B,F,A,H,-,A,D,0,Y,,,,Y,,A,07,0,0,1,0,1,0,0,0,0,"- ","- ",,,"SANTA CRUZ","SANTA CRUZ",-122.02944183349609,36.975505828857422
9589535,2023,2023-07-05,4403,2023-05-30,1512,358,315,2,5,4,4403,0,0,0,,0,003,"BRIDGE ST","BECK ST",344.00,S,N,A,-,N,,,,,,,,,,Y,2,0,1,2,A,-,08,22103,,N,D,C,A,A,H,-,A,D,0,,,Y,,Y,,A,01,1,0,0,0,0,0,0,0,1,"- ","- ",,,"SANTA CRUZ",WATSONVILLE,-121.74524688720703,36.913375854492188
9589694,2023,2023-06-28,4403,2023-06-08,1159,418,221,4,5,4,4403,0,0,0,,0,002,"2ND ST","RODRIGUEZ ST",0.00,,Y,A,-,N,,,,,,,,,,Y,4,0,1,2,A,-,12,22450,,N,D,C,A,A,H,-,A,A,0,,,,,Y,,A,07,0,0,1,0,0,0,0,0,0,"- ","- ",,,"SANTA CRUZ",WATSONVILLE,-121.75688934326172,36.908306121826172
9589698,2023,2023-06-28,4403,2023-06-12,1149,418,107,1,5,4,4403,0,0,0,,0,001,"FREEDOM BL","SUDDEN ST",27.00,N,N,A,-,N,,,,,,,,,,N,4,0,1,2,A,-,03,22350,,N,C,C,A,A,H,-,A,A,0,,,,,Y,,D,22,0,0,1,0,0,0,0,0,0,"- ","- ",,,"SANTA CRUZ",WATSONVILLE,-121.75998687744141,36.918254852294922
9590730,2023,2023-06-19,4401,2023-05-22,1530,526,4401,1,5,3,4401,0,0,0,,0,,"MONTEREY AV","WASHBURN AV",530.00,E,N,A,-,N,,,,,,,,,,N,4,0,1,2,A,-,03,22350,,N,C,G,A,A,H,-,A,A,0,,Y,,,Y,,L,04,0,0,1,0,0,0,1,0,0,"- ","- ",,,"SANTA CRUZ",CAPITOLA,-121.94747924804688,36.979625701904297
9591022,2023,2023-07-25,4403,2023-06-22,1649,417,224,4,5,4,4403,0,0,0,,0,002,"WALKER ST","BEACH ST",15.00,S,N,A,-,N,,,,,,,,,,N,3,0,1,2,D,-,00,,,N,D,-,A,A,H,-,A,A,0,,Y,,,Y,,-,"- ",0,1,0,0,0,0,1,0,0,"- ","- ",,,"SANTA CRUZ",WATSONVILLE,-121.76161956787109,36.907802581787109
9591023,2023,2023-07-19,4403,2023-06-24,"901 ",353,402,6,5,4,4403,0,0,0,,0,004,"FREEDOM BL","SYDNEY AV",80.00,N,N,A,-,N,,,,,,,,,,N,4,0,1,2,A,-,05,21202,A,N,D,G,A,A,H,-,A,D,0,,Y,,,Y,,L,04,0,0,1,0,0,0,1,0,0,"- ","- ",,,"SANTA CRUZ",WATSONVILLE,-121.76998138427734,36.932071685791016
9591412,2023,2023-08-03,4401,2023-05-26,"16  ",524,4401,5,5,3,4401,0,0,0,,0,008,"KENNEDY DR","CALLAS LN",0.00,W,N,A,-,N,,,,,,,,,,Y,4,0,1,2,A,-,03,22350,,N,C,E,A,A,H,-,C,D,0,,,,,Y,Y,A,07,0,0,1,0,0,0,0,0,0,"- ","- ",,,"SANTA CRUZ",CAPITOLA,-121.94059753417969,36.982315063476562
9591557,2023,2023-07-21,4403,2023-06-17,2258,T0013,109,6,5,4,4403,0,0,0,,0,001,"RIVERSIDE DR","UNION ST",0.00,,Y,A,-,Y,SCR,5,129,-,-,0.060,I,5,W,N,4,0,2,2,A,-,12,21453,A,F,D,D,A,A,H,-,C,A,0,,,,,Y,Y,D,22,0,0,2,0,0,0,0,0,0,"- ","- ",,,"SANTA CRUZ",WATSONVILLE,-121.7525634765625,36.907810211181641
9591569,2023,2023-07-12,4403,2023-06-22,"607 ",353,109,4,5,4,4403,0,0,0,,0,001,"RODRIGUEZ ST","1ST ST",0.00,,Y,A,-,N,,,,,,,,,,Y,4,0,1,2,A,-,09,21800,A,N,B,C,A,A,H,-,A,D,0,,,,,Y,,D,22,0,0,1,0,0,0,0,0,0,"- ","- ",,,"SANTA CRUZ",WATSONVILLE,-121.75520324707031,36.906814575195312
9592097,2023,2023-07-24,4402,2023-07-06,1604,146,4402,4,5,5,4402,0,0,0,,0,000,BROADWAY,"CLAY ST",110.00,E,N,A,-,N,,,,,,,,,,N,4,0,1,2,A,-,04,21703,,M,C,C,A,A,H,-,A,A,0,,,,,Y,,A,01,0,0,1,0,0,0,0,0,0,"- ","- ",,,"SANTA CRUZ","SANTA CRUZ",-122.01896667480469,36.972976684570312
9592701,2023,2023-08-03,4404,2023-06-03,1233,5461,4404,6,5,3,4404,0,0,0,,0,00S,"MT HERMON RD","KINGS VILLAGE RD",158.00,E,N,A,-,N,,,,,,,,,,N,4,0,1,2,A,-,08,22100,A,N,B,C,A,A,H,-,A,D,0,,,,,Y,,A,01,0,0,1,0,0,0,0,0,0,"- ","- ",37.046001434326172,-122.02822875976562,"SANTA CRUZ","SCOTTS VALLEY",-122.02783966064453,37.045768737792969
9592765,2023,2023-07-19,4404,2023-02-20,"734 ",5790,4404,1,5,3,4404,0,0,0,,0,SOUTH,"RT 17","MT HERMON RD",5.00,N,N,A,-,Y,SCR,5,17,-,-,3.501,R,1,S,N,3,0,1,2,A,-,03,22350,,N,C,C,A,A,H,-,A,A,0,,,,,Y,,I,20,0,1,0,0,0,0,0,0,0,SF,"- ",37.037841796875,-122.02182769775391,"SANTA CRUZ","SCOTTS VALLEY",-122.02031707763672,37.036308288574219
9593057,2023,2023-07-06,4404,2023-02-11,1650,5291,4404,6,5,3,4404,0,0,0,,0,00S,"MT HERMON RD","LOCKEWOOD LN",0.00,,Y,A,-,N,,,,,,,,,,Y,3,0,3,2,A,-,12,21453,A,N,D,C,A,A,H,-,A,A,0,,,,,Y,,-,,0,3,0,0,0,0,0,0,0,"- ","- ",37.048290252685547,-122.03433227539062,"SANTA CRUZ","SCOTTS VALLEY",-122.03433990478516,37.04833984375
9593417,2023,2023-07-12,4402,2023-06-15,1217,130,4402,4,5,5,4402,0,0,0,,0,000,"MISSION ST","CENTER ST",0.00,,Y,A,-,N,,,,,,,,,,N,2,0,1,2,A,-,12,21453,A,N,D,G,A,A,H,-,A,A,0,,Y,,,Y,Y,L,04,1,0,0,0,0,0,1,0,0,"- ","- ",,,"SANTA CRUZ","SANTA CRUZ",-122.02792358398438,36.976879119873047
9593605,2023,2023-07-18,4402,2023-06-07,1831,130,4402,3,5,5,4402,0,0,0,,0,000,BROADWAY,"CAMPBELL ST",0.00,,Y,A,-,N,,,,,,,,,,Y,2,0,1,2,A,-,09,21801,A,N,B,G,A,A,H,-,A,D,0,,Y,,,Y,,A,01,1,0,0,0,0,0,1,0,0,"- ","- ",,,"SANTA CRUZ","SANTA CRUZ",-122.02057647705078,36.972217559814453
9593608,2023,2023-07-18,4402,2023-06-03,2241,161,4402,6,5,5,4402,0,0,0,,0,000,"OCEAN ST","SOQUEL AV",0.00,,Y,B,-,N,,,,,,,,,,N,2,0,1,2,A,-,12,21453,A,N,D,G,A,A,H,-,C,A,0,,Y,,,Y,,L,04,1,0,0,0,0,0,1,0,0,"- ","- ",,,"SANTA CRUZ","SANTA CRUZ",-122.01890563964844,36.97454833984375
9593672,2023,2023-07-12,4402,2023-05-01,1913,139,4402,1,5,5,4402,0,0,0,,0,000,"FRONT ST","COOPER ST",0.00,,Y,A,-,N,,,,,,,,,,N,3,0,1,1,-,-,"- ",,,N,F,A,A,A,H,-,A,D,0,,Y,,,Y,,-,"- ",0,1,0,0,0,0,1,0,0,"- ","- ",,,"SANTA CRUZ","SANTA CRUZ",-122.02548217773438,36.975223541259766
9594133,2023,2023-07-25,4402,2023-06-16,1522,186,4402,5,5,5,4402,0,0,0,,0,000,"S RIVER ST","SOQUEL AV",0.00,N,N,A,-,N,,,,,,,,,,N,3,0,1,2,A,-,11,21954,A,N,G,B,D,A,H,-,A,D,0,Y,,,,Y,,N,60,0,1,0,0,1,0,0,0,0,"- ","- ",,,"SANTA CRUZ","SANTA CRUZ",-122.02363586425781,36.97344970703125
9594134,2023,2023-07-25,4402,2023-06-17,1846,187,4402,6,5,5,4402,0,0,0,,0,000,"PACIFIC AV","ELM ST",0.00,,Y,A,-,N,,,,,,,,,,N,3,0,1,2,A,-,08,22100,A,N,H,J,A,A,H,-,D,D,0,,,,,Y,,A,07,0,1,0,0,0,0,0,0,0,"- ","- ",,,"SANTA CRUZ","SANTA CRUZ",-122.02523040771484,36.970920562744141
9595074,2023,2023-10-19,4402,2023-07-03,"936 ",192,4402,1,5,5,4402,0,0,0,,0,000,BROADWAY,"SAN LORENZO BL",210.00,E,N,A,-,N,,,,,,,,,,Y,2,0,1,1,C,-,18,,,N,E,J,A,A,-,-,A,D,0,,,Y,,Y,,-,"- ",1,0,0,0,0,0,0,0,1,"- ","- ",,,"SANTA CRUZ","SANTA CRUZ",-122.02201080322266,36.970802307128906
9595075,2023,2023-10-20,4402,2023-07-03,1433,192,4402,1,5,5,4402,0,0,0,,0,000,"RIVERSIDE AV",BROADWAY,62.00,N,N,A,-,N,,,,,,,,,,N,3,0,1,1,A,-,08,22107,,N,E,A,A,A,H,-,A,D,0,,Y,,,Y,,L,04,0,1,0,0,0,0,1,0,0,"- ","- ",,,"SANTA CRUZ","SANTA CRUZ",-122.02169036865234,36.971881866455078
9595101,2023,2023-07-20,4402,2023-06-11,"632 ",157,4402,7,5,5,4402,0,0,0,,0,000,"SOQUEL AV","RIVERSIDE AV",0.00,,Y,B,-,N,,,,,,,,,,Y,3,0,1,1,A,-,03,22350,,N,E,I,A,A,H,-,A,A,0,,,Y,,Y,,C,06,0,1,0,0,0,0,0,0,1,"- ","- ",,,"SANTA CRUZ","SANTA CRUZ",-122.02141571044922,36.973899841308594
9596182,2023,2023-07-18,4402,2023-05-26,1142,153,4402,5,5,5,4402,0,0,0,,0,,"RT 1","BELLEVUE ST",0.00,,Y,B,-,Y,SCR,5,1,-,-,19.290,I,5,S,N,3,0,1,2,A,-,05,21650,,N,A,G,A,A,H,-,A,D,0,,Y,,,Y,,L,04,0,1,0,0,0,0,1,0,0,"- ","- ",,,"SANTA CRUZ","SANTA CRUZ",-122.04335784912109,36.963153839111328
9596222,2023,2023-07-21,4402,2023-06-16,1727,189,4402,5,5,5,4402,0,0,0,,0,000,"BAY ST","RT 1",0.00,,Y,A,-,Y,SCR,5,1,-,-,19.000,I,6,S,N,3,0,1,2,A,-,08,22107,,N,D,G,A,A,H,-,A,A,0,,Y,,,Y,,A,01,0,1,0,0,0,0,1,0,0,"- ","- ",,,"SANTA CRUZ","SANTA CRUZ",-122.04034423828125,36.966632843017578
9597023,2023,2023-08-23,4403,2023-07-04,1621,418,107,2,5,4,4403,0,0,0,,0,001,"LINCOLN ST","PALM AV",216.00,S,N,A,-,N,,,,,,,,,,N,4,0,1,2,A,-,09,21804,A,N,D,D,A,A,H,-,A,D,0,,,,,Y,,A,07,0,0,1,0,0,0,0,0,0,"- ","- ",,,"SANTA CRUZ",WATSONVILLE,-121.75580596923828,36.917392730712891
9597024,2023,2023-08-23,4403,2023-07-16,1715,432,109,7,5,4,4403,0,0,0,,0,001,"MAIN ST","PECK ST",0.00,,Y,A,-,N,,,,,,,,,,N,4,0,1,2,A,-,10,21950,A,N,G,B,B,A,H,-,A,A,0,Y,,,,Y,,A,01,0,0,1,0,1,0,0,0,0,"- ","- ",,,"SANTA CRUZ",WATSONVILLE,-121.75627136230469,36.909683227539062
9597157,2023,2023-08-09,4403,2023-06-25,1757,402,107,7,5,4,4403,0,0,0,,0,001,"5TH ST","JEFFERSON ST",0.00,,Y,A,-,N,,,,,,,,,,N,3,0,1,2,A,-,03,22350,,N,C,E,A,A,H,-,A,D,0,,,,,Y,,A,01,0,1,0,0,0,0,0,0,0,"- ","- ",,,"SANTA CRUZ",WATSONVILLE,-121.75606536865234,36.915721893310547
9597158,2023,2023-08-09,4403,2023-06-30,"122 ",T0015,3-15,5,5,4,4403,0,0,0,,0,003,"BLACKBURN ST","E BEACH ST",0.00,,Y,A,-,N,,,,,,,,,,Y,2,0,1,8,A,-,01,23152,A,N,A,E,A,A,H,-,D,A,0,,,,,Y,Y,A,01,1,0,0,0,0,0,0,0,0,"- ","- ",,,"SANTA CRUZ",WATSONVILLE,-121.74973297119141,36.915481567382812
9598088,2023,2023-08-10,4403,2023-07-06,1859,388,304,4,5,4,4403,0,0,0,,0,003,"FREEDOM BL","CRESTVIEW DR",0.00,,Y,A,-,N,,,,,,,,,,N,4,0,1,2,A,-,12,21453,A,N,D,C,A,A,D,-,A,A,0,,,,,Y,,A,01,0,0,1,0,0,0,0,0,0,"- ","- ",,,"SANTA CRUZ",WATSONVILLE,-121.76461791992188,36.926460266113281
9599846,2023,2023-08-10,4401,2023-07-07,1916,528,4401,5,5,3,4401,0,0,0,,0,002,"CAPITOLA RD","41ST AV",0.00,,Y,A,-,N,,,,,,,,,,N,3,0,1,1,A,-,03,22350,,N,F,G,A,A,H,-,A,D,0,,Y,,,Y,Y,L,04,0,1,0,0,0,0,1,0,0,"- ","- ",,,"SANTA CRUZ",CAPITOLA,-121.96499633789062,36.973720550537109
9600124,2023,2023-08-11,4403,2023-07-03,1336,418,224,1,5,4,4403,0,0,0,,0,002,"2ND ST","WALKER ST",0.00,,Y,A,-,N,,,,,,,,,,N,3,0,2,2,A,-,09,21802,A,N,D,D,A,A,H,-,A,A,0,,,,,Y,,A,07,0,1,1,0,0,0,0,0,0,"- ","- ",,,"SANTA CRUZ",WATSONVILLE,-121.75956726074219,36.906444549560547
9600519,2023,2023-07-18,4403,2023-06-14,"511 ",424,220,3,5,4,4403,0,0,0,,0,002,"5TH ST","RODRIGUEZ ST",11.00,E,N,A,-,N,,,,,,,,,,N,4,0,1,2,A,-,08,22107,,N,G,B,B,A,H,-,C,D,0,Y,,,,Y,,A,01,0,0,1,0,1,0,0,0,0,"- ","- ",,,"SANTA CRUZ",WATSONVILLE,-121.76246643066406,36.911888122558594
9601191,2023,2023-08-18,4402,2023-07-25,1923,148,4402,2,5,5,4402,0,0,0,,0,,"MISSION ST","WALNUT AV",0.00,,Y,A,-,Y,SCR,5,1,-,-,18.500,I,5,S,N,3,0,1,2,A,-,12,21453,A,N,D,G,A,A,H,-,A,A,0,,Y,,,Y,,L,04,0,1,0,0,0,0,1,0,0,"- ","- ",,,"SANTA CRUZ","SANTA CRUZ",-122.03546905517578,36.972434997558594
9601200,2023,2023-08-18,4403,2023-07-23,"520 ",T0015,221,7,5,4,4403,0,0,0,,0,002,"RIVERSIDE DR","RODRIGUEZ ST",0.00,,Y,A,-,Y,SCR,5,129,-,L,1.380,I,5,W,Y,4,0,1,2,D,-,00,,,N,A,C,A,A,H,-,B,A,0,,,,,Y,,-,"- ",0,0,1,0,0,0,0,0,0,"- ","- ",,,"SANTA CRUZ",WATSONVILLE,-121.75475311279297,36.906436920166016
9601313,2023,2023-08-25,4403,2023-07-23,1326,357,224,7,5,4,4403,0,0,0,,0,002,"RIVERSIDE DR","WALKER ST",0.00,,Y,A,-,Y,SCR,5,129,-,L,1.178,I,5,W,Y,3,0,6,2,A,-,12,21453,A,N,D,C,A,A,H,-,A,A,0,,,,,Y,,A,01,0,2,4,0,0,0,0,0,0,"- ","- ",,,"SANTA CRUZ",WATSONVILLE,-121.75794219970703,36.905239105224609
9601450,2023,2023-08-30,4402,2023-04-23,1633,178,4402,7,5,5,4402,0,0,0,,0,,"RIVERSIDE AV","3RD ST",0.00,,Y,A,-,N,,,,,,,,,,N,3,0,1,2,A,-,08,22100,A,N,B,G,A,A,H,-,A,A,0,,Y,,,Y,,A,01,0,1,0,0,0,0,1,0,0,"- ","- ",,,"SANTA CRUZ","SANTA CRUZ",-122.01876831054688,36.967735290527344
9601568,2023,2023-09-11,4403,2023-08-04,1624,417,314,5,5,4,4403,0,0,0,,0,003,"LAKE AV","BLACKBURN ST",0.00,,Y,A,-,Y,SCR,5,152,-,-,0.571,I,5,W,Y,4,0,3,2,A,-,01,23152,A,N,D,C,A,A,H,-,A,A,0,,,,,Y,,A,01,0,0,3,0,0,0,0,0,0,"- ","- ",,,"SANTA CRUZ",WATSONVILLE,-121.75119781494141,36.916873931884766
9601637,2023,2023-09-08,4402,2023-07-14,1451,160,4402,5,5,5,4402,0,0,0,,0,,"MISSION ST","BAY ST",300.00,W,N,A,-,Y,SCR,5,1,-,-,19.060,H,-,N,Y,2,0,2,2,A,-,09,21804,A,N,A,C,A,A,H,-,A,D,0,,,Y,,Y,,D,22,2,0,0,0,0,0,0,0,2,"- ","- ",,,"SANTA CRUZ","SANTA CRUZ",-122.04097747802734,36.965915679931641
9601828,2023,2023-09-21,4403,2023-08-21,1325,418,431,1,5,4,4403,0,0,0,,0,004,"MAIN ST","PENNSYLVANIA AV",165.00,N,N,A,-,Y,SCR,5,152,-,T,1.940,H,-,E,N,3,0,1,2,A,-,11,21955,,N,G,B,D,A,H,-,A,D,0,Y,,,,Y,Y,N,60,0,1,0,0,1,0,0,0,0,"- ","- ",,,"SANTA CRUZ",WATSONVILLE,-121.77110290527344,36.916393280029297
9603382,2023,2023-08-22,4402,2023-06-21,1216,151,4402,3,5,5,4402,0,0,0,,0,BEACH,"RAILROAD TRACKS","RIVERSIDE AV",323.00,W,N,A,-,N,,,,,,,,,,N,2,0,1,2,A,-,12,22451,A,N,G,J,D,A,H,-,A,D,0,Y,,,,Y,,N,60,1,0,0,0,1,0,0,0,0,"- ","- ",,,"SANTA CRUZ","SANTA CRUZ",-122.08187103271484,37.083259582519531
9603450,2023,2023-08-22,4402,2023-07-15,2057,138,4402,6,5,5,4402,0,0,0,,0,,"RT 1","RIVER ST",0.00,,Y,A,-,Y,SCR,5,1,-,-,17.560,I,5,N,Y,3,0,3,2,A,-,12,21453,A,N,A,C,A,A,H,-,C,A,0,,,,,Y,,A,01,0,2,1,0,0,0,0,0,0,"- ","- ",,,"SANTA CRUZ","SANTA CRUZ",-122.02981567382812,36.9844970703125
9603454,2023,2023-08-23,4402,2023-07-23,1530,136,4402,7,5,5,4402,0,0,0,,0,000,"FERN ST","RIVER ST",138.00,W,N,A,-,N,,,,,,,,,,N,3,0,1,2,A,-,09,21804,A,N,D,G,A,A,H,-,A,D,0,,Y,,,Y,,L,04,0,1,0,0,0,0,1,0,0,"- ","- ",,,"SANTA CRUZ","SANTA CRUZ",-122.03054809570312,36.985954284667969
9603458,2023,2023-08-15,4402,2023-07-05,"128 ",148,4402,3,5,5,4402,0,0,0,,0,000,"SEABRIGHT AV","CLINTON ST",55.00,N,N,A,-,N,,,,,,,,,,Y,3,0,1,1,A,-,01,23152,A,N,A,J,A,A,D,H,C,A,0,,,,,Y,Y,D,23,0,1,0,0,0,0,0,0,0,"- ","- ",,,"SANTA CRUZ","SANTA CRUZ",-122.00804138183594,36.971752166748047
9603494,2023,2023-08-23,4402,2023-07-16,1542,136,4402,7,5,5,4402,0,0,0,,0,,"MISSION ST","SWIFT ST",0.00,,Y,A,-,Y,SCR,5,1,-,-,19.690,I,5,N,N,3,0,1,2,A,-,12,21453,A,N,D,G,A,A,H,-,A,A,0,,Y,,,Y,,D,22,0,1,0,0,0,0,1,0,0,"- ","- ",,,"SANTA CRUZ","SANTA CRUZ",-122.04939270019531,36.960586547851562
9603905,2023,2023-08-18,4402,2023-07-26,"136 ",148,4402,3,5,5,4402,0,0,0,,0,000,"MORRISSEY BL","CHIVERTON ST",111.00,N,N,A,-,N,,,,,,,,,,Y,4,0,1,2,A,-,08,22107,,N,C,E,A,A,H,-,C,A,0,,,,,Y,,A,01,0,0,1,0,0,0,0,0,0,"- ","- ",,,"SANTA CRUZ","SANTA CRUZ",-122.00445556640625,36.986576080322266
9603906,2023,2023-08-18,4402,2023-07-24,2117,148,4402,1,5,5,4402,0,0,0,,0,000,"3RD AV","KAYE ST",49.00,N,N,A,-,N,,,,,,,,,,N,3,0,1,2,A,-,17,21657,,N,A,G,A,A,H,-,C,D,0,,Y,,,Y,,L,04,0,1,0,0,0,0,1,0,0,"- ","- ",,,"SANTA CRUZ","SANTA CRUZ",-122.01641082763672,36.967021942138672
9604348,2023,2023-11-14,4403,2023-10-15,1812,T0013,,7,5,4,4403,0,0,0,,0,001,"MAIN ST","FORD ST",0.00,,Y,A,-,Y,SCR,5,152,-,T,2.542,I,5,E,N,3,0,1,2,A,-,12,21453,A,N,A,D,A,A,H,-,A,A,0,,,,,Y,,A,01,0,1,0,0,0,0,0,0,0,"- ","- ",,,"SANTA CRUZ",WATSONVILLE,-121.76087951660156,36.914459228515625
9607322,2023,2023-10-02,4403,2023-08-25,"850 ",417,,5,5,4,4403,0,0,0,,0,,"JEHL AV","LINDY AV",70.00,W,N,A,-,N,,,,,,,,,,N,4,0,1,2,A,-,21,22106,,N,H,E,A,A,H,-,A,D,0,,,,,Y,Y,A,07,0,0,1,0,0,0,0,0,0,"- ","- ",,,"SANTA CRUZ",WATSONVILLE,-121.77137756347656,36.931343078613281
9607511,2023,2023-12-27,4403,2023-11-08,"536 ",T0008,,3,5,4,4403,0,0,0,,0,,"MAIN ST","RIVERSIDE DR",0.00,,Y,A,-,Y,SCR,5,129,-,-,0.000,I,5,W,N,4,0,1,2,A,-,05,21650,1,N,H,G,A,A,H,-,C,A,0,,Y,,,Y,,L,04,0,0,1,0,0,0,1,0,0,"- ","- ",,,"SANTA CRUZ",WATSONVILLE,-121.75340270996094,36.907169342041016
9607519,2023,2023-12-20,4403,2023-11-06,2319,281,5-25,1,5,4,4403,0,0,0,,0,005,"HOLM RD","JEANETTE WY",164.00,S,N,A,-,N,,,,,,,,,,N,3,0,1,3,A,-,01,23152,A,N,B,E,A,A,H,-,C,D,0,,,,,Y,Y,A,07,0,1,0,0,0,0,0,0,0,"- ","- ",,,"SANTA CRUZ",WATSONVILLE,-121.78720855712891,36.926948547363281
9608401,2023,2023-08-15,4401,2023-07-12,1636,484,4401,3,5,3,4401,0,0,0,,0,,"41ST AV","GROSS RD",192.00,N,N,A,-,N,,,,,,,,,,N,4,0,2,2,A,-,03,22350,,N,C,C,A,A,H,-,A,A,0,,,,,Y,,A,01,0,0,2,0,0,0,0,0,0,"- ","- ",,,"SANTA CRUZ",CAPITOLA,-121.964599609375,36.981594085693359
9608402,2023,2023-08-15,4401,2023-07-24,2042,526,4401,1,5,3,4401,0,0,0,,0,,"PARK AV","WASHBURN AV",0.00,,Y,A,-,N,,,,,,,,,,Y,2,0,1,1,A,-,01,23152,A,N,A,-,A,A,H,-,B,D,0,,,,,Y,Y,A,01,1,0,0,0,0,0,0,0,0,"- ","- ",,,"SANTA CRUZ",CAPITOLA,-121.94685363769531,36.976375579833984