CASE_ID,ACCIDENT_YEAR,PROC_DATE,JURIS,COLLISION_DATE,COLLISION_TIME,OFFICER_ID,REPORTING_DISTRICT,DAY_OF_WEEK,CHP_SHIFT,POPULATION,CNTY_CITY_LOC,SPECIAL_COND,BEAT_TYPE,CHP_BEAT_TYPE,CITY_DIVISION_LAPD,CHP_BEAT_CLASS,BEAT_NUMBER,PRIMARY_RD,SECONDARY_RD,DISTANCE,DIRECTION,INTERSECTION,WEATHER_1,WEATHER_2,STATE_HWY_IND,CALTRANS_COUNTY,CALTRANS_DISTRICT,STATE_ROUTE,ROUTE_SUFFIX,POSTMILE_PREFIX,POSTMILE,LOCATION_TYPE,RAMP_INTERSECTION,SIDE_OF_HWY,TOW_AWAY,COLLISION_SEVERITY,NUMBER_KILLED,NUMBER_INJURED,PARTY_COUNT,PRIMARY_COLL_FACTOR,PCF_CODE_OF_VIOL,PCF_VIOL_CATEGORY,PCF_VIOLATION,PCF_VIOL_SUBSECTION,HIT_AND_RUN,TYPE_OF_COLLISION,MVIW,PED_ACTION,ROAD_SURFACE,ROAD_COND_1,ROAD_COND_2,LIGHTING,CONTROL_DEVICE,CHP_ROAD_TYPE,PEDESTRIAN_ACCIDENT,BICYCLE_ACCIDENT,MOTORCYCLE_ACCIDENT,TRUCK_ACCIDENT,NOT_PRIVATE_PROPERTY,ALCOHOL_INVOLVED,STWD_VEHTYPE_AT_FAULT,CHP_VEHTYPE_AT_FAULT,COUNT_SEVERE_INJ,COUNT_VISIBLE_INJ,COUNT_COMPLAINT_PAIN,COUNT_PED_KILLED,COUNT_PED_INJURED,COUNT_BICYCLIST_KILLED,COUNT_BICYCLIST_INJURED,COUNT_MC_KILLED,COUNT_MC_INJURED,PRIMARY_RAMP,SECONDARY_RAMP,LATITUDE,LONGITUDE,COUNTY,CITY,POINT_X,POINT_Y
9609551,2023,2023-10-12,4403,2023-09-07,1556,418,319,4,5,4,4403,0,0,0,,0,003,"LAKE AV","WAGNER AV",23.00,E,N,A,-,Y,SCR,5,152,-,-,1.340,H,-,W,N,4,0,1,2,A,-,03,22350,,N,C,C,A,A,H,-,A,A,0,,,,,Y,,D,22,0,0,1,0,0,0,0,0,0,"- ","- ",,,"SANTA CRUZ",WATSONVILLE,-121.74552917480469,36.926826477050781
9609767,2023,2023-08-25,4402,2023-07-29,1446,186,4402,6,5,5,4402,0,0,0,,0,000,"OCEAN ST","PRYCE ST",0.00,,Y,A,-,N,,,,,,,,,,N,3,0,1,2,A,-,03,22350,A,N,D,C,A,A,H,-,A,D,0,,,Y,,Y,,C,02,0,1,0,0,0,0,0,0,1,"- ","- ",,,"SANTA CRUZ","SANTA CRUZ",-122.02333068847656,36.984672546386719
9609768,2023,2023-08-25,4402,2023-07-06,1313,166,4402,4,5,5,4402,0,0,0,,0,000,"WEST CLIFF DR","PELTON AV",0.00,,Y,A,-,N,,,,,,,,,,N,4,0,1,1,A,-,03,22350,,N,F,A,A,A,H,-,A,D,0,,Y,,,Y,,L,04,0,0,1,0,0,0,1,0,0,"- ","- ",,,"SANTA CRUZ","SANTA CRUZ",-122.02496337890625,36.954792022705078
9609787,2023,2023-08-28,4402,2023-08-07,1220,192,4402,1,5,5,4402,0,0,0,,0,000,"OCEAN ST","FRANKLIN ST",128.00,S,N,A,-,N,,,,,,,,,,Y,3,0,1,1,C,-,18,,,N,H,J,A,A,H,-,A,D,0,,,,,Y,,-,"- ",0,1,0,0,0,0,0,0,0,"- ","- ",,,"SANTA CRUZ","SANTA CRUZ",-122.02288818359375,36.983512878417969
9609790,2023,2023-08-28,4402,2023-08-07,"540 ",177,4402,1,5,5,4402,0,0,0,,0,000,"WOODROW AV","ERRETT CIR",0.00,,Y,E,-,N,,,,,,,,,,Y,4,0,1,1,A,-,03,22350,,N,E,A,A,A,H,-,C,-,0,,,Y,,Y,,C,02,0,0,1,0,0,0,0,0,1,"- ","- ",,,"SANTA CRUZ","SANTA CRUZ",-122.03818511962891,36.958969116210938
9610247,2023,2023-09-07,4403,2023-08-11,1644,398,306,5,5,4,4403,0,0,0,,0,003,"FREEDOM BL","HIGH ST N",219.00,N,N,A,-,N,,,,,,,,,,Y,4,0,1,2,A,-,03,22350,,N,C,C,A,A,H,-,A,D,0,,,,,Y,,A,01,0,0,1,0,0,0,0,0,0,"- ","- ",,,"SANTA CRUZ",WATSONVILLE,-121.76043701171875,36.919540405273438
9610626,2023,2023-09-08,4403,2023-08-23,"832 ",418,525,3,5,4,4403,0,0,0,,0,005,"GREEN MEADOW DR","GREEN VALLEY RD",0.00,,Y,A,-,N,,,,,,,,,,N,3,0,1,2,A,-,10,21950,A,N,G,B,B,A,H,-,A,A,0,Y,,,,Y,,A,01,0,1,0,0,1,0,0,0,0,"- ","- ",,,"SANTA CRUZ",WATSONVILLE,-121.7845458984375,36.916801452636719
9610627,2023,2023-09-28,4403,2023-08-17,2021,398,527,4,5,4,4403,0,0,0,,0,005,"AIRPORT BL","NIELSON ST",870.00,E,N,A,-,N,,,,,,,,,,N,2,0,1,2,A,-,11,21954,A,N,G,B,E,A,H,-,C,D,0,Y,,,,Y,,N,60,1,0,0,0,1,0,0,0,0,"- ","- ",,,"SANTA CRUZ",WATSONVILLE,-121.79274749755859,36.930416107177734
9610628,2023,2023-09-08,4403,2023-08-10,1700,417,224,4,5,4,4403,0,0,0,,0,002,"OHLONE PKWY","LOMA VISTA DR",100.00,E,N,A,-,N,,,,,,,,,,N,3,0,1,1,A,-,03,22350,,N,E,I,A,A,H,-,A,D,0,,,Y,,Y,,O,05,0,1,0,0,0,0,0,0,1,"- ","- ",,,"SANTA CRUZ",WATSONVILLE,-121.77497863769531,36.909900665283203
9610687,2023,2023-09-11,4403,2023-08-14,1446,418,430,1,5,4,4403,0,0,0,,0,004,"ROSEWOOD DR","CLIFFORD AV",0.00,,Y,A,-,N,,,,,,,,,,Y,4,0,2,2,A,-,09,21802,A,N,A,D,A,A,H,-,A,A,0,,,,,Y,,A,01,0,0,2,0,0,0,0,0,0,"- ","- ",,,"SANTA CRUZ",WATSONVILLE,-121.77555084228516,36.920932769775391
9610702,2023,2023-09-13,4402,2023-07-13,1009,151,4402,4,5,5,4402,0,0,0,,0,00B,"BEACH ST","CLIFF ST",0.00,,Y,A,-,N,,,,,,,,,,N,2,0,1,1,A,-,03,22350,,N,H,A,A,A,H,-,A,A,0,,,,,Y,,M,94,1,0,0,0,0,0,0,0,0,"- ","- ",,,"SANTA CRUZ","SANTA CRUZ",-122.02017974853516,36.964168548583984
9610704,2023,2023-09-14,4403,2023-07-21,1820,406,,5,5,4,4403,0,0,0,,0,,"OHLONE PKWY","LOMA VISTA DR",0.00,,Y,A,-,N,,,,,,,,,,N,4,0,1,2,A,-,09,21802,A,N,D,C,A,A,H,-,A,D,0,,,,,Y,,A,01,0,0,1,0,0,0,0,0,0,"- ","- ",,,"SANTA CRUZ",WATSONVILLE,-121.77497863769531,36.909900665283203
9611703,2023,2023-08-31,4403,2023-07-14,1919,398,438,5,5,4,4403,0,0,0,,0,004,"CAREY AV","LANDIS AV",88.00,S,N,A,-,N,,,,,,,,,,N,3,0,1,3,A,-,01,23152,A,N,B,E,E,A,H,-,A,D,0,Y,,,,Y,Y,D,22,0,1,0,0,1,0,0,0,0,"- ","- ",,,"SANTA CRUZ",WATSONVILLE,-121.77296447753906,36.933113098144531
9611766,2023,2023-08-28,4403,2023-07-28,1726,398,527,5,5,4,4403,0,0,0,,0,005,"AIRPORT BL","FREEDOM BL",86.00,W,N,A,-,N,,,,,,,,,,Y,4,0,1,2,A,-,01,23152,F,N,C,C,A,A,H,-,A,A,0,,,,,Y,,A,01,0,0,1,0,0,0,0,0,0,"- ","- ",,,"SANTA CRUZ",WATSONVILLE,-121.77803802490234,36.938133239746094
9611999,2023,2023-09-14,4403,2023-08-15,1412,418,109,2,5,4,4403,0,0,0,,0,001,"2ND ST","RODRIGUE ST",0.00,,Y,A,-,N,,,,,,,,,,Y,4,0,1,2,A,-,12,22450,A,N,D,C,A,A,H,-,A,A,0,,,,,Y,,A,01,0,0,1,0,0,0,0,0,0,"- ","- ",,,"SANTA CRUZ",WATSONVILLE,-121.75688934326172,36.908306121826172
9612769,2023,2023-08-28,4401,2023-07-19,1358,523,4401,3,5,3,4401,0,0,0,,0,,"WHARF RD","WOOLSEY CIR",304.00,N,N,A,-,N,,,,,,,,,,Y,3,0,1,1,A,-,03,22350,,N,A,I,A,A,H,-,A,D,0,,,,,Y,Y,A,07,0,1,0,0,0,0,0,0,0,"- ","- ",,,"SANTA CRUZ",CAPITOLA,,
9612777,2023,2023-08-28,4403,2023-07-26,1514,417,,3,5,4,4403,0,0,0,,0,,"BEACH ST","RODRIGUEZ ST",0.00,,Y,A,-,N,,,,,,,,,,N,4,0,1,2,A,-,09,21801,A,N,A,C,A,A,H,-,A,A,0,,,,,Y,,A,01,0,0,1,0,0,0,0,0,0,"- ","- ",,,"SANTA CRUZ",WATSONVILLE,-121.75807189941406,36.909397125244141
9613119,2023,2023-09-21,4402,2023-08-13,2024,148,4402,7,5,5,4402,0,0,0,,0,000,"BAY ST","KING ST",0.00,,Y,A,-,N,,,,,,,,,,N,3,0,2,2,A,-,08,22107,,N,D,G,A,A,H,-,B,A,0,,Y,,,Y,,L,04,0,1,1,0,0,0,2,0,0,"- ","- ",,,"SANTA CRUZ","SANTA CRUZ",-122.04307556152344,36.968147277832031
9613632,2023,2023-09-07,4402,2023-08-06,2232,148,4402,7,5,5,4402,0,0,0,,0,000,"PACIFIC AV","CENTER ST",0.00,,Y,A,-,N,,,,,,,,,,N,2,0,2,1,A,-,08,22107,,N,E,A,A,A,H,-,C,D,0,,Y,,,Y,Y,L,04,1,1,0,0,0,0,2,0,0,"- ","- ",,,"SANTA CRUZ","SANTA CRUZ",-117.3369140625,34.015743255615234
9613950,2023,2023-10-30,4402,2023-09-06,"846 ",192,4402,3,5,5,4402,0,0,0,,0,000,"PACIFIC AV","SPRUCE ST",0.00,,Y,B,-,N,,,,,,,,,,Y,4,0,1,2,A,-,09,21802,A,N,D,C,A,A,H,-,A,A,0,,,,,Y,,A,01,0,0,1,0,0,0,0,0,0,"- ","- ",,,"SANTA CRUZ","SANTA CRUZ",-122.02462005615234,36.968391418457031
9614421,2023,2023-10-18,4401,2023-09-04,"305 ",521,4401,1,5,3,4401,0,0,0,,0,004,"CAPITOLA RD","41ST AV",25.00,E,N,A,-,N,,,,,,,,,,Y,3,0,1,1,A,-,01,23153,,F,E,I,A,A,H,-,C,D,0,,,,,Y,Y,A,01,0,1,0,0,0,0,0,0,0,"- ","- ",,,"SANTA CRUZ",CAPITOLA,-121.96491241455078,36.973720550537109
9614441,2023,2023-09-29,4401,2023-08-20,1337,528,4401,7,5,3,4401,0,0,0,,0,005,"41ST AV","CAPITOLA RD",0.00,,Y,A,-,N,,,,,,,,,,Y,3,0,2,2,A,-,08,22107,,N,A,C,A,A,H,-,A,D,0,,,,,Y,,A,01,0,1,1,0,0,0,0,0,0,"- ","- ",,,"SANTA CRUZ",CAPITOLA,-121.96499633789062,36.973720550537109
9615268,2023,2023-08-31,4402,2023-07-16,1746,134,4402,7,5,5,4402,0,0,0,,0,000,"WATER ST","N SEABRIGHT AV",0.00,,Y,B,-,N,,,,,,,,,,N,3,0,1,2,A,-,06,21750,A,N,B,G,A,A,H,-,A,D,0,,Y,,,Y,,L,04,0,1,0,0,0,0,1,0,0,"- ","- ",,,"SANTA CRUZ","SANTA CRUZ",-122.01078033447266,36.981422424316406
9615762,2023,2023-09-28,4402,2023-08-26,1154,186,4402,6,5,5,4402,0,0,0,,0,,"RIVERSIDE AV","SAN LORENZO BL",0.00,,Y,A,-,N,,,,,,,,,,N,3,0,2,2,A,-,11,21950,B,N,D,B,B,A,H,-,A,A,0,Y,,Y,,Y,,N,60,0,2,0,0,1,0,0,0,1,"- ","- ",,,"SANTA CRUZ","SANTA CRUZ",-122.01911163330078,36.968841552734375
9615941,2023,2023-09-27,4403,2023-08-30,1426,417,317,3,5,4,4403,0,0,0,,0,003,"LAKE AV","TUTTLE AV",0.00,,Y,A,-,N,,,,,,,,,,N,4,0,2,3,A,-,10,21950,A,N,G,B,B,A,H,-,A,D,0,Y,,,,Y,,A,07,0,0,2,0,2,0,0,0,0,"- ","- ",,,"SANTA CRUZ",WATSONVILLE,-121.74692535400391,36.922401428222656
9615965,2023,2024-04-25,4403,2023-09-13,1047,417,5-27,3,5,4,4403,0,0,0,,0,005,"AIRPORT BL","HANGAR WY",25.00,E,N,A,-,N,,,,,,,,,,N,4,0,1,2,A,-,03,22350,,N,C,C,A,A,H,-,A,A,0,,,,,Y,,A,07,0,0,1,0,0,0,0,0,0,"- ","- ",,,"SANTA CRUZ",WATSONVILLE,-121.79108428955078,36.930881500244141
9616219,2023,2023-10-11,4402,2023-09-09,2200,148,4402,6,5,5,4402,0,0,0,,0,000,"MORRISSEY BL","HAMMOND AV",0.00,,Y,A,-,N,,,,,,,,,,N,2,0,1,2,A,-,03,22350,,N,D,G,A,A,H,-,C,A,0,,Y,,,Y,,D,22,1,0,0,0,0,0,1,0,0,"- ","- ",,,"SANTA CRUZ","SANTA CRUZ",-122.00563812255859,36.984310150146484
9616715,2023,2023-10-11,4402,2023-09-11,2310,128,4402,1,5,5,4402,0,0,0,,0,000,"DARWIN ST","GAULT ST",0.00,,Y,A,-,N,,,,,,,,,,N,3,0,1,2,A,-,01,21200,5,N,H,A,A,A,H,-,C,D,0,,Y,,,Y,Y,L,04,0,1,0,0,0,0,1,0,0,"- ","- ",,,"SANTA CRUZ","SANTA CRUZ",-122.00730133056641,36.979488372802734
9616718,2023,2023-10-11,4402,2023-09-22,1952,196,4402,5,5,5,4402,0,0,0,,0,000,"WEST CLIFF DR","PELTON AV",405.00,W,N,A,-,N,,,,,,,,,,N,3,0,1,1,A,-,08,22107,,N,F,A,A,A,H,-,D,-,0,,Y,,,Y,,L,04,0,1,0,0,0,0,1,0,0,"- ","- ",,,"SANTA CRUZ","SANTA CRUZ",-122.02536010742188,36.953723907470703
9619104,2023,2024-03-30,4402,2023-12-03,1502,830HT,,7,5,5,4402,0,0,0,,0,,"MCHENRY RD","MEYER RD",0.00,,Y,A,-,N,,,,,,,,,,N,3,0,1,1,A,-,11,21955,,N,H,A,A,A,H,-,A,D,0,,Y,,,Y,,L,04,0,1,0,0,0,0,1,0,0,"- ","- ",,,"SANTA CRUZ","SANTA CRUZ",,
9619118,2023,2024-02-29,4403,2023-12-01,1424,417,539,5,5,4,4403,0,0,0,,0,005,"GREEN VALLEY RD","CAREY AV",0.00,,Y,A,-,N,,,,,,,,,,Y,4,0,2,3,A,-,09,21802,A,N,D,C,A,A,H,-,A,A,0,,,,,Y,,A,07,0,0,2,0,0,0,0,0,0,"- ","- ",,,"SANTA CRUZ",WATSONVILLE,-121.77420043945312,36.934200286865234
9621813,2023,2023-10-12,4403,2023-09-20,"846 ",418,220,3,5,4,4403,0,0,0,,0,002,"FORD ST","RODRIGUEZ ST",0.00,,Y,A,-,N,,,,,,,,,,Y,4,0,2,3,A,-,09,21802,A,N,D,D,A,A,H,-,A,A,0,,,,,Y,,D,22,0,0,2,0,0,0,0,0,0,"- ","- ",,,"SANTA CRUZ",WATSONVILLE,-121.76435852050781,36.913131713867188
9623839,2023,2023-12-18,4403,2023-11-14,1741,416,438,2,5,4,4403,0,0,0,,0,004,"CLIFFORD AV","FREEDOM BL",32.00,W,N,A,-,N,,,,,,,,,,N,4,0,1,2,A,-,05,21650,1,F,A,G,A,A,H,-,C,D,0,,Y,,,Y,,L,04,0,0,1,0,0,0,1,0,0,"- ","- ",,,"SANTA CRUZ",WATSONVILLE,-121.76827239990234,36.930229187011719
9623840,2023,2023-12-18,4403,2023-11-07,1659,418,539,2,5,4,4403,0,0,0,,0,005,"FREEDOM BL","ROACHE RD",80.00,N,N,A,-,N,,,,,,,,,,N,4,0,2,2,A,-,09,21804,A,N,D,D,A,A,H,-,B,A,0,,,,,Y,,A,01,0,0,2,0,0,0,0,0,0,"- ","- ",,,"SANTA CRUZ",WATSONVILLE,-121.77671813964844,36.937702178955078
9624052,2023,2025-06-24,4403,2023-07-01,1429,418,3-18,6,5,4,4403,0,0,0,,0,003,"BRIDGE ST","HUSHBECK AV",19.00,E,N,A,-,N,,,,,,,,,,Y,1,1,1,2,A,-,12,22450,A,N,D,D,A,A,H,-,A,A,0,,,Y,,Y,,C,02,0,0,1,0,0,0,0,1,0,"- ","- ",,,"SANTA CRUZ",WATSONVILLE,-121.74242401123047,36.91717529296875
9625080,2023,2023-10-04,4402,2023-08-27,"902 ",192,4402,7,5,5,4402,0,0,0,,0,000,"OCEAN ST","RT 1",0.00,,Y,A,-,Y,SCR,5,1,-,-,17.331,R,4,S,Y,3,0,1,2,A,-,09,21802,A,N,D,C,A,A,H,-,A,A,0,,,,,Y,,A,07,0,1,0,0,0,0,0,0,0,"- ",SF,,,"SANTA CRUZ","SANTA CRUZ",-122.02601623535156,36.985469818115234
9625129,2023,2023-10-05,4403,2023-08-30,"727 ",418,112,3,5,4,4403,0,0,0,,0,001,"RIVERSIDE DR","MARCHANT ST",7.00,W,N,A,-,Y,SCR,5,129,-,-,0.230,I,5,W,Y,3,0,1,2,A,-,01,23152,B,N,G,B,B,A,H,-,A,A,0,Y,,,,Y,Y,A,01,0,1,0,0,1,0,0,0,0,"- ","- ",,,"SANTA CRUZ",WATSONVILLE,-121.7503662109375,36.909442901611328
9625298,2023,2023-10-23,4403,2023-08-18,1708,366,223,5,5,4,4403,0,0,0,,0,002,"MAIN ST","OHLONE PKWY",210.00,N,N,A,-,Y,SCR,5,152,-,T,1.550,H,-,E,N,4,0,1,2,A,-,03,22350,,M,C,C,A,A,H,-,A,A,0,,,,,Y,Y,A,01,0,0,1,0,0,0,0,0,0,"- ","- ",,,"SANTA CRUZ",WATSONVILLE,-121.77775573730469,36.917507171630859
9625370,2023,2023-10-10,4402,2023-08-27,"27  ",148,4402,7,5,5,4402,0,0,0,,0,000,"OCEAN ST","DAKOTA AV",0.00,,Y,A,-,N,,,,,,,,,,N,2,0,1,2,D,-,00,,,F,G,B,B,A,H,-,C,A,0,Y,,,,Y,,-,"- ",1,0,0,0,1,0,0,0,0,"- ","- ",,,"SANTA CRUZ","SANTA CRUZ",-122.02005004882812,36.976825714111328
9625425,2023,2024-01-03,4401,2023-08-24,"840 ",523,4401,4,5,3,4401,0,0,0,,0,,"BAY AV","HILL ST",0.00,,Y,C,-,N,,,,,,,,,,N,3,0,1,2,A,-,10,21950,A,N,D,B,B,B,H,-,-,A,0,Y,,,,Y,,A,08,0,1,0,0,1,0,0,0,0,"- ","- ",,,"SANTA CRUZ",CAPITOLA,-121.95550537109375,36.981098175048828
9625429,2023,2023-09-29,4401,2023-08-11,1510,484,4401,5,5,3,4401,0,0,0,,0,,"MONTEREY AV","PARK AV",35.00,S,N,A,-,N,,,,,,,,,,N,4,0,1,2,A,-,03,22350,,M,C,C,A,A,H,-,A,A,0,,,,,Y,,D,22,0,0,1,0,0,0,0,0,0,"- ","- ",,,"SANTA CRUZ",CAPITOLA,-121.95023345947266,36.975543975830078
9625539,2023,2023-10-03,4401,2023-07-15,"944 ",523,4401,6,5,3,4401,0,0,0,,0,,"WHARF RD","CLIFF DR",159.00,N,N,A,-,N,,,,,,,,,,N,3,0,1,1,A,-,03,22350,,N,F,I,A,A,H,-,A,A,0,,Y,,,Y,,L,04,0,1,0,0,0,0,1,0,0,"- ","- ",,,"SANTA CRUZ",CAPITOLA,-121.95366668701172,36.972091674804688
9626502,2023,2023-11-13,4402,2023-09-18,"638 ",134,4402,1,5,5,4402,0,0,0,,0,,"RT 1","ALMAR AV",0.00,,Y,B,-,Y,SCR,5,1,-,-,19.351,I,5,N,N,4,0,1,2,A,-,08,22107,,N,B,C,A,A,H,-,A,A,0,,,,,Y,,-,,0,0,1,0,0,0,0,0,0,"- ","- ",,,"SANTA CRUZ","SANTA CRUZ",-122.04389953613281,36.962562561035156
9626506,2023,2023-10-24,4403,2023-09-27,1133,417,4-01,3,5,4,4403,0,0,0,,0,004,"FREEDOM BL","DAVIS AV",0.00,,Y,-,-,N,,,,,,,,,,N,4,0,1,2,A,-,10,21950,A,N,G,B,B,A,H,-,A,A,0,Y,,,,Y,,D,22,0,0,1,0,1,0,0,0,0,"- ","- ",,,"SANTA CRUZ",WATSONVILLE,-121.77081298828125,36.932830810546875
9626815,2023,2023-10-25,4403,2023-09-02,1633,388,306,6,5,4,4403,0,0,0,,0,003,"FREEDOM BL","BROADIS ST",0.00,,Y,A,-,N,,,,,,,,,,N,4,0,1,2,A,-,05,21650,1,N,E,J,A,A,H,-,A,D,0,,,,,Y,,M,94,0,0,1,0,0,0,0,0,0,"- ","- ",,,"SANTA CRUZ",WATSONVILLE,-121.76187133789062,36.923408508300781
9626816,2023,2023-10-25,4402,2023-09-26,1320,192,4402,2,5,5,4402,0,0,0,,0,000,"PACIFIC AV","CENTER ST",400.00,N,N,A,-,N,,,,,,,,,,N,3,0,1,1,A,-,08,22107,,N,H,A,A,A,H,-,A,D,0,,Y,,,Y,,M,91,0,1,0,0,0,0,1,0,0,"- ","- ",,,"SANTA CRUZ","SANTA CRUZ",-117.33688354492188,34.016834259033203
9628195,2023,2023-10-30,4403,2023-09-15,1947,398,223,5,5,4,4403,0,0,0,,0,002,"MAIN ST","OHLONE PKWY",190.00,S,N,A,-,Y,SCR,5,152,-,T,1.690,H,-,W,N,3,0,1,2,A,-,09,21804,A,M,D,G,A,A,H,-,C,D,0,,Y,,,Y,,A,07,0,1,0,0,0,0,1,0,0,"- ","- ",,,"SANTA CRUZ",WATSONVILLE,-121.77522277832031,36.917232513427734
9628199,2023,2023-10-30,4403,2023-09-20,"846 ",417,317,3,5,4,4403,0,0,0,,0,003,"TUTTLE AV","LAKE AV",0.00,,Y,A,-,Y,SCR,5,152,-,-,1.040,I,5,E,N,4,0,1,2,A,-,10,21950,A,N,G,B,B,A,H,-,A,A,0,Y,,,,Y,,A,01,0,0,1,0,1,0,0,0,0,"- ","- ",,,"SANTA CRUZ",WATSONVILLE,-121.74687194824219,36.922405242919922
9628368,2023,2023-11-07,4402,2023-09-18,"524 ",187,4402,1,5,5,4402,0,0,0,,0,,"RT 1","RT 9",0.00,,Y,A,-,Y,SCR,5,1,-,-,17.560,I,5,N,N,4,0,1,2,A,-,11,21461,5,N,G,B,D,A,H,-,C,A,0,Y,,,,Y,,N,60,0,0,1,0,1,0,0,0,0,"- ","- ",,,"SANTA CRUZ","SANTA CRUZ",-122.02981567382812,36.9844970703125
9628947,2023,2023-11-29,4403,2023-09-17,"51  ",T0011,4-29,7,5,4,4403,0,0,0,,0,004,"GREEN VALLEY RD","PENNSYLVANIA DR",13.00,N,N,A,-,N,,,,,,,,,,N,3,0,1,2,A,-,01,23153,A,N,A,C,A,A,H,-,D,A,0,,,,,Y,Y,D,22,0,1,0,0,0,0,0,0,0,"- ","- ",,,"SANTA CRUZ",WATSONVILLE,-121.777099609375,36.930362701416016
9628951,2023,2023-12-08,4403,2023-10-02,1947,402,3D5,1,5,4,4403,0,0,0,,0,003,"FREEDOM BL","MARIN ST",0.00,,Y,A,-,N,,,,,,,,,,N,4,0,2,2,A,-,03,22350,,N,D,C,A,A,H,-,D,D,0,,,,,Y,,A,07,0,0,2,0,0,0,0,0,0,"- ","- ",,,"SANTA CRUZ",WATSONVILLE,-121.76262664794922,36.924247741699219
9629235,2023,2025-06-27,4404,2023-08-30,1652,5461,4404,3,5,3,4404,0,0,0,,0,00S,"MT HERMON RD","PG&E POLE 152026",336.00,E,N,A,-,N,,,,,,,,,,Y,1,2,2,2,A,-,01,23152,F,N,A,C,A,A,H,-,A,D,0,,,,,Y,,A,01,1,1,0,0,0,0,0,0,0,"- ","- ",37.048290252685547,-122.03433227539062,"SANTA CRUZ","SCOTTS VALLEY",,
9629567,2023,2023-11-09,4401,2023-09-27,1744,529,4401,3,5,3,4401,0,0,0,,0,001,"CLARES ST","40TH AV",0.00,,Y,A,-,N,,,,,,,,,,Y,4,0,1,2,A,-,12,22450,A,N,A,C,A,A,H,-,A,A,0,,,,,Y,,A,07,0,0,1,0,0,0,0,0,0,"- ","- ",,,"SANTA CRUZ",CAPITOLA,-121.96610260009766,36.978328704833984
9629805,2023,2023-10-27,4404,2023-09-18,1450,5820,4404,1,5,3,4404,0,0,0,,0,00N,"SCOTTS VALLEY DR","DUNSLEE WY",0.00,,Y,A,-,N,,,,,,,,,,N,3,0,1,2,A,-,05,21650,1,N,H,G,A,A,H,-,A,D,0,,Y,,,Y,,-,,0,1,0,0,0,0,1,0,0,"- ","- ",37.052780151367188,-122.01438140869141,"SANTA CRUZ","SCOTTS VALLEY",-122.01367950439453,37.052524566650391
9629806,2023,2023-10-27,4404,2023-09-18,1542,5820,4404,1,5,3,4404,0,0,0,,0,00N,"GLENWOOD DR","CANHAM RD",18.00,S,N,A,-,N,,,,,,,,,,Y,3,0,1,1,A,-,05,21650,,N,E,I,A,A,H,-,A,D,0,,,,,Y,,A,01,0,1,0,0,0,0,0,0,0,"- ","- ",37.078769683837891,-122.00414276123047,"SANTA CRUZ","SCOTTS VALLEY",-122.00406646728516,37.078582763671875
9629950,2023,2023-12-11,4402,2023-10-04,1237,133,4402,3,5,5,4402,0,0,0,,0,,"SOQUEL AV","SEABRIGHT AV",47.00,W,N,A,-,N,,,,,,,,,,N,2,0,2,1,A,-,08,22107,,N,F,A,A,A,H,-,A,D,0,,Y,,,Y,,L,04,1,1,0,0,0,0,2,0,0,"- ","- ",,,"SANTA CRUZ","SANTA CRUZ",-122.01076507568359,36.979717254638672
9630647,2023,2023-11-28,4403,2023-10-11,1220,418,1-13,3,5,4,4403,0,0,0,,0,001,"BEACH ST","LINCOLN ST",225.00,W,N,A,-,N,,,,,,,,,,N,4,0,1,2,A,-,21,22106,,N,C,E,A,A,H,-,A,D,0,,,,,Y,,A,07,0,0,1,0,0,0,0,0,0,"- ","- ",,,"SANTA CRUZ",WATSONVILLE,-121.75281524658203,36.913238525390625
9630648,2023,2023-11-28,4403,2023-10-10,"935 ",418,4-34,2,5,4,4403,0,0,0,,0,004,"MARILYN ST","ARTHUR RD",0.00,,Y,B,-,N,,,,,,,,,,Y,3,0,1,2,A,-,09,21802,A,N,D,D,A,B,H,-,A,A,0,,,,,Y,,A,01,0,1,0,0,0,0,0,0,0,"- ","- ",,,"SANTA CRUZ",WATSONVILLE,-121.76982116699219,36.927982330322266
9630649,2023,2023-11-28,4403,2023-10-04,"541 ",T0015,2-20,3,5,4,4403,0,0,0,,0,002,"MAIN ST","PENNSYLVANIA DR",0.00,,Y,A,-,N,,,,,,,,,,N,4,0,1,2,A,-,05,21650,,N,H,G,A,A,H,-,B,A,0,,Y,,,Y,,L,04,0,0,1,0,0,0,1,0,0,"- ","- ",,,"SANTA CRUZ",WATSONVILLE,-121.77169799804688,36.916488647460938
9630650,2023,2023-11-28,4403,2023-10-09,1343,418,4-01,1,5,4,4403,0,0,0,,0,004,"GREEN VALLEY RD","CARNATION DR",0.00,,Y,A,-,N,,,,,,,,,,N,4,0,1,2,A,-,12,21453,A,N,D,D,A,A,H,-,A,A,0,,,,,Y,,A,01,0,0,1,0,0,0,0,0,0,"- ","- ",,,"SANTA CRUZ",WATSONVILLE,-121.77140808105469,36.937538146972656
9630651,2023,2023-11-27,4403,2023-10-12,1126,417,4-01,4,5,4,4403,0,0,0,,0,004,"FREEDOM BL","GREEN VALLEY RD",0.00,,Y,A,-,N,,,,,,,,,,N,3,0,1,2,A,-,05,21650,1,N,D,G,A,A,H,-,A,A,0,,Y,,,Y,,L,04,0,1,0,0,0,0,1,0,0,"- ","- ",,,"SANTA CRUZ",WATSONVILLE,-121.77336883544922,36.935035705566406
9630765,2023,2023-12-01,4402,2023-10-06,1626,186,4402,5,5,5,4402,0,0,0,,0,000,"SOQUEL AV","CAPITOLA RD",105.00,W,N,A,-,N,,,,,,,,,,N,4,0,1,2,A,-,07,21658,A,F,B,G,A,A,H,-,A,A,0,,Y,,,Y,,D,22,0,0,1,0,0,0,1,0,0,"- ","- ",,,"SANTA CRUZ","SANTA CRUZ",-121.99774932861328,36.981830596923828
9631454,2023,2023-11-04,4402,2023-10-06,2315,196,4402,5,5,5,4402,0,0,0,,0,000,"BEACH ST","PACIFIC AV",0.00,,Y,A,-,N,,,,,,,,,,N,3,0,1,1,A,-,01,21200,5,N,F,A,A,A,H,-,C,D,0,,Y,,,Y,Y,L,04,0,1,0,0,0,0,1,0,0,"- ","- ",,,"SANTA CRUZ","SANTA CRUZ",-122.02403259277344,36.962875366210938
9631455,2023,2023-11-04,4402,2023-10-05,1753,196,4402,4,5,5,4402,0,0,0,,0,000,"BEACH ST","PACIFIC AV",0.00,,Y,A,-,N,,,,,,,,,,N,3,0,1,2,A,-,01,21200,5,N,B,G,A,A,H,-,A,D,0,,Y,,,Y,Y,L,04,0,1,0,0,0,0,1,0,0,"- ","- ",,,"SANTA CRUZ","SANTA CRUZ",-122.02403259277344,36.962875366210938