CASE_ID,ACCIDENT_YEAR,PROC_DATE,JURIS,COLLISION_DATE,COLLISION_TIME,OFFICER_ID,REPORTING_DISTRICT,DAY_OF_WEEK,CHP_SHIFT,POPULATION,CNTY_CITY_LOC,SPECIAL_COND,BEAT_TYPE,CHP_BEAT_TYPE,CITY_DIVISION_LAPD,CHP_BEAT_CLASS,BEAT_NUMBER,PRIMARY_RD,SECONDARY_RD,DISTANCE,DIRECTION,INTERSECTION,WEATHER_1,WEATHER_2,STATE_HWY_IND,CALTRANS_COUNTY,CALTRANS_DISTRICT,STATE_ROUTE,ROUTE_SUFFIX,POSTMILE_PREFIX,POSTMILE,LOCATION_TYPE,RAMP_INTERSECTION,SIDE_OF_HWY,TOW_AWAY,COLLISION_SEVERITY,NUMBER_KILLED,NUMBER_INJURED,PARTY_COUNT,PRIMARY_COLL_FACTOR,PCF_CODE_OF_VIOL,PCF_VIOL_CATEGORY,PCF_VIOLATION,PCF_VIOL_SUBSECTION,HIT_AND_RUN,TYPE_OF_COLLISION,MVIW,PED_ACTION,ROAD_SURFACE,ROAD_COND_1,ROAD_COND_2,LIGHTING,CONTROL_DEVICE,CHP_ROAD_TYPE,PEDESTRIAN_ACCIDENT,BICYCLE_ACCIDENT,MOTORCYCLE_ACCIDENT,TRUCK_ACCIDENT,NOT_PRIVATE_PROPERTY,ALCOHOL_INVOLVED,STWD_VEHTYPE_AT_FAULT,CHP_VEHTYPE_AT_FAULT,COUNT_SEVERE_INJ,COUNT_VISIBLE_INJ,COUNT_COMPLAINT_PAIN,COUNT_PED_KILLED,COUNT_PED_INJURED,COUNT_BICYCLIST_KILLED,COUNT_BICYCLIST_INJURED,COUNT_MC_KILLED,COUNT_MC_INJURED,PRIMARY_RAMP,SECONDARY_RAMP,LATITUDE,LONGITUDE,COUNTY,CITY,POINT_X,POINT_Y
9631525,2023,2024-02-16,4403,2023-11-14,1256,418,316,2,5,4,4403,0,0,0,,0,003,"TUTTLE AV","LAKE AV",120.00,N,N,A,-,Y,SCR,5,152,-,-,1.040,I,6,W,N,4,0,1,2,A,-,09,21804,A,N,D,D,A,A,H,-,A,D,0,,,,,Y,,D,22,0,0,1,0,0,0,0,0,0,"- ","- ",,,"SANTA CRUZ",WATSONVILLE,-121.74697875976562,36.92242431640625
9631528,2023,2023-11-27,4403,2023-10-30,1645,T0024,304,1,5,4,4403,0,0,0,,0,003,"BREWINGTON AV","MARTINELLI ST",0.00,,Y,A,-,N,,,,,,,,,,N,4,0,1,2,A,-,12,22450,A,N,D,C,A,A,H,-,A,D,0,,,,,Y,,A,01,0,0,1,0,0,0,0,0,0,"- ","- ",,,"SANTA CRUZ",WATSONVILLE,-121.75869750976562,36.92626953125
9631531,2023,2023-12-19,4403,2023-11-12,1228,418,2-20,7,5,4,4403,0,0,0,,0,002,"RODRIGUEZ ST","LAKE AV",343.00,S,N,A,-,N,,,,,,,,,,N,3,0,1,2,A,-,10,21954,B,N,G,B,D,A,H,-,A,A,0,Y,,,,Y,,D,22,0,1,0,0,1,0,0,0,0,"- ","- ",,,"SANTA CRUZ",WATSONVILLE,-121.75935363769531,36.909671783447266
9631872,2023,2023-12-12,4403,2023-10-07,1853,384,1-09,6,5,4,4403,0,0,0,,0,001,"MAIN ST","MAPLE AV",8.00,S,N,A,-,N,,,,,,,,,,Y,4,0,1,2,A,-,01,23152,A,N,C,C,A,A,H,-,A,A,0,,,,,Y,,D,22,0,0,1,0,0,0,0,0,0,"- ","- ",,,"SANTA CRUZ",WATSONVILLE,-121.75571441650391,36.909183502197266
9632455,2023,2024-01-10,4403,2023-11-06,1252,418,109,1,5,4,4403,0,0,0,,0,001,"MAIN ST","LAKE AV",0.00,,Y,A,-,Y,SCR,5,152,-,T,2.810,H,-,W,N,4,0,2,2,A,-,03,22350,,N,C,C,A,B,H,-,A,A,0,,,,,Y,,D,22,0,0,2,0,0,0,0,0,0,"- ","- ",,,"SANTA CRUZ",WATSONVILLE,-121.75831604003906,36.911525726318359
9632459,2023,2023-11-28,4403,2023-10-24,"734 ",418,433,2,5,4,4403,0,0,0,,0,004,"MANANA LN","MARIN ST",0.00,,Y,A,-,N,,,,,,,,,,N,4,0,1,2,A,-,08,22103,,M,D,G,A,A,H,-,A,A,0,,Y,,,Y,,D,22,0,0,1,0,0,0,1,0,0,"- ","- ",,,"SANTA CRUZ",WATSONVILLE,-121.76515960693359,36.922752380371094
9632559,2023,2023-12-16,4402,2023-10-20,1557,186,4402,5,5,5,4402,0,0,0,,0,000,"KING ST","BAY ST",0.00,,Y,A,-,N,,,,,,,,,,N,3,0,1,2,A,-,09,21801,A,N,A,C,A,A,H,-,A,A,0,,,,,Y,,A,08,0,1,0,0,0,0,0,0,0,"- ","- ",,,"SANTA CRUZ","SANTA CRUZ",-122.04307556152344,36.968147277832031
9632560,2023,2024-01-03,4403,2023-11-01,"932 ",418,107,3,5,4,4403,0,0,0,,0,001,"LINCOLN ST","PALM AV",0.00,,Y,A,-,N,,,,,,,,,,Y,4,0,1,2,A,-,09,21800,A,N,D,D,A,A,H,-,A,A,0,,,,,Y,,A,01,0,0,1,0,0,0,0,0,0,"- ","- ",,,"SANTA CRUZ",WATSONVILLE,-121.75623321533203,36.917884826660156
9636093,2023,2024-02-29,4403,2023-12-11,1759,281,4-01,1,5,4,4403,0,0,0,,0,004,"GREEN VALLEY RD","FREEDOM BL",0.00,,Y,A,-,N,,,,,,,,,,Y,4,0,1,2,A,-,09,21453,C,N,B,C,A,A,H,-,A,A,0,,,,,Y,,A,07,0,0,1,0,0,0,0,0,0,"- ","- ",,,"SANTA CRUZ",WATSONVILLE,-121.77336883544922,36.935035705566406
9636480,2023,2023-12-26,4402,2023-10-23,1850,148,4402,1,5,5,4402,0,0,0,,0,000,"BAY ST","NOBEL DR",175.00,S,N,A,-,N,,,,,,,,,,Y,2,0,1,4,A,-,03,22350,,N,C,C,E,A,H,-,C,B,0,Y,,,,Y,,A,07,1,0,0,0,1,0,0,0,0,"- ","- ",,,"SANTA CRUZ","SANTA CRUZ",-122.04985809326172,36.973667144775391
9636870,2023,2023-12-21,4404,2023-11-06,1059,5440,4404,1,5,3,4404,0,0,0,,0,00S,"MT HERMON RD","EL RANCHOO",0.00,,Y,B,C,N,,,,,,,,,,Y,3,0,1,2,A,-,09,21801,A,N,D,C,A,B,H,-,A,D,0,,,,Y,Y,,A,01,0,1,0,0,0,0,0,0,0,"- ","- ",37.033828735351562,-122.02223205566406,"SANTA CRUZ","SCOTTS VALLEY",-122.02178955078125,37.033794403076172
9637407,2023,2024-02-23,4402,2023-10-30,1544,92,4402,1,5,5,4402,0,0,0,,0,000,"KING ST","RT 1",8.00,E,N,A,-,Y,SCR,5,1,-,-,18.260,I,5,S,N,3,0,1,2,A,-,10,21950,A,N,G,B,B,A,H,-,A,A,0,Y,,,,Y,,A,01,0,1,0,0,1,0,0,0,0,"- ","- ",,,"SANTA CRUZ","SANTA CRUZ",-122.03308868408203,36.975730895996094
9637573,2023,2024-03-13,4402,2023-11-04,1042,186,4402,6,5,5,4402,0,0,0,,0,000,"MISSION ST","DUFOUR ST",0.00,,Y,A,-,Y,SCR,5,1,-,-,19.240,I,5,N,N,3,0,1,2,A,-,04,21703,,N,C,C,A,A,H,-,A,D,0,,,Y,,Y,,C,02,0,1,0,0,0,0,0,0,1,"- ","- ",,,"SANTA CRUZ","SANTA CRUZ",-122.0428466796875,36.963752746582031
9637839,2023,2023-11-22,4401,2023-10-06,1333,530,4401,5,5,3,4401,0,0,0,,0,,"KENNEDY DR","SIR FRANCIS AV",127.00,W,N,A,-,N,,,,,,,,,,N,2,0,1,2,A,-,03,22350,,N,C,-,A,A,H,-,A,D,0,,Y,,,Y,,L,04,1,0,0,0,0,0,1,0,0,"- ","- ",,,"SANTA CRUZ",CAPITOLA,-121.94021606445312,36.9822998046875
9637844,2023,2023-11-14,4403,2023-09-18,1605,418,224,1,5,4,4403,0,0,0,,0,002,"BEACH ST","LEE RD",680.00,W,N,A,-,N,,,,,,,,,,Y,4,0,1,2,A,-,05,21460,A,N,B,C,A,A,H,-,A,D,0,,,,,Y,,A,07,0,0,1,0,0,0,0,0,0,"- ","- ",,,"SANTA CRUZ",WATSONVILLE,-121.77847290039062,36.897140502929688
9638583,2023,2023-11-17,4403,2023-10-27,1032,417,403,5,5,4,4403,0,0,0,,0,004,"FREEDOM BL","MARIPOSA AV",0.00,,Y,A,-,N,,,,,,,,,,N,4,0,1,2,A,-,09,21801,A,N,D,C,A,A,H,-,A,D,0,,,,,Y,,A,08,0,0,1,0,0,0,0,0,0,"- ","- ",,,"SANTA CRUZ",WATSONVILLE,-121.76698303222656,36.929035186767578
9638584,2023,2023-11-17,4403,2023-10-26,"535 ",380,539,4,5,4,4403,0,0,0,,0,005,"LLOMA PRIETA AV","HOLLY DR",4.00,S,N,A,-,N,,,,,,,,,,N,4,0,1,2,A,-,10,21950,A,N,G,B,B,A,H,-,C,A,0,Y,,,,Y,,A,07,0,0,1,0,1,0,0,0,0,"- ","- ",,,"SANTA CRUZ",WATSONVILLE,-121.77840423583984,36.931499481201172
9638737,2023,2024-01-03,4403,2023-11-04,1503,418,401,6,5,4,4403,0,0,0,,0,004,"GREEN VALLEY RD","HI GRADE LN",0.00,,Y,A,-,N,,,,,,,,,,Y,4,0,1,2,A,-,01,23152,A,N,C,C,A,A,H,-,A,D,0,,,,,Y,Y,A,01,0,0,1,0,0,0,0,0,0,"- ","- ",,,"SANTA CRUZ",WATSONVILLE,-121.77075958251953,36.938457489013672
9640174,2023,2024-03-01,4403,2023-11-24,1933,417,2-23,5,5,4,4403,0,0,0,,0,002,"RT 152","GREEN VALLEY RD",283.00,E,N,A,-,Y,SCR,5,152,-,T,1.250,H,-,E,Y,1,1,0,2,A,-,11,21954,A,N,G,B,D,A,H,-,E,D,0,Y,,,,Y,Y,N,60,0,0,0,1,0,0,0,0,0,"- ","- ",,,"SANTA CRUZ",WATSONVILLE,-121.78292083740234,36.918380737304688
9640581,2024,2024-07-31,4403,2024-03-15,1304,417,2-23,5,5,4,4403,0,0,0,,0,002,"MAIN ST","RODRIGUEZ ST",296.00,E,N,A,-,Y,SCR,5,152,-,T,2.400,H,-,E,Y,1,1,0,2,A,-,08,22107,,N,-,G,A,A,H,-,A,D,0,,Y,,,Y,,A,01,0,0,0,0,0,1,0,0,0,"- ","- ",,,"SANTA CRUZ",WATSONVILLE,-121.76326751708984,36.915119171142578
9641799,2023,2023-12-13,4402,2023-10-21,1617,808CL,,6,5,5,4402,0,0,0,,0,,"HAGAR DR","STIENHART DR",0.00,,Y,A,-,N,,,,,,,,,,N,3,0,1,1,A,-,03,22350,,N,H,A,A,A,H,-,A,D,0,,Y,,,Y,,L,04,0,1,0,0,0,0,1,0,0,"- ","- ",36.997760772705078,-122.06192016601562,"SANTA CRUZ","SANTA CRUZ",-122.05535125732422,36.997165679931641
9642201,2023,2023-12-19,4402,2023-11-22,1734,191,4402,3,5,5,4402,0,0,0,,0,000,BROADWAY,"FRONT ST",15.00,E,N,A,-,N,,,,,,,,,,N,4,0,1,2,A,-,03,22350,,N,C,C,A,A,H,-,B,A,0,,,,,Y,,A,01,0,0,1,0,0,0,0,0,0,"- ","- ",,,"SANTA CRUZ","SANTA CRUZ",-122.39981079101562,37.798748016357422
9642630,2023,2024-03-04,4403,2023-12-05,1507,T0024,2-20,2,5,4,4403,0,0,0,,0,002,"BEACH ST","WALKER ST",362.00,E,N,A,-,N,,,,,,,,,,,3,0,2,2,A,-,05,21202,A,N,D,G,A,A,H,-,A,D,0,,Y,,,Y,,L,04,0,2,0,0,0,0,1,0,0,"- ","- ",,,"SANTA CRUZ",WATSONVILLE,-121.76055145263672,36.908267974853516
9642955,2023,2023-12-06,4402,2023-10-22,1259,193,4402,7,5,5,4402,0,0,0,,0,000,"SYLVANIA ST","HARVEY WEST BL",0.00,,Y,B,C,N,,,,,,,,,,N,3,0,1,2,A,-,10,21950,A,N,G,B,B,B,H,-,A,A,0,Y,,,,Y,,A,01,0,1,0,0,1,0,0,0,0,"- ","- ",,,"SANTA CRUZ","SANTA CRUZ",-122.03507995605469,36.983970642089844
9642956,2023,2023-12-06,4402,2023-10-26,1202,186,4402,4,5,5,4402,0,0,0,,0,000,"BEACH ST","RAYMOND ST",84.00,E,N,A,-,N,,,,,,,,,,N,3,0,1,2,A,-,17,21208,A,N,A,-,A,A,H,-,A,D,0,,Y,,,Y,,L,04,0,1,0,0,0,0,1,0,0,"- ","- ",,,"SANTA CRUZ","SANTA CRUZ",-122.01670837402344,36.964748382568359
9642957,2023,2023-12-06,4402,2023-10-28,1652,196,4402,6,5,5,4402,0,0,0,,0,000,"SOQUEL AV","MORRISSEY BL",0.00,,Y,A,-,N,,,,,,,,,,N,2,0,1,2,A,-,17,21461,A,N,G,B,B,A,H,-,A,A,0,Y,,,,Y,,N,60,1,0,0,0,1,0,0,0,0,"- ","- ",,,"SANTA CRUZ","SANTA CRUZ",-122.00687408447266,36.981349945068359
9642958,2023,2023-12-06,4402,2023-10-23,1700,148,4402,1,5,5,4402,0,0,0,,0,000,"HIGH ST","MOORE ST",0.00,,Y,A,-,N,,,,,,,,,,N,4,0,1,2,A,-,09,21801,A,N,D,-,A,A,H,-,A,A,0,,Y,,,Y,,A,07,0,0,1,0,0,0,1,0,0,"- ","- ",,,"SANTA CRUZ","SANTA CRUZ",-122.04781341552734,36.977851867675781
9642959,2023,2023-12-06,4404,2023-10-16,1340,5440,4404,1,5,3,4404,0,0,0,,0,00S,"BAJA SOL DR","BAJA SOL CT",193.00,E,N,A,-,N,,,,,,,,,,N,3,0,1,1,C,-,18,,,N,E,I,A,A,H,-,A,D,0,,,,,Y,,-,"- ",0,1,0,0,0,0,0,0,0,"- ","- ",37.038928985595703,-122.03444671630859,"SANTA CRUZ","SCOTTS VALLEY",-122.03525543212891,37.038543701171875
9646818,2023,2024-01-16,4401,2023-11-28,1530,528,4401,2,5,3,4401,0,0,0,,0,002,"WHARF RD","CLARES ST",238.00,N,N,A,-,N,,,,,,,,,,N,3,0,1,2,A,-,08,22107,,N,D,G,A,A,H,-,A,D,0,,Y,,,Y,,A,01,0,1,0,0,0,0,1,0,0,"- ","- ",,,"SANTA CRUZ",CAPITOLA,,
9646836,2023,2024-01-17,4401,2023-10-12,1511,529,4401,4,5,3,4401,0,0,0,,0,,"BAY AV","BURLINGAME AV",47.00,N,N,A,-,N,,,,,,,,,,Y,4,0,1,3,A,-,09,21804,A,N,D,C,A,A,-,-,A,D,0,,,,,Y,,A,07,0,0,1,0,0,0,0,0,0,"- ","- ",,,"SANTA CRUZ",CAPITOLA,-121.95246887207031,36.978157043457031
9646911,2023,2024-01-30,4403,2023-12-11,1304,418,4-34,1,5,4,4403,0,0,0,,0,044,"MARIPOSA AV","MARILYN ST",0.00,,Y,A,-,N,,,,,,,,,,Y,4,0,2,2,A,-,12,22450,A,N,D,D,A,A,H,-,A,A,0,,,,,Y,,A,07,0,0,2,0,0,0,0,0,0,"- ","- ",,,"SANTA CRUZ",WATSONVILLE,-121.76913452148438,36.927387237548828
9646915,2024,2024-03-08,4403,2024-01-03,"803 ",418,109,3,5,4,4403,0,0,0,,0,001,"MAIN ST","BEACH ST",0.00,,Y,A,-,Y,SCR,5,152,-,T,2.928,I,5,E,Y,3,0,3,2,A,-,12,21453,A,N,D,D,A,B,H,-,A,A,0,,,,,Y,,D,22,0,1,2,0,0,0,0,0,0,"- ","- ",,,"SANTA CRUZ",WATSONVILLE,-121.75690460205078,36.910259246826172
9646921,2023,2024-01-30,4403,2023-12-17,"45  ",389,5-27,7,5,4,4403,0,0,0,,0,005,"AIRPORT BL","ROACHE RD",170.00,E,N,A,-,N,,,,,,,,,,Y,4,0,2,1,A,-,01,23152,A,N,E,I,A,A,H,-,C,D,0,,,,,Y,Y,D,22,0,0,2,0,0,0,0,0,0,"- ","- ",,,"SANTA CRUZ",WATSONVILLE,-121.78022003173828,36.935649871826172
9646992,2023,2024-01-20,4404,2023-11-03,1743,5820,4404,5,5,3,4404,0,0,0,,0,00S,"BEAN CREEK RD","BLUE BONNET LN",0.00,,Y,A,-,N,,,,,,,,,,Y,3,0,1,2,A,-,09,21800,A,N,A,C,A,A,H,-,A,A,0,,,,,Y,,A,01,0,1,0,0,0,0,0,0,0,"- ","- ",37.049919128417969,-122.02455902099609,"SANTA CRUZ","SCOTTS VALLEY",-122.02462005615234,37.049911499023438
9647524,2023,2023-12-19,4402,2023-11-22,1749,148,4402,3,5,5,4402,0,0,0,,0,000,BROADWAY,"PENNSYLVANIA AV",77.00,W,N,A,-,N,,,,,,,,,,Y,2,0,1,2,A,-,01,23152,A,N,B,B,D,A,H,-,C,D,0,Y,,,,Y,Y,A,07,1,0,0,0,1,0,0,0,0,"- ","- ",,,"SANTA CRUZ","SANTA CRUZ",-122.011962890625,36.975040435791016
9647568,2023,2023-12-18,4402,2023-10-28,2246,196,4402,6,5,5,4402,0,0,0,,0,,"KING ST","BAY ST",188.00,E,N,A,-,N,,,,,,,,,,N,3,0,1,1,A,-,01,21200,5,N,F,A,A,A,H,-,D,D,0,,Y,,,Y,Y,L,04,0,1,0,0,0,0,1,0,0,"- ","- ",,,"SANTA CRUZ","SANTA CRUZ",-122.04269409179688,36.968563079833984
9648858,2023,2024-01-09,4402,2023-11-25,1753,168,4402,6,5,5,4402,0,0,0,,0,000,"BEACH ST","MUNICIPAL WHARF",154.00,E,N,A,-,N,,,,,,,,,,N,3,0,1,1,A,-,05,21202,A,N,E,I,A,A,H,-,C,D,0,,Y,,,Y,Y,L,04,0,1,0,0,0,0,1,0,0,"- ","- ",,,"SANTA CRUZ","SANTA CRUZ",-122.02320098876953,36.96295166015625
9649577,2023,2024-02-20,4402,2023-12-08,2101,196,4402,5,5,5,4402,0,0,0,,0,000,"CHESTNUT ST","TAYLOR ST",66.00,N,N,A,-,N,,,,,,,,,,N,3,0,1,1,A,-,03,22350,,N,F,A,A,A,H,-,C,D,0,,Y,,,Y,,L,04,0,1,0,0,0,0,1,0,0,"- ","- ",,,"SANTA CRUZ","SANTA CRUZ",-122.03032684326172,36.971405029296875
9649578,2023,2024-02-20,4402,2023-12-08,1318,186,4402,5,5,5,4402,0,0,0,,0,000,"BAY DR","ESCALONA DR",630.00,N,N,A,-,N,,,,,,,,,,N,3,0,1,1,A,-,03,22350,,N,A,J,A,A,C,-,A,D,0,,Y,,,Y,,L,04,0,1,0,0,0,0,1,0,0,"- ","- ",,,"SANTA CRUZ","SANTA CRUZ",-122.04740142822266,36.970874786376953
9651983,2024,2024-03-28,4403,2024-01-03,2145,281,527,3,5,4,4403,0,0,0,,0,005,"AIRPORT BL","FREEDOM BL",0.00,,Y,A,-,N,,,,,,,,,,Y,4,0,1,2,D,-,00,,,N,D,C,A,A,H,-,A,A,0,,,,,Y,,-,"- ",0,0,1,0,0,0,0,0,0,"- ","- ",,,"SANTA CRUZ",WATSONVILLE,-121.77792358398438,36.938350677490234
9653597,2023,2024-02-23,4402,2023-12-04,1415,192,4402,1,5,5,4402,0,0,0,,0,000,"MISSION ST","CENTER ST",105.00,W,N,A,-,N,,,,,,,,,,Y,2,0,2,1,A,-,08,22107,,N,E,J,A,A,H,-,A,A,0,,,,,Y,,A,01,1,1,0,0,0,0,0,0,0,"- ","- ",,,"SANTA CRUZ","SANTA CRUZ",-122.02828216552734,36.976894378662109
9653598,2023,2024-02-23,4402,2023-12-01,1959,196,4402,5,5,5,4402,0,0,0,,0,000,"CORAL ST","RIVER ST",54.00,W,N,A,-,N,,,,,,,,,,N,3,0,1,2,A,-,11,21954,A,N,G,B,D,A,H,-,C,D,0,Y,,,,Y,,N,60,0,1,0,0,1,0,0,0,0,"- ","- ",,,"SANTA CRUZ","SANTA CRUZ",-122.03017425537109,36.985286712646484
9653992,2023,2024-02-27,4402,2023-11-16,"213 ",196,4402,4,5,5,4402,0,0,0,,0,000,"MISSION ST","WESTERN DR",910.00,E,N,F,-,N,,,,,,,,,,N,3,0,1,1,A,-,03,22350,,N,F,A,A,B,H,-,C,D,0,,,,,Y,Y,M,94,0,1,0,0,0,0,0,0,0,"- ","- ",,,"SANTA CRUZ","SANTA CRUZ",-122.05356597900391,36.959819793701172
9654047,2023,2024-02-02,4404,2023-11-26,1725,5820,4404,7,5,3,4404,0,0,0,,0,00S,"MT HERMON RD","KINGS VILLAGE RD",0.00,,Y,A,-,N,,,,,,,,,,Y,3,0,1,2,A,-,09,21801,A,N,B,C,A,A,H,-,C,A,0,,,,,Y,,A,07,0,1,0,0,0,0,0,0,0,"- ","- ",37.046001434326172,-122.02822875976562,"SANTA CRUZ","SCOTTS VALLEY",-122.02828979492188,37.046005249023438
9654174,2024,2024-01-31,4402,2024-01-01,1230,192,4402,1,5,5,4402,0,0,0,,0,000,"3RD ST","LEIBRANDT AV",65.00,E,N,A,-,N,,,,,,,,,,N,4,0,1,2,A,-,11,21954,A,N,G,B,D,A,H,-,A,D,0,Y,,,,Y,,N,60,0,0,1,0,1,0,0,0,0,"- ","- ",,,"SANTA CRUZ","SANTA CRUZ",-122.02020263671875,36.967636108398438
9654247,2023,2024-02-15,4402,2023-12-20,1718,130,4402,3,5,5,4402,0,0,0,,0,000,BROADWAY,"SEABRIGHT AV",0.00,,Y,B,-,N,,,,,,,,,,N,4,0,2,2,A,-,04,21703,,N,C,C,A,B,H,-,C,A,0,,,,,Y,,A,07,0,0,2,0,0,0,0,0,0,"- ","- ",,,"SANTA CRUZ","SANTA CRUZ",-122.00856018066406,36.975292205810547
9656099,2023,2024-02-16,4403,2023-12-04,1619,T0024,314,1,5,4,4403,0,0,0,,0,003,"LAKE AV","BLACKBURN ST",0.00,,Y,A,-,Y,SCR,5,152,-,-,0.571,I,5,W,N,4,0,1,2,A,-,09,21804,A,N,D,G,A,A,H,-,A,D,0,,Y,,,Y,,L,04,0,0,1,0,0,0,1,0,0,"- ","- ",,,"SANTA CRUZ",WATSONVILLE,-121.75119781494141,36.916873931884766
9656255,2023,2024-02-16,4403,2023-12-11,"252 ",T0015,108,1,5,4,4403,0,0,0,,0,001,"MAIN ST","BEACH ST",0.00,,Y,A,-,Y,SCR,5,152,-,T,2.128,I,5,E,N,4,0,1,2,A,-,12,21453,A,N,D,D,A,A,H,-,C,A,0,,,,,Y,,A,07,0,0,1,0,0,0,0,0,0,"- ","- ",,,"SANTA CRUZ",WATSONVILLE,-121.76786041259766,36.915863037109375
9656282,2023,2024-01-30,4402,2023-11-12,1328,192,4402,7,5,5,4402,0,0,0,,0,,"EAST CLIFF DR","MOTT AV",0.00,,Y,A,-,N,,,,,,,,,,N,3,0,2,2,A,-,11,21954,A,N,G,B,D,D,H,-,A,D,0,Y,Y,,,Y,,N,60,0,2,0,0,1,0,1,0,0,"- ","- ",,,"SANTA CRUZ","SANTA CRUZ",-122.00888061523438,36.964511871337891
9656286,2023,2024-02-16,4402,2023-11-09,1749,167,4402,4,5,5,4402,0,0,0,,0,000,"RT 1","HIGHLAND AV",282.00,E,N,A,-,Y,SCR,5,1,-,-,18.138,I,5,N,N,3,0,1,2,A,-,11,21461,5,N,A,B,B,A,H,-,C,A,0,Y,,,,Y,,N,60,0,1,0,0,1,0,0,0,0,"- ","- ",,,"SANTA CRUZ","SANTA CRUZ",-122.03188323974609,36.976890563964844
9656425,2023,2024-02-01,4403,2023-10-25,1830,433,109,3,5,4,4403,0,0,0,,0,001,"BEACH ST","MAIN ST",3.00,W,N,A,-,N,,,,,,,,,,N,4,0,1,2,A,-,10,21950,A,M,G,B,B,A,H,-,A,A,0,Y,,,,Y,,A,01,0,0,1,0,1,0,0,0,0,"- ","- ",,,"SANTA CRUZ",WATSONVILLE,-121.75691986083984,36.910255432128906
9656561,2023,2024-02-16,4403,2023-12-27,"648 ",417,1-09,3,5,4,4403,0,0,0,,0,001,"BEACH ST","MAIN ST",0.00,,Y,A,-,Y,SCR,5,152,-,T,2.128,I,5,E,N,4,0,1,2,A,-,12,21453,A,N,D,C,A,A,H,-,A,A,0,,,,,Y,,A,01,0,0,1,0,0,0,0,0,0,"- ","- ",,,"SANTA CRUZ",WATSONVILLE,-121.76786041259766,36.915863037109375
9659040,2023,2024-01-31,4402,2023-12-31,1208,192,4402,7,5,5,4402,0,0,0,,0,000,"PACIFIC AVE","CENTER ST",479.00,E,N,B,-,N,,,,,,,,,,N,3,0,1,1,C,-,18,,,N,F,A,A,B,H,-,A,D,0,,Y,,,Y,,-,"- ",0,1,0,0,0,0,1,0,0,"- ","- ",,,"SANTA CRUZ","SANTA CRUZ",-117.33690643310547,34.015739440917969
9659694,2024,2024-03-30,4402,2024-01-11,1513,186,4402,4,5,5,4402,0,0,0,,0,000,"MARKET ST","GRANT ST",0.00,,Y,A,-,N,,,,,,,,,,N,3,0,1,2,A,-,00,22108,A,N,D,C,A,A,H,-,A,D,0,,,Y,,Y,,A,07,0,1,0,0,0,0,0,0,1,"- ","- ",,,"SANTA CRUZ","SANTA CRUZ",-122.01616668701172,36.984897613525391
9659908,2024,2024-03-27,4402,2024-01-29,1025,192,4402,1,5,5,4402,0,0,0,,0,000,"WATER ST","REED WY",170.00,W,N,A,-,N,,,,,,,,,,Y,3,0,2,2,A,-,09,21804,A,N,D,C,A,A,H,-,A,D,0,,,,,Y,,A,01,0,1,1,0,0,0,0,0,0,"- ","- ",,,"SANTA CRUZ","SANTA CRUZ",-122.01775360107422,36.980758666992188
9660637,2024,2024-04-30,4403,2024-02-12,"951 ",418,318,1,5,4,4403,0,0,0,,0,003,"BRONTE AV","DELTA WY",188.00,S,N,A,-,N,,,,,,,,,,N,3,0,1,1,C,-,18,,,N,H,A,A,A,H,-,A,D,0,,Y,,,Y,,-,"- ",0,1,0,0,0,0,1,0,0,"- ","- ",,,"SANTA CRUZ",WATSONVILLE,-121.73610687255859,36.918308258056641
9660807,2023,2024-01-29,4402,2023-12-01,1332,186,4402,5,5,5,4402,0,0,0,,0,000,"CATHCART ST","PACIFIC AV",164.00,E,N,A,-,N,,,,,,,,,,N,4,0,1,2,A,-,09,21804,A,F,D,G,A,A,H,-,A,D,0,,Y,,,Y,,A,01,0,0,1,0,0,0,1,0,0,"- ","- ",,,"SANTA CRUZ","SANTA CRUZ",-122.02493286132812,36.971794128417969
9660808,2023,2024-01-29,4402,2023-12-10,1110,192,4402,7,5,5,4402,0,0,0,,0,000,"BEACH ST","PACIFIC AV",133.00,W,N,A,-,N,,,,,,,,,,N,3,0,1,2,A,-,15,21201,A,N,F,A,A,A,H,-,A,D,0,,Y,,,Y,,L,04,0,1,0,0,0,0,1,0,0,"- ","- ",,,"SANTA CRUZ","SANTA CRUZ",-122.02448272705078,36.962699890136719
9661028,2024,2024-03-25,4401,2024-01-13,1743,530,4401,6,5,3,4401,0,0,0,,0,008,"PARK AV","MCGREGOR DR",0.00,,Y,C,-,N,,,,,,,,,,N,3,0,1,2,A,-,03,22350,,N,D,G,A,B,H,-,D,D,0,,Y,,,Y,,L,04,0,1,0,0,0,0,1,0,0,"- ","- ",,,"SANTA CRUZ",CAPITOLA,-121.93781280517578,36.982315063476562
9661031,2024,2024-03-25,4402,2024-01-09,1131,192,4402,2,5,5,4402,0,0,0,,0,000,"RIVER ST","POTRERO ST",0.00,,Y,B,C,N,,,,,,,,,,N,4,0,1,2,A,-,08,22107,,N,B,G,A,B,H,-,A,A,0,,Y,,,Y,,A,07,0,0,1,0,0,0,1,0,0,"- ","- ",,,"SANTA CRUZ","SANTA CRUZ",-122.02960968017578,36.982170104980469
9661032,2024,2024-03-25,4402,2024-01-05,"658 ",186,4402,5,5,5,4402,0,0,0,,0,000,"CENTER ST","PACIFIC AV",0.00,,Y,A,-,N,,,,,,,,,,N,3,0,1,2,A,-,00,21760,C,N,C,G,A,A,H,-,B,D,0,,Y,,,Y,,A,07,0,1,0,0,0,0,1,0,0,"- ","- ",,,"SANTA CRUZ","SANTA CRUZ",-117.3369140625,34.015743255615234
9661035,2024,2024-03-25,4402,2024-01-06,"147 ",196,4402,6,5,5,4402,0,0,0,,0,000,"OCEAN ST","SOQUEL AV",390.00,N,N,A,-,N,,,,,,,,,,Y,3,0,2,1,A,-,01,23152,A,M,E,I,A,A,H,-,C,D,0,,,,,Y,Y,A,01,0,2,0,0,0,0,0,0,0,"- ","- ",,,"SANTA CRUZ","SANTA CRUZ",-122.01929473876953,36.975574493408203
9661196,2024,2024-03-26,4403,2024-01-12,"844 ",417,108,5,5,4,4403,0,0,0,,0,001,"SUDDEN ST","5TH ST",5.00,S,N,A,-,N,,,,,,,,,,Y,4,0,1,2,A,-,10,21950,A,N,G,B,B,A,H,-,A,A,0,Y,,,,Y,,A,01,0,0,1,0,1,0,0,0,0,"- ","- ",,,"SANTA CRUZ",WATSONVILLE,-121.75721740722656,36.915088653564453