CASE_ID,ACCIDENT_YEAR,PROC_DATE,JURIS,COLLISION_DATE,COLLISION_TIME,OFFICER_ID,REPORTING_DISTRICT,DAY_OF_WEEK,CHP_SHIFT,POPULATION,CNTY_CITY_LOC,SPECIAL_COND,BEAT_TYPE,CHP_BEAT_TYPE,CITY_DIVISION_LAPD,CHP_BEAT_CLASS,BEAT_NUMBER,PRIMARY_RD,SECONDARY_RD,DISTANCE,DIRECTION,INTERSECTION,WEATHER_1,WEATHER_2,STATE_HWY_IND,CALTRANS_COUNTY,CALTRANS_DISTRICT,STATE_ROUTE,ROUTE_SUFFIX,POSTMILE_PREFIX,POSTMILE,LOCATION_TYPE,RAMP_INTERSECTION,SIDE_OF_HWY,TOW_AWAY,COLLISION_SEVERITY,NUMBER_KILLED,NUMBER_INJURED,PARTY_COUNT,PRIMARY_COLL_FACTOR,PCF_CODE_OF_VIOL,PCF_VIOL_CATEGORY,PCF_VIOLATION,PCF_VIOL_SUBSECTION,HIT_AND_RUN,TYPE_OF_COLLISION,MVIW,PED_ACTION,ROAD_SURFACE,ROAD_COND_1,ROAD_COND_2,LIGHTING,CONTROL_DEVICE,CHP_ROAD_TYPE,PEDESTRIAN_ACCIDENT,BICYCLE_ACCIDENT,MOTORCYCLE_ACCIDENT,TRUCK_ACCIDENT,NOT_PRIVATE_PROPERTY,ALCOHOL_INVOLVED,STWD_VEHTYPE_AT_FAULT,CHP_VEHTYPE_AT_FAULT,COUNT_SEVERE_INJ,COUNT_VISIBLE_INJ,COUNT_COMPLAINT_PAIN,COUNT_PED_KILLED,COUNT_PED_INJURED,COUNT_BICYCLIST_KILLED,COUNT_BICYCLIST_INJURED,COUNT_MC_KILLED,COUNT_MC_INJURED,PRIMARY_RAMP,SECONDARY_RAMP,LATITUDE,LONGITUDE,COUNTY,CITY,POINT_X,POINT_Y
9661197,2024,2024-03-26,4403,2024-01-09,1828,416,429,2,5,4,4403,0,0,0,,0,004,"GREEN VALLEY RD","LOMA PRIETA AV",0.00,,Y,A,-,N,,,,,,,,,,Y,4,0,1,2,D,-,00,,,N,D,C,A,A,H,-,C,A,0,,,,,Y,,-,"- ",0,0,1,0,0,0,0,0,0,"- ","- ",,,"SANTA CRUZ",WATSONVILLE,-121.77712249755859,36.930328369140625
9661198,2024,2024-03-26,4403,2024-01-07,1211,418,306,7,5,4,4403,0,0,0,,0,003,"FREEDOM BL","PROSPECT ST",104.00,S,N,A,-,N,,,,,,,,,,Y,4,0,1,2,A,-,09,21804,A,N,D,D,A,A,H,-,A,A,0,,,,,Y,,A,01,0,0,1,0,0,0,0,0,0,"- ","- ",,,"SANTA CRUZ",WATSONVILLE,-121.76131439208984,36.9219970703125
9661257,2023,2024-01-22,4402,2023-08-19,"6   ",139,4402,6,5,5,4402,0,0,0,,0,000,"MURRAY ST","SEABRIGHT AV",1092.00,E,N,A,-,N,,,,,,,,,,N,4,0,1,2,A,-,01,23152,A,F,B,C,A,A,H,-,C,D,0,,,,,Y,Y,A,01,0,0,1,0,0,0,0,0,0,"- ","- ",,,"SANTA CRUZ","SANTA CRUZ",-122.00425720214844,36.967964172363281
9661633,2023,2024-03-01,4402,2023-12-02,2338,196,4402,6,5,5,4402,0,0,0,,0,000,"RIVER ST","VERNON ST",173.00,S,N,A,-,Y,SCR,5,9,-,-,0.490,H,-,N,Y,3,0,1,2,A,-,05,21460,A,N,A,C,A,A,H,-,C,D,0,,,,,Y,,A,01,0,1,0,0,0,0,0,0,0,"- ","- ",,,"SANTA CRUZ","SANTA CRUZ",-122.03162384033203,36.990276336669922
9661680,2023,2024-03-01,4402,2023-12-16,1504,186,SANTA,6,5,5,4402,0,0,0,,0,000,"RT 1","RIVER ST",385.00,E,N,A,-,Y,SCR,5,1,-,-,17.490,H,-,N,N,4,0,1,3,A,-,08,22107,,N,B,C,A,A,H,-,A,A,0,,,,,Y,,A,01,0,0,1,0,0,0,0,0,0,"- ","- ",,,"SANTA CRUZ","SANTA CRUZ",-122.02870178222656,36.984886169433594
9661765,2024,2024-03-15,4403,2024-01-28,2312,431,220,7,5,4,4403,0,0,0,,0,002,"RIVERSIDE DR","WALKER ST",0.00,,Y,A,-,Y,SCR,5,129,-,L,1.178,I,5,E,Y,3,0,2,2,A,-,01,23152,A,F,A,C,A,A,H,-,C,A,0,,,,,Y,Y,A,01,0,2,0,0,0,0,0,0,0,"- ","- ",,,"SANTA CRUZ",WATSONVILLE,-121.75786590576172,36.905185699462891
9661818,2024,2024-04-19,4403,2024-03-19,1959,281,3-15,2,5,4,4403,0,0,0,,0,003,"LAKE AV","BREWINGTON AV",55.00,E,N,A,-,Y,SCR,5,152,-,-,0.650,H,-,E,N,4,0,1,2,A,-,03,22350,,N,C,C,A,A,H,-,C,D,0,,,,,Y,,A,01,0,0,1,0,0,0,0,0,0,"- ","- ",,,"SANTA CRUZ",WATSONVILLE,-121.75028991699219,36.917537689208984
9662571,2024,2024-03-01,4403,2024-01-08,1316,418,1-08,1,5,4,4403,0,0,0,,0,001,"LAKE AV","BRENNAN ST",0.00,,Y,A,-,Y,SCR,5,152,-,T,3.049,I,5,W,Y,4,0,2,2,A,-,12,21453,A,N,D,D,A,A,H,-,A,A,0,,,,,Y,,A,07,0,0,2,0,0,0,0,0,0,"- ","- ",,,"SANTA CRUZ",WATSONVILLE,-121.75698089599609,36.912670135498047
9662921,2023,2024-02-14,4402,2023-12-04,2234,148,4402,1,5,5,4402,0,0,0,,0,000,"SOQUEL AV","HAGEMANN AV",25.00,W,N,A,-,N,,,,,,,,,,Y,2,0,1,1,A,-,08,22107,,N,E,I,A,A,H,-,C,D,0,,,,,Y,,E,22,1,0,0,0,0,0,0,0,0,"- ","- ",,,"SANTA CRUZ","SANTA CRUZ",-122.00179290771484,36.981410980224609
9664067,2024,2024-03-20,4403,2024-01-16,1235,418,221,2,5,4,4403,0,0,0,,0,002,"BEACH ST","RODRIGUEZ ST",0.00,,Y,A,-,N,,,,,,,,,,N,4,0,2,2,A,-,12,21453,A,N,D,D,A,A,H,-,A,A,0,,,,,Y,,A,01,0,0,2,0,0,0,0,0,0,"- ","- ",,,"SANTA CRUZ",WATSONVILLE,-121.75807189941406,36.909397125244141
9664586,2024,2024-04-08,4403,2024-02-05,1612,418,403,1,5,4,4403,0,0,0,,0,004,"FREEDOM BL","CLIFFORD AV",50.00,N,N,C,-,N,,,,,,,,,,N,4,0,2,2,A,-,03,22350,,N,C,C,A,B,H,-,A,A,0,,,,,Y,,A,07,0,0,2,0,0,0,0,0,0,"- ","- ",,,"SANTA CRUZ",WATSONVILLE,-121.76831817626953,36.930408477783203
9665041,2024,2024-05-01,4403,2024-02-21,1843,402,305,3,5,4,4403,0,0,0,,0,003,"MADISON ST","ALVARADO ST",0.00,,Y,A,-,N,,,,,,,,,,N,3,0,1,2,A,-,03,22350,,M,B,G,A,A,H,-,D,D,0,,Y,,,Y,,L,04,0,1,0,0,0,0,1,0,0,"- ","- ",,,"SANTA CRUZ",WATSONVILLE,-121.75901031494141,36.922473907470703
9665042,2024,2024-05-02,4403,2024-02-29,1751,388,112,4,5,4,4403,0,0,0,,0,001,"UNION ST","RIVERSIDE DR",235.00,S,N,A,-,N,,,,,,,,,,N,4,0,1,2,A,-,09,21804,A,N,D,C,A,A,H,-,A,A,0,,,,,Y,,A,01,0,0,1,0,0,0,0,0,0,"- ","- ",,,"SANTA CRUZ",WATSONVILLE,-121.75199890136719,36.907321929931641
9665201,2024,2024-03-29,4403,2024-01-18,1852,430,1-13,4,5,4,4403,0,0,0,,0,001,"LINCOLN ST","BEACH ST",30.00,N,N,A,-,Y,SCR,5,152,-,-,0.270,H,-,W,N,3,0,1,2,A,-,11,21461,5,F,G,B,D,A,H,-,C,A,0,Y,,,,Y,,N,60,0,1,0,0,1,0,0,0,0,"- ","- ",,,"SANTA CRUZ",WATSONVILLE,-121.75236511230469,36.913795471191406
9665369,2024,2024-05-07,4403,2024-02-18,1256,278,113,7,5,4,4403,0,0,0,,0,001,"LINCOLN ST","E BEACH ST",250.00,S,N,A,-,N,,,,,,,,,,Y,4,0,2,3,A,-,21,22106,,N,B,C,A,A,H,-,A,D,0,,,,,Y,,A,07,0,0,2,0,0,0,0,0,0,"- ","- ",,,"SANTA CRUZ",WATSONVILLE,-121.75168609619141,36.913143157958984
9665775,2024,2024-05-24,4402,2024-03-15,1751,196,4402,5,5,5,4402,0,0,0,,0,000,"BEACH ST","CLIFF ST",0.00,,Y,A,-,N,,,,,,,,,,N,3,0,1,1,A,-,03,22350,,N,F,A,A,A,H,-,A,D,0,,Y,,,Y,,L,04,0,1,0,0,0,0,1,0,0,"- ","- ",,,"SANTA CRUZ","SANTA CRUZ",-122.02017974853516,36.964168548583984
9665776,2024,2024-05-24,4402,2024-03-15,1656,196,4402,5,5,5,4402,0,0,0,,0,000,"BEACH ST","3RD ST",0.00,,Y,A,-,N,,,,,,,,,,N,3,0,1,1,A,-,08,22107,,N,E,A,A,A,H,-,A,D,0,,Y,,,Y,,L,04,0,1,0,0,0,0,1,0,0,"- ","- ",,,"SANTA CRUZ","SANTA CRUZ",-122.01422882080078,36.965709686279297
9665777,2024,2024-05-24,4402,2024-03-06,1300,186,4402,3,5,5,4402,0,0,0,,0,000,"SOQUEL AV","LA FONDA AV",0.00,,Y,A,-,N,,,,,,,,,,Y,3,0,2,2,A,-,03,22350,,N,D,C,A,A,H,-,A,A,0,,,,,Y,,A,07,0,1,1,0,0,0,0,0,0,"- ","- ",,,"SANTA CRUZ","SANTA CRUZ",-121.994873046875,36.983230590820312
9665779,2024,2024-05-24,4403,2024-03-13,"713 ",368,403,3,5,4,4403,0,0,0,,0,004,"BLANCA LN","FREEDOM BL",0.00,,Y,A,-,N,,,,,,,,,,N,4,0,1,2,A,-,09,21802,A,N,D,D,A,A,H,-,A,A,0,,,,,Y,,A,07,0,0,1,0,0,0,0,0,0,"- ","- ",,,"SANTA CRUZ",WATSONVILLE,-121.76915740966797,36.931255340576172
9665789,2024,2024-06-04,4402,2024-03-02,2154,196,4402,6,5,5,4402,0,0,0,,0,000,"OCEAN ST","RT 1",0.00,,Y,C,-,Y,SCR,5,1,-,-,17.294,R,4,N,N,3,0,2,2,A,-,01,23152,A,N,B,C,A,B,H,-,D,D,0,,,,,Y,Y,A,01,0,2,0,0,0,0,0,0,0,"- ",NO,,,"SANTA CRUZ","SANTA CRUZ",-122.02545166015625,36.985824584960938
9665849,2024,2024-04-15,4402,2024-02-28,1736,187,4402,3,5,5,4402,0,0,0,,0,000,"OCEAN ST","FRANKLIN ST",26.00,N,N,A,-,N,,,,,,,,,,N,3,0,1,2,A,-,09,21801,A,N,D,G,A,A,H,-,A,D,0,,Y,,,Y,,L,04,0,1,0,0,0,0,1,0,0,"- ","- ",,,"SANTA CRUZ","SANTA CRUZ",-122.02304840087891,36.983917236328125
9665853,2024,2024-04-12,4402,2024-02-24,"638 ",166,4402,6,5,5,4402,0,0,0,,0,000,"DUFOUR ST","MISSION ST",36.00,S,N,A,-,N,,,,,,,,,,N,3,0,1,2,A,-,21,22106,,N,H,C,A,A,H,-,B,D,0,,,,,Y,,A,01,0,1,0,0,0,0,0,0,0,"- ","- ",,,"SANTA CRUZ","SANTA CRUZ",-122.04254150390625,36.963882446289062
9665854,2024,2024-04-12,4402,2024-02-22,1707,196,4402,4,5,5,4402,0,0,0,,0,000,"BRANCIFORTE AV","FAIRMOUNT AV",0.00,,Y,A,-,N,,,,,,,,,,N,2,0,1,2,A,-,10,21950,A,N,G,B,B,A,H,-,A,D,0,Y,,,,Y,,A,01,1,0,0,0,1,0,0,0,0,"- ","- ",,,"SANTA CRUZ","SANTA CRUZ",-122.01120758056641,36.987922668457031
9665855,2024,2024-04-12,4402,2024-02-27,1525,192,4402,2,5,5,4402,0,0,0,,0,000,"BAY ST","LIBERTY ST",144.00,E,N,A,-,N,,,,,,,,,,N,3,0,1,2,A,-,09,21801,A,N,D,G,A,A,H,-,A,D,0,,Y,,,Y,,A,07,0,1,0,0,0,0,1,0,0,"- ","- ",,,"SANTA CRUZ","SANTA CRUZ",-122.02971649169922,36.960437774658203
9667787,2024,2024-03-08,4402,2024-01-25,1630,186,4402,4,5,5,4402,0,0,0,,0,000,"BAY DR","ESCALONA DR",0.00,,Y,A,-,N,,,,,,,,,,N,4,0,1,2,A,-,09,21802,A,N,D,G,A,A,H,-,A,D,0,,Y,,,Y,,A,01,0,0,1,0,0,0,1,0,0,"- ","- ",,,"SANTA CRUZ","SANTA CRUZ",-122.04612731933594,36.969490051269531
9667788,2024,2024-03-08,4402,2024-01-22,2000,187,4402,1,5,5,4402,0,0,0,,0,000,"FRANKLIN ST","OCEAN ST",0.00,,N,A,-,N,,,,,,,,,,N,3,0,1,2,A,-,10,21950,A,N,E,B,B,A,H,-,C,A,0,Y,,,,Y,,N,60,0,1,0,0,1,0,0,0,0,"- ","- ",,,"SANTA CRUZ","SANTA CRUZ",-122.02301788330078,36.983852386474609
9667789,2024,2024-03-08,4402,2024-01-18,1557,189,4402,4,5,5,4402,0,0,0,,0,000,"WESTERN DR","GRANDVIEW ST",58.00,N,N,B,-,N,,,,,,,,,,N,3,0,1,1,A,-,03,22350,,N,F,A,A,A,H,-,A,D,0,,Y,,,Y,,L,04,0,1,0,0,0,0,1,0,0,"- ","- ",,,"SANTA CRUZ","SANTA CRUZ",-122.05667114257812,36.961387634277344
9668322,2024,2024-04-19,4402,2024-02-04,1614,192,4402,7,5,5,4402,0,0,0,,0,000,"MURRAY ST","SEABRIGHT AV",817.00,E,N,C,G,N,,,,,,,,,,Y,2,0,1,1,C,-,18,,,N,H,J,A,B,H,-,A,A,0,,,,,Y,,-,"- ",1,0,0,0,0,0,0,0,0,"- ","- ",,,"SANTA CRUZ","SANTA CRUZ",-122.00518035888672,36.967830657958984
9669006,2024,2024-04-12,4403,2024-03-03,1100,418,1-09,7,5,4,4403,0,0,0,,0,001,"MAIN ST","LAKE AV",100.00,N,N,A,-,Y,SCR,5,152,-,T,2.780,H,-,E,N,4,0,1,2,A,-,11,21950,B,N,G,B,E,A,H,-,A,A,0,Y,,,,Y,,N,60,0,0,1,0,1,0,0,0,0,"- ","- ",,,"SANTA CRUZ",WATSONVILLE,-121.75862884521484,36.911865234375
9670697,2024,2024-03-15,4402,2024-01-22,1426,191,4402,1,5,5,4402,0,0,0,,0,000,"RT 1","LAUREL ST",38.00,N,N,A,-,Y,SCR,5,1,-,-,18.740,H,-,N,Y,2,0,2,2,A,-,03,22350,,N,C,C,A,A,H,-,A,D,0,,,,,Y,,A,01,1,1,0,0,0,0,0,0,0,"- ","- ",,,"SANTA CRUZ","SANTA CRUZ",-122.03741455078125,36.969444274902344
9671715,2024,2024-05-15,4403,2024-03-18,1657,418,438,1,5,4,4403,0,0,0,,0,004,"FREEDOM BL","DAVIS AV",6.00,N,N,A,-,N,,,,,,,,,,Y,4,0,1,2,A,-,03,22350,,N,C,C,A,A,H,-,A,A,0,,,,,Y,,D,22,0,0,1,0,0,0,0,0,0,"- ","- ",,,"SANTA CRUZ",WATSONVILLE,-121.77082061767578,36.932842254638672
9671736,2024,2024-05-14,4403,2024-03-12,1807,402,317,2,5,4,4403,0,0,0,,0,003,"TUTTLE AV","LAKE VILLAGE DR",0.00,,Y,A,-,N,,,,,,,,,,Y,4,0,1,2,A,-,08,22107,,M,D,C,A,A,H,-,A,D,0,,,,,Y,,A,01,0,0,1,0,0,0,0,0,0,"- ","- ",,,"SANTA CRUZ",WATSONVILLE,-121.74489593505859,36.922111511230469
9672918,2024,2024-03-22,4401,2024-01-09,"839 ",528,4401,2,5,3,4401,0,0,0,,0,005,"41ST AV","RT 1",0.00,,Y,A,-,N,,,,,,,,,,N,4,0,1,4,A,-,03,22350,,N,C,C,A,A,H,-,A,D,0,,,,,Y,,D,22,0,0,1,0,0,0,0,0,0,"- ","- ",,,"SANTA CRUZ",CAPITOLA,-121.96439361572266,36.982837677001953
9673009,2024,2024-04-10,4403,2024-02-09,1836,396,223,5,5,4,4403,0,0,0,,0,002,"OHLONE PKWY","MAIN ST",483.00,W,N,A,-,N,,,,,,,,,,N,2,0,1,2,A,-,11,21954,A,N,G,B,D,A,H,-,C,D,0,Y,,,,Y,,N,60,1,0,0,0,1,0,0,0,0,"- ","- ",,,"SANTA CRUZ",WATSONVILLE,-121.77762603759766,36.916236877441406
9673010,2024,2024-04-10,4403,2024-02-06,2306,424,224,2,5,4,4403,0,0,0,,0,002,"BEACH ST","OHLONE PKWY",1334.00,W,N,C,-,N,,,,,,,,,,Y,3,0,1,1,A,-,01,23152,B,N,E,I,A,B,H,-,C,D,0,,,,,Y,Y,A,01,0,1,0,0,0,0,0,0,0,"- ","- ",,,"SANTA CRUZ",WATSONVILLE,-121.77545166015625,36.899402618408203
9673012,2024,2024-04-09,4403,2024-02-08,1745,418,304,4,5,4,4403,0,0,0,,0,003,"FREEDOM BL","CRESTVIEW DR",113.00,S,N,A,-,N,,,,,,,,,,N,4,0,1,2,A,-,09,21804,A,N,D,G,A,A,H,-,B,D,0,,Y,,,Y,,L,04,0,0,1,0,0,0,1,0,0,"- ","- ",,,"SANTA CRUZ",WATSONVILLE,-121.76438903808594,36.92620849609375
9675057,2024,2024-05-23,4402,2024-03-09,1846,196,4402,6,5,5,4402,0,0,0,,0,000,"OCEAN ST",BROADWAY,14.00,N,N,A,-,N,,,,,,,,,,N,4,0,1,4,A,-,03,22350,,F,C,C,A,A,H,-,C,D,0,,,,,Y,,D,22,0,0,1,0,0,0,0,0,0,"- ","- ",,,"SANTA CRUZ","SANTA CRUZ",-122.01829528808594,36.973358154296875
9676192,2024,2024-03-08,4403,2024-02-02,2253,419,4-31,5,5,4,4403,0,0,0,,0,004,"AUTO CENTER DR","MAIN ST",115.00,N,N,A,-,Y,SCR,5,152,-,T,2.139,I,6,W,Y,4,0,1,1,A,-,01,23152,A,N,E,I,A,A,H,-,C,D,0,,,,,Y,Y,A,07,0,0,1,0,0,0,0,0,0,"- ","- ",,,"SANTA CRUZ",WATSONVILLE,-121.76767730712891,36.915935516357422
9676289,2024,2024-04-02,4403,2024-02-27,"700 ",418,316,2,5,4,4403,0,0,0,,0,003,"TUTTLE AV","LAKE AV",0.00,,Y,A,-,Y,SCR,5,152,-,-,1.040,I,5,E,Y,4,0,1,2,A,-,17,21451,A,N,A,C,A,A,H,-,A,A,0,,,,,Y,,D,22,0,0,1,0,0,0,0,0,0,"- ","- ",,,"SANTA CRUZ",WATSONVILLE,-121.74687194824219,36.922405242919922
9676827,2024,2024-07-03,4403,2024-04-25,1219,344,4-01,4,5,4,4403,0,0,0,,0,004,"GREEN VALLEY RD","THICKET LN",200.00,E,N,A,-,N,,,,,,,,,,N,4,0,1,2,A,-,10,21950,A,N,G,B,C,A,H,-,A,D,0,Y,,,,Y,,A,08,0,0,1,0,1,0,0,0,0,"- ","- ",,,"SANTA CRUZ",WATSONVILLE,-121.77021026611328,36.939510345458984
9677862,2024,2024-06-26,4403,2024-05-07,1440,418,305,2,5,4,4403,0,0,0,,0,003,"MADISON ST","STANFORD ST",0.00,,Y,A,-,N,,,,,,,,,,N,3,0,1,2,A,-,10,21950,A,F,G,B,B,A,H,-,A,A,0,Y,,,,Y,,A,07,0,1,0,0,1,0,0,0,0,"- ","- ",,,"SANTA CRUZ",WATSONVILLE,-121.75833892822266,36.921699523925781
9677863,2024,2024-06-26,4403,2024-05-06,1226,418,429,1,5,4,4403,0,0,0,,0,004,"GREEN VALLEY RD","LOMA PRIETA AV",0.00,,Y,A,-,N,,,,,,,,,,Y,3,0,3,2,A,-,12,21453,A,N,D,D,A,A,H,-,A,A,0,,,,,Y,,A,01,0,1,2,0,0,0,0,0,0,"- ","- ",,,"SANTA CRUZ",WATSONVILLE,-121.77712249755859,36.930328369140625
9677924,2024,2024-07-09,4402,2024-04-27,1527,186,4402,6,5,5,4402,0,0,0,,0,000,BROADWAY,"RIVERDALE AV",0.00,,Y,A,-,N,,,,,,,,,,N,4,0,1,3,A,-,09,21801,A,N,D,C,A,A,H,-,A,D,0,,,,,Y,,A,08,0,0,1,0,0,0,0,0,0,"- ","- ",,,"SANTA CRUZ","SANTA CRUZ",,
9677925,2024,2024-05-31,4402,2024-04-26,"310 ",167`,4402,5,5,5,4402,0,0,0,,0,000,"BAY ST","CALIFORNIA AV",175.00,N,N,A,-,N,,,,,,,,,,Y,3,0,1,1,A,-,01,23152,A,N,E,I,A,A,H,-,C,A,0,,,,,Y,Y,A,01,0,1,0,0,0,0,0,0,0,"- ","- ",,,"SANTA CRUZ","SANTA CRUZ",-122.03530883789062,36.963302612304688
9678257,2024,2024-05-04,4402,2024-02-20,1730,193,4402,2,5,5,4402,0,0,0,,0,000,"LAUREL ST","WALTI ST",95.00,W,N,B,-,N,,,,,,,,,,N,3,0,1,1,A,-,03,22350,,N,H,A,A,B,H,-,A,D,0,,Y,,,Y,,L,04,0,1,0,0,0,0,1,0,0,"- ","- ",,,"SANTA CRUZ","SANTA CRUZ",-122.03360748291016,36.968463897705078
9678258,2024,2024-05-04,4402,2024-02-17,1847,196,4402,6,5,5,4402,0,0,0,,0,000,"OCEAN ST","DAKOTA AV",0.00,,Y,C,-,N,,,,,,,,,,N,4,0,2,3,A,-,10,21950,A,N,G,B,B,B,H,-,C,A,0,Y,,,,Y,,A,01,0,0,2,0,2,0,0,0,0,"- ","- ",,,"SANTA CRUZ","SANTA CRUZ",-122.02005004882812,36.976825714111328
9678259,2024,2024-05-04,4402,2024-02-12,1939,169,4402,1,5,5,4402,0,0,0,,0,000,"WATER ST","SEABRIGHT AV",0.00,,Y,A,-,N,,,,,,,,,,Y,4,0,1,2,A,-,09,21801,,N,D,C,A,A,H,-,C,D,0,,,Y,,Y,,A,07,0,0,1,0,0,0,0,0,1,"- ","- ",,,"SANTA CRUZ","SANTA CRUZ",-122.01078033447266,36.981422424316406
9678260,2024,2024-05-04,4402,2024-02-24,1345,186,4402,6,5,5,4402,0,0,0,,0,000,"LAUREL ST","WALTI ST",0.00,,Y,A,-,N,,,,,,,,,,N,3,0,1,2,A,-,17,21200,A,N,B,G,A,A,H,-,A,D,0,,Y,,,Y,,L,04,0,1,0,0,0,0,1,0,0,"- ","- ",,,"SANTA CRUZ","SANTA CRUZ",-122.03328704833984,36.968418121337891
9678868,2024,2024-04-02,4403,2024-02-14,1507,418,109,3,5,4,4403,0,0,0,,0,001,"MAIN ST","5TH ST",30.00,S,N,C,-,Y,SCR,5,152,-,T,2.680,H,-,W,N,4,0,2,2,C,-,18,,,N,C,C,A,B,H,-,A,A,0,,,,,Y,,-,"- ",0,0,2,0,0,0,0,0,0,"- ","- ",,,"SANTA CRUZ",WATSONVILLE,-121.75963592529297,36.913021087646484
9680594,2024,2024-05-13,4403,2024-03-27,"652 ",341,5-26,3,5,4,4403,0,0,0,,0,005,"MAIN ST","HOLM RD",0.00,,Y,B,-,Y,SCR,5,152,-,T,0.330,I,5,W,Y,2,0,1,2,A,-,09,21802,A,N,D,D,A,B,H,-,B,A,0,,,,,Y,,A,01,1,0,0,0,0,0,0,0,0,"- ","- ",,,"SANTA CRUZ",WATSONVILLE,-121.78968048095703,36.920223236083984
9681621,2024,2024-05-30,4402,2024-03-16,2308,196,4402,6,5,5,4402,0,0,0,,0,000,"3RD ST","KAYE ST",0.00,,Y,A,-,N,,,,,,,,,,Y,2,0,1,1,A,-,08,22107,,N,E,I,A,A,H,-,C,D,0,,,,,Y,,A,01,1,0,0,0,0,0,0,0,0,"- ","- ",,,"SANTA CRUZ","SANTA CRUZ",-122.01625823974609,36.966960906982422
9682366,2024,2024-04-19,4403,2024-03-06,1158,278,3-04,3,5,4,4403,0,0,0,,0,003,"BLACKBURN ST","EAST LAKE AV",1.00,S,N,A,-,Y,SCR,5,152,-,-,0.571,I,6,E,Y,4,0,1,2,A,-,10,21950,A,N,G,B,B,A,H,-,A,D,0,Y,,,,Y,,A,07,0,0,1,0,1,0,0,0,0,"- ","- ",,,"SANTA CRUZ",WATSONVILLE,-121.75119781494141,36.916873931884766
9682403,2024,2024-06-20,4402,2024-03-16,1501,132,4402,6,5,5,4402,0,0,0,,0,000,"BEACH ST","PACIFIC AV",12.00,E,N,A,-,N,,,,,,,,,,N,3,0,1,1,A,-,08,22107,,N,E,A,A,A,B,-,A,D,0,,Y,,,Y,,L,04,0,1,0,0,0,0,1,0,0,"- ","- ",,,"SANTA CRUZ","SANTA CRUZ",-122.02406311035156,36.962841033935547
9685218,2024,2024-05-08,4403,2024-03-21,1146,344,438,4,5,4,4403,0,0,0,,0,004,"GREEN VALLEY RD","CAREY AV",10.00,S,N,A,-,N,,,,,,,,,,Y,2,0,1,2,A,-,09,21802,A,F,D,C,A,A,H,-,A,A,0,,,Y,,Y,,D,22,1,0,0,0,0,0,0,0,1,"- ","- ",,,"SANTA CRUZ",WATSONVILLE,-121.77422332763672,36.934181213378906
9685491,2024,2024-06-17,4401,2024-02-13,1611,528,4401,2,5,3,4401,0,0,0,,0,001,"CAPITOLA RD","THOMPSON AVE",0.00,,Y,A,-,N,,,,,,,,,,Y,4,0,2,2,A,-,03,22350,,N,D,C,A,A,H,-,A,D,0,,,,,Y,,A,01,0,0,2,0,0,0,0,0,0,"- ","- ",,,"SANTA CRUZ",CAPITOLA,-121.97093200683594,36.97369384765625
9686847,2024,2024-08-02,4403,2024-06-18,1141,417,2-23,2,5,4,4403,0,0,0,,0,002,"MAIN ST","AUTO CENTER DR",75.00,S,N,A,-,Y,SCR,5,152,-,T,2.130,H,-,W,N,4,0,2,2,A,-,03,22350,,N,C,C,A,A,H,-,A,A,0,,,,,Y,,D,22,0,0,2,0,0,0,0,0,0,"- ","- ",,,"SANTA CRUZ",WATSONVILLE,-121.76782989501953,36.915958404541016
9687698,2024,2024-05-03,4402,2024-03-26,1613,192,4402,2,5,5,4402,0,0,0,,0,000,"SOQUEL AV","CAYUGA ST",0.00,,Y,A,-,N,,,,,,,,,,N,3,0,2,2,A,-,06,21755,,N,D,C,A,A,H,-,A,D,0,,,Y,,Y,,C,02,0,1,1,0,0,0,0,0,2,"- ","- ",,,"SANTA CRUZ","SANTA CRUZ",-122.0118408203125,36.979137420654297
9688049,2024,2024-06-18,4403,2024-04-04,1421,417,429,4,5,4,4403,0,0,0,,0,004,"CLIFFORD AV","PENNSYLVANIA DR",77.00,W,N,A,-,N,,,,,,,,,,N,4,0,1,2,A,-,09,21804,A,N,D,C,A,A,H,-,A,D,0,,,,,Y,,A,01,0,0,1,0,0,0,0,0,0,"- ","- ",,,"SANTA CRUZ",WATSONVILLE,-121.77475738525391,36.922557830810547
9688745,2024,2024-05-09,4402,2024-03-09,"738 ",145,4402,6,5,5,4402,0,0,0,,0,000,"RT 1","WESTERN DR",0.00,,Y,A,F,Y,SCR,5,1,-,-,20.090,I,5,N,Y,3,0,1,2,A,-,12,21453,A,N,D,C,A,A,H,-,A,A,0,,,,Y,Y,,F,27,0,1,0,0,0,0,0,0,0,"- ","- ",,,"SANTA CRUZ","SANTA CRUZ",-122.05667877197266,36.960914611816406
9688782,2024,2024-06-10,4403,2024-04-05,"731 ",417,1-11,5,5,4,4403,0,0,0,,0,001,"RIVERSIDE DR","MARCHANT ST",129.00,W,N,B,-,N,,,,,,,,,,N,4,0,1,2,A,-,09,21804,A,N,D,C,A,B,H,-,A,D,0,,,,,Y,,A,07,0,0,1,0,0,0,0,0,0,"- ","- ",,,"SANTA CRUZ",WATSONVILLE,-121.75070953369141,36.909187316894531
9689187,2024,2024-06-10,4403,2024-04-07,1647,418,2-21,7,5,4,4403,0,0,0,,0,002,"2ND ST","WALKER ST",0.00,,Y,A,-,N,,,,,,,,,,Y,4,0,1,2,A,-,09,21802,A,N,D,D,A,A,H,-,A,A,0,,,,,Y,,A,07,0,0,1,0,0,0,0,0,0,"- ","- ",,,"SANTA CRUZ",WATSONVILLE,-121.75956726074219,36.906444549560547
9689665,2024,2024-05-30,4403,2024-04-09,"758 ",418,224,2,5,4,4403,0,0,0,,0,002,"OHLONE PKWY","LOMA VISTA DR",660.00,N,N,A,-,N,,,,,,,,,,Y,4,0,2,2,A,-,09,21804,A,N,D,D,A,A,H,-,A,A,0,,,,,Y,,A,01,0,0,2,0,0,0,0,0,0,"- ","- ",,,"SANTA CRUZ",WATSONVILLE,-121.77554321289062,36.911613464355469
9689666,2024,2024-05-30,4402,2024-04-01,1707,148,4402,1,5,5,4402,0,0,0,,0,000,"NORTH BRANCIFORTE","WATER ST",161.00,S,N,A,-,N,,,,,,,,,,Y,3,0,2,3,A,-,03,22350,,N,C,C,A,A,H,-,A,D,0,,,,,Y,,A,07,0,2,0,0,0,0,0,0,0,"- ","- ",,,"SANTA CRUZ","SANTA CRUZ",-122.01422882080078,36.981025695800781
9689667,2024,2024-05-30,4402,2024-04-13,"202 ",167,4402,6,5,5,4402,0,0,0,,0,000,"HIGH ST","MOORE ST",11.00,W,N,C,-,N,,,,,,,,,,Y,4,0,1,2,A,-,01,23153,A,N,C,C,A,B,H,-,C,A,0,,,,,Y,Y,A,01,0,0,1,0,0,0,0,0,0,"- ","- ",,,"SANTA CRUZ","SANTA CRUZ",-122.04784393310547,36.97784423828125