CASE_ID,ACCIDENT_YEAR,PROC_DATE,JURIS,COLLISION_DATE,COLLISION_TIME,OFFICER_ID,REPORTING_DISTRICT,DAY_OF_WEEK,CHP_SHIFT,POPULATION,CNTY_CITY_LOC,SPECIAL_COND,BEAT_TYPE,CHP_BEAT_TYPE,CITY_DIVISION_LAPD,CHP_BEAT_CLASS,BEAT_NUMBER,PRIMARY_RD,SECONDARY_RD,DISTANCE,DIRECTION,INTERSECTION,WEATHER_1,WEATHER_2,STATE_HWY_IND,CALTRANS_COUNTY,CALTRANS_DISTRICT,STATE_ROUTE,ROUTE_SUFFIX,POSTMILE_PREFIX,POSTMILE,LOCATION_TYPE,RAMP_INTERSECTION,SIDE_OF_HWY,TOW_AWAY,COLLISION_SEVERITY,NUMBER_KILLED,NUMBER_INJURED,PARTY_COUNT,PRIMARY_COLL_FACTOR,PCF_CODE_OF_VIOL,PCF_VIOL_CATEGORY,PCF_VIOLATION,PCF_VIOL_SUBSECTION,HIT_AND_RUN,TYPE_OF_COLLISION,MVIW,PED_ACTION,ROAD_SURFACE,ROAD_COND_1,ROAD_COND_2,LIGHTING,CONTROL_DEVICE,CHP_ROAD_TYPE,PEDESTRIAN_ACCIDENT,BICYCLE_ACCIDENT,MOTORCYCLE_ACCIDENT,TRUCK_ACCIDENT,NOT_PRIVATE_PROPERTY,ALCOHOL_INVOLVED,STWD_VEHTYPE_AT_FAULT,CHP_VEHTYPE_AT_FAULT,COUNT_SEVERE_INJ,COUNT_VISIBLE_INJ,COUNT_COMPLAINT_PAIN,COUNT_PED_KILLED,COUNT_PED_INJURED,COUNT_BICYCLIST_KILLED,COUNT_BICYCLIST_INJURED,COUNT_MC_KILLED,COUNT_MC_INJURED,PRIMARY_RAMP,SECONDARY_RAMP,LATITUDE,LONGITUDE,COUNTY,CITY,POINT_X,POINT_Y
9689668,2024,2024-05-30,4402,2024-04-13,"708 ",186,4402,6,5,5,4402,0,0,0,,0,000,"3RD ST","KAYE ST",0.00,,Y,C,-,N,,,,,,,,,,Y,3,0,1,1,A,-,08,22107,,N,F,I,A,B,H,-,B,D,0,,,,,Y,,A,01,0,1,0,0,0,0,0,0,0,"- ","- ",,,"SANTA CRUZ","SANTA CRUZ",-122.01625823974609,36.966960906982422
9689669,2024,2024-07-23,4402,2024-04-16,1655,187,4402,2,5,5,4402,0,0,0,,0,000,"WATER ST","SEABRIGHT AV",10.00,W,N,A,-,N,,,,,,,,,,N,3,0,1,2,A,-,09,21802,,F,D,-,A,A,H,-,A,A,0,,,,,Y,,A,01,0,1,0,0,0,0,0,0,0,"- ","- ",,,"SANTA CRUZ","SANTA CRUZ",-122.01081085205078,36.981422424316406
9690385,2024,2024-05-10,4404,2024-03-12,1916,5790,4404,2,5,3,4404,0,0,0,,0,00S,"SCOTTS VALLEY DR","MT HERMON RD",109.00,N,N,A,-,N,,,,,,,,,,N,3,0,1,1,A,-,03,22350,,N,H,G,A,A,H,-,B,D,0,,Y,,,Y,,L,04,0,1,0,0,0,0,1,0,0,"- ","- ",37.043190002441406,-122.02507019042969,"SANTA CRUZ","SCOTTS VALLEY",-122.02489471435547,37.043357849121094
9690778,2024,2024-06-14,4403,2024-04-22,1406,418,107,1,5,4,4403,0,0,0,,0,001,"STANFORD ST","FREREDOM BL",0.00,,Y,B,-,N,,,,,,,,,,,4,0,1,2,A,-,09,21802,A,N,D,D,A,A,H,-,A,A,0,,,,,Y,,A,01,0,0,1,0,0,0,0,0,0,"- ","- ",,,"SANTA CRUZ",WATSONVILLE,-121.76076507568359,36.920356750488281
9690985,2024,2024-05-24,4403,2024-03-07,1854,418,316,4,5,4,4403,0,0,0,,0,003,"LAKE AV","TUTTLE AV",5.00,W,N,A,-,N,,,,,,,,,,N,4,0,1,2,A,-,08,22107,,N,A,C,A,A,H,-,C,A,0,,,,,Y,,A,01,0,0,1,0,0,0,0,0,0,"- ","- ",,,"SANTA CRUZ",WATSONVILLE,-121.74693298339844,36.922386169433594
9691355,2024,2024-04-13,4403,2024-03-13,1558,418,434,3,5,4,4403,0,0,0,,0,004,"FREEDOM BL","ARTHUR RD",50.00,S,N,A,-,N,,,,,,,,,,N,3,0,1,2,A,-,03,22350,,N,C,C,A,A,H,-,A,A,0,,,,,Y,,A,01,0,1,0,0,0,0,0,0,0,"- ","- ",,,"SANTA CRUZ",WATSONVILLE,-121.76747894287109,36.929569244384766
9692888,2024,2024-07-02,4404,2024-05-02,1806,5461,4404,4,5,3,4404,0,0,0,,0,00S,"SCOTTS VALLEY DR","BEAN CREEK RD",0.00,,Y,A,-,N,,,,,,,,,,N,4,0,2,3,A,-,21,22106,,N,C,C,A,A,H,-,A,A,0,,,,,Y,,D,22,0,0,2,0,0,0,0,0,0,"- ","- ",37.044189453125,-122.02362060546875,"SANTA CRUZ","SCOTTS VALLEY",-122.02370452880859,37.044235229492188
9694302,2024,2024-06-26,4401,2024-01-31,1619,531,4401,3,5,3,4401,0,0,0,,0,,"CAPITOLA RD","38TH AV",0.00,,Y,C,-,Y,,,,,,,,,,N,3,0,1,2,A,-,11,21954,A,N,G,B,D,B,H,-,B,A,0,Y,,,,Y,,N,60,0,1,0,0,1,0,0,0,0,"- ","- ",,,"SANTA CRUZ",CAPITOLA,-121.96737670898438,36.973720550537109
9695201,2024,2024-05-02,4404,2024-02-05,2017,5800,4404,1,5,3,4404,0,0,0,,0,00S,"MT HERMON RD","KINGS VILLAGE RD",0.00,,Y,E,-,N,,,,,,,,,,N,2,0,1,2,A,-,10,21950,C,N,G,B,B,A,H,-,C,A,0,Y,,,,Y,,D,22,1,0,0,0,1,0,0,0,0,"- ","- ",37.046001434326172,-122.02822875976562,"SANTA CRUZ","SCOTTS VALLEY",-122.02828979492188,37.046005249023438
9695221,2024,2024-05-02,4404,2024-02-21,1129,5440,4404,3,5,3,4404,0,0,0,,0,00N,"BETHANY DR","SCOTTS VALLEY DR",864.00,N,N,A,-,N,,,,,,,,,,N,3,0,2,2,A,-,05,21460,A,N,B,C,A,A,H,-,A,D,0,,,,,Y,,A,01,0,2,0,0,0,0,0,0,0,"- ","- ",37.069591522216797,-121.99630737304688,"SANTA CRUZ","SCOTTS VALLEY",-121.99602508544922,37.06939697265625
9695370,2024,2024-07-10,4404,2024-04-12,2132,5161,4404,5,5,3,4404,0,0,0,,0,00S,"MT HERMON RD","SCOTTS VALLEY DR",0.00,,Y,A,-,N,,,,,,,,,,Y,3,0,1,2,A,-,09,21453,C,N,D,C,A,A,H,-,C,A,0,,,,,Y,,A,07,0,1,0,0,0,0,0,0,0,"- ","- ",37.043190002441406,-122.02507019042969,"SANTA CRUZ","SCOTTS VALLEY",-122.02519226074219,37.043170928955078
9695382,2024,2024-04-29,4404,2024-01-25,2210,5790,4404,4,5,3,4404,0,0,0,,0,00S,"MT HERMON RD","SCOTTS VALLEY DR",6.00,W,N,A,-,N,,,,,,,,,,Y,3,0,2,2,A,-,01,23152,A,F,D,C,A,A,H,-,C,A,0,,,,,Y,Y,A,01,0,2,0,0,0,0,0,0,0,"- ","- ",37.042999267578125,-122.02449798583984,"SANTA CRUZ","SCOTTS VALLEY",-122.02519989013672,37.043186187744141
9695457,2024,2024-08-28,4404,2024-03-30,2114,5790,4404,6,5,3,4404,0,0,0,,0,00S,"MT HERMON RD","KINGS VILLAGE RD",56.00,W,N,B,-,N,,,,,,,,,,Y,3,0,1,1,D,-,00,,,M,E,I,A,A,H,-,C,A,0,,,,,Y,,-,"- ",0,1,0,0,0,0,0,0,0,"- ","- ",37.046001434326172,-122.02822875976562,"SANTA CRUZ","SCOTTS VALLEY",-122.02845001220703,37.046092987060547
9696228,2024,2024-08-05,4402,2024-04-16,"949 ",830HT,,2,5,5,4402,0,0,0,,0,,"HELLER DR","MEYER DR",0.00,,Y,A,-,N,,,,,,,,,,N,3,0,1,1,A,-,03,22350,,N,H,A,A,A,H,-,A,D,0,,Y,,,Y,,L,04,0,1,0,0,0,0,1,0,0,"- ","- ",36.99530029296875,-122.06346893310547,"SANTA CRUZ","SANTA CRUZ",-122.06352996826172,36.994258880615234
9696239,2024,2024-06-19,4403,2024-04-17,2113,434,306,3,5,4,4403,0,0,0,,0,003,"FREEDOM BL","MARIN ST",0.00,,Y,A,-,N,,,,,,,,,,N,4,0,1,2,A,-,10,21950,A,N,G,B,B,A,H,-,C,A,0,Y,,,,Y,,A,01,0,0,1,0,1,0,0,0,0,"- ","- ",,,"SANTA CRUZ",WATSONVILLE,-121.76262664794922,36.924247741699219
9696571,2024,2024-07-02,4402,2024-05-10,1922,196,4402,5,5,5,4402,0,0,0,,0,000,"RT 1","SHAFFER RD",0.00,,Y,A,-,Y,SCR,5,1,-,-,20.411,I,5,S,Y,2,0,2,1,A,-,05,21651,B,N,E,I,A,A,H,-,A,D,0,,,,,Y,,A,01,1,1,0,0,0,0,0,0,0,"- ","- ",,,"SANTA CRUZ","SANTA CRUZ",-122.062255859375,36.961307525634766
9697928,2024,2024-06-12,4402,2024-04-25,1901,196,4402,4,5,5,4402,0,0,0,,0,000,"KING ST","BAY ST",187.00,E,N,A,-,N,,,,,,,,,,N,3,0,1,2,A,-,04,21703,,N,F,J,A,A,H,-,A,D,0,,Y,,,Y,,L,04,0,1,0,0,0,0,1,0,0,"- ","- ",,,"SANTA CRUZ","SANTA CRUZ",-122.04269409179688,36.968563079833984
9698182,2024,2024-06-18,4402,2024-04-20,1722,196,4402,6,5,5,4402,0,0,0,,0,,"LAUREL ST","WALTI ST",50.00,W,N,A,-,N,,,,,,,,,,N,3,0,1,1,A,-,03,22350,,N,F,A,A,A,H,-,A,D,0,,Y,,,Y,,L,04,0,1,0,0,0,0,1,0,0,"- ","- ",,,"SANTA CRUZ","SANTA CRUZ",-122.03346252441406,36.968441009521484
9698939,2024,2024-06-21,4402,2024-04-12,1538,186,4402,5,5,5,4402,0,0,0,,0,000,"GRANDVIEW ST","SERRA CT",25.00,E,N,A,-,N,,,,,,,,,,N,3,0,1,2,A,-,05,21202,A,N,B,E,A,A,H,-,A,D,0,,Y,,,Y,,L,04,0,1,0,0,0,0,1,0,0,"- ","- ",,,"SANTA CRUZ","SANTA CRUZ",-122.0504150390625,36.9615478515625
9698940,2024,2024-06-24,4402,2024-04-20,"112 ",196,4402,6,5,5,4402,0,0,0,,0,000,"LAUREL ST","BLACKBURN CT",0.00,,Y,A,-,N,,,,,,,,,,Y,2,0,1,1,A,-,01,23152,A,N,E,I,A,A,H,-,C,D,0,,,,,Y,Y,A,01,1,0,0,0,0,0,0,0,0,"- ","- ",,,"SANTA CRUZ","SANTA CRUZ",-122.03141784667969,36.968490600585938
9699433,2024,2024-07-02,4403,2024-05-13,1632,418,304,1,5,4,4403,0,0,0,,0,003,"MARTINELLI ST","BREWINGTON AV",0.00,,Y,A,-,N,,,,,,,,,,Y,4,0,1,2,A,-,01,23152,A,N,D,D,A,A,H,-,A,A,0,,,,,Y,Y,D,22,0,0,1,0,0,0,0,0,0,"- ","- ",,,"SANTA CRUZ",WATSONVILLE,-121.75869750976562,36.92626953125
9699494,2024,2024-06-25,4402,2024-05-11,2321,196,4402,6,5,5,4402,0,0,0,,0,000,"RT 1","PEYTON ST",0.00,,Y,A,-,Y,SCR,5,1,-,-,18.462,I,5,N,N,2,0,1,2,A,-,11,21954,A,N,G,B,D,A,H,-,C,D,0,Y,,,,Y,Y,N,60,1,0,0,0,1,0,0,0,0,"- ","- ",,,"SANTA CRUZ","SANTA CRUZ",-122.03507995605469,36.973037719726562
9699906,2024,2024-08-07,4402,2024-04-20,1507,145,4402,6,5,5,4402,0,0,0,,0,000,"CLIFF DR","JESSIE ST",206.00,N,N,A,-,N,,,,,,,,,,N,3,0,1,1,A,-,03,22350,,N,H,A,A,A,H,-,A,D,0,,Y,,,Y,,M,91,0,1,0,0,0,0,1,0,0,"- ","- ",,,"SANTA CRUZ","SANTA CRUZ",-122.0145263671875,36.968608856201172
9700235,2024,2024-06-26,4402,2024-05-14,1108,192,4402,2,5,5,4402,0,0,0,,0,000,"EAST CLIFF DR","BUENA VISTA AV",0.00,,Y,A,-,N,,,,,,,,,,N,4,0,1,3,A,-,09,21801,,N,D,G,A,A,H,-,A,D,0,,Y,,,Y,,A,08,0,0,1,0,0,0,1,0,0,"- ","- ",,,"SANTA CRUZ","SANTA CRUZ",-122.01283264160156,36.967121124267578
9700236,2024,2024-06-26,4402,2024-05-19,1139,158,4402,7,5,5,4402,0,0,0,,0,000,"EAST LEVEE","EAST CLIFF DR",15.00,S,N,A,-,N,,,,,,,,,,N,3,0,1,1,A,-,08,22107,,N,E,A,A,A,H,-,A,D,0,,Y,,,Y,,L,04,0,1,0,0,0,0,1,0,0,"- ","- ",,,"SANTA CRUZ","SANTA CRUZ",,
9700237,2024,2024-06-26,4402,2024-05-17,1451,132,4402,5,5,5,4402,0,0,0,,0,000,"FRONT ST","SOQUEL AV",143.00,N,N,A,-,N,,,,,,,,,,N,3,0,1,2,A,-,11,21954,A,N,G,B,D,A,H,-,A,D,0,Y,,,,Y,Y,N,60,0,1,0,0,1,0,0,0,0,"- ","- ",,,"SANTA CRUZ","SANTA CRUZ",-122.02471160888672,36.973617553710938
9700254,2024,2024-06-26,4403,2024-05-29,"907 ",T0021,111,3,5,4,4403,0,0,0,,0,001,"RIVERSIDE DR","MARCHANT ST",0.00,,Y,A,-,N,,,,,,,,,,N,4,0,1,2,A,-,09,21802,A,N,D,C,A,A,H,-,A,D,0,,,,,Y,,A,01,0,0,1,0,0,0,0,0,0,"- ","- ",,,"SANTA CRUZ",WATSONVILLE,-121.75038146972656,36.909423828125
9700255,2024,2024-06-27,4403,2024-05-19,1734,341,314,7,5,4,4403,0,0,0,,0,003,"MADISON ST","CALIFORNIA ST",235.00,N,N,A,-,N,,,,,,,,,,Y,3,0,2,3,A,-,08,22107,,N,B,E,A,A,H,-,A,D,0,,,,,Y,,A,01,0,1,1,0,0,0,0,0,0,"- ","- ",,,"SANTA CRUZ",WATSONVILLE,-121.75668334960938,36.919757843017578
9700540,2024,2024-07-10,4403,2024-05-22,1730,398,5-27,3,5,4,4403,0,0,0,,0,005,"HANGAR WY","NIELSON ST",50.00,N,N,A,-,N,,,,,,,,,,Y,3,0,1,1,A,-,03,22350,,N,H,A,A,A,H,-,A,D,0,,,Y,,Y,,C,02,0,1,0,0,0,0,0,0,1,"- ","- ",,,"SANTA CRUZ",WATSONVILLE,-121.79100036621094,36.928485870361328
9701003,2024,2024-06-11,4401,2024-04-17,1912,528,4401,3,5,3,4401,0,0,0,,0,005,"41ST AV","41ST AV 2100",0.00,,N,-,-,N,,,,,,,,,,N,4,0,1,2,A,-,08,22107,,N,B,G,A,A,H,-,B,D,0,,Y,,,Y,,D,22,0,0,1,0,0,0,1,0,0,"- ","- ",,,"SANTA CRUZ",CAPITOLA,,
9701015,2024,2024-06-11,4401,2024-04-17,1226,523,4401,3,5,3,4401,0,0,0,,0,,"CAPITOLA RD","30TH AV",135.00,E,N,A,-,N,,,,,,,,,,Y,4,0,1,3,A,-,03,22350,,N,C,C,A,A,H,-,A,A,0,,,,,Y,,B,01,0,0,1,0,0,0,0,0,0,"- ","- ",,,"SANTA CRUZ",CAPITOLA,-121.97275543212891,36.973690032958984
9701105,2024,2024-07-24,4402,2024-05-12,2500,192,4402,7,5,5,4402,0,0,0,,0,000,"SWIFT ST","MCPHERSON ST",130.00,S,N,A,-,N,,,,,,,,,,N,4,0,1,2,A,-,03,22350,,F,G,B,D,A,H,-,A,D,0,Y,,,,Y,,D,22,0,0,1,0,1,0,0,0,0,"- ","- ",,,"SANTA CRUZ","SANTA CRUZ",-122.04921722412109,36.959693908691406
9701132,2024,2024-07-19,4402,2024-05-16,1959,134,4402,4,5,5,4402,0,0,0,,0,000,"OCEAN ST","RT 1",0.00,,Y,B,F,Y,SCR,5,1,-,-,17.331,R,4,S,Y,4,0,2,2,A,-,09,21804,A,N,D,C,A,A,H,-,A,D,0,,,,,Y,,D,22,0,0,2,0,0,0,0,0,0,"- ","- ",,,"SANTA CRUZ","SANTA CRUZ",-122.02601623535156,36.985469818115234
9701136,2024,2024-07-24,4402,2024-05-26,2234,148,4402,7,5,5,4402,0,0,0,,0,000,"ALMAR AV","INGALLS ST",92.00,S,N,A,-,N,,,,,,,,,,Y,2,0,1,2,A,-,01,23152,A,F,C,E,A,A,H,-,D,D,0,,,,,Y,Y,D,22,1,0,0,0,0,0,0,0,0,"- ","- ",,,"SANTA CRUZ","SANTA CRUZ",-122.04327392578125,36.959209442138672
9701360,2024,2024-07-25,4403,2024-05-30,1537,T0021,403,4,5,4,4403,0,0,0,,0,004,"MAIN ST","OHLONE PKWY",0.00,,Y,A,-,N,,,,,,,,,,N,4,0,1,2,A,-,08,22107,,N,B,C,A,A,H,-,A,D,0,,,,,Y,,D,22,0,0,1,0,0,0,0,0,0,"- ","- ",,,"SANTA CRUZ",WATSONVILLE,-121.77700805664062,36.917442321777344
9702063,2024,2024-07-17,4403,2024-05-23,"906 ",T0019,2-24,4,5,4,4403,0,0,0,,0,002,"BEACH ST","INDUSTRIAL RD",0.00,,Y,A,-,N,,,,,,,,,,Y,2,0,1,2,A,-,09,21802,A,N,D,C,A,A,H,-,A,A,0,,,,,Y,,A,01,1,0,0,0,0,0,0,0,0,"- ","- ",,,"SANTA CRUZ",WATSONVILLE,-121.76973724365234,36.903617858886719
9702127,2024,2024-06-21,4403,2024-05-16,1343,T0019,1-09,4,5,4,4403,0,0,0,,0,002,"MAIN ST","CENTRAL AV",0.00,,Y,A,-,N,,,,,,,,,,N,4,0,1,2,A,-,03,22350,,N,C,C,A,A,H,-,A,A,0,,,,,Y,,A,08,0,0,1,0,0,0,0,0,0,"- ","- ",,,"SANTA CRUZ",WATSONVILLE,-121.75466156005859,36.908271789550781
9702326,2024,2024-07-22,4402,2024-06-12,1612,192,4402,3,5,5,4402,0,0,0,,0,000,"RT 1","TRESCONY ST",0.00,,Y,A,-,Y,SCR,5,1,-,-,18.940,I,5,N,Y,4,0,2,2,A,-,09,21802,A,N,D,C,A,A,H,-,A,A,0,,,,,Y,,A,01,0,0,2,0,0,0,0,0,0,"- ","- ",,,"SANTA CRUZ","SANTA CRUZ",-122.03954315185547,36.967170715332031
9702330,2024,2024-07-18,4402,2024-06-10,2137,148,4402,1,5,5,4402,0,0,0,,0,000,"RT 1","RT 9",0.00,,Y,A,-,Y,SCR,5,1,-,-,17.560,I,5,N,N,2,0,1,2,A,-,11,21453,D,N,B,B,B,A,H,-,C,A,0,Y,,,,Y,,N,60,1,0,0,0,1,0,0,0,0,"- ","- ",,,"SANTA CRUZ","SANTA CRUZ",-122.02981567382812,36.9844970703125
9702817,2024,2024-07-24,4402,2024-05-28,1513,192,4402,2,5,5,4402,0,0,0,,0,000,"LINCOLN ST","CHESTNUT ST",390.00,W,N,A,-,N,,,,,,,,,,N,3,0,1,2,A,-,03,22350,,N,C,G,A,A,H,-,A,D,0,,Y,,,Y,,L,04,0,1,0,0,0,0,1,0,0,"- ","- ",,,"SANTA CRUZ","SANTA CRUZ",-122.03178405761719,36.971580505371094
9702818,2024,2024-07-24,4402,2024-05-24,1236,186,4402,5,5,5,4402,0,0,0,,0,000,"WATER ST","CATALPA ST",123.00,W,N,A,-,N,,,,,,,,,,N,3,0,1,2,A,-,09,21801,A,N,D,G,A,A,H,-,A,D,0,,Y,,,Y,,A,07,0,1,0,0,0,0,1,0,0,"- ","- ",,,"SANTA CRUZ","SANTA CRUZ",-122.0096435546875,36.981403350830078
9702819,2024,2024-07-24,4402,2024-05-20,1629,192,4402,1,5,5,4402,0,0,0,,0,000,"WATER ST","POPLAR AV",9.00,W,N,A,-,N,,,,,,,,,,N,4,0,1,2,A,-,08,22107,,N,D,G,A,A,H,-,A,A,0,,Y,,,Y,,A,01,0,0,1,0,0,0,1,0,0,"- ","- ",,,"SANTA CRUZ","SANTA CRUZ",-122.00822448730469,36.981399536132812
9702820,2024,2024-07-24,4402,2024-05-20,1735,135,4402,1,5,5,4402,0,0,0,,0,000,BROADWAY,"DARWIN ST",0.00,,Y,A,-,N,,,,,,,,,,N,3,0,2,2,A,-,12,22450,,N,D,G,A,A,H,-,A,A,0,,Y,,,Y,,L,04,0,2,0,0,0,0,2,0,0,"- ","- ",,,"SANTA CRUZ","SANTA CRUZ",-122.00599670410156,36.975925445556641
9703181,2024,2024-07-30,4402,2024-05-27,1911,148,4402,1,5,5,4402,0,0,0,,0,000,"LAUREL ST","WALTI ST",35.00,W,N,A,-,N,,,,,,,,,,N,2,0,1,1,A,-,03,22350,,N,F,A,A,A,H,-,A,D,0,,Y,,,Y,Y,L,04,1,0,0,0,0,0,1,0,0,"- ","- ",,,"SANTA CRUZ","SANTA CRUZ",-122.03340911865234,36.968433380126953
9703843,2024,2024-07-03,4403,2024-06-17,1918,387,539,1,5,4,4403,0,0,0,,0,005,"HOLLY DR","AIRPORT RD",189.00,W,N,A,-,N,,,,,,,,,,Y,2,0,2,2,A,-,01,23152,A,N,F,E,A,A,H,-,A,D,0,,,,,Y,Y,A,01,1,0,1,0,0,0,0,0,0,"- ","- ",,,"SANTA CRUZ",WATSONVILLE,-121.78151702880859,36.931175231933594
9704011,2024,2024-07-22,4404,2024-05-24,1255,5600,4404,5,5,3,4404,0,0,0,,0,NORTH,"MT HERMON RD","LA MADRONA DR",0.00,,Y,A,-,N,,,,,,,,,,Y,2,0,1,2,A,-,12,21453,A,N,D,C,A,A,H,-,A,A,0,,,,,Y,,A,01,1,0,0,0,0,0,0,0,0,"- ","- ",37.037139892578125,-122.02200317382812,"SANTA CRUZ","SCOTTS VALLEY",-122.02204132080078,37.037044525146484
9704012,2024,2024-07-22,4402,2024-05-25,2312,148,4402,6,5,5,4402,0,0,0,,0,000,"SOQUEL AV","CAPITOLA RD",0.00,,Y,A,-,N,,,,,,,,,,Y,4,0,2,3,A,-,12,21453,A,N,D,C,A,A,H,-,A,A,0,,,,,Y,,A,01,0,0,2,0,0,0,0,0,0,"- ","- ",,,"SANTA CRUZ","SANTA CRUZ",-121.99741363525391,36.981925964355469
9704339,2024,2024-08-12,4403,2024-06-05,"937 ",T0021,527,3,5,4,4403,0,0,0,,0,005,"ANNA ST","HANGAR WY",0.00,,Y,A,-,N,,,,,,,,,,Y,3,0,1,2,A,-,09,21802,A,N,D,C,A,A,H,-,A,A,0,,,,,Y,,A,01,0,1,0,0,0,0,0,0,0,"- ","- ",,,"SANTA CRUZ",WATSONVILLE,-121.79080963134766,36.925937652587891
9704378,2024,2024-07-25,4402,2024-05-12,2012,148,4402,7,5,5,4402,0,0,0,,0,000,"BAY DR","ESCALONA DR",200.00,N,N,A,-,N,,,,,,,,,,N,3,0,1,1,A,-,03,22350,,N,H,A,A,A,H,-,B,D,0,,Y,,,Y,,L,04,0,1,0,0,0,0,1,0,0,"- ","- ",,,"SANTA CRUZ","SANTA CRUZ",-122.04657745361328,36.969902038574219
9705626,2024,2024-10-04,4404,2024-06-22,2328,5790,4404,6,5,3,4404,0,0,0,,0,00S,"MT HERMON RD","WHISPERING PINES DR",0.00,,Y,A,-,N,,,,,,,,,,N,3,0,2,2,A,-,09,21453,C,N,A,C,A,A,H,-,C,A,0,,,,,Y,,A,01,0,2,0,0,0,0,0,0,0,"- ","- ",37.043228149414062,-122.02607727050781,"SANTA CRUZ","SCOTTS VALLEY",-122.02538299560547,37.043098449707031
9705647,2024,2024-08-23,4402,2024-06-16,1653,148,4402,7,5,5,4402,0,0,0,,0,000,"SAN LORENZO BL","BIXBY ST",100.00,W,N,A,-,N,,,,,,,,,,N,2,0,1,1,A,-,08,22107,,N,H,A,A,A,H,-,A,D,0,,,Y,,Y,,C,03,1,0,0,0,0,0,0,0,1,"- ","- ",,,"SANTA CRUZ","SANTA CRUZ",-122.01747131347656,36.96893310546875
9705648,2024,2024-08-23,4402,2024-06-23,"951 ",192,SANTA,7,5,5,4402,0,0,0,,0,000,BRANCIFORTE,"DAHLIA ST",174.00,N,N,A,-,N,,,,,,,,,,N,4,0,1,2,A,-,08,22107,,N,B,E,A,A,H,-,A,D,0,,Y,,,Y,,L,04,0,0,1,0,0,0,1,0,0,"- ","- ",,,"SANTA CRUZ","SANTA CRUZ",-122.01304626464844,36.983749389648438
9706382,2024,2024-06-25,4403,2024-05-24,"30  ",398,5-28,5,5,4,4403,0,0,0,,0,005,"HONEYSUCKLE DR","ROSEMONT CT",33.00,S,N,A,-,N,,,,,,,,,,Y,3,0,1,3,A,-,01,23152,A,N,B,E,A,A,H,-,C,D,0,,,,,Y,Y,A,01,0,1,0,0,0,0,0,0,0,"- ","- ",,,"SANTA CRUZ",WATSONVILLE,-121.78147888183594,36.928306579589844
9706671,2024,2024-07-29,4403,2024-07-02,1335,353,,2,5,4,4403,0,0,0,,0,,"LAKE AV","TUTTLE AV",0.00,,Y,A,-,Y,SCR,5,152,-,-,1.040,I,5,E,N,4,0,1,2,A,-,10,21950,A,F,G,B,B,A,H,-,A,A,0,Y,,,,Y,,A,01,0,0,1,0,1,0,0,0,0,"- ","- ",,,"SANTA CRUZ",WATSONVILLE,-121.74687194824219,36.922405242919922
9707793,2024,2024-08-13,4403,2024-06-12,"630 ",T0021,224,3,5,4,4403,0,0,0,,0,002,"BEACH ST","LEE RD",442.00,E,N,A,-,N,,,,,,,,,,N,4,0,1,3,A,-,03,22350,,N,C,C,A,A,H,-,A,D,0,,,,,Y,,A,01,0,0,1,0,0,0,0,0,0,"- ","- ",,,"SANTA CRUZ",WATSONVILLE,-121.77735137939453,36.897953033447266
9707838,2024,2024-07-10,4402,2024-05-09,1549,186,4402,4,5,5,4402,0,0,0,,0,000,"MISSION ST","WESTERN DR",655.00,E,N,A,-,N,,,,,,,,,,N,3,0,1,2,A,-,00,21760,B,N,B,G,A,A,H,-,A,D,0,,Y,,,Y,,D,22,0,1,0,0,0,0,1,0,0,"- ","- ",,,"SANTA CRUZ","SANTA CRUZ",-122.05443572998047,36.959815979003906
9708774,2024,2024-08-01,4401,2024-06-12,1216,527,4401,3,5,3,4401,0,0,0,,0,,"41ST AV","CAPITOLA RD",312.00,N,N,A,-,N,,,,,,,,,,N,3,0,1,2,A,-,09,21804,A,N,E,G,A,A,H,-,A,A,0,,Y,,,Y,,L,04,0,1,0,0,0,0,1,0,0,"- ","- ",,,"SANTA CRUZ",CAPITOLA,-121.96501922607422,36.974578857421875
9708919,2024,2024-08-21,4402,2024-06-28,1639,196,4402,5,5,5,4402,0,0,0,,0,000,"WATER ST","NORTH PACIFIC AV",0.00,,Y,A,-,N,,,,,,,,,,N,4,0,1,2,A,-,12,21453,A,N,D,-,A,A,H,-,A,A,0,,,,,Y,,A,01,0,0,1,0,0,0,0,0,0,"- ","- ",,,"SANTA CRUZ","SANTA CRUZ",-122.02712249755859,36.977020263671875
9708920,2024,2024-08-02,4402,2024-06-29,1503,186,4402,6,5,5,4402,0,0,0,,0,000,"POPLAR AV","MELROSE AV",145.00,S,N,A,-,N,,,,,,,,,,N,2,0,1,2,A,-,00,21760,B,F,B,G,A,A,H,-,A,D,0,,Y,,,Y,,A,01,1,0,0,0,0,0,1,0,0,"- ","- ",,,"SANTA CRUZ","SANTA CRUZ",-122.00831604003906,36.982513427734375
9708990,2024,2024-08-02,4403,2024-06-21,1829,388,306,5,5,4,4403,0,0,0,,0,003,"FREEDOM BL","MILES LN",0.00,,Y,A,-,N,,,,,,,,,,N,4,0,2,3,A,-,05,21650,1,M,D,G,A,A,H,-,A,D,0,,Y,,,Y,,L,04,0,0,2,0,0,0,2,0,0,"- ","- ",,,"SANTA CRUZ",WATSONVILLE,-121.76165771484375,36.922931671142578
9709181,2024,2024-08-21,4402,2024-07-06,1632,186,4402,6,5,5,4402,0,0,0,,0,000,"FRONT ST","SPRUCE ST",0.00,,Y,A,-,N,,,,,,,,,,N,4,0,1,2,A,-,09,21802,A,N,D,C,A,A,H,-,A,D,0,,,,,Y,,A,01,0,0,1,0,0,0,0,0,0,"- ","- ",,,"SANTA CRUZ","SANTA CRUZ",-122.02362823486328,36.968509674072266
9709218,2024,2024-08-21,4402,2024-07-03,1030,154,4402,3,5,5,4402,0,0,0,,0,000,"BEACH ST","CLIFF ST",0.00,,Y,A,-,N,,,,,,,,,,N,3,0,1,1,A,-,08,22107,,N,H,A,A,A,G,-,A,D,0,,Y,,,Y,,L,04,0,1,0,0,0,0,1,0,0,"- ","- ",,,"SANTA CRUZ","SANTA CRUZ",-122.02017974853516,36.964168548583984