CASE_ID,ACCIDENT_YEAR,PROC_DATE,JURIS,COLLISION_DATE,COLLISION_TIME,OFFICER_ID,REPORTING_DISTRICT,DAY_OF_WEEK,CHP_SHIFT,POPULATION,CNTY_CITY_LOC,SPECIAL_COND,BEAT_TYPE,CHP_BEAT_TYPE,CITY_DIVISION_LAPD,CHP_BEAT_CLASS,BEAT_NUMBER,PRIMARY_RD,SECONDARY_RD,DISTANCE,DIRECTION,INTERSECTION,WEATHER_1,WEATHER_2,STATE_HWY_IND,CALTRANS_COUNTY,CALTRANS_DISTRICT,STATE_ROUTE,ROUTE_SUFFIX,POSTMILE_PREFIX,POSTMILE,LOCATION_TYPE,RAMP_INTERSECTION,SIDE_OF_HWY,TOW_AWAY,COLLISION_SEVERITY,NUMBER_KILLED,NUMBER_INJURED,PARTY_COUNT,PRIMARY_COLL_FACTOR,PCF_CODE_OF_VIOL,PCF_VIOL_CATEGORY,PCF_VIOLATION,PCF_VIOL_SUBSECTION,HIT_AND_RUN,TYPE_OF_COLLISION,MVIW,PED_ACTION,ROAD_SURFACE,ROAD_COND_1,ROAD_COND_2,LIGHTING,CONTROL_DEVICE,CHP_ROAD_TYPE,PEDESTRIAN_ACCIDENT,BICYCLE_ACCIDENT,MOTORCYCLE_ACCIDENT,TRUCK_ACCIDENT,NOT_PRIVATE_PROPERTY,ALCOHOL_INVOLVED,STWD_VEHTYPE_AT_FAULT,CHP_VEHTYPE_AT_FAULT,COUNT_SEVERE_INJ,COUNT_VISIBLE_INJ,COUNT_COMPLAINT_PAIN,COUNT_PED_KILLED,COUNT_PED_INJURED,COUNT_BICYCLIST_KILLED,COUNT_BICYCLIST_INJURED,COUNT_MC_KILLED,COUNT_MC_INJURED,PRIMARY_RAMP,SECONDARY_RAMP,LATITUDE,LONGITUDE,COUNTY,CITY,POINT_X,POINT_Y
9709220,2024,2024-08-21,4402,2024-07-03,1103,192,4402,3,5,5,4402,0,0,0,,0,000,"LAUREL ST","CALIFORNIA ST",233.00,W,N,A,-,N,,,,,,,,,,N,4,0,1,2,A,-,08,22107,,N,B,G,A,A,H,-,A,D,0,,Y,,,Y,,A,08,0,0,1,0,0,0,1,0,0,"- ","- ",,,"SANTA CRUZ","SANTA CRUZ",-122.03557586669922,36.969123840332031
9709481,2024,2024-08-02,4402,2024-06-30,2308,148,4402,7,5,5,4402,0,0,0,,0,000,"OCEAN ST","BARSON ST",31.00,S,N,A,-,N,,,,,,,,,,Y,4,0,1,2,A,-,08,22107,,M,C,C,A,A,H,-,C,D,0,,,,,Y,,A,01,0,0,1,0,0,0,0,0,0,"- ","- ",,,"SANTA CRUZ","SANTA CRUZ",-122.01717376708984,36.970829010009766
9709502,2024,2024-07-30,4402,2024-07-08,1258,192,4402,1,5,5,4402,0,0,0,,0,000,"MISSION ST","BURKETT ST",3.00,E,N,A,-,N,,,,,,,,,,N,3,0,1,1,A,-,08,22107,,N,H,A,A,A,H,-,A,D,0,,Y,,,Y,,L,04,0,1,0,0,0,0,1,0,0,"- ","- ",,,"SANTA CRUZ","SANTA CRUZ",-122.05898284912109,36.959789276123047
9709503,2024,2024-07-30,4402,2024-07-07,2130,148,4402,7,5,5,4402,0,0,0,,0,000,"CAPITOLA RD","SOQUEL AV",45.00,S,N,A,-,N,,,,,,,,,,N,4,0,2,2,A,-,08,22107,,N,B,C,A,A,H,-,C,D,0,,,,,Y,,A,07,0,0,2,0,0,0,0,0,0,"- ","- ",,,"SANTA CRUZ","SANTA CRUZ",-121.99741363525391,36.981929779052734
9709779,2024,2024-08-21,4403,2024-07-16,1700,387,525,2,5,4,4403,0,0,0,,0,005,"HARKINS SLOUGH RD","QUIET MEADOW DR",0.00,,Y,A,-,N,,,,,,,,,,N,4,0,2,2,A,-,09,21801,,N,D,C,A,A,H,-,A,A,0,,,,,Y,,A,01,0,0,2,0,0,0,0,0,0,"- ","- ",,,"SANTA CRUZ",WATSONVILLE,-121.78224945068359,36.914905548095703
9709791,2024,2024-08-20,4401,2024-07-20,1018,484,4401,6,5,3,4401,0,0,0,,0,008,"MONTEREY AV","ELINOR ST",120.00,S,N,A,-,N,,,,,,,,,,N,4,0,1,2,A,-,17,22517,,N,H,G,A,A,H,-,A,D,0,,Y,,,Y,,A,01,0,0,1,0,0,0,1,0,0,"- ","- ",,,"SANTA CRUZ",CAPITOLA,-121.94474792480469,36.981517791748047
9709813,2024,2024-08-22,4402,2024-07-11,1844,196,4402,4,5,5,4402,0,0,0,,0,000,"FAIRMOUNT AV","MORRISSEY BL",307.00,W,N,A,-,N,,,,,,,,,,N,4,0,1,2,A,-,17,22517,,N,B,G,A,A,H,-,A,D,0,,Y,,,Y,,A,01,0,0,1,0,0,0,1,0,0,"- ","- ",,,"SANTA CRUZ","SANTA CRUZ",-122.00506591796875,36.987358093261719
9709814,2024,2024-08-22,4402,2024-07-17,1310,192,4402,3,5,5,4402,0,0,0,,0,000,"DARWIN ST",BROADWAY,152.00,S,N,A,-,N,,,,,,,,,,N,3,0,1,1,A,-,03,22350,,N,H,A,A,A,A,B,A,D,0,,Y,,,Y,,L,04,0,1,0,0,0,0,1,0,0,"- ","- ",,,"SANTA CRUZ","SANTA CRUZ",-122.00582885742188,36.97552490234375
9709815,2024,2024-08-22,4402,2024-07-17,1324,192,4402,3,5,5,4402,0,0,0,,0,000,BROADWAY,"PENNSYLVANIA AV",0.00,,Y,A,-,N,,,,,,,,,,Y,3,0,1,2,A,-,12,22450,,N,D,C,A,A,H,-,A,A,0,,,,,Y,,A,07,0,1,0,0,0,0,0,0,0,"- ","- ",,,"SANTA CRUZ","SANTA CRUZ",-122.01169586181641,36.975059509277344
9709816,2024,2024-09-04,4402,2024-07-17,1325,192,4402,3,5,5,4402,0,0,0,,0,000,"OCEAN ST",BROADWAY,300.00,S,N,A,-,N,,,,,,,,,,N,3,0,1,2,A,-,04,21703,,N,C,C,A,A,H,-,A,D,0,,,,,Y,,A,01,0,1,0,0,0,0,0,0,0,"- ","- ",,,"SANTA CRUZ","SANTA CRUZ",-122.01792907714844,36.972545623779297
9709817,2024,2024-08-22,4402,2024-07-01,1809,148,4402,1,5,5,4402,0,0,0,,0,000,"NORTH BRANCIFORTE","SOQUEL AV",0.00,,Y,A,-,N,,,,,,,,,,Y,4,0,2,2,A,-,17,21451,A,N,D,C,A,A,H,-,A,A,0,,,,,Y,,A,01,0,0,2,0,0,0,0,0,0,"- ","- ",,,"SANTA CRUZ","SANTA CRUZ",-122.01593780517578,36.976940155029297
9710534,2024,2024-08-20,4402,2024-07-03,1436,192,4402,3,5,5,4402,0,0,0,,0,000,"SEABRIGHT AV","LOGAN ST",30.00,N,N,A,-,N,,,,,,,,,,N,4,0,1,3,A,-,21,22106,,N,C,C,A,A,H,-,A,A,0,,,Y,,Y,,A,01,0,0,1,0,0,0,0,0,1,"- ","- ",,,"SANTA CRUZ","SANTA CRUZ",-122.00795745849609,36.968433380126953
9710538,2024,2024-08-06,4402,2024-06-28,"150 ",177,4402,5,5,5,4402,0,0,0,,0,000,"CEDAR ST","WALNUT AV",43.00,S,N,A,-,N,,,,,,,,,,Y,4,0,2,2,A,-,01,23152,A,N,C,E,A,A,H,-,C,D,0,,,,Y,Y,Y,A,07,0,0,2,0,0,0,0,0,0,"- ","- ",,,"SANTA CRUZ","SANTA CRUZ",-122.02714538574219,36.973213195800781
9710542,2024,2024-08-01,4402,2024-06-24,1918,148,4402,1,5,5,4402,0,0,0,,0,000,"WATER ST","MARKET ST",320.00,E,N,A,-,N,,,,,,,,,,Y,3,0,1,2,A,-,09,21804,A,N,D,C,A,A,H,-,A,D,0,,,Y,,Y,,D,22,0,1,0,0,0,0,0,0,1,"- ","- ",,,"SANTA CRUZ","SANTA CRUZ",-122.01801300048828,36.980712890625
9710559,2024,2024-08-08,4402,2024-06-28,2102,196,4402,5,5,5,4402,0,0,0,,0,000,"RT 1","RT 9",0.00,,Y,A,-,Y,SCR,5,1,-,-,17.560,I,5,S,N,3,0,1,2,A,-,12,21453,A,N,D,G,A,A,H,-,C,A,0,,Y,,,Y,,L,04,0,1,0,0,0,0,1,0,0,"- ","- ",,,"SANTA CRUZ","SANTA CRUZ",-122.02977752685547,36.984352111816406
9710966,2024,2024-08-06,4401,2024-06-25,1345,525,4401,2,5,3,4401,0,0,0,,0,,"CAPITOLA RD","41ST AV",15.00,E,N,A,-,N,,,,,,,,,,N,4,0,1,2,A,-,03,22350,,N,C,C,A,A,H,-,A,A,0,,,,Y,Y,,F,26,0,0,1,0,0,0,0,0,0,"- ","- ",,,"SANTA CRUZ",CAPITOLA,-121.96495056152344,36.973720550537109
9711000,2024,2024-08-20,4403,2024-07-11,1626,434,4,4,5,4,4403,0,0,0,,0,004,"CLIFFORD AV","MONTEBELLO DR",0.00,,Y,A,-,N,,,,,,,,,,Y,4,0,1,3,A,-,03,22350,,N,C,C,A,A,H,-,A,D,0,,,,,Y,,A,01,0,0,1,0,0,0,0,0,0,"- ","- ",,,"SANTA CRUZ",WATSONVILLE,-121.77587890625,36.919044494628906
9711573,2024,2024-08-28,4403,2024-07-31,1749,396,,3,5,4,4403,0,0,0,,0,002,"OHLONE PKWY","MAIN ST",478.00,W,N,A,-,N,,,,,,,,,,N,3,0,1,2,A,-,10,21954,B,N,G,B,D,A,H,-,A,D,0,Y,,,,Y,,A,01,0,1,0,0,1,0,0,0,0,"- ","- ",,,"SANTA CRUZ",WATSONVILLE,-121.77761077880859,36.916244506835938
9711592,2024,2024-08-30,4403,2024-08-02,1324,341,305,5,5,4,4403,0,0,0,,0,003,"PROSPECT ST","MADISON ST",0.00,,Y,A,-,N,,,,,,,,,,N,4,0,2,2,A,-,09,21802,A,N,D,C,A,A,H,-,A,A,0,,,,,Y,,A,07,0,0,2,0,0,0,0,0,0,"- ","- ",,,"SANTA CRUZ",WATSONVILLE,-121.75965881347656,36.923229217529297
9711911,2024,2024-09-06,4402,2024-08-11,1624,192,4402,7,5,5,4402,0,0,0,,0,000,"RIVER ST","MORA ST",75.00,N,N,A,-,N,,,,,,,,,,N,3,0,1,1,A,-,03,22350,,N,E,I,A,A,H,-,A,D,0,,Y,,,Y,,L,04,0,1,0,0,0,0,1,0,0,"- ","- ",,,"SANTA CRUZ","SANTA CRUZ",-122.02875518798828,36.980667114257812
9711912,2024,2024-09-06,4402,2024-08-10,1406,186,4402,6,5,5,4402,0,0,0,,0,000,"BROMMER ST","SANTA CRUZ HARBOR PATH",100.00,N,N,A,-,N,,,,,,,,,,N,3,0,1,1,A,-,08,22107,,N,F,A,A,A,H,-,A,D,0,,Y,,,Y,,L,04,0,1,0,0,0,0,1,0,0,"- ","- ",,,"SANTA CRUZ","SANTA CRUZ",,
9711913,2024,2024-09-06,4402,2024-08-08,1559,160,4402,4,5,5,4402,0,0,0,,0,000,"LA FONDA AV","RT 1",425.00,S,N,A,-,N,,,,,,,,,,N,4,0,2,2,A,-,08,22103,,N,D,G,A,A,H,-,A,D,0,,Y,,,Y,,A,01,0,0,2,0,0,0,2,0,0,"- ","- ",,,"SANTA CRUZ","SANTA CRUZ",-121.9935302734375,36.987319946289062
9711914,2024,2024-09-06,4402,2024-08-07,1432,186,4402,3,5,5,4402,0,0,0,,0,000,"CENTER ST","MISSION ST",65.00,S,N,A,-,N,,,,,,,,,,N,4,0,1,2,A,-,04,21703,,N,C,C,A,A,H,-,A,A,0,,,,,Y,,A,07,0,0,1,0,0,0,0,0,0,"- ","- ",,,"SANTA CRUZ","SANTA CRUZ",-122.02798461914062,36.976711273193359
9711915,2024,2024-09-06,4402,2024-08-01,1538,186,4402,4,5,5,4402,0,0,0,,0,000,"BAY ST","LAGUNA ST",0.00,,Y,-,-,N,,,,,,,,,,N,2,0,1,2,A,-,04,21703,,N,C,G,A,A,H,-,A,D,0,,Y,,,Y,,L,04,1,0,0,0,0,0,1,0,0,"- ","- ",,,"SANTA CRUZ","SANTA CRUZ",-122.02909088134766,36.960498809814453
9713012,2024,2024-08-14,4403,2024-06-04,1806,409,,2,5,4,4403,0,0,0,,0,,"MARCHANT ST","GRANTS ST",0.00,,Y,A,-,N,,,,,,,,,,N,3,0,1,2,A,-,12,22450,A,N,H,G,A,A,H,-,A,A,0,,Y,,,Y,,L,04,0,1,0,0,0,0,1,0,0,"- ","- ",,,"SANTA CRUZ",WATSONVILLE,-121.75198364257812,36.910835266113281
9713497,2024,2024-07-11,4403,2024-06-11,1027,417,223,2,5,4,4403,0,0,0,,0,002,"HARKINS SLOUGH RD","BAYVIEW DR",75.00,S,N,A,-,N,,,,,,,,,,Y,3,0,2,2,A,-,08,22107,,N,A,C,A,A,H,-,A,D,0,,,,,Y,,A,07,0,1,1,0,0,0,0,0,0,"- ","- ",,,"SANTA CRUZ",WATSONVILLE,-121.77377319335938,36.913963317871094
9713498,2024,2024-07-11,4403,2024-05-27,2100,417,401,1,5,4,4403,0,0,0,,0,004,"GREEN VALLEY RD","FREEDOM BL",270.00,N,N,A,-,N,,,,,,,,,,Y,2,0,1,2,A,-,09,21801,A,N,D,C,A,A,H,-,A,D,0,,,Y,,Y,,A,01,1,0,0,0,0,0,0,0,1,"- ","- ",,,"SANTA CRUZ",WATSONVILLE,-121.77285766601562,36.935657501220703
9716699,2024,2024-08-13,4403,2024-06-16,1521,T0021,220,7,5,4,4403,0,0,0,,0,002,"LAKE AV","RODRIGUEZ ST",0.00,,Y,B,-,N,,,,,,,,,,N,3,0,1,1,C,-,18,,,N,E,A,A,A,B,-,A,D,0,,Y,,,Y,,-,"- ",0,1,0,0,0,0,1,0,0,"- ","- ",,,"SANTA CRUZ",WATSONVILLE,-121.76019287109375,36.910324096679688
9718174,2024,2024-09-26,4401,2024-07-12,1235,531,4401,5,5,3,4401,0,0,0,,0,,"PARK AV","MCGREGOR DR",0.00,,Y,A,-,N,,,,,,,,,,N,4,0,1,2,A,-,09,21800,A,N,D,G,A,A,H,-,A,A,0,,Y,,,Y,,A,07,0,0,1,0,0,0,1,0,0,"- ","- ",,,"SANTA CRUZ",CAPITOLA,-121.93781280517578,36.982315063476562
9718203,2024,2024-08-28,4403,2024-07-21,1630,T0022,3-15,7,5,4,4403,0,0,0,,0,003,"BEACH ST","LINCOLN ST",10.00,E,N,A,-,Y,SCR,5,152,-,-,0.257,I,6,E,Y,3,0,1,1,A,-,01,23152,A,N,E,I,A,A,H,-,A,A,0,,,,,Y,Y,A,01,0,1,0,0,0,0,0,0,0,"- ","- ",,,"SANTA CRUZ",WATSONVILLE,-121.75221252441406,36.913661956787109
9719159,2024,2024-08-30,4402,2024-07-17,1634,192,4402,3,5,5,4402,0,0,0,,0,000,"MORRISSEY BL","SOQUEL AV",0.00,,N,A,-,N,,,,,,,,,,Y,4,0,1,2,A,-,17,21451,A,N,A,C,A,A,H,-,A,A,0,,,,,Y,,A,01,0,0,1,0,0,0,0,0,0,"- ","- ",,,"SANTA CRUZ","SANTA CRUZ",-122.00687408447266,36.981349945068359
9719255,2024,2024-08-26,4403,2024-07-06,1618,398,539,6,5,4,4403,0,0,0,,0,005,"GREEN VALLEY RD","LOMA PRIETA AV",0.00,,Y,A,-,N,,,,,,,,,,Y,4,0,1,2,A,-,12,21453,A,N,D,C,A,A,H,-,A,A,0,,,,,Y,,A,01,0,0,1,0,0,0,0,0,0,"- ","- ",,,"SANTA CRUZ",WATSONVILLE,-121.77712249755859,36.930328369140625
9720177,2024,2024-10-17,4402,2024-07-19,"809 ",186,4402,5,5,5,4402,0,0,0,,0,000,"MISSION ST","CHRYSTAL TER",0.00,,Y,A,-,Y,SCR,5,1,-,-,18.371,I,5,N,Y,3,0,1,2,A,-,08,22102,,N,D,J,A,A,H,-,A,D,0,,,Y,,Y,,D,22,0,1,0,0,0,0,0,0,1,"- ","- ",,,"SANTA CRUZ","SANTA CRUZ",-122.03438568115234,36.974140167236328
9720370,2024,2024-09-18,4403,2024-07-31,1711,T0022,2-24,3,5,4,4403,0,0,0,,0,002,"HARKINS SLOUGH RD","OHLONE PKWY",450.00,N,N,A,-,N,,,,,,,,,,Y,4,0,1,2,A,-,08,22107,,N,A,C,A,A,H,-,A,A,0,,,,,Y,,A,01,0,0,1,0,0,0,0,0,0,"- ","- ",,,"SANTA CRUZ",WATSONVILLE,-121.77995300292969,36.915180206298828
9720420,2024,2024-10-10,4403,2024-07-21,1811,T0021,223,7,5,4,4403,0,0,0,,0,002,"MAIN ST","OHLONE PKWY",194.00,S,N,A,-,Y,SCR,5,152,-,T,1.640,H,-,E,N,4,0,1,2,A,-,05,21650,1,N,D,G,A,A,H,-,A,D,0,,Y,,,Y,,L,04,0,0,1,0,0,0,1,0,0,"- ","- ",,,"SANTA CRUZ",WATSONVILLE,-121.77615356445312,36.917236328125
9720585,2024,2024-08-22,4402,2024-07-20,2209,136,4402,6,5,5,4402,0,0,0,,0,,"BAY DR","MEDER ST",32.00,N,N,A,-,N,,,,,,,,,,N,3,0,1,1,A,-,08,22107,,N,H,A,A,A,H,-,C,D,0,,Y,,,Y,,L,04,0,1,0,0,0,0,1,0,0,"- ","- ",,,"SANTA CRUZ","SANTA CRUZ",-122.05274963378906,36.975337982177734
9721435,2024,2024-09-30,4402,2024-08-03,"18  ",196,4402,6,5,5,4402,0,0,0,,0,000,"SWANTON BL","MODESTO AV",0.00,,Y,A,-,N,,,,,,,,,,Y,3,0,1,1,A,-,03,22350,,N,E,I,A,A,H,-,D,D,0,,,Y,,Y,,C,02,0,1,0,0,0,0,0,0,1,"- ","- ",,,"SANTA CRUZ","SANTA CRUZ",-122.05427551269531,36.952381134033203
9721935,2024,2024-08-30,4402,2024-07-29,2116,145,4402,1,5,5,4402,0,0,0,,0,000,"SOQUEL AV","DARWIN ST",71.00,W,N,A,-,N,,,,,,,,,,N,3,0,1,2,A,-,08,22100,B,N,D,G,A,A,H,-,C,D,0,,Y,,,Y,,L,04,0,1,0,0,0,0,1,0,0,"- ","- ",,,"SANTA CRUZ","SANTA CRUZ",-122.00801849365234,36.980960845947266
9722103,2024,2024-09-16,4403,2024-08-26,"230 ",T0022,,1,5,4,4403,0,0,0,,0,002,"MAPLE AV","MARCHANT ST",0.00,,Y,A,-,N,,,,,,,,,,N,3,0,1,4,A,-,01,23152,A,N,D,E,A,A,H,-,C,D,0,,,,,Y,Y,A,01,0,1,0,0,0,0,0,0,0,"- ","- ",,,"SANTA CRUZ",WATSONVILLE,-121.75266265869141,36.91143798828125
9722104,2024,2024-09-16,4403,2024-08-26,1434,417,306,1,5,4,4403,0,0,0,,0,003,"LINCOLN ST","PROSPECT ST",0.00,,Y,A,-,N,,,,,,,,,,Y,4,0,2,2,A,-,09,21802,A,N,D,C,A,A,H,-,A,A,0,,,,,Y,,A,01,0,0,2,0,0,0,0,0,0,"- ","- ",,,"SANTA CRUZ",WATSONVILLE,-121.76087951660156,36.922573089599609
9722113,2024,2024-09-16,4402,2024-08-20,1229,193,4402,2,5,5,4402,0,0,0,,0,000,"LAUREL ST","BLACKBURN ST",27.00,W,N,A,-,N,,,,,,,,,,N,3,0,1,1,A,-,03,22350,,N,H,A,A,A,D,-,A,D,0,,Y,,,Y,,L,04,0,1,0,0,0,0,1,0,0,"- ","- ",,,"SANTA CRUZ","SANTA CRUZ",-122.03150939941406,36.968479156494141
9722214,2024,2024-09-26,4402,2024-09-01,1356,192,4402,7,5,5,4402,0,0,0,,0,000,OCEN,"FRANKLIN ST",0.00,,Y,A,-,N,,,,,,,,,,N,4,0,1,1,A,-,17,22109,,N,F,A,A,A,H,-,A,D,0,,,,,Y,,M,94,0,0,1,0,0,0,0,0,0,"- ","- ",,,"SANTA CRUZ","SANTA CRUZ",-122.02301788330078,36.983852386474609
9722610,2024,2024-08-29,4402,2024-08-15,"653 ",186,4402,4,5,5,4402,0,0,0,,0,000,"SEABRIGHT AV",BROADWAY,0.00,,Y,A,-,N,,,,,,,,,,Y,3,0,2,2,A,-,09,21801,A,N,A,C,A,A,H,-,B,A,0,,,,,Y,,D,22,0,1,1,0,0,0,0,0,0,"- ","- ",,,"SANTA CRUZ","SANTA CRUZ",-122.00856018066406,36.975292205810547
9722652,2024,2024-09-09,4403,2024-07-28,2116,433,224,7,5,4,4403,0,0,0,,0,002,"GREEN VALLEY RD","SILVER LEAF DR",32.00,W,N,A,-,N,,,,,,,,,,Y,4,0,1,2,A,-,01,23152,A,N,D,C,A,A,H,-,C,A,0,,,,,Y,Y,A,01,0,0,1,0,0,0,0,0,0,"- ","- ",,,"SANTA CRUZ",WATSONVILLE,-121.78546142578125,36.915088653564453
9722717,2024,2025-07-28,4403,2024-08-15,1333,417,108,4,5,4,4403,0,0,0,,0,001,"UNION ST","LAKE AV",15.00,S,N,A,-,N,,,,,,,,,,Y,3,0,2,2,A,-,01,23152,A,N,C,C,A,A,H,-,A,A,0,,,,,Y,Y,A,07,0,1,1,0,0,0,0,0,0,"- ","- ",,,"SANTA CRUZ",WATSONVILLE,-121.75699615478516,36.912590026855469
9722718,2024,2024-09-10,4403,2024-08-19,"805 ",417,108,1,5,4,4403,0,0,0,,0,001,"UNION ST","BEACH ST",0.00,,Y,A,-,N,,,,,,,,,,N,4,0,1,2,A,-,10,21950,A,N,G,B,F,A,H,-,A,A,0,Y,,,,Y,,A,07,0,0,1,0,1,0,0,0,0,"- ","- ",,,"SANTA CRUZ",WATSONVILLE,-121.75605773925781,36.910888671875
9722726,2024,2024-09-10,4402,2024-08-23,2336,178,4402,5,5,5,4402,0,0,0,,0,000,"LAUREL ST","CALIFORNIA ST",0.00,,Y,A,-,N,,,,,,,,,,Y,3,0,1,1,A,-,01,23152,A,N,E,I,A,A,H,-,C,A,0,,,,,Y,Y,A,01,0,1,0,0,0,0,0,0,0,"- ","- ",,,"SANTA CRUZ","SANTA CRUZ",-122.03481292724609,36.968940734863281
9722727,2024,2024-09-10,4402,2024-08-20,1603,191,4402,2,5,5,4402,0,0,0,,0,000,"DUFOUR ST","DELAWARE AV",75.00,N,N,A,-,N,,,,,,,,,,N,3,0,1,1,A,-,03,22350,A,N,H,A,A,A,H,-,A,D,0,,Y,,,Y,,L,04,0,1,0,0,0,0,1,0,0,"- ","- ",,,"SANTA CRUZ","SANTA CRUZ",-122.03714752197266,36.957328796386719
9722728,2024,2024-09-10,4402,2024-08-27,"722 ",192,4402,2,5,5,4402,0,0,0,,0,000,"SOQUEL AV","PENNSYLVANIA AV",4.00,E,N,A,-,N,,,,,,,,,,N,3,0,1,2,A,-,03,22350,,N,G,B,B,A,H,-,A,D,0,Y,,,,Y,,A,07,0,1,0,0,1,0,0,0,0,"- ","- ",,,"SANTA CRUZ","SANTA CRUZ",-122.012939453125,36.97857666015625
9722839,2024,2024-09-20,4403,2024-08-10,2214,433,223,6,5,4,4403,0,0,0,,0,002,"MAIN ST","GREEN VALLEY RD",90.00,N,N,A,-,N,,,,,,,,,,Y,4,0,1,4,A,-,01,23152,A,M,C,C,A,A,H,-,C,A,0,,,,,Y,Y,A,01,0,0,1,0,0,0,0,0,0,"- ","- ",,,"SANTA CRUZ",WATSONVILLE,-121.78421020507812,36.918624877929688
9722855,2024,2024-09-20,4403,2024-08-06,"654 ",356,220,2,5,4,4403,0,0,0,,0,002,"WALKER ST","BEACH ST",0.00,,Y,A,-,N,,,,,,,,,,N,4,0,1,2,A,-,12,22450,A,N,G,B,B,A,H,-,A,A,0,Y,,,,Y,,N,60,0,0,1,0,1,0,0,0,0,"- ","- ",,,"SANTA CRUZ",WATSONVILLE,-121.76165771484375,36.907829284667969
9723139,2024,2024-10-04,4403,2024-09-09,1650,417,403,1,5,4,4403,0,0,0,,0,004,"FREEDOM BL","BLANCA LN",200.00,S,N,A,-,N,,,,,,,,,,Y,4,0,1,2,A,-,21,22106,,N,C,C,A,A,H,-,A,A,0,,,,,Y,,A,01,0,0,1,0,0,0,0,0,0,"- ","- ",,,"SANTA CRUZ",WATSONVILLE,-121.76873779296875,36.930828094482422
9723187,2024,2024-09-26,4403,2024-08-20,1918,420,107,2,5,4,4403,0,0,0,,0,001,"SUDDEN ST","PALM AV",183.00,N,N,A,-,N,,,,,,,,,,Y,4,0,1,2,A,-,03,22350,,N,B,E,A,A,H,-,A,D,0,,,Y,,Y,,C,03,0,0,1,0,0,0,0,0,1,"- ","- ",,,"SANTA CRUZ",WATSONVILLE,-121.75888824462891,36.917022705078125
9723188,2024,2024-09-26,4403,2024-08-31,1344,341,527,6,5,4,4403,0,0,0,,0,005,"AIRPORT BL","FREEDOM BL",453.00,E,N,A,-,N,,,,,,,,,,N,3,0,1,2,A,-,08,21717,,N,D,G,A,A,H,-,A,D,0,,Y,,,Y,,A,07,0,1,0,0,0,0,1,0,0,"- ","- ",,,"SANTA CRUZ",WATSONVILLE,-121.77720642089844,36.939449310302734
9723371,2024,2024-10-08,4402,2024-09-10,2058,148,4402,2,5,5,4402,0,0,0,,0,000,"WATER ST",BRANCIFORTE,532.00,W,N,A,-,N,,,,,,,,,,N,3,0,1,1,A,-,03,22350,,N,H,A,A,A,H,-,C,D,0,,Y,,,Y,,L,04,0,1,0,0,0,0,1,0,0,"- ","- ",,,"SANTA CRUZ","SANTA CRUZ",-122.01580047607422,36.9810791015625
9723372,2024,2024-10-08,4402,2024-09-17,1248,192,4402,2,5,5,4402,0,0,0,,0,000,"MORRISSEY BL","PARNELL ST",0.00,,Y,A,-,N,,,,,,,,,,Y,4,0,1,2,A,-,09,21804,A,N,D,C,A,A,H,-,A,A,0,,,,,Y,,A,01,0,0,1,0,0,0,0,0,0,"- ","- ",,,"SANTA CRUZ","SANTA CRUZ",-122.00505065917969,36.985500335693359
9723706,2024,2024-10-15,4402,2024-09-10,2010,128,4402,2,5,5,4402,0,0,0,,0,000,"WATER ST","REED WY",173.00,E,N,A,-,N,,,,,,,,,,N,3,0,1,2,A,-,00,21954,,N,G,B,E,A,H,-,C,D,0,Y,,,,Y,,N,60,0,1,0,0,1,0,0,0,0,"- ","- ",,,"SANTA CRUZ","SANTA CRUZ",-122.0166015625,36.980949401855469
9724158,2024,2024-10-22,4402,2024-10-01,1700,128,4402,2,5,5,4402,0,0,0,,0,000,"BAY ST","KENNETH ST",0.00,,Y,A,-,N,,,,,,,,,,Y,2,0,1,2,A,-,06,21755,,N,D,C,A,A,H,-,A,D,0,,,Y,,Y,,C,02,1,0,0,0,0,0,0,0,1,"- ","- ",,,"SANTA CRUZ","SANTA CRUZ",-122.04534912109375,36.968948364257812
9724159,2024,2024-10-22,4402,2024-10-03,1834,196,4402,4,5,5,4402,0,0,0,,0,000,"BEACH ST","CLIFF ST",92.00,E,N,A,-,N,,,,,,,,,,N,3,0,1,1,A,-,03,22350,,N,F,A,A,A,H,-,A,D,0,,Y,,,Y,,L,04,0,1,0,0,0,0,1,0,0,"- ","- ",,,"SANTA CRUZ","SANTA CRUZ",-122.0198974609375,36.964279174804688
9724161,2024,2024-10-21,4403,2024-09-29,1952,T0020,401,7,5,4,4403,0,0,0,,0,004,"FREEDOM BL","GREEN VALLEY RD",120.00,S,N,A,-,N,,,,,,,,,,N,4,0,1,2,A,-,11,21955,,N,G,B,D,A,H,-,C,D,0,Y,,,,Y,,N,60,0,0,1,0,1,0,0,0,0,"- ","- ",,,"SANTA CRUZ",WATSONVILLE,-121.77309417724609,36.934795379638672
9724719,2024,2024-09-05,4401,2024-07-20,1018,523,4401,6,5,3,4401,0,0,0,,0,008,"MONTEREY AV","ELINOR ST",120.00,S,N,A,-,N,,,,,,,,,,N,2,0,1,2,A,-,17,22517,,N,H,G,A,A,H,-,A,D,0,,Y,,,Y,,A,01,1,0,0,0,0,0,1,0,0,"- ","- ",,,"SANTA CRUZ",CAPITOLA,-121.94474792480469,36.981517791748047
9724827,2024,2024-09-11,4404,2024-07-30,2338,1003,4404,2,5,3,4404,0,0,0,,0,00S,"BEAN CREEK RD","SCOTTS VALLEY DR",24.00,W,N,A,-,N,,,,,,,,,,Y,2,0,1,1,A,-,01,23152,A,N,E,I,A,A,H,-,C,A,0,,,,,Y,Y,A,01,1,0,0,0,0,0,0,0,0,"- ","- ",37.044189453125,-122.02362060546875,"SANTA CRUZ","SCOTTS VALLEY",-122.02375030517578,37.044284820556641
9726494,2024,2024-09-30,4402,2024-07-30,1245,809RF,1,2,5,5,4402,0,0,0,,0,,"HAGAR DR",MEYER,1500.00,S,N,A,-,N,,,,,,,,,,N,2,0,1,1,A,-,03,22350,,N,F,A,A,A,H,-,A,D,0,,Y,,,Y,,L,04,1,0,0,0,0,0,1,0,0,"- ","- ",36.998619079589844,-122.06011962890625,"SANTA CRUZ","SANTA CRUZ",,
9728123,2024,2024-08-27,4404,2024-06-21,1306,1004,4404,5,5,3,4404,0,0,0,,0,00S,"MT HERMON RD","SKYPARK DR",0.00,,Y,A,-,N,,,,,,,,,,N,2,0,1,2,A,-,12,21453,A,N,D,C,A,A,H,-,A,A,0,,,,,Y,,A,01,1,0,0,0,0,0,0,0,0,"- ","- ",37.048290252685547,-122.03433227539062,"SANTA CRUZ","SCOTTS VALLEY",-122.03433990478516,37.04833984375