CASE_ID,ACCIDENT_YEAR,PROC_DATE,JURIS,COLLISION_DATE,COLLISION_TIME,OFFICER_ID,REPORTING_DISTRICT,DAY_OF_WEEK,CHP_SHIFT,POPULATION,CNTY_CITY_LOC,SPECIAL_COND,BEAT_TYPE,CHP_BEAT_TYPE,CITY_DIVISION_LAPD,CHP_BEAT_CLASS,BEAT_NUMBER,PRIMARY_RD,SECONDARY_RD,DISTANCE,DIRECTION,INTERSECTION,WEATHER_1,WEATHER_2,STATE_HWY_IND,CALTRANS_COUNTY,CALTRANS_DISTRICT,STATE_ROUTE,ROUTE_SUFFIX,POSTMILE_PREFIX,POSTMILE,LOCATION_TYPE,RAMP_INTERSECTION,SIDE_OF_HWY,TOW_AWAY,COLLISION_SEVERITY,NUMBER_KILLED,NUMBER_INJURED,PARTY_COUNT,PRIMARY_COLL_FACTOR,PCF_CODE_OF_VIOL,PCF_VIOL_CATEGORY,PCF_VIOLATION,PCF_VIOL_SUBSECTION,HIT_AND_RUN,TYPE_OF_COLLISION,MVIW,PED_ACTION,ROAD_SURFACE,ROAD_COND_1,ROAD_COND_2,LIGHTING,CONTROL_DEVICE,CHP_ROAD_TYPE,PEDESTRIAN_ACCIDENT,BICYCLE_ACCIDENT,MOTORCYCLE_ACCIDENT,TRUCK_ACCIDENT,NOT_PRIVATE_PROPERTY,ALCOHOL_INVOLVED,STWD_VEHTYPE_AT_FAULT,CHP_VEHTYPE_AT_FAULT,COUNT_SEVERE_INJ,COUNT_VISIBLE_INJ,COUNT_COMPLAINT_PAIN,COUNT_PED_KILLED,COUNT_PED_INJURED,COUNT_BICYCLIST_KILLED,COUNT_BICYCLIST_INJURED,COUNT_MC_KILLED,COUNT_MC_INJURED,PRIMARY_RAMP,SECONDARY_RAMP,LATITUDE,LONGITUDE,COUNTY,CITY,POINT_X,POINT_Y
9728357,2024,2024-09-12,4402,2024-05-14,1711,830HT,,2,5,5,4402,0,0,0,,0,,"MC LAUGHLIN DR","MERRILL RD",23.00,E,N,A,-,N,,,,,,,,,,N,3,0,1,2,A,-,08,22107,,N,B,G,A,A,H,-,A,D,0,,Y,Y,,Y,,L,04,0,1,0,0,0,0,1,0,0,"- ","- ",36.997989654541016,-122.05499267578125,"SANTA CRUZ","SANTA CRUZ",-122.05332183837891,36.998630523681641
9730717,2024,2024-10-23,4401,2024-06-15,1624,531,4401,6,5,3,4401,0,0,0,,0,,"41ST AV","CAPITOLA RD",0.00,,Y,A,-,N,,,,,,,,,,N,4,0,1,3,A,-,12,21453,A,N,D,-,A,A,H,-,A,A,0,,,,,Y,,A,08,0,0,1,0,0,0,0,0,0,"- ","- ",,,"SANTA CRUZ",CAPITOLA,-121.96499633789062,36.973720550537109
9730805,2024,2024-09-30,4403,2024-08-19,1527,417,2-23,1,5,4,4403,0,0,0,,0,002,"MAIN ST","OHLONE PKWY",200.00,S,N,A,-,Y,SCR,5,152,-,T,1.630,H,-,E,N,3,0,2,2,A,-,08,22107,,N,B,C,A,A,H,-,A,D,0,,,Y,,Y,,C,02,0,1,1,0,0,0,0,0,2,"- ","- ",,,"SANTA CRUZ",WATSONVILLE,-121.77633666992188,36.917266845703125
9730926,2024,2024-10-07,4402,2024-08-23,"110 ",135,4402,5,5,5,4402,0,0,0,,0,000,"RT 9","RT 1",0.00,,Y,A,-,Y,SCR,5,9,-,-,17.560,I,5,N,Y,3,0,1,2,A,-,12,21453,A,N,D,C,A,A,H,-,C,D,0,,,,,Y,,A,01,0,1,0,0,0,0,0,0,0,"- ","- ",,,"SANTA CRUZ","SANTA CRUZ",-122.14204406738281,37.185989379882812
9733004,2024,2024-11-15,4402,2024-07-30,1533,145,4402,2,5,5,4402,0,0,0,,0,000,"BEACH ST","PACIFIC AV",10.00,S,N,A,-,N,,,,,,,,,,N,3,0,1,1,A,-,08,22107,,N,E,A,A,A,G,-,A,D,0,,Y,,,Y,,L,04,0,1,0,0,0,0,1,0,0,"- ","- ",,,"SANTA CRUZ","SANTA CRUZ",-122.02409362792969,36.96282958984375
9734688,2024,2024-09-26,4403,2024-08-31,1415,357,403,6,5,4,4403,0,0,0,,0,004,"FREEDOM BL","CRESTVIEW DR",50.00,N,N,A,-,N,,,,,,,,,,N,2,0,1,2,A,-,05,21460,A,N,D,G,A,A,H,-,A,A,0,,Y,,,Y,,L,04,1,0,0,0,0,0,1,0,0,"- ","- ",,,"SANTA CRUZ",WATSONVILLE,-121.76471710205078,36.926570892333984
9734696,2024,2024-09-26,4403,2024-08-09,"843 ",350,107,5,5,4,4403,0,0,0,,0,001,"5TH ST","BRENNAN ST",0.00,,Y,-,-,N,,,,,,,,,,N,3,0,2,2,A,-,08,22107,,N,A,C,A,A,H,-,A,D,0,,,,,Y,,D,22,0,1,1,0,0,0,0,0,0,"- ","- ",,,"SANTA CRUZ",WATSONVILLE,-121.75861358642578,36.914390563964844
9734825,2024,2024-10-08,4402,2024-09-14,1457,186,4402,6,5,5,4402,0,0,0,,0,000,"PROSPECT HEIGHTS","CAMINO DEL SOL",0.00,,Y,B,-,N,,,,,,,,,,N,3,0,1,2,A,-,11,21954,A,N,G,B,D,A,H,-,A,D,0,Y,,,,Y,,N,60,0,1,0,0,1,0,0,0,0,"- ","- ",,,"SANTA CRUZ","SANTA CRUZ",-121.99177551269531,36.990802764892578
9735607,2024,2024-10-30,4403,2024-10-14,1714,387,539,1,5,4,4403,0,0,0,,0,005,"AIRPORT BL","FREEDOM BL",183.00,W,N,A,-,N,,,,,,,,,,N,4,0,1,2,A,-,09,21801,A,N,D,C,A,A,H,-,A,D,0,,,,,Y,,A,01,0,0,1,0,0,0,0,0,0,"- ","- ",,,"SANTA CRUZ",WATSONVILLE,-121.77818298339844,36.937892913818359
9735608,2024,2024-10-30,4403,2024-10-04,1653,356,315,5,5,4,4403,0,0,0,,0,003,"HUSHBECK AV","MCKENZIE AV",0.00,,Y,A,-,N,,,,,,,,,,Y,4,0,1,2,A,-,06,21750,A,N,D,C,A,A,H,-,A,D,0,,,,,Y,Y,A,01,0,0,1,0,0,0,0,0,0,"- ","- ",,,"SANTA CRUZ",WATSONVILLE,-121.74451446533203,36.918243408203125
9735609,2024,2024-10-30,4403,2024-10-04,"624 ",344,429,5,5,4,4403,0,0,0,,0,004,"PENNSYLVANIA DR","GREEN VALLEY RD",0.00,,Y,A,-,N,,,,,,,,,,Y,4,0,1,2,A,-,12,21453,A,N,B,C,A,A,H,-,C,A,0,,,,,Y,,A,01,0,0,1,0,0,0,0,0,0,"- ","- ",,,"SANTA CRUZ",WATSONVILLE,-121.77712249755859,36.930328369140625
9735610,2024,2024-10-30,4403,2024-10-14,"732 ",417,527,1,5,4,4403,0,0,0,,0,005,"AIRPORT BL","WESTGATE DR",0.00,,Y,A,-,N,,,,,,,,,,N,4,0,2,2,A,-,12,21453,A,N,D,C,A,A,H,-,A,A,0,,,,,Y,,A,01,0,0,2,0,0,0,0,0,0,"- ","- ",,,"SANTA CRUZ",WATSONVILLE,-121.79637908935547,36.925594329833984
9735611,2024,2024-10-30,4403,2024-10-11,2049,410,401,5,5,4,4403,0,0,0,,0,004,"FREEDOM BL","GREEN VALLEY RD",166.00,S,N,A,-,N,,,,,,,,,,Y,2,0,1,2,A,-,11,21954,A,N,G,B,D,A,H,-,C,D,0,Y,,,,Y,Y,N,60,1,0,0,0,1,0,0,0,0,"- ","- ",,,"SANTA CRUZ",WATSONVILLE,-121.77298736572266,36.934700012207031
9736216,2024,2024-09-30,4402,2024-09-06,"824 ",186,4402,5,5,5,4402,0,0,0,,0,000,"GOSS AV","MILLER CT",222.00,W,N,A,-,N,,,,,,,,,,N,3,0,1,2,A,-,00,21760,B,N,B,G,A,A,H,-,A,D,0,,Y,,,Y,,D,22,0,1,0,0,0,0,1,0,0,"- ","- ",,,"SANTA CRUZ","SANTA CRUZ",-122.00650787353516,36.989402770996094
9736217,2024,2024-09-25,4402,2024-08-21,1302,130,4402,3,5,5,4402,0,0,0,,0,000,"WATER ST","REED WY",200.00,W,N,A,-,N,,,,,,,,,,N,3,0,1,2,A,-,00,21760,,N,D,G,A,A,H,-,A,D,0,,Y,,,Y,,D,22,0,1,0,0,0,0,1,0,0,"- ","- ",,,"SANTA CRUZ","SANTA CRUZ",-122.01785278320312,36.980739593505859
9736378,2024,2024-09-25,4402,2024-08-30,"940 ",186,4402,5,5,5,4402,0,0,0,,0,000,"WATER ST",BRANCIFORTE,285.00,W,N,A,-,N,,,,,,,,,,N,3,0,1,1,A,-,17,21208,A,N,A,I,A,A,H,-,A,D,0,,Y,,,Y,,L,04,0,1,0,0,0,0,1,0,0,"- ","- ",,,"SANTA CRUZ","SANTA CRUZ",-122.01499176025391,36.981277465820312
9736493,2024,2024-10-08,4402,2024-09-04,"937 ",192,4402,3,5,5,4402,0,0,0,,0,000,"PACIFIC AV","CENTER ST",0.00,,Y,A,-,N,,,,,,,,,,N,4,0,1,2,A,-,09,21800,A,N,B,G,A,A,H,-,A,A,0,,Y,,,Y,,A,01,0,0,1,0,0,0,1,0,0,"- ","- ",,,"SANTA CRUZ","SANTA CRUZ",-117.3369140625,34.015743255615234
9736494,2024,2024-10-08,4402,2024-09-08,"154 ",161,4402,7,5,5,4402,0,0,0,,0,000,"SEABRIGHT AV","WINDHAM ST",50.00,N,N,A,-,N,,,,,,,,,,N,3,0,1,1,D,-,00,,,N,H,A,A,A,H,-,C,D,0,,Y,,,Y,,-,"- ",0,1,0,0,0,0,1,0,0,"- ","- ",,,"SANTA CRUZ","SANTA CRUZ",-122.00803375244141,36.973365783691406
9736499,2024,2024-10-08,4402,2024-09-02,"105 ",148,4402,1,5,5,4402,0,0,0,,0,000,"LAUREL ST","CALIFORNIA ST",204.00,E,N,A,-,N,,,,,,,,,,N,2,0,1,1,A,-,03,22350,,N,F,A,A,A,H,-,C,D,0,,Y,,,Y,Y,L,04,1,0,0,0,0,0,1,0,0,"- ","- ",,,"SANTA CRUZ","SANTA CRUZ",-122.03419494628906,36.968677520751953
9736500,2024,2024-10-08,4402,2024-09-03,"12  ",136,4402,2,5,5,4402,0,0,0,,0,000,"LAUREL ST","WALTI ST",0.00,,Y,A,-,N,,,,,,,,,,N,3,0,1,1,A,-,03,22350,,N,F,A,A,A,H,-,D,D,0,,Y,,,Y,Y,L,04,0,1,0,0,0,0,1,0,0,"- ","- ",,,"SANTA CRUZ","SANTA CRUZ",-122.03328704833984,36.968418121337891
9737729,2024,2024-10-04,4403,2024-09-23,1131,417,314,1,5,4,4403,0,0,0,,0,003,"BECK ST","LAKE AV",50.00,S,N,A,-,N,,,,,,,,,,N,4,0,1,2,A,-,11,21954,A,M,G,B,D,A,H,-,A,D,0,Y,,,,Y,,N,60,0,0,1,0,1,0,0,0,0,"- ","- ",,,"SANTA CRUZ",WATSONVILLE,-121.74918365478516,36.918167114257812
9738525,2024,2024-09-27,4401,2024-08-11,1647,529,4401,7,5,3,4401,0,0,0,,0,002,"CLARES ST","42ND AV",0.00,,Y,A,-,N,,,,,,,,,,Y,3,0,2,3,A,-,09,21801,A,N,G,E,A,A,H,-,A,D,0,,,,,Y,,A,01,0,2,0,0,0,0,0,0,0,"- ","- ",,,"SANTA CRUZ",CAPITOLA,-121.96270751953125,36.978370666503906
9738555,2024,2024-09-27,4401,2024-08-14,1534,528,4401,3,5,3,4401,0,0,0,,0,003,"41ST AV","BROMMER ST",0.00,,Y,A,-,N,,,,,,,,,,N,3,0,1,2,A,-,03,22350,,N,B,G,A,A,H,-,A,D,0,,Y,,,Y,,L,04,0,1,0,0,0,0,1,0,0,"- ","- ",,,"SANTA CRUZ",CAPITOLA,-121.96492004394531,36.970199584960938
9738556,2024,2024-10-24,4401,2024-08-04,1844,529,4401,7,5,3,4401,0,0,0,,0,007,"BAY AV","CAPITOLA AV",130.00,N,N,A,-,N,,,,,,,,,,N,4,0,1,2,A,-,08,22107,,N,H,G,A,A,H,-,A,D,0,,Y,,,Y,,-,,0,0,1,0,0,0,1,0,0,"- ","- ",,,"SANTA CRUZ",CAPITOLA,-121.95339965820312,36.978954315185547
9738557,2024,2024-10-17,4401,2024-08-26,2005,527,4401,1,5,3,4401,0,0,0,,0,,"41ST AV","RT 1",0.00,,Y,A,-,Y,SCR,5,1,-,-,13.801,R,1,S,N,3,0,1,2,A,-,05,21650,,N,H,G,A,A,H,-,C,A,0,,Y,,,Y,,L,04,0,1,0,0,0,0,1,0,0,"- ",SF,,,"SANTA CRUZ",CAPITOLA,-121.96773529052734,36.982852935791016
9738797,2024,2024-11-14,4401,2024-09-12,"845 ",531,4401,4,5,3,4401,0,0,0,,0,,"MONTEREY AV","CAPITOLA AV",0.00,,Y,B,-,N,,,,,,,,,,N,4,0,1,2,A,-,17,22517,,N,H,E,A,A,H,-,A,A,0,,Y,,,Y,,A,07,0,0,1,0,0,0,1,0,0,"- ","- ",,,"SANTA CRUZ",CAPITOLA,-121.95053100585938,36.972820281982422
9738853,2024,2024-11-04,4402,2024-10-01,1930,131,4402,2,5,5,4402,0,0,0,,0,000,"RT 1","RT 9",0.00,,Y,A,-,Y,SCR,5,1,-,-,17.560,I,5,N,Y,3,0,1,2,A,-,09,21453,C,N,D,C,A,A,H,-,C,A,0,,,,,Y,,A,07,0,1,0,0,0,0,0,0,0,"- ","- ",,,"SANTA CRUZ","SANTA CRUZ",-122.02981567382812,36.9844970703125
9738909,2024,2024-10-23,4402,2024-09-15,2232,135,4402,7,5,5,4402,0,0,0,,0,000,"PLYMOUTH ST","RT 1",0.00,,Y,A,-,Y,SCR,5,1,-,-,17.091,R,3,S,Y,4,0,2,2,A,-,09,21801,A,N,D,D,A,A,H,-,C,A,0,,,,,Y,,A,01,0,0,2,0,0,0,0,0,0,"- ","- ",,,"SANTA CRUZ","SANTA CRUZ",-122.02296447753906,36.986934661865234
9742328,2024,2024-10-21,4403,2024-08-06,1844,396,2-20,2,5,4,4403,0,0,0,,0,002,"FORD ST","KILBURN ST",90.00,W,N,A,-,N,,,,,,,,,,N,3,0,1,2,A,-,11,21950,B,N,G,B,D,A,H,-,A,D,0,Y,,,,Y,,N,60,0,1,0,0,1,0,0,0,0,"- ","- ",,,"SANTA CRUZ",WATSONVILLE,-121.76301574707031,36.91363525390625
9742348,2024,2025-03-07,4403,2024-10-07,1634,417,5-25,1,5,4,4403,0,0,0,,0,005,"MAIN ST","GREEN VALLEY RD",250.00,N,N,A,-,N,,,,,,,,,,Y,4,0,4,2,A,-,03,22350,,N,C,C,A,A,H,-,A,A,0,,,,,Y,,A,08,0,0,4,0,0,0,0,0,0,"- ","- ",,,"SANTA CRUZ",WATSONVILLE,-121.78474426269531,36.918716430664062
9742642,2024,2024-10-31,4403,2024-10-14,"847 ",417,113,1,5,4,4403,0,0,0,,0,001,"BEACH ST","BLACKBURN ST",300.00,W,N,A,-,N,,,,,,,,,,N,4,0,1,4,A,-,09,21804,A,N,D,C,A,B,H,-,A,D,0,,,,,Y,,A,01,0,0,1,0,0,0,0,0,0,"- ","- ",,,"SANTA CRUZ",WATSONVILLE,-121.75049591064453,36.914928436279297
9742662,2024,2024-10-31,4403,2024-10-16,1924,410,429,3,5,4,4403,0,0,0,,0,004,"GREEN VALLEY RD","LOMA PRIETA AV",366.00,W,N,A,-,N,,,,,,,,,,Y,2,0,1,2,A,-,09,21801,A,N,D,C,A,A,H,-,C,A,0,,,Y,,Y,,D,22,1,0,0,0,0,0,0,0,1,"- ","- ",,,"SANTA CRUZ",WATSONVILLE,-121.77764892578125,36.929420471191406
9743228,2024,2024-11-19,4403,2024-10-19,1511,T0022,109,6,5,4,4403,0,0,0,,0,001,"MAIN ST","LAKE AV",0.00,,Y,A,-,N,,,,,,,,,,N,4,0,1,2,A,-,11,21950,B,N,G,B,B,A,H,-,A,B,0,Y,,,,Y,,-,,0,0,1,0,1,0,0,0,0,"- ","- ",,,"SANTA CRUZ",WATSONVILLE,-121.75843048095703,36.911609649658203
9743229,2024,2024-11-19,4403,2024-10-28,1306,T0026,223,1,5,4,4403,0,0,0,,0,002,"MAIN ST","PENNSYLVANIA DR",330.00,S,N,A,-,N,,,,,,,,,,Y,4,0,1,3,A,-,03,22350,,N,C,C,A,A,H,-,A,D,0,,,,,Y,,A,07,0,0,1,0,0,0,0,0,0,"- ","- ",,,"SANTA CRUZ",WATSONVILLE,-121.77059173583984,36.916309356689453
9743230,2024,2024-11-19,4403,2024-10-05,1528,433,220,6,5,4,4403,0,0,0,,0,002,"RODRIGUEZ ST","FORD ST",0.00,,Y,A,-,N,,,,,,,,,,Y,3,0,1,2,A,-,09,21802,A,N,D,C,A,A,H,-,A,A,0,,,,,Y,,A,01,0,1,0,0,0,0,0,0,0,"- ","- ",,,"SANTA CRUZ",WATSONVILLE,-121.76435852050781,36.913131713867188
9743614,2024,2024-11-22,4403,2024-10-13,1639,T0022,109,7,5,4,4403,0,0,0,,0,001,"MAIN ST","MAPLE AV",0.00,,Y,A,-,N,,,,,,,,,,N,4,0,1,2,A,-,12,21453,A,N,D,C,A,A,H,-,A,A,0,,,,,Y,,A,01,0,0,1,0,0,0,0,0,0,"- ","- ",,,"SANTA CRUZ",WATSONVILLE,-121.75572967529297,36.909198760986328
9743615,2024,2024-11-22,4403,2024-10-23,1330,T0022,110,3,5,4,4403,0,0,0,,0,001,"LAKE AV","BRENNAN ST",0.00,,Y,A,-,N,,,,,,,,,,N,4,0,1,2,A,-,10,21950,A,N,G,B,B,A,H,-,A,A,0,Y,,,,Y,,A,07,0,0,1,0,1,0,0,0,0,"- ","- ",,,"SANTA CRUZ",WATSONVILLE,-121.75701141357422,36.912628173828125
9743778,2024,2024-11-26,4402,2024-10-27,2310,187,4402,7,5,5,4402,0,0,0,,0,000,"PLYMOUTH ST","OCEAN ST",0.00,,N,A,-,N,,,,,,,,,,N,3,0,1,2,A,-,08,22107,,N,E,G,A,A,H,-,C,A,0,,Y,,,Y,Y,L,04,0,1,0,0,0,0,1,0,0,"- ","- ",,,"SANTA CRUZ","SANTA CRUZ",-122.02333831787109,36.985195159912109
9743861,2024,2024-12-20,4402,2024-11-08,1403,130,4402,5,5,5,4402,0,0,0,,0,000,"SOQUEL AV","CARL AV",125.00,W,N,A,-,N,,,,,,,,,,N,3,0,1,1,A,-,05,21202,A,N,H,A,A,A,H,-,A,D,0,,Y,,,Y,,L,04,0,1,0,0,0,0,1,0,0,"- ","- ",,,"SANTA CRUZ","SANTA CRUZ",-121.99609375,36.982559204101562
9743894,2024,2024-12-03,4402,2024-11-11,1803,180,4402,1,5,5,4402,0,0,0,,0,000,"HIGH ST","SPRING ST",48.00,E,N,A,-,N,,,,,,,,,,N,3,0,1,2,C,-,18,,,N,C,E,A,B,B,-,C,D,0,,Y,,,Y,,-,"- ",0,1,0,0,0,0,1,0,0,"- ","- ",,,"SANTA CRUZ","SANTA CRUZ",-122.04331970214844,36.977832794189453
9744428,2024,2024-10-30,4402,2024-10-09,"854 ",140,4402,3,5,5,4402,0,0,0,,0,000,"HIGH ST","HIGHLAND AV",0.00,,Y,A,-,N,,,,,,,,,,N,3,0,1,2,A,-,12,22450,A,N,H,G,A,A,H,-,A,A,0,,Y,,,Y,,D,22,0,1,0,0,0,0,1,0,0,"- ","- ",,,"SANTA CRUZ","SANTA CRUZ",-122.03350067138672,36.977851867675781
9745945,2024,2024-11-08,4401,2024-09-22,1505,531,4401,7,5,3,4401,0,0,0,,0,,"PARK AV","GROVE LN",275.00,W,N,A,-,N,,,,,,,,,,Y,3,0,1,2,A,-,01,23153,B,N,D,C,A,A,H,-,A,A,0,,,,,Y,Y,D,22,0,1,0,0,0,0,0,0,0,"- ","- ",,,"SANTA CRUZ",CAPITOLA,-121.94429016113281,36.976970672607422
9746113,2024,2024-11-12,4402,2024-10-06,1218,531,4401,7,5,5,4402,0,0,0,,0,,"CAPITOLA RD","LOTMAN DR",0.00,,Y,A,-,N,,,,,,,,,,Y,4,0,1,2,A,-,09,21804,A,N,D,C,A,A,H,-,A,A,0,,,,,Y,,A,01,0,0,1,0,0,0,0,0,0,"- ","- ",,,"SANTA CRUZ","SANTA CRUZ",-121.97164916992188,36.973682403564453
9746158,2024,2024-10-29,4401,2024-09-13,1354,528,4401,5,5,3,4401,0,0,0,,0,008,"WHARF RD","WHARF RD 1500",0.00,,N,A,-,N,,,,,,,,,,N,4,0,1,2,A,-,03,22350,,N,C,C,A,A,H,-,A,D,0,,,,,Y,,A,07,0,0,1,0,0,0,0,0,0,"- ","- ",,,"SANTA CRUZ",CAPITOLA,,
9747020,2024,2024-11-14,4403,2024-10-30,1141,T0026,1-08,3,5,4,4403,0,0,0,,0,001,"FREEDOM BL","LANDIS AV",0.00,,Y,A,-,N,,,,,,,,,,N,3,0,1,2,A,-,08,22107,,N,B,G,A,A,H,-,A,D,0,,Y,,,Y,,D,22,0,1,0,0,0,0,1,0,0,"- ","- ",,,"SANTA CRUZ",WATSONVILLE,-121.77208709716797,36.933929443359375
9747945,2024,2025-01-24,4402,2024-12-25,2122,196,4402,3,5,5,4402,0,0,0,,0,000,"RT 1","RT 9",53.00,S,N,A,-,Y,SCR,5,1,-,-,17.540,H,-,N,Y,3,0,1,3,A,-,01,23152,A,N,C,C,A,A,-,-,C,A,0,,,,,Y,Y,A,01,0,1,0,0,0,0,0,0,0,"- ","- ",,,"SANTA CRUZ","SANTA CRUZ",-122.02951049804688,36.984626770019531
9748643,2024,2024-11-26,4403,2024-11-07,2219,T0021,3-06,4,5,4,4403,0,0,0,,0,003,"FREEDOM BL","STANFORD ST",0.00,,Y,A,-,N,,,,,,,,,,Y,3,0,1,2,A,-,08,22107,,N,C,E,A,A,H,-,D,D,0,,,,,Y,,A,01,0,1,0,0,0,0,0,0,0,"- ","- ",,,"SANTA CRUZ",WATSONVILLE,-121.76076507568359,36.920356750488281
9749698,2024,2024-10-29,4402,2024-09-29,"13  ",161,4402,7,5,5,4402,0,0,0,,0,000,"RIVERSIDE AV","SAN LORENZO BL",25.00,S,N,A,-,N,,,,,,,,,,Y,3,0,1,1,A,-,01,23152,A,N,F,A,A,A,H,-,C,A,0,,,Y,,Y,Y,C,02,0,1,0,0,0,0,0,0,1,"- ","- ",,,"SANTA CRUZ","SANTA CRUZ",-122.01908874511719,36.968772888183594
9752560,2024,2024-11-13,4404,2024-09-06,1842,5440,4404,5,5,3,4404,0,0,0,,0,00S,"MT HERMON RD","LA MADRONA DR",0.00,,Y,A,-,N,,,,,,,,,,Y,3,0,2,3,A,-,01,23152,A,F,D,C,A,A,H,-,A,A,0,,,,,Y,Y,A,01,0,2,0,0,0,0,0,0,0,"- ","- ",37.037139892578125,-122.02200317382812,"SANTA CRUZ","SCOTTS VALLEY",-122.02204132080078,37.037044525146484
9752769,2024,2024-11-07,4403,2024-10-29,1324,T0026,109,2,5,4,4403,0,0,0,,0,001,"LAKE AV","MAIN ST",300.00,E,N,-,-,N,,,,,,,,,,Y,3,0,1,1,A,-,03,22350,,N,E,I,A,A,H,-,A,D,0,,,,,Y,,A,08,0,1,0,0,0,0,0,0,0,"- ","- ",,,"SANTA CRUZ",WATSONVILLE,-121.75766754150391,36.912158966064453
9752770,2024,2024-11-08,4403,2024-10-29,1043,T0026,401,2,5,4,4403,0,0,0,,0,004,"GREEN VALLEY RD","CARNATION DR",0.00,,Y,A,-,N,,,,,,,,,,N,4,0,1,2,A,-,12,21453,A,N,B,C,A,A,H,-,A,A,0,,,,,Y,,A,01,0,0,1,0,0,0,0,0,0,"- ","- ",,,"SANTA CRUZ",WATSONVILLE,-121.77140808105469,36.937538146972656
9752771,2024,2024-11-08,4403,2024-10-20,1652,T0020,403,7,5,4,4403,0,0,0,,0,004,"FREEDOM BL","MARIPOSA AV",40.00,N,N,A,-,N,,,,,,,,,,N,4,0,1,3,A,-,03,22350,,N,C,C,A,A,H,-,A,A,0,,,,,Y,,A,01,0,0,1,0,0,0,0,0,0,"- ","- ",,,"SANTA CRUZ",WATSONVILLE,-121.76705932617188,36.929119110107422
9752772,2024,2024-11-07,4403,2024-10-30,1315,T0026,108,3,5,4,4403,0,0,0,,0,001,"UNION ST","BEACH ST",150.00,S,N,A,-,N,,,,,,,,,,N,4,0,1,2,A,-,08,22107,,N,C,G,A,A,H,-,A,D,0,,Y,,,Y,,L,04,0,0,1,0,0,0,1,0,0,"- ","- ",,,"SANTA CRUZ",WATSONVILLE,-121.75571441650391,36.910587310791016
9752871,2024,2024-11-14,4404,2024-10-21,1741,1004,4404,1,5,3,4404,0,0,0,,0,00S,"TWIN PINES DR","BAY LAUREL CT",56.00,W,N,A,-,N,,,,,,,,,,Y,2,0,1,1,A,-,05,21650,,N,F,A,A,A,B,-,A,D,0,,,Y,,Y,,C,02,1,0,0,0,0,0,0,0,1,"- ","- ",37.045520782470703,-122.03682708740234,"SANTA CRUZ","SCOTTS VALLEY",-122.03708648681641,37.045543670654297
9752907,2024,2024-12-06,4402,2024-09-19,"758 ",186,4402,4,5,5,4402,0,0,0,,0,000,"MISSION ST","LOCUST ST",0.00,,Y,E,-,Y,SCR,5,1,-,-,18.324,I,5,N,Y,4,0,1,2,A,-,07,21658,A,N,A,C,A,B,H,-,A,D,0,,,,,Y,,A,01,0,0,1,0,0,0,0,0,0,"- ","- ",,,"SANTA CRUZ","SANTA CRUZ",-122.03396606445312,36.974822998046875
9752917,2024,2024-12-10,4402,2024-10-08,1724,145,4402,2,5,5,4402,0,0,0,,0,000,"PACIFIC  AV","CATHCART ST",20.00,N,N,A,-,N,,,,,,,,,,N,3,0,1,1,A,-,16,24002,A,N,H,A,A,A,H,-,A,D,0,,Y,,,Y,,L,04,0,1,0,0,0,0,1,0,0,"- ","- ",,,"SANTA CRUZ","SANTA CRUZ",-122.02549743652344,36.971752166748047
9752918,2024,2024-12-10,4402,2024-10-10,1513,130,4402,4,5,5,4402,0,0,0,,0,000,"CAYUGA ST","WINDHAM ST",0.00,,Y,A,-,N,,,,,,,,,,N,3,0,1,2,A,-,12,22450,A,N,B,G,A,A,H,-,A,A,0,,Y,,,Y,,A,07,0,1,0,0,0,0,1,0,0,"- ","- ",,,"SANTA CRUZ","SANTA CRUZ",-122.01016235351562,36.973060607910156
9752919,2024,2024-12-11,4402,2024-10-11,1606,130,4402,5,5,5,4402,0,0,0,,0,000,"SOQUEL AV","PENNSYLVANIA AV",0.00,,Y,A,-,N,,,,,,,,,,N,3,0,1,2,A,-,09,21801,A,N,D,G,A,A,H,-,A,D,0,,Y,,,Y,,A,01,0,1,0,0,0,0,1,0,0,"- ","- ",,,"SANTA CRUZ","SANTA CRUZ",-122.01294708251953,36.978569030761719
9752920,2024,2024-12-10,4402,2024-10-11,1854,196,4402,5,5,5,4402,0,0,0,,0,000,"LAUREL ST","WALTI ST",65.00,W,N,A,-,N,,,,,,,,,,N,3,0,1,1,A,-,03,22350,,N,F,A,A,A,H,-,A,D,0,,Y,,,Y,,L,04,0,1,0,0,0,0,1,0,0,"- ","- ",,,"SANTA CRUZ","SANTA CRUZ",-122.03350830078125,36.968448638916016
9752972,2024,2024-11-12,4404,2024-09-24,1339,5800,4404,2,5,3,4404,0,0,0,,0,00N,"CARBONERO WY","EL PUEBLO RD",20.00,W,N,A,-,N,,,,,,,,,,N,2,0,1,1,A,-,03,22350,,N,H,A,A,A,H,-,A,D,0,,Y,,,Y,,L,04,1,0,0,0,0,0,1,0,0,"- ","- ",37.050041198730469,-122.01242065429688,"SANTA CRUZ","SCOTTS VALLEY",-122.01251220703125,37.050037384033203
9753106,2024,2024-11-12,4402,2024-09-21,1414,173,4402,6,5,5,4402,0,0,0,,0,000,"CHESTNUT ST","CHURCH ST",12.00,S,N,A,-,N,,,,,,,,,,N,3,0,1,1,A,-,03,22350,,N,F,I,A,A,G,-,A,D,0,,,Y,,Y,,C,02,0,1,0,0,0,0,0,0,1,"- ","- ",,,"SANTA CRUZ","SANTA CRUZ",-122.03089141845703,36.973716735839844
9753117,2024,2024-11-13,4402,2024-10-24,1309,192,4402,4,5,5,4402,0,0,0,,0,000,"CHESTNUT ST","LAUREL ST",154.00,S,N,A,-,N,,,,,,,,,,N,3,0,2,1,A,-,08,22107,,N,F,A,A,A,H,-,A,D,0,,Y,,,Y,,L,04,0,2,0,0,0,0,2,0,0,"- ","- ",,,"SANTA CRUZ","SANTA CRUZ",-122.02918243408203,36.968307495117188
9753118,2024,2024-11-13,4402,2024-10-11,1612,189,4402,5,5,5,4402,0,0,0,,0,000,"BAY ST","SEASIDE ST",278.00,N,N,A,-,N,,,,,,,,,,N,3,0,1,2,A,-,17,22517,,N,B,G,A,A,H,-,A,D,0,,Y,,,Y,,A,01,0,1,0,0,0,0,1,0,0,"- ","- ",,,"SANTA CRUZ","SANTA CRUZ",-122.03914642333984,36.965831756591797
9753135,2024,2024-12-06,4402,2024-10-15,1714,148,4402,2,5,5,4402,0,0,0,,0,000,"MISSION ST","BERKSHIRE AV",0.00,,Y,A,-,Y,SCR,5,1,-,-,19.240,I,5,N,N,4,0,1,2,A,-,17,21200,A,N,D,G,A,A,H,-,A,A,0,,Y,,,Y,,L,04,0,0,1,0,0,0,1,0,0,"- ","- ",,,"SANTA CRUZ","SANTA CRUZ",-122.0428466796875,36.963752746582031