CASE_ID,ACCIDENT_YEAR,PROC_DATE,JURIS,COLLISION_DATE,COLLISION_TIME,OFFICER_ID,REPORTING_DISTRICT,DAY_OF_WEEK,CHP_SHIFT,POPULATION,CNTY_CITY_LOC,SPECIAL_COND,BEAT_TYPE,CHP_BEAT_TYPE,CITY_DIVISION_LAPD,CHP_BEAT_CLASS,BEAT_NUMBER,PRIMARY_RD,SECONDARY_RD,DISTANCE,DIRECTION,INTERSECTION,WEATHER_1,WEATHER_2,STATE_HWY_IND,CALTRANS_COUNTY,CALTRANS_DISTRICT,STATE_ROUTE,ROUTE_SUFFIX,POSTMILE_PREFIX,POSTMILE,LOCATION_TYPE,RAMP_INTERSECTION,SIDE_OF_HWY,TOW_AWAY,COLLISION_SEVERITY,NUMBER_KILLED,NUMBER_INJURED,PARTY_COUNT,PRIMARY_COLL_FACTOR,PCF_CODE_OF_VIOL,PCF_VIOL_CATEGORY,PCF_VIOLATION,PCF_VIOL_SUBSECTION,HIT_AND_RUN,TYPE_OF_COLLISION,MVIW,PED_ACTION,ROAD_SURFACE,ROAD_COND_1,ROAD_COND_2,LIGHTING,CONTROL_DEVICE,CHP_ROAD_TYPE,PEDESTRIAN_ACCIDENT,BICYCLE_ACCIDENT,MOTORCYCLE_ACCIDENT,TRUCK_ACCIDENT,NOT_PRIVATE_PROPERTY,ALCOHOL_INVOLVED,STWD_VEHTYPE_AT_FAULT,CHP_VEHTYPE_AT_FAULT,COUNT_SEVERE_INJ,COUNT_VISIBLE_INJ,COUNT_COMPLAINT_PAIN,COUNT_PED_KILLED,COUNT_PED_INJURED,COUNT_BICYCLIST_KILLED,COUNT_BICYCLIST_INJURED,COUNT_MC_KILLED,COUNT_MC_INJURED,PRIMARY_RAMP,SECONDARY_RAMP,LATITUDE,LONGITUDE,COUNTY,CITY,POINT_X,POINT_Y
9753139,2024,2024-12-06,4402,2024-10-31,2248,196,4402,4,5,5,4402,0,0,0,,0,000,"RT 1","CHESTNUT ST",0.00,,Y,A,-,Y,SCR,5,1,-,-,18.138,I,5,S,N,2,0,1,1,A,-,03,22350,,N,F,A,A,A,H,-,C,A,0,,Y,,,Y,,L,04,1,0,0,0,0,0,1,0,0,"- ","- ",,,"SANTA CRUZ","SANTA CRUZ",-122.03188323974609,36.976890563964844
9753166,2024,2024-11-18,4402,2024-10-27,"131 ",187,4402,7,5,5,4402,0,0,0,,0,000,"LAUREL ST","PACIFIC AV",0.00,,N,A,-,N,,,,,,,,,,Y,2,0,1,2,A,-,10,21950,A,F,G,B,B,A,H,-,C,-,0,Y,,,,Y,,A,01,1,0,0,0,1,0,0,0,0,"- ","- ",,,"SANTA CRUZ","SANTA CRUZ",-122.02477264404297,36.969211578369141
9753269,2024,2024-11-27,4402,2024-11-03,1504,178,4402,7,5,5,4402,0,0,0,,0,000,"RT 1","VAN NESS AV",150.00,W,N,A,-,Y,SCR,5,1,-,-,18.770,H,-,S,N,2,0,1,2,A,-,17,21200,A,F,B,B,F,A,H,-,A,D,0,Y,Y,,,Y,Y,L,04,1,0,0,0,1,0,0,0,0,"- ","- ",,,"SANTA CRUZ","SANTA CRUZ",-122.03767395019531,36.969043731689453
9753311,2024,2024-12-20,4402,2024-11-11,1635,170,4402,1,5,5,4402,0,0,0,,0,000,"FAIR AV","MISSION ST",14.00,S,N,B,-,Y,SCR,5,1,-,-,19.471,I,6,S,N,3,0,1,2,A,-,09,21801,,N,D,G,A,B,H,-,B,D,0,,Y,,,Y,,A,01,0,1,0,0,0,0,1,0,0,"- ","- ",,,"SANTA CRUZ","SANTA CRUZ",-122.04654693603516,36.961597442626953
9753384,2024,2024-12-12,4402,2024-11-20,1730,145,4402,3,5,5,4402,0,0,0,,0,000,"RT 1","BERKSHIRE AV",45.00,W,N,A,-,Y,SCR,5,1,-,-,19.250,H,-,N,N,3,0,1,3,A,-,03,22350,,N,C,C,A,A,H,-,C,D,0,,,,,Y,,A,01,0,1,0,0,0,0,0,0,0,"- ","- ",,,"SANTA CRUZ","SANTA CRUZ",-122.04294586181641,36.963634490966797
9753479,2024,2025-02-06,4402,2024-11-09,1839,196,4402,6,5,5,4402,0,0,0,,0,000,"OCEAN ST","RT 1",0.00,,Y,A,-,Y,SCR,5,1,-,-,17.294,R,4,N,Y,2,0,1,2,A,-,09,21801,A,N,D,G,A,A,H,-,C,D,0,,Y,,,Y,Y,A,01,1,0,0,0,0,0,1,0,0,"- ",NO,,,"SANTA CRUZ","SANTA CRUZ",-122.02545166015625,36.985824584960938
9754948,2024,2024-12-05,4403,2024-11-13,"147 ",408,539,3,5,4,4403,0,0,0,,0,005,"AIRPORT BL","PAJARO LN",640.00,W,N,A,-,N,,,,,,,,,,N,4,0,1,2,A,-,10,21950,A,M,G,B,C,A,H,-,C,D,0,Y,,,,Y,,A,01,0,0,1,0,1,0,0,0,0,"- ","- ",,,"SANTA CRUZ",WATSONVILLE,-121.77627563476562,36.940235137939453
9755209,2024,2024-12-06,4403,2024-11-12,1353,417,220,2,5,4,4403,0,0,0,,0,002,"LAKE AV","WALKER ST",400.00,E,N,A,-,N,,,,,,,,,,N,3,0,1,1,B,-,22,,,N,H,-,A,A,H,-,A,D,0,,,,,Y,,M,94,0,1,0,0,0,0,0,0,0,"- ","- ",,,"SANTA CRUZ",WATSONVILLE,-121.76170349121094,36.909233093261719
9755400,2024,2024-11-27,4402,2024-10-25,1536,197,4402,5,5,5,4402,0,0,0,,0,000,"WATER ST","REED WY",222.00,E,N,A,-,N,,,,,,,,,,Y,3,0,1,1,A,-,05,21651,A,N,E,I,A,A,H,-,A,D,0,,,,,Y,,A,08,0,1,0,0,0,0,0,0,0,"- ","- ",,,"SANTA CRUZ","SANTA CRUZ",-122.01643371582031,36.980972290039062
9755512,2024,2024-11-20,4402,2024-10-30,1731,180,4402,3,5,5,4402,0,0,0,,0,000,"LAUREL ST","KING ST",0.00,,Y,A,-,N,,,,,,,,,,N,3,0,1,2,A,-,10,21950,A,N,G,B,B,A,H,-,A,D,0,Y,,,,Y,,A,01,0,1,0,0,1,0,0,0,0,"- ","- ",,,"SANTA CRUZ","SANTA CRUZ",-122.04037475585938,36.970893859863281
9756050,2024,2024-11-25,4402,2024-10-27,1340,170,4402,7,5,5,4402,0,0,0,,0,000,"CENTER ST","ELM ST",5.00,S,N,A,-,N,,,,,,,,,,N,3,0,1,2,A,-,00,21954,,N,G,B,B,A,H,-,A,A,0,Y,,,,Y,,N,60,0,1,0,0,1,0,0,0,0,"- ","- ",,,"SANTA CRUZ","SANTA CRUZ",-122.02773284912109,36.970687866210938
9756737,2024,2024-12-02,4403,2024-11-10,"207 ",T0021,1-13,7,5,4,4403,0,0,0,,0,001,"BRIDGE ST","BLACKBURN ST",329.00,E,N,A,-,N,,,,,,,,,,Y,4,0,1,4,A,-,08,22107,,N,C,E,A,A,H,-,D,D,0,,,,,Y,Y,A,07,0,0,1,0,0,0,0,0,0,"- ","- ",,,"SANTA CRUZ",WATSONVILLE,-121.74553680419922,36.913093566894531
9756738,2024,2024-12-02,4403,2024-11-04,1803,424,109,1,5,4,4403,0,0,0,,0,001,"MAIN ST","CENTRAL AV",0.00,,Y,A,-,N,,,,,,,,,,Y,2,0,1,2,A,-,10,21950,A,F,G,B,B,A,H,-,C,D,0,Y,,,,Y,,D,22,1,0,0,0,1,0,0,0,0,"- ","- ",,,"SANTA CRUZ",WATSONVILLE,-121.75466156005859,36.908271789550781
9757428,2024,2024-12-04,4402,2024-11-18,1730,131,4402,1,5,5,4402,0,0,0,,0,000,BROADWAY,"PINE ST",0.00,,Y,A,-,N,,,,,,,,,,N,3,0,1,2,A,-,08,22107,,N,D,G,A,A,H,-,C,A,0,,Y,,,Y,,A,07,0,1,0,0,0,0,1,0,0,"- ","- ",,,"SANTA CRUZ","SANTA CRUZ",-122.01301574707031,36.974960327148438
9758110,2024,2024-12-23,4403,2024-11-06,1900,387,2-27,3,5,4,4403,0,0,0,,0,005,"FREEDOM BL","COMPTON TER",32.00,W,N,A,-,N,,,,,,,,,,Y,4,0,3,3,A,-,09,21802,A,N,D,C,E,A,H,-,C,A,0,Y,,,,Y,Y,A,01,0,0,3,0,1,0,0,0,0,"- ","- ",,,"SANTA CRUZ",WATSONVILLE,-121.78111267089844,36.940082550048828
9758169,2024,2024-12-11,4402,2024-11-15,1931,140,4402,5,5,5,4402,0,0,0,,0,000,"FRONT ST","SOQUEL AV",365.00,N,N,A,-,N,,,,,,,,,,N,2,0,1,2,A,-,11,21954,A,N,G,B,E,A,H,-,C,D,0,Y,,,,Y,Y,N,60,1,0,0,0,1,0,0,0,0,"- ","- ",,,"SANTA CRUZ","SANTA CRUZ",-122.02497863769531,36.974189758300781
9758538,2024,2024-12-11,4402,2024-10-11,1714,196,4402,5,5,5,4402,0,0,0,,0,000,"BAY ST","ESCALONA DR",0.00,,Y,A,-,N,,,,,,,,,,Y,4,0,1,3,A,-,08,22107,,N,D,C,A,A,H,-,A,D,0,,,,,Y,,A,01,0,0,1,0,0,0,0,0,0,"- ","- ",,,"SANTA CRUZ","SANTA CRUZ",-122.04612731933594,36.969490051269531
9758775,2024,2024-12-18,4402,2024-11-04,1220,187,4402,1,5,5,4402,0,0,0,,0,000,"SOQUEL AV","CALEDONIA ST",0.00,,Y,A,-,N,,,,,,,,,,N,2,0,1,2,A,-,00,21954,,N,G,B,D,A,H,-,C,D,0,Y,,,,Y,,A,01,1,0,0,0,1,0,0,0,0,"- ","- ",,,"SANTA CRUZ","SANTA CRUZ",-122.01483154296875,36.977527618408203
9758776,2024,2025-01-03,4402,2024-11-21,1657,196,4402,4,5,5,4402,0,0,0,,0,000,"BAY ST","RT 1",230.00,N,N,B,-,Y,SCR,5,1,-,-,19.000,I,5,N,N,3,0,1,2,A,-,00,21206,,N,D,G,A,A,C,-,B,D,0,,Y,,,Y,,L,04,0,1,0,0,0,0,1,0,0,"- ","- ",,,"SANTA CRUZ","SANTA CRUZ",-122.04034423828125,36.966632843017578
9758777,2024,2024-12-18,4402,2024-11-28,1612,186,4402,4,5,5,4402,0,0,0,,0,000,"WATER ST","OCEAN ST",5.00,W,N,A,-,N,,,,,,,,,,Y,3,0,2,1,A,-,00,23121,5,N,A,I,A,A,H,-,B,A,0,,,,,Y,,A,01,0,1,1,0,0,0,0,0,0,"- ","- ",,,"SANTA CRUZ","SANTA CRUZ",-122.02136993408203,36.979583740234375
9758778,2024,2024-12-19,4402,2024-11-21,"122 ",141,4402,4,5,5,4402,0,0,0,,0,000,"OCEAN ST",BROADWAY,0.00,,Y,B,-,N,,,,,,,,,,Y,2,0,1,3,A,-,12,21453,A,N,D,C,A,A,D,-,C,A,0,,,,,Y,,A,01,1,0,0,0,0,0,0,0,0,"- ","- ",,,"SANTA CRUZ","SANTA CRUZ",-122.01828002929688,36.973323822021484
9758779,2024,2024-12-19,4402,2024-11-06,1615,151,4402,3,5,5,4402,0,0,0,,0,000,"SOQUEL AV","OCEAN VIEW AV",0.00,,Y,A,F,N,,,,,,,,,,N,4,0,2,3,A,-,10,21950,A,N,G,B,B,A,H,-,A,D,0,Y,,,,Y,,A,01,0,0,2,0,2,0,0,0,0,"- ","- ",,,"SANTA CRUZ","SANTA CRUZ",-122.01679229736328,36.976428985595703
9758798,2024,2024-12-17,4402,2024-10-30,2251,196,4402,3,5,5,4402,0,0,0,,0,000,"MISSION ST","BURKETT ST",405.00,W,N,A,-,N,,,,,,,,,,N,2,0,1,1,A,-,01,21200,5,N,F,A,A,A,H,-,D,D,0,,Y,,,Y,,L,04,1,0,0,0,0,0,1,0,0,"- ","- ",,,"SANTA CRUZ","SANTA CRUZ",-122.06026458740234,36.960178375244141
9758799,2024,2024-12-17,4402,2024-10-13,1830,128,4402,7,5,5,4402,0,0,0,,0,000,"MUNICIPAL WHARF","BEACH ST",612.00,W,N,A,-,N,,,,,,,,,,N,3,0,1,1,C,-,18,,,N,H,A,A,A,A,-,A,D,0,,Y,,,Y,,-,"- ",0,1,0,0,0,0,1,0,0,"- ","- ",,,"SANTA CRUZ","SANTA CRUZ",-122.023681640625,36.962730407714844
9758956,2024,2025-02-05,4402,2024-12-02,1359,193,4402,1,5,5,4402,0,0,0,,0,000,"STOREY ST","ESCALONA DR",70.00,S,N,A,-,N,,,,,,,,,,N,4,0,1,4,A,-,03,22350,,F,C,C,A,A,H,-,A,D,0,,,,,Y,,-,99,0,0,1,0,0,0,0,0,0,"- ","- ",,,"SANTA CRUZ","SANTA CRUZ",-122.03497314453125,36.976276397705078
9758957,2024,2024-12-23,4402,2024-12-04,1231,192,4402,3,5,5,4402,0,0,0,,0,000,"OCEAN ST","CLAREMONT TE",27.00,N,N,A,-,N,,,,,,,,,,N,3,0,1,2,A,-,17,21209,A,N,D,C,A,A,H,-,A,D,0,,,Y,,Y,,C,02,0,1,0,0,0,0,0,0,1,"- ","- ",,,"SANTA CRUZ","SANTA CRUZ",-122.02545166015625,36.986881256103516
9759020,2024,2024-12-26,4403,2024-12-01,1542,387,527,7,5,4,4403,0,0,0,,0,005,"FREEDOM BL","COMPTON TE",93.00,S,N,A,-,N,,,,,,,,,,Y,4,0,2,2,A,-,04,21703,,N,C,C,A,A,H,-,A,D,0,,,,,Y,,A,01,0,0,2,0,0,0,0,0,0,"- ","- ",,,"SANTA CRUZ",WATSONVILLE,-121.78077697753906,36.939876556396484
9759513,2024,2025-01-15,4403,2024-11-23,1929,433,220,6,5,4,4403,0,0,0,,0,002,"FORD ST","WALKER ST",229.00,E,N,A,-,N,,,,,,,,,,N,2,0,1,2,A,-,08,22107,,N,A,E,A,A,H,-,C,D,0,,,,,Y,,A,01,1,0,0,0,0,0,0,0,0,"- ","- ",,,"SANTA CRUZ",WATSONVILLE,-121.76602935791016,36.911563873291016
9759629,2024,2025-01-22,4403,2024-12-20,"803 ",T0022,112,5,5,4,4403,0,0,0,,0,001,"MARCHANT ST","RIVERSIDE DR",50.00,S,N,-,-,N,,,,,,,,,,N,4,0,1,2,A,-,05,21650,,N,A,C,A,A,H,-,A,D,0,,,,,Y,,A,01,0,0,1,0,0,0,0,0,0,"- ","- ",,,"SANTA CRUZ",WATSONVILLE,-121.75026702880859,36.909317016601562
9760644,2024,2024-12-10,4402,2024-11-07,1030,189,4402,4,5,5,4402,0,0,0,,0,000,"BAY DR","NOBEL DR",0.00,,Y,A,-,N,,,,,,,,,,N,3,0,1,2,A,-,10,21950,,N,G,B,B,A,H,-,A,A,0,Y,,,,Y,,A,01,0,1,0,0,1,0,0,0,0,"- ","- ",,,"SANTA CRUZ","SANTA CRUZ",-122.05034637451172,36.973945617675781
9760663,2024,2024-12-24,4402,2024-11-14,"935 ",130,4402,4,5,5,4402,0,0,0,,0,000,BROADWAY,"ROOSEVELT TER",30.00,W,N,B,-,N,,,,,,,,,,N,3,0,1,1,A,-,03,22350,,N,E,J,A,A,D,-,A,-,0,,Y,,,Y,,L,04,0,1,0,0,0,0,1,0,0,"- ","- ",,,"SANTA CRUZ","SANTA CRUZ",-122.01706695556641,36.973876953125
9761853,2024,2024-12-12,4402,2024-11-25,1901,148,4402,1,5,5,4402,0,0,0,,0,000,"LAUREL ST","FRONT ST",0.00,,Y,A,-,N,,,,,,,,,,Y,2,0,1,2,A,-,11,21456,A,F,G,B,B,A,H,-,C,A,0,Y,,,,Y,,N,60,1,0,0,0,1,0,0,0,0,"- ","- ",,,"SANTA CRUZ","SANTA CRUZ",-122.02378082275391,36.969318389892578
9762043,2024,2024-12-19,4401,2024-11-07,1219,528,4401,4,5,3,4401,0,0,0,,0,002,"WHARF RD","WHARF RD 2000 BLK",0.00,,N,A,-,N,,,,,,,,,,N,3,0,1,2,A,-,03,22350,,N,B,G,A,A,H,-,A,D,0,,Y,,,Y,,L,04,0,1,0,0,0,0,1,0,0,"- ","- ",,,"SANTA CRUZ",CAPITOLA,,
9762251,2024,2024-12-24,4401,2024-11-15,1030,523,4401,5,5,3,4401,0,0,0,,0,010,"CAPITOLA AV","MONTEREY AV",0.00,,-,A,-,N,,,,,,,,,,Y,2,0,1,3,A,-,01,23153,A,F,A,C,A,A,H,-,A,A,0,,,,,Y,Y,A,01,1,0,0,0,0,0,0,0,0,"- ","- ",,,"SANTA CRUZ",CAPITOLA,-121.95053100585938,36.972820281982422
9762641,2024,2025-01-09,4401,2024-10-03,1544,532,4401,4,5,3,4401,0,0,0,,0,007,"BAY AV","ROSEDALE AV",0.00,,Y,A,-,N,,,,,,,,,,Y,2,0,1,2,A,-,06,21750,A,N,B,C,A,A,H,-,A,D,0,,,Y,,Y,,C,02,1,0,0,0,0,0,0,0,1,"- ","- ",,,"SANTA CRUZ",CAPITOLA,-121.95111846923828,36.977130889892578
9763924,2024,2025-01-22,4401,2024-12-21,1738,528,4401,6,5,3,4401,0,0,0,,0,005,"41ST AV","MELTON ST",0.00,,N,C,-,N,,,,,,,,,,Y,2,0,1,2,A,-,01,23153,A,N,G,B,B,B,H,-,C,B,0,Y,,,,Y,Y,A,07,1,0,0,0,1,0,0,0,0,"- ","- ",,,"SANTA CRUZ",CAPITOLA,-121.96490478515625,36.968490600585938
9764886,2024,2025-01-31,4402,2024-12-28,1344,134,SANTA,6,5,5,4402,0,0,0,,0,000,"WATER ST","MARKET ST",340.00,E,N,B,-,N,,,,,,,,,,N,4,0,1,2,A,-,09,21804,,F,G,B,E,A,H,-,A,D,0,Y,,,,Y,,A,01,0,0,1,0,1,0,0,0,0,"- ","- ",,,"SANTA CRUZ","SANTA CRUZ",-122.0179443359375,36.980724334716797
9767459,2024,2024-12-19,4402,2024-12-03,1139,192,4402,2,5,5,4402,0,0,0,,0,000,"MISSION ST","CENTER ST",281.00,W,N,A,-,N,,,,,,,,,,N,3,0,1,1,A,-,08,22107,,N,F,A,A,A,H,-,A,D,0,,Y,,,Y,,L,04,0,1,0,0,0,0,1,0,0,"- ","- ",,,"SANTA CRUZ","SANTA CRUZ",-122.02883148193359,36.977069854736328
9767464,2024,2024-12-20,4402,2024-12-03,1520,192,4402,2,5,5,4402,0,0,0,,0,000,"WATER ST","BENITO AV",0.00,,Y,A,-,N,,,,,,,,,,N,4,0,1,2,A,-,08,22100,A,N,B,G,A,A,G,-,A,D,0,,Y,,,Y,,A,01,0,0,1,0,0,0,1,0,0,"- ","- ",,,"SANTA CRUZ","SANTA CRUZ",-122.01206970214844,36.981433868408203
9768069,2024,2025-01-16,4403,2024-12-09,1605,417,429,1,5,4,4403,0,0,0,,0,004,"MAIN ST","GREEN VALLEY RD",540.00,S,N,A,-,N,,,,,,,,,,N,4,0,1,2,A,-,09,21804,A,N,G,B,C,A,H,-,A,A,0,Y,,,,Y,,D,22,0,0,1,0,1,0,0,0,0,"- ","- ",,,"SANTA CRUZ",WATSONVILLE,-121.7821044921875,36.918270111083984
9768208,2024,2025-02-24,4402,2024-12-05,1642,196,4402,4,5,5,4402,0,0,0,,0,000,"RT 9","VERNON ST",1800.00,N,N,A,-,Y,SCR,5,9,-,-,0.870,H,-,N,N,2,0,1,2,A,-,11,21954,A,F,G,B,D,A,H,-,A,D,0,Y,,,,Y,,N,60,1,0,0,0,1,0,0,0,0,"- ","- ",,,"SANTA CRUZ","SANTA CRUZ",-122.03500366210938,36.994407653808594
9768601,2024,2025-01-15,4403,2024-11-30,1513,388,,6,5,4,4403,0,0,0,,0,,"LAKE AV","BREWINGTON AV",0.00,,Y,A,-,N,,,,,,,,,,,3,0,1,4,A,-,08,22107,,N,C,E,A,A,H,-,A,D,0,,,,,Y,,D,22,0,1,0,0,0,0,0,0,0,"- ","- ",,,"SANTA CRUZ",WATSONVILLE,-121.75051116943359,36.917377471923828
9768650,2024,2025-01-17,4403,2024-12-15,2028,387,527,7,5,4,4403,0,0,0,,0,005,"COMPTON TE","FREEDOM BL",0.00,,Y,A,-,N,,,,,,,,,,N,3,0,2,3,A,-,00,20001,A,F,G,B,D,A,H,-,C,D,0,Y,,,,Y,,A,01,0,2,0,0,2,0,0,0,0,"- ","- ",,,"SANTA CRUZ",WATSONVILLE,-121.78102874755859,36.940032958984375
9768660,2024,2025-01-13,4403,2024-10-19,2029,433,224,6,5,4,4403,0,0,0,,0,002,"BEACH ST","LEE RD",0.00,,Y,A,-,N,,,,,,,,,,Y,4,0,1,2,A,-,12,21453,A,N,A,C,A,A,H,-,C,A,0,,,,,Y,,A,07,0,0,1,0,0,0,0,0,0,"- ","- ",,,"SANTA CRUZ",WATSONVILLE,-121.77846527099609,36.897136688232422
9768773,2024,2025-01-21,4403,2024-12-27,2140,396,403,5,5,4,4403,0,0,0,,0,004,"FREEDOM BL","ARTHUR RD",0.00,,Y,A,-,N,,,,,,,,,,Y,4,0,1,2,A,-,01,23152,B,F,A,C,A,A,H,-,C,D,0,,,,Y,Y,Y,A,01,0,0,1,0,0,0,0,0,0,"- ","- ",,,"SANTA CRUZ",WATSONVILLE,-121.767578125,36.929683685302734
9769556,2024,2025-01-08,4403,2024-11-10,"533 ",T0021,4-03,7,5,4,4403,0,0,0,,0,004,"FREEDOM BL","GARDNER AV",0.00,,Y,A,-,N,,,,,,,,,,N,4,0,2,2,A,-,03,22350,,N,C,C,A,A,H,-,A,A,0,,,,,Y,Y,A,01,0,0,2,0,0,0,0,0,0,"- ","- ",,,"SANTA CRUZ",WATSONVILLE,-121.76821136474609,36.930301666259766
9769940,2024,2025-05-14,4401,2024-12-03,1442,531,4401,2,5,3,4401,0,0,0,,0,,"41ST AV","RT 1",0.00,,Y,A,-,Y,SCR,5,1,-,-,13.774,R,4,N,Y,3,0,1,4,A,-,05,21651,A,F,A,C,A,A,H,-,A,A,0,,,,,Y,,A,01,0,1,0,0,0,0,0,0,0,"- ","- ",,,"SANTA CRUZ",CAPITOLA,-121.96719360351562,36.982990264892578
9770394,2024,2025-01-15,4403,2024-12-08,"720 ",417,316,7,5,4,4403,0,0,0,,0,003,"MARTINELLI ST","CALIFORNIA ST",20.00,E,N,A,-,N,,,,,,,,,,N,3,0,1,1,A,-,03,22350,,N,E,I,A,A,H,-,A,D,0,,Y,,,Y,,L,04,0,1,0,0,0,0,1,0,0,"- ","- ",,,"SANTA CRUZ",WATSONVILLE,-121.74908447265625,36.925666809082031
9770395,2024,2025-01-03,4403,2024-12-02,1450,424,434,1,5,4,4403,0,0,0,,0,004,"ALTA VISTA AV","SANTA CLARA ST",107.00,E,N,A,-,N,,,,,,,,,,N,3,0,1,2,A,-,10,21950,C,F,G,B,D,A,H,-,A,D,0,Y,,,,Y,,-,,0,1,0,0,1,0,0,0,0,"- ","- ",,,"SANTA CRUZ",WATSONVILLE,-121.76985168457031,36.925743103027344
9770441,2024,2024-12-31,4404,2024-10-28,2002,1011,4404,1,5,3,4404,0,0,0,,0,00S,"MT HERMON RD","SCOTTS VALLEY DR",0.00,,Y,A,-,N,,,,,,,,,,Y,3,0,1,2,A,-,12,21453,A,N,D,C,A,A,H,-,C,A,0,,,,,Y,,-,"- ",0,1,0,0,0,0,0,0,0,"- ","- ",37.043190002441406,-122.02507019042969,"SANTA CRUZ","SCOTTS VALLEY",-122.02519226074219,37.043170928955078
9770561,2024,2025-01-02,4403,2024-11-13,2029,T0020,224,3,5,4,4403,0,0,0,,0,002,"WALKER ST","LAKE AV",36.00,S,N,A,-,N,,,,,,,,,,N,2,0,1,2,A,-,11,21954,A,N,G,B,D,A,H,-,C,D,0,Y,,,,Y,,N,60,1,0,0,0,1,0,0,0,0,"- ","- ",,,"SANTA CRUZ",WATSONVILLE,-121.76262664794922,36.908439636230469
9770562,2024,2025-01-02,4403,2024-11-02,1956,433,221,6,5,4,4403,0,0,0,,0,002,"WALKER ST","2ND ST",0.00,,Y,A,-,N,,,,,,,,,,Y,4,0,1,2,A,-,09,21802,A,N,D,C,A,A,H,-,A,A,0,,,,,Y,,A,01,0,0,1,0,0,0,0,0,0,"- ","- ",,,"SANTA CRUZ",WATSONVILLE,-121.75956726074219,36.906444549560547
9770859,2024,2025-01-10,4402,2024-12-31,1551,192,4402,2,5,5,4402,0,0,0,,0,000,"SOQUEL AV","DARWIN ST",3.00,E,N,A,-,N,,,,,,,,,,Y,3,0,1,2,A,-,01,21221,5,F,D,J,A,A,G,-,A,A,0,,,,,Y,Y,M,94,0,1,0,0,0,0,0,0,0,"- ","- ",,,"SANTA CRUZ","SANTA CRUZ",-122.00779724121094,36.981063842773438
9770860,2024,2025-01-07,4402,2024-12-27,2022,196,4402,5,5,5,4402,0,0,0,,0,000,"MARKET ST","STONEY CREEK RD",90.00,S,N,A,-,N,,,,,,,,,,N,3,0,1,2,A,-,00,21760,A,N,B,G,A,A,-,-,D,D,0,,Y,,,Y,,A,01,0,1,0,0,0,0,1,0,0,"- ","- ",,,"SANTA CRUZ","SANTA CRUZ",-122.01353454589844,36.987728118896484
9774300,2024,2025-01-27,4402,2024-12-26,1728,196,4402,4,5,5,4402,0,0,0,,0,000,"RIVER ST","WATER ST",0.00,,Y,A,-,N,,,,,,,,,,N,3,0,2,2,A,-,08,22107,,N,D,B,A,A,H,-,A,A,0,,,,,Y,,A,01,0,1,1,0,0,0,0,0,0,"- ","- ",,,"SANTA CRUZ","SANTA CRUZ",-122.02536010742188,36.977859497070312
9775880,2024,2025-01-28,4402,2024-12-19,"901 ",186,4402,4,5,5,4402,0,0,0,,0,000,"ATLANTIC AV","SEABRIGHT AV",10.00,E,N,A,-,N,,,,,,,,,,N,3,0,1,2,A,-,08,22107,,N,A,G,A,A,H,-,A,A,0,,Y,,,Y,,A,01,0,1,0,0,0,0,1,0,0,"- ","- ",,,"SANTA CRUZ","SANTA CRUZ",-122.00769805908203,36.964771270751953
9776524,2024,2025-01-21,4403,2024-12-30,1104,368,107,1,5,4,4403,0,0,0,,0,001,"CALIFORNIA ST","SUDDEN ST",202.00,E,N,A,-,N,,,,,,,,,,N,4,0,2,2,A,-,09,21804,A,N,D,C,A,B,H,-,A,D,0,,,,,Y,,A,07,0,0,2,0,0,0,0,0,0,"- ","- ",,,"SANTA CRUZ",WATSONVILLE,-121.75872039794922,36.917827606201172
9779005,2024,2025-02-07,4403,2024-11-02,2156,420,527,6,5,4,4403,0,0,0,,0,005,"HOLM RD","JEANETTE WY",170.00,N,N,A,-,N,,,,,,,,,,Y,3,0,1,3,A,-,01,23152,A,N,B,E,A,A,H,-,C,D,0,,,,,Y,Y,A,01,0,1,0,0,0,0,0,0,0,"- ","- ",,,"SANTA CRUZ",WATSONVILLE,-121.78719329833984,36.927867889404297
9779036,2024,2025-02-03,4403,2024-12-23,2142,408,438,1,5,4,4403,0,0,0,,0,004,"FREEDOM BL","CLIFFORD AV",99.00,N,N,A,-,N,,,,,,,,,,Y,4,0,2,2,A,-,03,22350,,M,C,C,A,A,H,-,C,A,0,,,,,Y,,A,01,0,0,2,0,0,0,0,0,0,"- ","- ",,,"SANTA CRUZ",WATSONVILLE,-121.76842498779297,36.930511474609375
9779044,2024,2025-02-03,4403,2024-11-27,1122,T0027,,3,5,4,4403,0,0,0,,0,004,"FREEDOM BL","MARIN ST",0.00,,Y,A,-,N,,,,,,,,,,Y,4,0,2,2,A,-,09,21802,A,N,D,D,A,A,H,-,A,D,0,,,,,Y,Y,A,01,0,0,2,0,0,0,0,0,0,"- ","- ",,,"SANTA CRUZ",WATSONVILLE,-121.76262664794922,36.924247741699219
9786054,2024,2025-03-18,4403,2024-10-11,"950 ",417,3-06,5,5,4,4403,0,0,0,,0,003,"FREEDOM BL","MILES LN",44.00,E,N,A,-,N,,,,,,,,,,N,1,1,0,2,A,-,11,21954,A,N,G,B,D,A,H,-,A,D,0,Y,,,,Y,,N,60,0,0,0,1,0,0,0,0,0,"- ","- ",,,"SANTA CRUZ",WATSONVILLE,-121.76161956787109,36.922813415527344
9786136,2024,2025-04-30,4403,2024-03-27,1708,396,2-21,3,5,4,4403,0,0,0,,0,002,"RIVERSIDE DR","RODRIGUEZ ST",0.00,,Y,C,-,Y,SCR,5,129,-,L,1.380,I,5,W,Y,1,1,0,1,A,-,08,22107,,N,E,I,A,B,H,-,A,A,0,,,,,Y,Y,A,01,0,0,0,0,0,0,0,0,0,"- ","- ",,,"SANTA CRUZ",WATSONVILLE,-121.75475311279297,36.906436920166016
9803189,2024,2025-04-30,4402,2024-04-04,"729 ",133,4402,4,5,5,4402,0,0,0,,0,000,"BELLEVUE ST","SEASIDE ST",0.00,,N,A,-,N,,,,,,,,,,N,3,0,1,2,A,-,09,21804,A,N,D,G,A,A,H,-,A,D,0,,Y,,,Y,,L,04,0,1,0,0,0,0,1,0,0,"- ","- ",,,"SANTA CRUZ","SANTA CRUZ",-122.04103851318359,36.962062835693359
9866980,2024,2025-10-16,4402,2024-07-03,"327 ",135,,3,5,5,4402,0,0,0,,0,,"RT 1","LAUREL ST",75.00,W,N,A,-,Y,SCR,5,1,-,-,18.750,H,-,N,N,1,1,0,2,A,-,11,21954,A,N,G,B,E,A,H,-,C,A,0,Y,,,,Y,Y,N,60,0,0,0,1,0,0,0,0,0,"- ","- ",,,"SANTA CRUZ","SANTA CRUZ",-122.03749847412109,36.969310760498047